
 -+-+-+-+-+-+-+-+-+-+-+-+-+-+-+-+-+-+-+-+-+-+-+-+-+-+-+-+-+-+ RUNNING SIMULATIONS FOR DISTORTION=stretch-global-5 -+-+-+-+-+-+-+-+-+-+-+-+-+-+-+-+-+-+-+-+-+-+-+-+-+-+-+-+-+-+
======================================================================
Running new simulation for ***Vector Cell Model*** with distortion=stretch-global (a=1, b=0.1)...
PARAMETERS:
	M=10, min_scale=25, scale_ratio=1.5, m=20, r_max=30, poiss_time_w=0.1
	N_fvc=12500 (VCM)
	cvc_pos=[[0.         0.04411894 0.07934294],...,[497.29175374 498.64587687 500.        ]] (VCM)
	fvc_pos=[[0.        0.0400032 0.0800064],...,[499.9199936 499.9599968 500.       ]] (VCM)
	Scales=[25.0, 37.5, 56.25, 84.38, 126.56, 189.84, 284.77, 427.15, 640.72, 961.08]
OPEN FIELD: True
cvc_x_pos (1251,)
[0. 0. 0. ... 0. 0. 0.]
cvc_x_pos (1251,)
[0. 0. 0. ... 0. 0. 0.]
cvc_x_pos (1251,)
[0. 0. 0. ... 0. 0. 0.]
cvc_x_pos (1251,)
[0. 0. 0. ... 0. 0. 0.]
cvc_x_pos (1251,)
[0. 0. 0. ... 0. 0. 0.]
cvc_x_pos (1251,)
[0. 0. 0. ... 0. 0. 0.]
cvc_x_pos (1251,)
[0. 0. 0. ... 0. 0. 0.]
cvc_x_pos (1251,)
[0. 0. 0. ... 0. 0. 0.]
cvc_x_pos (1251,)
[0. 0. 0. ... 0. 0. 0.]
cvc_x_pos (1251,)
[0. 0. 0. ... 0. 0. 0.]
cvc_x_pos (1251,)
[0. 0. 0. ... 0. 0. 0.]
cvc_x_pos (1251,)
[0. 0. 0. ... 0. 0. 0.]
cvc_x_pos (1251,)
[0. 0. 0. ... 0. 0. 0.]
cvc_x_pos (1251,)
[0. 0. 0. ... 0. 0. 0.]
cvc_x_pos (1251,)
[0. 0. 0. ... 0. 0. 0.]
cvc_x_pos (1251,)
[0. 0. 0. ... 0. 0. 0.]
cvc_x_pos (1251,)
[0. 0. 0. ... 0. 0. 0.]
cvc_x_pos (1251,)
[0. 0. 0. ... 0. 0. 0.]
cvc_x_pos (1251,)
[0. 0. 0. ... 0. 0. 0.]
cvc_x_pos (1251,)
[0. 0. 0. ... 0. 0. 0.]
cvc_x_pos (1251,)
[0. 0. 0. ... 0. 0. 0.]
cvc_x_pos (1251,)
[0. 0. 0. ... 0. 0. 0.]
cvc_x_pos (1251,)
[0. 0. 0. ... 0. 0. 0.]
cvc_x_pos (1251,)
[0. 0. 0. ... 0. 0. 0.]
cvc_x_pos (1251,)
[0. 0. 0. ... 0. 0. 0.]
cvc_x_pos (1251,)
[0. 0. 0. ... 0. 0. 0.]
cvc_x_pos (1251,)
[0. 0. 0. ... 0. 0. 0.]
cvc_x_pos (1251,)
[0. 0. 0. ... 0. 0. 0.]
cvc_x_pos (1251,)
[0. 0. 0. ... 0. 0. 0.]
cvc_x_pos (1251,)
[0. 0. 0. ... 0. 0. 0.]
cvc_x_pos (1251,)
[0. 0. 0. ... 0. 0. 0.]
cvc_x_pos (1251,)
[0. 0. 0. ... 0. 0. 0.]
cvc_x_pos (1251,)
[0. 0. 0. ... 0. 0. 0.]
cvc_x_pos (1251,)
[0. 0. 0. ... 0. 0. 0.]
cvc_x_pos (1251,)
[0. 0. 0. ... 0. 0. 0.]
cvc_x_pos (1251,)
[0. 0. 0. ... 0. 0. 0.]
cvc_x_pos (1251,)
[0. 0. 0. ... 0. 0. 0.]
cvc_x_pos (1251,)
[0. 0. 0. ... 0. 0. 0.]
cvc_x_pos (1251,)
[0. 0. 0. ... 0. 0. 0.]
cvc_x_pos (1251,)
[0. 0. 0. ... 0. 0. 0.]
cvc_x_pos (1251,)
[0. 0. 0. ... 0. 0. 0.]
cvc_x_pos (1251,)
[0. 0. 0. ... 0. 0. 0.]
cvc_x_pos (1251,)
[0. 0. 0. ... 0. 0. 0.]
cvc_x_pos (1251,)
[0. 0. 0. ... 0. 0. 0.]
cvc_x_pos (1251,)
[0. 0. 0. ... 0. 0. 0.]
cvc_x_pos (1251,)
[0. 0. 0. ... 0. 0. 0.]
cvc_x_pos (1251,)
[0. 0. 0. ... 0. 0. 0.]
cvc_x_pos (1251,)
[0. 0. 0. ... 0. 0. 0.]
cvc_x_pos (1251,)
[0. 0. 0. ... 0. 0. 0.]
cvc_x_pos (1251,)
[0. 0. 0. ... 0. 0. 0.]
cvc_x_pos (1251,)
[0. 0. 0. ... 0. 0. 0.]
cvc_x_pos (1251,)
[0. 0. 0. ... 0. 0. 0.]
cvc_x_pos (1251,)
[0. 0. 0. ... 0. 0. 0.]
cvc_x_pos (1251,)
[0. 0. 0. ... 0. 0. 0.]
cvc_x_pos (1251,)
[0. 0. 0. ... 0. 0. 0.]
cvc_x_pos (1251,)
[0. 0. 0. ... 0. 0. 0.]
cvc_x_pos (1251,)
[0. 0. 0. ... 0. 0. 0.]
cvc_x_pos (1251,)
[0. 0. 0. ... 0. 0. 0.]
cvc_x_pos (1251,)
[0. 0. 0. ... 0. 0. 0.]
cvc_x_pos (1251,)
[0. 0. 0. ... 0. 0. 0.]
cvc_x_pos (1251,)
[0. 0. 0. ... 0. 0. 0.]
cvc_x_pos (1251,)
[0. 0. 0. ... 0. 0. 0.]
cvc_x_pos (1251,)
[0. 0. 0. ... 0. 0. 0.]
cvc_x_pos (1251,)
[0. 0. 0. ... 0. 0. 0.]
cvc_x_pos (1251,)
[0. 0. 0. ... 0. 0. 0.]
cvc_x_pos (1251,)
[0. 0. 0. ... 0. 0. 0.]
cvc_x_pos (1251,)
[0. 0. 0. ... 0. 0. 0.]
cvc_x_pos (1251,)
[0. 0. 0. ... 0. 0. 0.]
cvc_x_pos (1251,)
[0. 0. 0. ... 0. 0. 0.]
cvc_x_pos (1251,)
[0. 0. 0. ... 0. 0. 0.]
cvc_x_pos (1251,)
[0. 0. 0. ... 0. 0. 0.]
cvc_x_pos (1251,)
[0. 0. 0. ... 0. 0. 0.]
cvc_x_pos (1251,)
[0. 0. 0. ... 0. 0. 0.]
cvc_x_pos (1251,)
[0.00516688 0.0051677  0.00516851 ... 0.         0.         0.        ]
cvc_x_pos (1251,)
[0. 0. 0. ... 0. 0. 0.]
cvc_x_pos (1251,)
[0. 0. 0. ... 0. 0. 0.]
cvc_x_pos (1251,)
[0. 0. 0. ... 0. 0. 0.]
cvc_x_pos (1251,)
[0.00701243 0.00701192 0.00701139 ... 0.         0.         0.        ]
cvc_x_pos (1251,)
[0. 0. 0. ... 0. 0. 0.]
cvc_x_pos (1251,)
[0.00701298 0.00701252 0.00701203 ... 0.         0.         0.        ]
cvc_x_pos (1251,)
[0. 0. 0. ... 0. 0. 0.]
cvc_x_pos (1251,)
[0. 0. 0. ... 0. 0. 0.]
cvc_x_pos (1251,)
[0. 0. 0. ... 0. 0. 0.]
cvc_x_pos (1251,)
[0. 0. 0. ... 0. 0. 0.]
cvc_x_pos (1251,)
[0. 0. 0. ... 0. 0. 0.]
cvc_x_pos (1251,)
[0. 0. 0. ... 0. 0. 0.]
cvc_x_pos (1251,)
[0. 0. 0. ... 0. 0. 0.]
cvc_x_pos (1251,)
[0. 0. 0. ... 0. 0. 0.]
cvc_x_pos (1251,)
[0. 0. 0. ... 0. 0. 0.]
cvc_x_pos (1251,)
[0. 0. 0. ... 0. 0. 0.]
cvc_x_pos (1251,)
[0. 0. 0. ... 0. 0. 0.]
cvc_x_pos (1251,)
[0. 0. 0. ... 0. 0. 0.]
cvc_x_pos (1251,)
[0. 0. 0. ... 0. 0. 0.]
cvc_x_pos (1251,)
[0. 0. 0. ... 0. 0. 0.]
cvc_x_pos (1251,)
[0. 0. 0. ... 0. 0. 0.]
cvc_x_pos (1251,)
[0. 0. 0. ... 0. 0. 0.]
cvc_x_pos (1251,)
[0. 0. 0. ... 0. 0. 0.]
cvc_x_pos (1251,)
[0. 0. 0. ... 0. 0. 0.]
cvc_x_pos (1251,)
[0. 0. 0. ... 0. 0. 0.]
cvc_x_pos (1251,)
[0. 0. 0. ... 0. 0. 0.]
cvc_x_pos (1251,)
[0. 0. 0. ... 0. 0. 0.]
cvc_x_pos (1251,)
[0. 0. 0. ... 0. 0. 0.]
cvc_x_pos (1251,)
[0. 0. 0. ... 0. 0. 0.]
cvc_x_pos (1251,)
[0. 0. 0. ... 0. 0. 0.]
cvc_x_pos (1251,)
[0. 0. 0. ... 0. 0. 0.]
cvc_x_pos (1251,)
[0. 0. 0. ... 0. 0. 0.]
cvc_x_pos (1251,)
[0. 0. 0. ... 0. 0. 0.]
cvc_x_pos (1251,)
[0. 0. 0. ... 0. 0. 0.]
cvc_x_pos (1251,)
[0. 0. 0. ... 0. 0. 0.]
cvc_x_pos (1251,)
[0. 0. 0. ... 0. 0. 0.]
cvc_x_pos (1251,)
[0. 0. 0. ... 0. 0. 0.]
cvc_x_pos (1251,)
[0. 0. 0. ... 0. 0. 0.]
cvc_x_pos (1251,)
[0. 0. 0. ... 0. 0. 0.]
cvc_x_pos (1251,)
[0. 0. 0. ... 0. 0. 0.]
cvc_x_pos (1251,)
[0. 0. 0. ... 0. 0. 0.]
cvc_x_pos (1251,)
[0. 0. 0. ... 0. 0. 0.]
cvc_x_pos (1251,)
[0. 0. 0. ... 0. 0. 0.]
cvc_x_pos (1251,)
[0. 0. 0. ... 0. 0. 0.]
cvc_x_pos (1251,)
[0. 0. 0. ... 0. 0. 0.]
cvc_x_pos (1251,)
[0. 0. 0. ... 0. 0. 0.]
cvc_x_pos (1251,)
[0. 0. 0. ... 0. 0. 0.]
cvc_x_pos (1251,)
[0. 0. 0. ... 0. 0. 0.]
cvc_x_pos (1251,)
[0. 0. 0. ... 0. 0. 0.]
cvc_x_pos (1251,)
[0. 0. 0. ... 0. 0. 0.]
cvc_x_pos (1251,)
[0. 0. 0. ... 0. 0. 0.]
cvc_x_pos (1251,)
[0. 0. 0. ... 0. 0. 0.]
cvc_x_pos (1251,)
[0. 0. 0. ... 0. 0. 0.]
cvc_x_pos (1251,)
[0. 0. 0. ... 0. 0. 0.]
cvc_x_pos (1251,)
[0. 0. 0. ... 0. 0. 0.]
cvc_x_pos (1251,)
[0. 0. 0. ... 0. 0. 0.]
cvc_x_pos (1251,)
[0. 0. 0. ... 0. 0. 0.]
cvc_x_pos (1251,)
[0. 0. 0. ... 0. 0. 0.]
cvc_x_pos (1251,)
[0. 0. 0. ... 0. 0. 0.]
cvc_x_pos (1251,)
[0. 0. 0. ... 0. 0. 0.]
cvc_x_pos (1251,)
[0. 0. 0. ... 0. 0. 0.]
cvc_x_pos (1251,)
[0. 0. 0. ... 0. 0. 0.]
cvc_x_pos (1251,)
[0. 0. 0. ... 0. 0. 0.]
cvc_x_pos (1251,)
[0. 0. 0. ... 0. 0. 0.]
cvc_x_pos (1251,)
[0. 0. 0. ... 0. 0. 0.]
cvc_x_pos (1251,)
[0. 0. 0. ... 0. 0. 0.]
cvc_x_pos (1251,)
[0. 0. 0. ... 0. 0. 0.]
cvc_x_pos (1251,)
[0. 0. 0. ... 0. 0. 0.]
cvc_x_pos (1251,)
[0. 0. 0. ... 0. 0. 0.]
cvc_x_pos (1251,)
[0. 0. 0. ... 0. 0. 0.]
cvc_x_pos (1251,)
[0. 0. 0. ... 0. 0. 0.]
cvc_x_pos (1251,)
[0. 0. 0. ... 0. 0. 0.]
cvc_x_pos (1251,)
[0. 0. 0. ... 0. 0. 0.]
cvc_x_pos (1251,)
[0. 0. 0. ... 0. 0. 0.]
cvc_x_pos (1251,)
[0. 0. 0. ... 0. 0. 0.]
cvc_x_pos (1251,)
[0. 0. 0. ... 0. 0. 0.]
cvc_x_pos (1251,)
[0.00790627 0.00790837 0.00791043 ... 0.         0.         0.        ]
cvc_x_pos (1251,)
[0.00626767 0.00626895 0.0062702  ... 0.         0.         0.        ]
cvc_x_pos (1251,)
[0.00706503 0.00706671 0.00706837 ... 0.         0.         0.        ]
cvc_x_pos (1251,)
[0.00659367 0.00659425 0.00659481 ... 0.         0.         0.        ]
cvc_x_pos (1251,)
[0.00706588 0.00706575 0.00706559 ... 0.         0.         0.        ]
cvc_x_pos (1251,)
[0.00726672 0.00726721 0.00726766 ... 0.         0.         0.        ]
cvc_x_pos (1251,)
[0. 0. 0. ... 0. 0. 0.]
cvc_x_pos (1251,)
[0. 0. 0. ... 0. 0. 0.]
cvc_x_pos (1251,)
[0. 0. 0. ... 0. 0. 0.]
cvc_x_pos (1251,)
[0. 0. 0. ... 0. 0. 0.]
cvc_x_pos (1251,)
[0. 0. 0. ... 0. 0. 0.]
cvc_x_pos (1251,)
[0. 0. 0. ... 0. 0. 0.]
cvc_x_pos (1251,)
[0. 0. 0. ... 0. 0. 0.]
cvc_x_pos (1251,)
[0. 0. 0. ... 0. 0. 0.]
cvc_x_pos (1251,)
[0. 0. 0. ... 0. 0. 0.]
cvc_x_pos (1251,)
[0. 0. 0. ... 0. 0. 0.]
cvc_x_pos (1251,)
[0. 0. 0. ... 0. 0. 0.]
cvc_x_pos (1251,)
[0. 0. 0. ... 0. 0. 0.]
cvc_x_pos (1251,)
[0. 0. 0. ... 0. 0. 0.]
cvc_x_pos (1251,)
[0. 0. 0. ... 0. 0. 0.]
cvc_x_pos (1251,)
[0. 0. 0. ... 0. 0. 0.]
cvc_x_pos (1251,)
[0. 0. 0. ... 0. 0. 0.]
cvc_x_pos (1251,)
[0. 0. 0. ... 0. 0. 0.]
cvc_x_pos (1251,)
[0. 0. 0. ... 0. 0. 0.]
cvc_x_pos (1251,)
[0. 0. 0. ... 0. 0. 0.]
cvc_x_pos (1251,)
[0. 0. 0. ... 0. 0. 0.]
cvc_x_pos (1251,)
[0. 0. 0. ... 0. 0. 0.]
cvc_x_pos (1251,)
[0. 0. 0. ... 0. 0. 0.]
cvc_x_pos (1251,)
[0. 0. 0. ... 0. 0. 0.]
cvc_x_pos (1251,)
[0. 0. 0. ... 0. 0. 0.]
cvc_x_pos (1251,)
[0. 0. 0. ... 0. 0. 0.]
cvc_x_pos (1251,)
[0. 0. 0. ... 0. 0. 0.]
cvc_x_pos (1251,)
[0. 0. 0. ... 0. 0. 0.]
cvc_x_pos (1251,)
[0. 0. 0. ... 0. 0. 0.]
cvc_x_pos (1251,)
[0. 0. 0. ... 0. 0. 0.]
cvc_x_pos (1251,)
[0. 0. 0. ... 0. 0. 0.]
cvc_x_pos (1251,)
[0. 0. 0. ... 0. 0. 0.]
cvc_x_pos (1251,)
[0. 0. 0. ... 0. 0. 0.]
cvc_x_pos (1251,)
[0. 0. 0. ... 0. 0. 0.]
cvc_x_pos (1251,)
[0. 0. 0. ... 0. 0. 0.]
cvc_x_pos (1251,)
[0. 0. 0. ... 0. 0. 0.]
cvc_x_pos (1251,)
[0. 0. 0. ... 0. 0. 0.]
cvc_x_pos (1251,)
[0. 0. 0. ... 0. 0. 0.]
cvc_x_pos (1251,)
[0. 0. 0. ... 0. 0. 0.]
cvc_x_pos (1251,)
[0. 0. 0. ... 0. 0. 0.]
cvc_x_pos (1251,)
[0. 0. 0. ... 0. 0. 0.]
cvc_x_pos (1251,)
[0. 0. 0. ... 0. 0. 0.]
cvc_x_pos (1251,)
[0. 0. 0. ... 0. 0. 0.]
cvc_x_pos (1251,)
[0. 0. 0. ... 0. 0. 0.]
cvc_x_pos (1251,)
[0. 0. 0. ... 0. 0. 0.]
cvc_x_pos (1251,)
[0. 0. 0. ... 0. 0. 0.]
cvc_x_pos (1251,)
[0. 0. 0. ... 0. 0. 0.]
cvc_x_pos (1251,)
[0. 0. 0. ... 0. 0. 0.]
cvc_x_pos (1251,)
[0. 0. 0. ... 0. 0. 0.]
cvc_x_pos (1251,)
[0. 0. 0. ... 0. 0. 0.]
cvc_x_pos (1251,)
[0. 0. 0. ... 0. 0. 0.]
cvc_x_pos (1251,)
[0. 0. 0. ... 0. 0. 0.]
cvc_x_pos (1251,)
[0. 0. 0. ... 0. 0. 0.]
cvc_x_pos (1251,)
[0. 0. 0. ... 0. 0. 0.]
cvc_x_pos (1251,)
[0. 0. 0. ... 0. 0. 0.]
cvc_x_pos (1251,)
[0. 0. 0. ... 0. 0. 0.]
cvc_x_pos (1251,)
[0. 0. 0. ... 0. 0. 0.]
cvc_x_pos (1251,)
[0. 0. 0. ... 0. 0. 0.]
cvc_x_pos (1251,)
[0. 0. 0. ... 0. 0. 0.]
cvc_x_pos (1251,)
[0. 0. 0. ... 0. 0. 0.]
cvc_x_pos (1251,)
[0. 0. 0. ... 0. 0. 0.]
cvc_x_pos (1251,)
[0.00572051 0.00572164 0.00572276 ... 0.         0.         0.        ]
cvc_x_pos (1251,)
[0. 0. 0. ... 0. 0. 0.]
cvc_x_pos (1251,)
[0.00555967 0.00556032 0.00556096 ... 0.         0.         0.        ]
cvc_x_pos (1251,)
[0.00715531 0.00715721 0.00715908 ... 0.         0.         0.        ]
cvc_x_pos (1251,)
[0.00682551 0.00682555 0.00682556 ... 0.         0.         0.        ]
cvc_x_pos (1251,)
[0.00706806 0.00706967 0.00707126 ... 0.         0.         0.        ]
cvc_x_pos (1251,)
[0.00715599 0.00715517 0.00715431 ... 0.         0.         0.        ]
cvc_x_pos (1251,)
[0.00562967 0.00563012 0.00563056 ... 0.         0.         0.        ]
cvc_x_pos (1251,)
[0. 0. 0. ... 0. 0. 0.]
cvc_x_pos (1251,)
[0. 0. 0. ... 0. 0. 0.]
cvc_x_pos (1251,)
[0. 0. 0. ... 0. 0. 0.]
cvc_x_pos (1251,)
[0. 0. 0. ... 0. 0. 0.]
cvc_x_pos (1251,)
[0. 0. 0. ... 0. 0. 0.]
cvc_x_pos (1251,)
[0. 0. 0. ... 0. 0. 0.]
cvc_x_pos (1251,)
[0. 0. 0. ... 0. 0. 0.]
cvc_x_pos (1251,)
[0. 0. 0. ... 0. 0. 0.]
cvc_x_pos (1251,)
[0. 0. 0. ... 0. 0. 0.]
cvc_x_pos (1251,)
[0. 0. 0. ... 0. 0. 0.]
cvc_x_pos (1251,)
[0. 0. 0. ... 0. 0. 0.]
cvc_x_pos (1251,)
[0. 0. 0. ... 0. 0. 0.]
cvc_x_pos (1251,)
[0. 0. 0. ... 0. 0. 0.]
cvc_x_pos (1251,)
[0. 0. 0. ... 0. 0. 0.]
cvc_x_pos (1251,)
[0. 0. 0. ... 0. 0. 0.]
cvc_x_pos (1251,)
[0. 0. 0. ... 0. 0. 0.]
cvc_x_pos (1251,)
[0. 0. 0. ... 0. 0. 0.]
cvc_x_pos (1251,)
[0. 0. 0. ... 0. 0. 0.]
cvc_x_pos (1251,)
[0. 0. 0. ... 0. 0. 0.]
cvc_x_pos (1251,)
[0. 0. 0. ... 0. 0. 0.]
cvc_x_pos (1251,)
[0. 0. 0. ... 0. 0. 0.]
cvc_x_pos (1251,)
[0. 0. 0. ... 0. 0. 0.]
cvc_x_pos (1251,)
[0. 0. 0. ... 0. 0. 0.]
cvc_x_pos (1251,)
[0. 0. 0. ... 0. 0. 0.]
cvc_x_pos (1251,)
[0. 0. 0. ... 0. 0. 0.]
cvc_x_pos (1251,)
[0. 0. 0. ... 0. 0. 0.]
cvc_x_pos (1251,)
[0. 0. 0. ... 0. 0. 0.]
cvc_x_pos (1251,)
[0. 0. 0. ... 0. 0. 0.]
cvc_x_pos (1251,)
[0. 0. 0. ... 0. 0. 0.]
cvc_x_pos (1251,)
[0. 0. 0. ... 0. 0. 0.]
cvc_x_pos (1251,)
[0. 0. 0. ... 0. 0. 0.]
cvc_x_pos (1251,)
[0. 0. 0. ... 0. 0. 0.]
cvc_x_pos (1251,)
[0. 0. 0. ... 0. 0. 0.]
cvc_x_pos (1251,)
[0. 0. 0. ... 0. 0. 0.]
cvc_x_pos (1251,)
[0. 0. 0. ... 0. 0. 0.]
cvc_x_pos (1251,)
[0. 0. 0. ... 0. 0. 0.]
cvc_x_pos (1251,)
[0. 0. 0. ... 0. 0. 0.]
cvc_x_pos (1251,)
[0. 0. 0. ... 0. 0. 0.]
cvc_x_pos (1251,)
[0. 0. 0. ... 0. 0. 0.]
cvc_x_pos (1251,)
[0. 0. 0. ... 0. 0. 0.]
cvc_x_pos (1251,)
[0. 0. 0. ... 0. 0. 0.]
cvc_x_pos (1251,)
[0. 0. 0. ... 0. 0. 0.]
cvc_x_pos (1251,)
[0. 0. 0. ... 0. 0. 0.]
cvc_x_pos (1251,)
[0. 0. 0. ... 0. 0. 0.]
cvc_x_pos (1251,)
[0. 0. 0. ... 0. 0. 0.]
cvc_x_pos (1251,)
[0. 0. 0. ... 0. 0. 0.]
cvc_x_pos (1251,)
[0. 0. 0. ... 0. 0. 0.]
cvc_x_pos (1251,)
[0. 0. 0. ... 0. 0. 0.]
cvc_x_pos (1251,)
[0. 0. 0. ... 0. 0. 0.]
cvc_x_pos (1251,)
[0. 0. 0. ... 0. 0. 0.]
cvc_x_pos (1251,)
[0. 0. 0. ... 0. 0. 0.]
cvc_x_pos (1251,)
[0.00797417 0.00797626 0.00797831 ... 0.         0.         0.        ]
cvc_x_pos (1251,)
[0. 0. 0. ... 0. 0. 0.]
cvc_x_pos (1251,)
[0.00595184 0.00595267 0.00595348 ... 0.         0.         0.        ]
cvc_x_pos (1251,)
[0. 0. 0. ... 0. 0. 0.]
cvc_x_pos (1251,)
[0.00718754 0.00718611 0.00718466 ... 0.         0.         0.        ]
cvc_x_pos (1251,)
[0. 0. 0. ... 0. 0. 0.]
cvc_x_pos (1251,)
[0.00705372 0.00705285 0.00705195 ... 0.         0.         0.        ]
cvc_x_pos (1251,)
[0. 0. 0. ... 0. 0. 0.]
cvc_x_pos (1251,)
[0. 0. 0. ... 0. 0. 0.]
cvc_x_pos (1251,)
[0. 0. 0. ... 0. 0. 0.]
cvc_x_pos (1251,)
[0. 0. 0. ... 0. 0. 0.]
cvc_x_pos (1251,)
[0. 0. 0. ... 0. 0. 0.]
cvc_x_pos (1251,)
[0. 0. 0. ... 0. 0. 0.]
cvc_x_pos (1251,)
[0. 0. 0. ... 0. 0. 0.]
cvc_x_pos (1251,)
[0. 0. 0. ... 0. 0. 0.]
cvc_x_pos (1251,)
[0. 0. 0. ... 0. 0. 0.]
cvc_x_pos (1251,)
[0. 0. 0. ... 0. 0. 0.]
cvc_x_pos (1251,)
[0. 0. 0. ... 0. 0. 0.]
cvc_x_pos (1251,)
[0. 0. 0. ... 0. 0. 0.]
cvc_x_pos (1251,)
[0. 0. 0. ... 0. 0. 0.]
cvc_x_pos (1251,)
[0. 0. 0. ... 0. 0. 0.]
cvc_x_pos (1251,)
[0. 0. 0. ... 0. 0. 0.]
cvc_x_pos (1251,)
[0. 0. 0. ... 0. 0. 0.]
cvc_x_pos (1251,)
[0. 0. 0. ... 0. 0. 0.]
cvc_x_pos (1251,)
[0. 0. 0. ... 0. 0. 0.]
cvc_x_pos (1251,)
[0. 0. 0. ... 0. 0. 0.]
cvc_x_pos (1251,)
[0. 0. 0. ... 0. 0. 0.]
cvc_x_pos (1251,)
[0. 0. 0. ... 0. 0. 0.]
cvc_x_pos (1251,)
[0. 0. 0. ... 0. 0. 0.]
cvc_x_pos (1251,)
[0. 0. 0. ... 0. 0. 0.]
cvc_x_pos (1251,)
[0. 0. 0. ... 0. 0. 0.]
cvc_x_pos (1251,)
[0. 0. 0. ... 0. 0. 0.]
cvc_x_pos (1251,)
[0. 0. 0. ... 0. 0. 0.]
cvc_x_pos (1251,)
[0. 0. 0. ... 0. 0. 0.]
cvc_x_pos (1251,)
[0. 0. 0. ... 0. 0. 0.]
cvc_x_pos (1251,)
[0. 0. 0. ... 0. 0. 0.]
cvc_x_pos (1251,)
[0. 0. 0. ... 0. 0. 0.]
cvc_x_pos (1251,)
[0. 0. 0. ... 0. 0. 0.]
cvc_x_pos (1251,)
[0. 0. 0. ... 0. 0. 0.]
cvc_x_pos (1251,)
[0. 0. 0. ... 0. 0. 0.]
cvc_x_pos (1251,)
[0. 0. 0. ... 0. 0. 0.]
cvc_x_pos (1251,)
[0. 0. 0. ... 0. 0. 0.]
cvc_x_pos (1251,)
[0. 0. 0. ... 0. 0. 0.]
cvc_x_pos (1251,)
[0. 0. 0. ... 0. 0. 0.]
cvc_x_pos (1251,)
[0. 0. 0. ... 0. 0. 0.]
cvc_x_pos (1251,)
[0. 0. 0. ... 0. 0. 0.]
cvc_x_pos (1251,)
[0. 0. 0. ... 0. 0. 0.]
cvc_x_pos (1251,)
[0. 0. 0. ... 0. 0. 0.]
cvc_x_pos (1251,)
[0. 0. 0. ... 0. 0. 0.]
cvc_x_pos (1251,)
[0. 0. 0. ... 0. 0. 0.]
cvc_x_pos (1251,)
[0. 0. 0. ... 0. 0. 0.]
cvc_x_pos (1251,)
[0. 0. 0. ... 0. 0. 0.]
cvc_x_pos (1251,)
[0. 0. 0. ... 0. 0. 0.]
cvc_x_pos (1251,)
[0.00687216 0.0068722  0.00687221 ... 0.         0.         0.        ]
cvc_x_pos (1251,)
[0. 0. 0. ... 0. 0. 0.]
cvc_x_pos (1251,)
[0.00829076 0.00829109 0.00829139 ... 0.         0.         0.        ]
cvc_x_pos (1251,)
[0. 0. 0. ... 0. 0. 0.]
cvc_x_pos (1251,)
[0.00501629 0.0050164  0.0050165  ... 0.         0.         0.        ]
cvc_x_pos (1251,)
[0.00620607 0.00620707 0.00620806 ... 0.         0.         0.        ]
cvc_x_pos (1251,)
[0.00663643 0.00663486 0.00663326 ... 0.         0.         0.        ]
cvc_x_pos (1251,)
[0. 0. 0. ... 0. 0. 0.]
cvc_x_pos (1251,)
[0. 0. 0. ... 0. 0. 0.]
cvc_x_pos (1251,)
[0. 0. 0. ... 0. 0. 0.]
cvc_x_pos (1251,)
[0. 0. 0. ... 0. 0. 0.]
cvc_x_pos (1251,)
[0. 0. 0. ... 0. 0. 0.]
cvc_x_pos (1251,)
[0. 0. 0. ... 0. 0. 0.]
cvc_x_pos (1251,)
[0. 0. 0. ... 0. 0. 0.]
cvc_x_pos (1251,)
[0. 0. 0. ... 0. 0. 0.]
cvc_x_pos (1251,)
[0. 0. 0. ... 0. 0. 0.]
cvc_x_pos (1251,)
[0. 0. 0. ... 0. 0. 0.]
cvc_x_pos (1251,)
[0. 0. 0. ... 0. 0. 0.]
cvc_x_pos (1251,)
[0. 0. 0. ... 0. 0. 0.]
cvc_x_pos (1251,)
[0. 0. 0. ... 0. 0. 0.]
cvc_x_pos (1251,)
[0. 0. 0. ... 0. 0. 0.]
cvc_x_pos (1251,)
[0. 0. 0. ... 0. 0. 0.]
cvc_x_pos (1251,)
[0. 0. 0. ... 0. 0. 0.]
cvc_x_pos (1251,)
[0. 0. 0. ... 0. 0. 0.]
cvc_x_pos (1251,)
[0. 0. 0. ... 0. 0. 0.]
cvc_x_pos (1251,)
[0. 0. 0. ... 0. 0. 0.]
cvc_x_pos (1251,)
[0. 0. 0. ... 0. 0. 0.]
cvc_x_pos (1251,)
[0. 0. 0. ... 0. 0. 0.]
cvc_x_pos (1251,)
[0. 0. 0. ... 0. 0. 0.]
cvc_x_pos (1251,)
[0. 0. 0. ... 0. 0. 0.]
cvc_x_pos (1251,)
[0. 0. 0. ... 0. 0. 0.]
cvc_x_pos (1251,)
[0. 0. 0. ... 0. 0. 0.]
cvc_x_pos (1251,)
[0. 0. 0. ... 0. 0. 0.]
cvc_x_pos (1251,)
[0. 0. 0. ... 0. 0. 0.]
cvc_x_pos (1251,)
[0. 0. 0. ... 0. 0. 0.]
cvc_x_pos (1251,)
[0. 0. 0. ... 0. 0. 0.]
cvc_x_pos (1251,)
[0. 0. 0. ... 0. 0. 0.]
cvc_x_pos (1251,)
[0. 0. 0. ... 0. 0. 0.]
cvc_x_pos (1251,)
[0. 0. 0. ... 0. 0. 0.]
cvc_x_pos (1251,)
[0. 0. 0. ... 0. 0. 0.]
cvc_x_pos (1251,)
[0. 0. 0. ... 0. 0. 0.]
cvc_x_pos (1251,)
[0. 0. 0. ... 0. 0. 0.]
cvc_x_pos (1251,)
[0. 0. 0. ... 0. 0. 0.]
cvc_x_pos (1251,)
[0. 0. 0. ... 0. 0. 0.]
cvc_x_pos (1251,)
[0. 0. 0. ... 0. 0. 0.]
cvc_x_pos (1251,)
[0. 0. 0. ... 0. 0. 0.]
cvc_x_pos (1251,)
[0. 0. 0. ... 0. 0. 0.]
cvc_x_pos (1251,)
[0. 0. 0. ... 0. 0. 0.]
cvc_x_pos (1251,)
[0. 0. 0. ... 0. 0. 0.]
cvc_x_pos (1251,)
[0. 0. 0. ... 0. 0. 0.]
cvc_x_pos (1251,)
[0. 0. 0. ... 0. 0. 0.]
cvc_x_pos (1251,)
[0.00510645 0.0051074  0.00510834 ... 0.         0.         0.        ]
cvc_x_pos (1251,)
[0. 0. 0. ... 0. 0. 0.]
cvc_x_pos (1251,)
[0.00763109 0.00762964 0.00762816 ... 0.         0.         0.        ]
cvc_x_pos (1251,)
[0.00588569 0.00588692 0.00588813 ... 0.         0.         0.        ]
cvc_x_pos (1251,)
[0.00796308 0.00796081 0.0079585  ... 0.         0.         0.        ]
cvc_x_pos (1251,)
[0.00657445 0.00657558 0.0065767  ... 0.         0.         0.        ]
cvc_x_pos (1251,)
[0.00499169 0.00499092 0.00499014 ... 0.         0.         0.        ]
cvc_x_pos (1251,)
[0.00618407 0.00618542 0.00618675 ... 0.         0.         0.        ]
cvc_x_pos (1251,)
[0.00739606 0.00739453 0.00739297 ... 0.         0.         0.        ]
cvc_x_pos (1251,)
[0. 0. 0. ... 0. 0. 0.]
cvc_x_pos (1251,)
[0. 0. 0. ... 0. 0. 0.]
cvc_x_pos (1251,)
[0. 0. 0. ... 0. 0. 0.]
cvc_x_pos (1251,)
[0. 0. 0. ... 0. 0. 0.]
cvc_x_pos (1251,)
[0. 0. 0. ... 0. 0. 0.]
cvc_x_pos (1251,)
[0. 0. 0. ... 0. 0. 0.]
cvc_x_pos (1251,)
[0. 0. 0. ... 0. 0. 0.]
cvc_x_pos (1251,)
[0. 0. 0. ... 0. 0. 0.]
cvc_x_pos (1251,)
[0. 0. 0. ... 0. 0. 0.]
cvc_x_pos (1251,)
[0. 0. 0. ... 0. 0. 0.]
cvc_x_pos (1251,)
[0. 0. 0. ... 0. 0. 0.]
cvc_x_pos (1251,)
[0. 0. 0. ... 0. 0. 0.]
cvc_x_pos (1251,)
[0. 0. 0. ... 0. 0. 0.]
cvc_x_pos (1251,)
[0. 0. 0. ... 0. 0. 0.]
cvc_x_pos (1251,)
[0. 0. 0. ... 0. 0. 0.]
cvc_x_pos (1251,)
[0. 0. 0. ... 0. 0. 0.]
cvc_x_pos (1251,)
[0. 0. 0. ... 0. 0. 0.]
cvc_x_pos (1251,)
[0. 0. 0. ... 0. 0. 0.]
cvc_x_pos (1251,)
[0. 0. 0. ... 0. 0. 0.]
cvc_x_pos (1251,)
[0. 0. 0. ... 0. 0. 0.]
cvc_x_pos (1251,)
[0. 0. 0. ... 0. 0. 0.]
cvc_x_pos (1251,)
[0. 0. 0. ... 0. 0. 0.]
cvc_x_pos (1251,)
[0. 0. 0. ... 0. 0. 0.]
cvc_x_pos (1251,)
[0. 0. 0. ... 0. 0. 0.]
cvc_x_pos (1251,)
[0. 0. 0. ... 0. 0. 0.]
cvc_x_pos (1251,)
[0. 0. 0. ... 0. 0. 0.]
cvc_x_pos (1251,)
[0. 0. 0. ... 0. 0. 0.]
cvc_x_pos (1251,)
[0. 0. 0. ... 0. 0. 0.]
cvc_x_pos (1251,)
[0. 0. 0. ... 0. 0. 0.]
cvc_x_pos (1251,)
[0. 0. 0. ... 0. 0. 0.]
cvc_x_pos (1251,)
[0. 0. 0. ... 0. 0. 0.]
cvc_x_pos (1251,)
[0. 0. 0. ... 0. 0. 0.]
cvc_x_pos (1251,)
[0. 0. 0. ... 0. 0. 0.]
cvc_x_pos (1251,)
[0. 0. 0. ... 0. 0. 0.]
cvc_x_pos (1251,)
[0. 0. 0. ... 0. 0. 0.]
cvc_x_pos (1251,)
[0. 0. 0. ... 0. 0. 0.]
cvc_x_pos (1251,)
[0. 0. 0. ... 0. 0. 0.]
cvc_x_pos (1251,)
[0. 0. 0. ... 0. 0. 0.]
cvc_x_pos (1251,)
[0. 0. 0. ... 0. 0. 0.]
cvc_x_pos (1251,)
[0. 0. 0. ... 0. 0. 0.]
cvc_x_pos (1251,)
[0. 0. 0. ... 0. 0. 0.]
cvc_x_pos (1251,)
[0. 0. 0. ... 0. 0. 0.]
cvc_x_pos (1251,)
[0. 0. 0. ... 0. 0. 0.]
cvc_x_pos (1251,)
[0. 0. 0. ... 0. 0. 0.]
cvc_x_pos (1251,)
[0.00594774 0.00594683 0.00594591 ... 0.         0.         0.        ]
cvc_x_pos (1251,)
[0. 0. 0. ... 0. 0. 0.]
cvc_x_pos (1251,)
[0. 0. 0. ... 0. 0. 0.]
cvc_x_pos (1251,)
[0. 0. 0. ... 0. 0. 0.]
cvc_x_pos (1251,)
[0. 0. 0. ... 0. 0. 0.]
cvc_x_pos (1251,)
[0. 0. 0. ... 0. 0. 0.]
cvc_x_pos (1251,)
[0. 0. 0. ... 0. 0. 0.]
cvc_x_pos (1251,)
[0. 0. 0. ... 0. 0. 0.]
cvc_x_pos (1251,)
[0. 0. 0. ... 0. 0. 0.]
cvc_x_pos (1251,)
[0.00550728 0.00550632 0.00550536 ... 0.         0.         0.        ]
cvc_x_pos (1251,)
[0.00771767 0.00771782 0.00771793 ... 0.         0.         0.        ]
cvc_x_pos (1251,)
[0.00628929 0.00628835 0.00628738 ... 0.         0.         0.        ]
cvc_x_pos (1251,)
[0.0072118  0.0072124  0.00721298 ... 0.         0.         0.        ]
cvc_x_pos (1251,)
[0.00678502 0.00678355 0.00678206 ... 0.         0.         0.        ]
cvc_x_pos (1251,)
[0.00708053 0.00708192 0.00708329 ... 0.         0.         0.        ]
cvc_x_pos (1251,)
[0.00634863 0.00634733 0.00634601 ... 0.         0.         0.        ]
cvc_x_pos (1251,)
[0. 0. 0. ... 0. 0. 0.]
cvc_x_pos (1251,)
[0. 0. 0. ... 0. 0. 0.]
cvc_x_pos (1251,)
[0. 0. 0. ... 0. 0. 0.]
cvc_x_pos (1251,)
[0. 0. 0. ... 0. 0. 0.]
cvc_x_pos (1251,)
[0. 0. 0. ... 0. 0. 0.]
cvc_x_pos (1251,)
[0. 0. 0. ... 0. 0. 0.]
cvc_x_pos (1251,)
[0. 0. 0. ... 0. 0. 0.]
cvc_x_pos (1251,)
[0. 0. 0. ... 0. 0. 0.]
cvc_x_pos (1251,)
[0. 0. 0. ... 0. 0. 0.]
cvc_x_pos (1251,)
[0. 0. 0. ... 0. 0. 0.]
cvc_x_pos (1251,)
[0. 0. 0. ... 0. 0. 0.]
cvc_x_pos (1251,)
[0. 0. 0. ... 0. 0. 0.]
cvc_x_pos (1251,)
[0. 0. 0. ... 0. 0. 0.]
cvc_x_pos (1251,)
[0. 0. 0. ... 0. 0. 0.]
cvc_x_pos (1251,)
[0. 0. 0. ... 0. 0. 0.]
cvc_x_pos (1251,)
[0. 0. 0. ... 0. 0. 0.]
cvc_x_pos (1251,)
[0. 0. 0. ... 0. 0. 0.]
cvc_x_pos (1251,)
[0. 0. 0. ... 0. 0. 0.]
cvc_x_pos (1251,)
[0. 0. 0. ... 0. 0. 0.]
cvc_x_pos (1251,)
[0. 0. 0. ... 0. 0. 0.]
cvc_x_pos (1251,)
[0. 0. 0. ... 0. 0. 0.]
cvc_x_pos (1251,)
[0. 0. 0. ... 0. 0. 0.]
cvc_x_pos (1251,)
[0. 0. 0. ... 0. 0. 0.]
cvc_x_pos (1251,)
[0. 0. 0. ... 0. 0. 0.]
cvc_x_pos (1251,)
[0. 0. 0. ... 0. 0. 0.]
cvc_x_pos (1251,)
[0. 0. 0. ... 0. 0. 0.]
cvc_x_pos (1251,)
[0. 0. 0. ... 0. 0. 0.]
cvc_x_pos (1251,)
[0. 0. 0. ... 0. 0. 0.]
cvc_x_pos (1251,)
[0. 0. 0. ... 0. 0. 0.]
cvc_x_pos (1251,)
[0. 0. 0. ... 0. 0. 0.]
cvc_x_pos (1251,)
[0. 0. 0. ... 0. 0. 0.]
cvc_x_pos (1251,)
[0. 0. 0. ... 0. 0. 0.]
cvc_x_pos (1251,)
[0. 0. 0. ... 0. 0. 0.]
cvc_x_pos (1251,)
[0. 0. 0. ... 0. 0. 0.]
cvc_x_pos (1251,)
[0. 0. 0. ... 0. 0. 0.]
cvc_x_pos (1251,)
[0. 0. 0. ... 0. 0. 0.]
cvc_x_pos (1251,)
[0. 0. 0. ... 0. 0. 0.]
cvc_x_pos (1251,)
[0. 0. 0. ... 0. 0. 0.]
cvc_x_pos (1251,)
[0. 0. 0. ... 0. 0. 0.]
cvc_x_pos (1251,)
[0. 0. 0. ... 0. 0. 0.]
cvc_x_pos (1251,)
[0. 0. 0. ... 0. 0. 0.]
cvc_x_pos (1251,)
[0.         0.         0.00636792 ... 0.         0.         0.        ]
cvc_x_pos (1251,)
[0.00685971 0.00686147 0.00686321 ... 0.         0.         0.        ]
cvc_x_pos (1251,)
[0. 0. 0. ... 0. 0. 0.]
cvc_x_pos (1251,)
[0. 0. 0. ... 0. 0. 0.]
cvc_x_pos (1251,)
[0. 0. 0. ... 0. 0. 0.]
cvc_x_pos (1251,)
[0. 0. 0. ... 0. 0. 0.]
cvc_x_pos (1251,)
[0. 0. 0. ... 0. 0. 0.]
cvc_x_pos (1251,)
[0. 0. 0. ... 0. 0. 0.]
cvc_x_pos (1251,)
[0. 0. 0. ... 0. 0. 0.]
cvc_x_pos (1251,)
[0. 0. 0. ... 0. 0. 0.]
cvc_x_pos (1251,)
[0. 0. 0. ... 0. 0. 0.]
cvc_x_pos (1251,)
[0. 0. 0. ... 0. 0. 0.]
cvc_x_pos (1251,)
[0. 0. 0. ... 0. 0. 0.]
cvc_x_pos (1251,)
[0. 0. 0. ... 0. 0. 0.]
cvc_x_pos (1251,)
[0. 0. 0. ... 0. 0. 0.]
cvc_x_pos (1251,)
[0. 0. 0. ... 0. 0. 0.]
cvc_x_pos (1251,)
[0. 0. 0. ... 0. 0. 0.]
cvc_x_pos (1251,)
[0. 0. 0. ... 0. 0. 0.]
cvc_x_pos (1251,)
[0. 0. 0. ... 0. 0. 0.]
cvc_x_pos (1251,)
[0. 0. 0. ... 0. 0. 0.]
cvc_x_pos (1251,)
[0.00603148 0.00603019 0.00602888 ... 0.         0.         0.        ]
cvc_x_pos (1251,)
[0.00542113 0.00542139 0.00542163 ... 0.         0.         0.        ]
cvc_x_pos (1251,)
[0. 0. 0. ... 0. 0. 0.]
cvc_x_pos (1251,)
[0.00617816 0.00617894 0.0061797  ... 0.         0.         0.        ]
cvc_x_pos (1251,)
[0. 0. 0. ... 0. 0. 0.]
cvc_x_pos (1251,)
[0. 0. 0. ... 0. 0. 0.]
cvc_x_pos (1251,)
[0. 0. 0. ... 0. 0. 0.]
cvc_x_pos (1251,)
[0. 0. 0. ... 0. 0. 0.]
cvc_x_pos (1251,)
[0. 0. 0. ... 0. 0. 0.]
cvc_x_pos (1251,)
[0. 0. 0. ... 0. 0. 0.]
cvc_x_pos (1251,)
[0. 0. 0. ... 0. 0. 0.]
cvc_x_pos (1251,)
[0. 0. 0. ... 0. 0. 0.]
cvc_x_pos (1251,)
[0. 0. 0. ... 0. 0. 0.]
cvc_x_pos (1251,)
[0. 0. 0. ... 0. 0. 0.]
cvc_x_pos (1251,)
[0. 0. 0. ... 0. 0. 0.]
cvc_x_pos (1251,)
[0. 0. 0. ... 0. 0. 0.]
cvc_x_pos (1251,)
[0. 0. 0. ... 0. 0. 0.]
cvc_x_pos (1251,)
[0. 0. 0. ... 0. 0. 0.]
cvc_x_pos (1251,)
[0. 0. 0. ... 0. 0. 0.]
cvc_x_pos (1251,)
[0. 0. 0. ... 0. 0. 0.]
cvc_x_pos (1251,)
[0. 0. 0. ... 0. 0. 0.]
cvc_x_pos (1251,)
[0. 0. 0. ... 0. 0. 0.]
cvc_x_pos (1251,)
[0. 0. 0. ... 0. 0. 0.]
cvc_x_pos (1251,)
[0. 0. 0. ... 0. 0. 0.]
cvc_x_pos (1251,)
[0. 0. 0. ... 0. 0. 0.]
cvc_x_pos (1251,)
[0. 0. 0. ... 0. 0. 0.]
cvc_x_pos (1251,)
[0. 0. 0. ... 0. 0. 0.]
cvc_x_pos (1251,)
[0. 0. 0. ... 0. 0. 0.]
cvc_x_pos (1251,)
[0. 0. 0. ... 0. 0. 0.]
cvc_x_pos (1251,)
[0. 0. 0. ... 0. 0. 0.]
cvc_x_pos (1251,)
[0. 0. 0. ... 0. 0. 0.]
cvc_x_pos (1251,)
[0. 0. 0. ... 0. 0. 0.]
cvc_x_pos (1251,)
[0. 0. 0. ... 0. 0. 0.]
cvc_x_pos (1251,)
[0. 0. 0. ... 0. 0. 0.]
cvc_x_pos (1251,)
[0. 0. 0. ... 0. 0. 0.]
cvc_x_pos (1251,)
[0. 0. 0. ... 0. 0. 0.]
cvc_x_pos (1251,)
[0. 0. 0. ... 0. 0. 0.]
cvc_x_pos (1251,)
[0. 0. 0. ... 0. 0. 0.]
cvc_x_pos (1251,)
[0. 0. 0. ... 0. 0. 0.]
cvc_x_pos (1251,)
[0. 0. 0. ... 0. 0. 0.]
cvc_x_pos (1251,)
[0. 0. 0. ... 0. 0. 0.]
cvc_x_pos (1251,)
[0. 0. 0. ... 0. 0. 0.]
cvc_x_pos (1251,)
[0. 0. 0. ... 0. 0. 0.]
cvc_x_pos (1251,)
[0. 0. 0. ... 0. 0. 0.]
cvc_x_pos (1251,)
[0. 0. 0. ... 0. 0. 0.]
cvc_x_pos (1251,)
[0.00703152 0.00703012 0.00702869 ... 0.         0.         0.        ]
cvc_x_pos (1251,)
[0. 0. 0. ... 0. 0. 0.]
cvc_x_pos (1251,)
[0. 0. 0. ... 0. 0. 0.]
cvc_x_pos (1251,)
[0. 0. 0. ... 0. 0. 0.]
cvc_x_pos (1251,)
[0. 0. 0. ... 0. 0. 0.]
cvc_x_pos (1251,)
[0. 0. 0. ... 0. 0. 0.]
cvc_x_pos (1251,)
[0. 0. 0. ... 0. 0. 0.]
cvc_x_pos (1251,)
[0. 0. 0. ... 0. 0. 0.]
cvc_x_pos (1251,)
[0. 0. 0. ... 0. 0. 0.]
cvc_x_pos (1251,)
[0. 0. 0. ... 0. 0. 0.]
cvc_x_pos (1251,)
[0. 0. 0. ... 0. 0. 0.]
cvc_x_pos (1251,)
[0. 0. 0. ... 0. 0. 0.]
cvc_x_pos (1251,)
[0. 0. 0. ... 0. 0. 0.]
cvc_x_pos (1251,)
[0. 0. 0. ... 0. 0. 0.]
cvc_x_pos (1251,)
[0. 0. 0. ... 0. 0. 0.]
cvc_x_pos (1251,)
[0. 0. 0. ... 0. 0. 0.]
cvc_x_pos (1251,)
[0. 0. 0. ... 0. 0. 0.]
cvc_x_pos (1251,)
[0. 0. 0. ... 0. 0. 0.]
cvc_x_pos (1251,)
[0. 0. 0. ... 0. 0. 0.]
cvc_x_pos (1251,)
[0. 0. 0. ... 0. 0. 0.]
cvc_x_pos (1251,)
[0. 0. 0. ... 0. 0. 0.]
cvc_x_pos (1251,)
[0. 0. 0. ... 0. 0. 0.]
cvc_x_pos (1251,)
[0. 0. 0. ... 0. 0. 0.]
cvc_x_pos (1251,)
[0. 0. 0. ... 0. 0. 0.]
cvc_x_pos (1251,)
[0. 0. 0. ... 0. 0. 0.]
cvc_x_pos (1251,)
[0. 0. 0. ... 0. 0. 0.]
cvc_x_pos (1251,)
[0. 0. 0. ... 0. 0. 0.]
cvc_x_pos (1251,)
[0.00593366 0.00593331 0.00593294 ... 0.         0.         0.        ]
cvc_x_pos (1251,)
[0. 0. 0. ... 0. 0. 0.]
cvc_x_pos (1251,)
[0.00691964 0.0069196  0.00691953 ... 0.         0.         0.        ]
cvc_x_pos (1251,)
[0. 0. 0. ... 0. 0. 0.]
cvc_x_pos (1251,)
[0.00651425 0.00651401 0.00651374 ... 0.         0.         0.        ]
cvc_x_pos (1251,)
[0. 0. 0. ... 0. 0. 0.]
cvc_x_pos (1251,)
[0. 0. 0. ... 0. 0. 0.]
cvc_x_pos (1251,)
[0. 0. 0. ... 0. 0. 0.]
cvc_x_pos (1251,)
[0. 0. 0. ... 0. 0. 0.]
cvc_x_pos (1251,)
[0. 0. 0. ... 0. 0. 0.]
cvc_x_pos (1251,)
[0. 0. 0. ... 0. 0. 0.]
cvc_x_pos (1251,)
[0. 0. 0. ... 0. 0. 0.]
cvc_x_pos (1251,)
[0. 0. 0. ... 0. 0. 0.]
cvc_x_pos (1251,)
[0. 0. 0. ... 0. 0. 0.]
cvc_x_pos (1251,)
[0. 0. 0. ... 0. 0. 0.]
cvc_x_pos (1251,)
[0. 0. 0. ... 0. 0. 0.]
cvc_x_pos (1251,)
[0. 0. 0. ... 0. 0. 0.]
cvc_x_pos (1251,)
[0. 0. 0. ... 0. 0. 0.]
cvc_x_pos (1251,)
[0. 0. 0. ... 0. 0. 0.]
cvc_x_pos (1251,)
[0. 0. 0. ... 0. 0. 0.]
cvc_x_pos (1251,)
[0. 0. 0. ... 0. 0. 0.]
cvc_x_pos (1251,)
[0. 0. 0. ... 0. 0. 0.]
cvc_x_pos (1251,)
[0. 0. 0. ... 0. 0. 0.]
cvc_x_pos (1251,)
[0. 0. 0. ... 0. 0. 0.]
cvc_x_pos (1251,)
[0. 0. 0. ... 0. 0. 0.]
cvc_x_pos (1251,)
[0. 0. 0. ... 0. 0. 0.]
cvc_x_pos (1251,)
[0. 0. 0. ... 0. 0. 0.]
cvc_x_pos (1251,)
[0. 0. 0. ... 0. 0. 0.]
cvc_x_pos (1251,)
[0. 0. 0. ... 0. 0. 0.]
cvc_x_pos (1251,)
[0. 0. 0. ... 0. 0. 0.]
cvc_x_pos (1251,)
[0. 0. 0. ... 0. 0. 0.]
cvc_x_pos (1251,)
[0. 0. 0. ... 0. 0. 0.]
cvc_x_pos (1251,)
[0. 0. 0. ... 0. 0. 0.]
cvc_x_pos (1251,)
[0. 0. 0. ... 0. 0. 0.]
cvc_x_pos (1251,)
[0. 0. 0. ... 0. 0. 0.]
cvc_x_pos (1251,)
[0. 0. 0. ... 0. 0. 0.]
cvc_x_pos (1251,)
[0. 0. 0. ... 0. 0. 0.]
cvc_x_pos (1251,)
[0. 0. 0. ... 0. 0. 0.]
cvc_x_pos (1251,)
[0. 0. 0. ... 0. 0. 0.]
cvc_x_pos (1251,)
[0. 0. 0. ... 0. 0. 0.]
cvc_x_pos (1251,)
[0. 0. 0. ... 0. 0. 0.]
cvc_x_pos (1251,)
[0. 0. 0. ... 0. 0. 0.]
cvc_x_pos (1251,)
[0. 0. 0. ... 0. 0. 0.]
cvc_x_pos (1251,)
[0. 0. 0. ... 0. 0. 0.]
cvc_x_pos (1251,)
[0. 0. 0. ... 0. 0. 0.]
cvc_x_pos (1251,)
[0.00648219 0.00648342 0.00648464 ... 0.         0.         0.        ]
cvc_x_pos (1251,)
[0. 0. 0. ... 0. 0. 0.]
cvc_x_pos (1251,)
[0. 0. 0. ... 0. 0. 0.]
cvc_x_pos (1251,)
[0. 0. 0. ... 0. 0. 0.]
cvc_x_pos (1251,)
[0. 0. 0. ... 0. 0. 0.]
cvc_x_pos (1251,)
[0. 0. 0. ... 0. 0. 0.]
cvc_x_pos (1251,)
[0. 0. 0. ... 0. 0. 0.]
cvc_x_pos (1251,)
[0. 0. 0. ... 0. 0. 0.]
cvc_x_pos (1251,)
[0. 0. 0. ... 0. 0. 0.]
cvc_x_pos (1251,)
[0. 0. 0. ... 0. 0. 0.]
cvc_x_pos (1251,)
[0. 0. 0. ... 0. 0. 0.]
cvc_x_pos (1251,)
[0. 0. 0. ... 0. 0. 0.]
cvc_x_pos (1251,)
[0. 0. 0. ... 0. 0. 0.]
cvc_x_pos (1251,)
[0. 0. 0. ... 0. 0. 0.]
cvc_x_pos (1251,)
[0. 0. 0. ... 0. 0. 0.]
cvc_x_pos (1251,)
[0. 0. 0. ... 0. 0. 0.]
cvc_x_pos (1251,)
[0. 0. 0. ... 0. 0. 0.]
cvc_x_pos (1251,)
[0. 0. 0. ... 0. 0. 0.]
cvc_x_pos (1251,)
[0. 0. 0. ... 0. 0. 0.]
cvc_x_pos (1251,)
[0. 0. 0. ... 0. 0. 0.]
cvc_x_pos (1251,)
[0. 0. 0. ... 0. 0. 0.]
cvc_x_pos (1251,)
[0. 0. 0. ... 0. 0. 0.]
cvc_x_pos (1251,)
[0. 0. 0. ... 0. 0. 0.]
cvc_x_pos (1251,)
[0. 0. 0. ... 0. 0. 0.]
cvc_x_pos (1251,)
[0. 0. 0. ... 0. 0. 0.]
cvc_x_pos (1251,)
[0. 0. 0. ... 0. 0. 0.]
cvc_x_pos (1251,)
[0. 0. 0. ... 0. 0. 0.]
cvc_x_pos (1251,)
[0. 0. 0. ... 0. 0. 0.]
cvc_x_pos (1251,)
[0. 0. 0. ... 0. 0. 0.]
cvc_x_pos (1251,)
[0. 0. 0. ... 0. 0. 0.]
cvc_x_pos (1251,)
[0. 0. 0. ... 0. 0. 0.]
cvc_x_pos (1251,)
[0. 0. 0. ... 0. 0. 0.]
cvc_x_pos (1251,)
[0. 0. 0. ... 0. 0. 0.]
cvc_x_pos (1251,)
[0. 0. 0. ... 0. 0. 0.]
cvc_x_pos (1251,)
[0. 0. 0. ... 0. 0. 0.]
cvc_x_pos (1251,)
[0. 0. 0. ... 0. 0. 0.]
cvc_x_pos (1251,)
[0. 0. 0. ... 0. 0. 0.]
cvc_x_pos (1251,)
[0. 0. 0. ... 0. 0. 0.]
cvc_x_pos (1251,)
[0.00659797 0.00659835 0.00659871 ... 0.         0.         0.        ]
cvc_x_pos (1251,)
[0. 0. 0. ... 0. 0. 0.]
cvc_x_pos (1251,)
[0.00633463 0.00633542 0.00633619 ... 0.         0.         0.        ]
cvc_x_pos (1251,)
[0. 0. 0. ... 0. 0. 0.]
cvc_x_pos (1251,)
[0. 0. 0. ... 0. 0. 0.]
cvc_x_pos (1251,)
[0. 0. 0. ... 0. 0. 0.]
cvc_x_pos (1251,)
[0. 0. 0. ... 0. 0. 0.]
cvc_x_pos (1251,)
[0. 0. 0. ... 0. 0. 0.]
cvc_x_pos (1251,)
[0. 0. 0. ... 0. 0. 0.]
cvc_x_pos (1251,)
[0. 0. 0. ... 0. 0. 0.]
cvc_x_pos (1251,)
[0. 0. 0. ... 0. 0. 0.]
cvc_x_pos (1251,)
[0. 0. 0. ... 0. 0. 0.]
cvc_x_pos (1251,)
[0. 0. 0. ... 0. 0. 0.]
cvc_x_pos (1251,)
[0. 0. 0. ... 0. 0. 0.]
cvc_x_pos (1251,)
[0. 0. 0. ... 0. 0. 0.]
cvc_x_pos (1251,)
[0. 0. 0. ... 0. 0. 0.]
cvc_x_pos (1251,)
[0. 0. 0. ... 0. 0. 0.]
cvc_x_pos (1251,)
[0. 0. 0. ... 0. 0. 0.]
cvc_x_pos (1251,)
[0. 0. 0. ... 0. 0. 0.]
cvc_x_pos (1251,)
[0. 0. 0. ... 0. 0. 0.]
cvc_x_pos (1251,)
[0. 0. 0. ... 0. 0. 0.]
cvc_x_pos (1251,)
[0. 0. 0. ... 0. 0. 0.]
cvc_x_pos (1251,)
[0. 0. 0. ... 0. 0. 0.]
cvc_x_pos (1251,)
[0. 0. 0. ... 0. 0. 0.]
cvc_x_pos (1251,)
[0. 0. 0. ... 0. 0. 0.]
cvc_x_pos (1251,)
[0. 0. 0. ... 0. 0. 0.]
cvc_x_pos (1251,)
[0. 0. 0. ... 0. 0. 0.]
cvc_x_pos (1251,)
[0. 0. 0. ... 0. 0. 0.]
cvc_x_pos (1251,)
[0. 0. 0. ... 0. 0. 0.]
cvc_x_pos (1251,)
[0. 0. 0. ... 0. 0. 0.]
cvc_x_pos (1251,)
[0. 0. 0. ... 0. 0. 0.]
cvc_x_pos (1251,)
[0. 0. 0. ... 0. 0. 0.]
cvc_x_pos (1251,)
[0. 0. 0. ... 0. 0. 0.]
cvc_x_pos (1251,)
[0. 0. 0. ... 0. 0. 0.]
cvc_x_pos (1251,)
[0. 0. 0. ... 0. 0. 0.]
cvc_x_pos (1251,)
[0. 0. 0. ... 0. 0. 0.]
cvc_x_pos (1251,)
[0. 0. 0. ... 0. 0. 0.]
cvc_x_pos (1251,)
[0. 0. 0. ... 0. 0. 0.]
cvc_x_pos (1251,)
[0. 0. 0. ... 0. 0. 0.]
cvc_x_pos (1251,)
[0. 0. 0. ... 0. 0. 0.]
cvc_x_pos (1251,)
[0. 0. 0. ... 0. 0. 0.]
cvc_x_pos (1251,)
[0. 0. 0. ... 0. 0. 0.]
cvc_x_pos (1251,)
[0. 0. 0. ... 0. 0. 0.]
cvc_x_pos (1251,)
[0. 0. 0. ... 0. 0. 0.]
cvc_x_pos (1251,)
[0. 0. 0. ... 0. 0. 0.]
cvc_x_pos (1251,)
[0. 0. 0. ... 0. 0. 0.]
cvc_x_pos (1251,)
[0. 0. 0. ... 0. 0. 0.]
cvc_x_pos (1251,)
[0. 0. 0. ... 0. 0. 0.]
cvc_x_pos (1251,)
[0. 0. 0. ... 0. 0. 0.]
cvc_x_pos (1251,)
[0. 0. 0. ... 0. 0. 0.]
cvc_x_pos (1251,)
[0. 0. 0. ... 0. 0. 0.]
cvc_x_pos (1251,)
[0. 0. 0. ... 0. 0. 0.]
cvc_x_pos (1251,)
[0. 0. 0. ... 0. 0. 0.]
cvc_x_pos (1251,)
[0. 0. 0. ... 0. 0. 0.]
cvc_x_pos (1251,)
[0. 0. 0. ... 0. 0. 0.]
cvc_x_pos (1251,)
[0. 0. 0. ... 0. 0. 0.]
cvc_x_pos (1251,)
[0. 0. 0. ... 0. 0. 0.]
cvc_x_pos (1251,)
[0. 0. 0. ... 0. 0. 0.]
cvc_x_pos (1251,)
[0. 0. 0. ... 0. 0. 0.]
cvc_x_pos (1251,)
[0. 0. 0. ... 0. 0. 0.]
cvc_x_pos (1251,)
[0. 0. 0. ... 0. 0. 0.]
cvc_x_pos (1251,)
[0. 0. 0. ... 0. 0. 0.]
cvc_x_pos (1251,)
[0. 0. 0. ... 0. 0. 0.]
cvc_x_pos (1251,)
[0. 0. 0. ... 0. 0. 0.]
cvc_x_pos (1251,)
[0. 0. 0. ... 0. 0. 0.]
cvc_x_pos (1251,)
[0. 0. 0. ... 0. 0. 0.]
cvc_x_pos (1251,)
[0. 0. 0. ... 0. 0. 0.]
cvc_x_pos (1251,)
[0. 0. 0. ... 0. 0. 0.]
cvc_x_pos (1251,)
[0. 0. 0. ... 0. 0. 0.]
cvc_x_pos (1251,)
[0. 0. 0. ... 0. 0. 0.]
cvc_x_pos (1251,)
[0. 0. 0. ... 0. 0. 0.]
cvc_x_pos (1251,)
[0. 0. 0. ... 0. 0. 0.]
cvc_x_pos (1251,)
[0.00576502 0.0057648  0.00576457 ... 0.         0.         0.        ]
cvc_x_pos (1251,)
[0.00540405 0.00540476 0.00540545 ... 0.         0.         0.        ]
cvc_x_pos (1251,)
[0.00616214 0.00616099 0.00615981 ... 0.         0.         0.        ]
cvc_x_pos (1251,)
[0. 0. 0. ... 0. 0. 0.]
cvc_x_pos (1251,)
[0.00731772 0.00731706 0.00731637 ... 0.         0.         0.        ]
cvc_x_pos (1251,)
[0. 0. 0. ... 0. 0. 0.]
cvc_x_pos (1251,)
[0. 0. 0. ... 0. 0. 0.]
cvc_x_pos (1251,)
[0. 0. 0. ... 0. 0. 0.]
cvc_x_pos (1251,)
[0. 0. 0. ... 0. 0. 0.]
cvc_x_pos (1251,)
[0. 0. 0. ... 0. 0. 0.]
cvc_x_pos (1251,)
[0. 0. 0. ... 0. 0. 0.]
cvc_x_pos (1251,)
[0. 0. 0. ... 0. 0. 0.]
cvc_x_pos (1251,)
[0. 0. 0. ... 0. 0. 0.]
cvc_x_pos (1251,)
[0. 0. 0. ... 0. 0. 0.]
cvc_x_pos (1251,)
[0. 0. 0. ... 0. 0. 0.]
cvc_x_pos (1251,)
[0. 0. 0. ... 0. 0. 0.]
cvc_x_pos (1251,)
[0. 0. 0. ... 0. 0. 0.]
cvc_x_pos (1251,)
[0. 0. 0. ... 0. 0. 0.]
cvc_x_pos (1251,)
[0. 0. 0. ... 0. 0. 0.]
cvc_x_pos (1251,)
[0. 0. 0. ... 0. 0. 0.]
cvc_x_pos (1251,)
[0. 0. 0. ... 0. 0. 0.]
cvc_x_pos (1251,)
[0. 0. 0. ... 0. 0. 0.]
cvc_x_pos (1251,)
[0. 0. 0. ... 0. 0. 0.]
cvc_x_pos (1251,)
[0. 0. 0. ... 0. 0. 0.]
cvc_x_pos (1251,)
[0. 0. 0. ... 0. 0. 0.]
cvc_x_pos (1251,)
[0. 0. 0. ... 0. 0. 0.]
cvc_x_pos (1251,)
[0. 0. 0. ... 0. 0. 0.]
cvc_x_pos (1251,)
[0. 0. 0. ... 0. 0. 0.]
cvc_x_pos (1251,)
[0. 0. 0. ... 0. 0. 0.]
cvc_x_pos (1251,)
[0. 0. 0. ... 0. 0. 0.]
cvc_x_pos (1251,)
[0. 0. 0. ... 0. 0. 0.]
cvc_x_pos (1251,)
[0. 0. 0. ... 0. 0. 0.]
cvc_x_pos (1251,)
[0. 0. 0. ... 0. 0. 0.]
cvc_x_pos (1251,)
[0. 0. 0. ... 0. 0. 0.]
cvc_x_pos (1251,)
[0. 0. 0. ... 0. 0. 0.]
cvc_x_pos (1251,)
[0. 0. 0. ... 0. 0. 0.]
cvc_x_pos (1251,)
[0. 0. 0. ... 0. 0. 0.]
cvc_x_pos (1251,)
[0. 0. 0. ... 0. 0. 0.]
cvc_x_pos (1251,)
[0. 0. 0. ... 0. 0. 0.]
cvc_x_pos (1251,)
[0. 0. 0. ... 0. 0. 0.]
cvc_x_pos (1251,)
[0. 0. 0. ... 0. 0. 0.]
cvc_x_pos (1251,)
[0. 0. 0. ... 0. 0. 0.]
cvc_x_pos (1251,)
[0. 0. 0. ... 0. 0. 0.]
cvc_x_pos (1251,)
[0. 0. 0. ... 0. 0. 0.]
cvc_x_pos (1251,)
[0. 0. 0. ... 0. 0. 0.]
cvc_x_pos (1251,)
[0. 0. 0. ... 0. 0. 0.]
cvc_x_pos (1251,)
[0. 0. 0. ... 0. 0. 0.]
cvc_x_pos (1251,)
[0. 0. 0. ... 0. 0. 0.]
cvc_x_pos (1251,)
[0. 0. 0. ... 0. 0. 0.]
cvc_x_pos (1251,)
[0. 0. 0. ... 0. 0. 0.]
cvc_x_pos (1251,)
[0. 0. 0. ... 0. 0. 0.]
cvc_x_pos (1251,)
[0. 0. 0. ... 0. 0. 0.]
cvc_x_pos (1251,)
[0. 0. 0. ... 0. 0. 0.]
cvc_x_pos (1251,)
[0. 0. 0. ... 0. 0. 0.]
cvc_x_pos (1251,)
[0. 0. 0. ... 0. 0. 0.]
cvc_x_pos (1251,)
[0. 0. 0. ... 0. 0. 0.]
cvc_x_pos (1251,)
[0. 0. 0. ... 0. 0. 0.]
cvc_x_pos (1251,)
[0. 0. 0. ... 0. 0. 0.]
cvc_x_pos (1251,)
[0. 0. 0. ... 0. 0. 0.]
cvc_x_pos (1251,)
[0. 0. 0. ... 0. 0. 0.]
cvc_x_pos (1251,)
[0. 0. 0. ... 0. 0. 0.]
cvc_x_pos (1251,)
[0. 0. 0. ... 0. 0. 0.]
cvc_x_pos (1251,)
[0. 0. 0. ... 0. 0. 0.]
cvc_x_pos (1251,)
[0.00771917 0.00772123 0.00772326 ... 0.         0.         0.        ]
cvc_x_pos (1251,)
[0.00732291 0.00732268 0.00732242 ... 0.         0.         0.        ]
cvc_x_pos (1251,)
[0. 0. 0. ... 0. 0. 0.]
cvc_x_pos (1251,)
[0.008089   0.00808941 0.00808978 ... 0.         0.         0.        ]
cvc_x_pos (1251,)
[0. 0. 0. ... 0. 0. 0.]
cvc_x_pos (1251,)
[0.00541246 0.0054119  0.00541134 ... 0.         0.         0.        ]
cvc_x_pos (1251,)
[0.00549384 0.00549456 0.00549527 ... 0.         0.         0.        ]
cvc_x_pos (1251,)
[0. 0. 0. ... 0. 0. 0.]
cvc_x_pos (1251,)
[0. 0. 0. ... 0. 0. 0.]
cvc_x_pos (1251,)
[0. 0. 0. ... 0. 0. 0.]
cvc_x_pos (1251,)
[0. 0. 0. ... 0. 0. 0.]
cvc_x_pos (1251,)
[0. 0. 0. ... 0. 0. 0.]
cvc_x_pos (1251,)
[0. 0. 0. ... 0. 0. 0.]
cvc_x_pos (1251,)
[0. 0. 0. ... 0. 0. 0.]
cvc_x_pos (1251,)
[0. 0. 0. ... 0. 0. 0.]
cvc_x_pos (1251,)
[0. 0. 0. ... 0. 0. 0.]
cvc_x_pos (1251,)
[0. 0. 0. ... 0. 0. 0.]
cvc_x_pos (1251,)
[0. 0. 0. ... 0. 0. 0.]
cvc_x_pos (1251,)
[0. 0. 0. ... 0. 0. 0.]
cvc_x_pos (1251,)
[0. 0. 0. ... 0. 0. 0.]
cvc_x_pos (1251,)
[0. 0. 0. ... 0. 0. 0.]
cvc_x_pos (1251,)
[0. 0. 0. ... 0. 0. 0.]
cvc_x_pos (1251,)
[0. 0. 0. ... 0. 0. 0.]
cvc_x_pos (1251,)
[0. 0. 0. ... 0. 0. 0.]
cvc_x_pos (1251,)
[0. 0. 0. ... 0. 0. 0.]
cvc_x_pos (1251,)
[0. 0. 0. ... 0. 0. 0.]
cvc_x_pos (1251,)
[0. 0. 0. ... 0. 0. 0.]
cvc_x_pos (1251,)
[0. 0. 0. ... 0. 0. 0.]
cvc_x_pos (1251,)
[0. 0. 0. ... 0. 0. 0.]
cvc_x_pos (1251,)
[0. 0. 0. ... 0. 0. 0.]
cvc_x_pos (1251,)
[0. 0. 0. ... 0. 0. 0.]
cvc_x_pos (1251,)
[0. 0. 0. ... 0. 0. 0.]
cvc_x_pos (1251,)
[0. 0. 0. ... 0. 0. 0.]
cvc_x_pos (1251,)
[0. 0. 0. ... 0. 0. 0.]
cvc_x_pos (1251,)
[0. 0. 0. ... 0. 0. 0.]
cvc_x_pos (1251,)
[0. 0. 0. ... 0. 0. 0.]
cvc_x_pos (1251,)
[0. 0. 0. ... 0. 0. 0.]
cvc_x_pos (1251,)
[0. 0. 0. ... 0. 0. 0.]
cvc_x_pos (1251,)
[0. 0. 0. ... 0. 0. 0.]
cvc_x_pos (1251,)
[0. 0. 0. ... 0. 0. 0.]
cvc_x_pos (1251,)
[0. 0. 0. ... 0. 0. 0.]
cvc_x_pos (1251,)
[0. 0. 0. ... 0. 0. 0.]
cvc_x_pos (1251,)
[0. 0. 0. ... 0. 0. 0.]
cvc_x_pos (1251,)
[0. 0. 0. ... 0. 0. 0.]
cvc_x_pos (1251,)
[0. 0. 0. ... 0. 0. 0.]
cvc_x_pos (1251,)
[0. 0. 0. ... 0. 0. 0.]
cvc_x_pos (1251,)
[0. 0. 0. ... 0. 0. 0.]
cvc_x_pos (1251,)
[0. 0. 0. ... 0. 0. 0.]
cvc_x_pos (1251,)
[0. 0. 0. ... 0. 0. 0.]
cvc_x_pos (1251,)
[0. 0. 0. ... 0. 0. 0.]
cvc_x_pos (1251,)
[0. 0. 0. ... 0. 0. 0.]
cvc_x_pos (1251,)
[0. 0. 0. ... 0. 0. 0.]
cvc_x_pos (1251,)
[0. 0. 0. ... 0. 0. 0.]
cvc_x_pos (1251,)
[0. 0. 0. ... 0. 0. 0.]
cvc_x_pos (1251,)
[0. 0. 0. ... 0. 0. 0.]
cvc_x_pos (1251,)
[0. 0. 0. ... 0. 0. 0.]
cvc_x_pos (1251,)
[0.00748911 0.00749102 0.0074929  ... 0.         0.         0.        ]
cvc_x_pos (1251,)
[0.00571565 0.00571686 0.00571806 ... 0.         0.         0.        ]
cvc_x_pos (1251,)
[0.00598267 0.00598359 0.00598449 ... 0.         0.         0.        ]
cvc_x_pos (1251,)
[0.00705604 0.0070568  0.00705753 ... 0.         0.         0.        ]
cvc_x_pos (1251,)
[0.00645192 0.         0.         ... 0.         0.         0.        ]
cvc_x_pos (1251,)
[0.00630128 0.00630188 0.00630246 ... 0.         0.         0.        ]
cvc_x_pos (1251,)
[0. 0. 0. ... 0. 0. 0.]
cvc_x_pos (1251,)
[0. 0. 0. ... 0. 0. 0.]
cvc_x_pos (1251,)
[0. 0. 0. ... 0. 0. 0.]
cvc_x_pos (1251,)
[0. 0. 0. ... 0. 0. 0.]
cvc_x_pos (1251,)
[0. 0. 0. ... 0. 0. 0.]
cvc_x_pos (1251,)
[0. 0. 0. ... 0. 0. 0.]
cvc_x_pos (1251,)
[0. 0. 0. ... 0. 0. 0.]
cvc_x_pos (1251,)
[0. 0. 0. ... 0. 0. 0.]
cvc_x_pos (1251,)
[0. 0. 0. ... 0. 0. 0.]
cvc_x_pos (1251,)
[0. 0. 0. ... 0. 0. 0.]
cvc_x_pos (1251,)
[0. 0. 0. ... 0. 0. 0.]
cvc_x_pos (1251,)
[0. 0. 0. ... 0. 0. 0.]
cvc_x_pos (1251,)
[0. 0. 0. ... 0. 0. 0.]
cvc_x_pos (1251,)
[0. 0. 0. ... 0. 0. 0.]
cvc_x_pos (1251,)
[0. 0. 0. ... 0. 0. 0.]
cvc_x_pos (1251,)
[0. 0. 0. ... 0. 0. 0.]
cvc_x_pos (1251,)
[0. 0. 0. ... 0. 0. 0.]
cvc_x_pos (1251,)
[0. 0. 0. ... 0. 0. 0.]
cvc_x_pos (1251,)
[0. 0. 0. ... 0. 0. 0.]
cvc_x_pos (1251,)
[0. 0. 0. ... 0. 0. 0.]
cvc_x_pos (1251,)
[0. 0. 0. ... 0. 0. 0.]
cvc_x_pos (1251,)
[0. 0. 0. ... 0. 0. 0.]
cvc_x_pos (1251,)
[0. 0. 0. ... 0. 0. 0.]
cvc_x_pos (1251,)
[0. 0. 0. ... 0. 0. 0.]
cvc_x_pos (1251,)
[0. 0. 0. ... 0. 0. 0.]
cvc_x_pos (1251,)
[0. 0. 0. ... 0. 0. 0.]
cvc_x_pos (1251,)
[0. 0. 0. ... 0. 0. 0.]
cvc_x_pos (1251,)
[0. 0. 0. ... 0. 0. 0.]
cvc_x_pos (1251,)
[0. 0. 0. ... 0. 0. 0.]
cvc_x_pos (1251,)
[0. 0. 0. ... 0. 0. 0.]
cvc_x_pos (1251,)
[0. 0. 0. ... 0. 0. 0.]
cvc_x_pos (1251,)
[0. 0. 0. ... 0. 0. 0.]
cvc_x_pos (1251,)
[0. 0. 0. ... 0. 0. 0.]
cvc_x_pos (1251,)
[0. 0. 0. ... 0. 0. 0.]
cvc_x_pos (1251,)
[0. 0. 0. ... 0. 0. 0.]
cvc_x_pos (1251,)
[0. 0. 0. ... 0. 0. 0.]
cvc_x_pos (1251,)
[0. 0. 0. ... 0. 0. 0.]
cvc_x_pos (1251,)
[0. 0. 0. ... 0. 0. 0.]
cvc_x_pos (1251,)
[0. 0. 0. ... 0. 0. 0.]
cvc_x_pos (1251,)
[0. 0. 0. ... 0. 0. 0.]
cvc_x_pos (1251,)
[0. 0. 0. ... 0. 0. 0.]
cvc_x_pos (1251,)
[0. 0. 0. ... 0. 0. 0.]
cvc_x_pos (1251,)
[0. 0. 0. ... 0. 0. 0.]
cvc_x_pos (1251,)
[0.00705241 0.00705328 0.00705412 ... 0.         0.         0.        ]
cvc_x_pos (1251,)
[0. 0. 0. ... 0. 0. 0.]
cvc_x_pos (1251,)
[0.00759567 0.00759502 0.00759433 ... 0.         0.         0.        ]
cvc_x_pos (1251,)
[0. 0. 0. ... 0. 0. 0.]
cvc_x_pos (1251,)
[0.00651158 0.00651199 0.00651238 ... 0.         0.         0.        ]
cvc_x_pos (1251,)
[0.00651344 0.00651205 0.00651064 ... 0.         0.         0.        ]
cvc_x_pos (1251,)
[0.00633063 0.00633154 0.00633243 ... 0.         0.         0.        ]
cvc_x_pos (1251,)
[0. 0. 0. ... 0. 0. 0.]
cvc_x_pos (1251,)
[0. 0. 0. ... 0. 0. 0.]
cvc_x_pos (1251,)
[0. 0. 0. ... 0. 0. 0.]
cvc_x_pos (1251,)
[0. 0. 0. ... 0. 0. 0.]
cvc_x_pos (1251,)
[0. 0. 0. ... 0. 0. 0.]
cvc_x_pos (1251,)
[0. 0. 0. ... 0. 0. 0.]
cvc_x_pos (1251,)
[0. 0. 0. ... 0. 0. 0.]
cvc_x_pos (1251,)
[0. 0. 0. ... 0. 0. 0.]
cvc_x_pos (1251,)
[0. 0. 0. ... 0. 0. 0.]
cvc_x_pos (1251,)
[0. 0. 0. ... 0. 0. 0.]
cvc_x_pos (1251,)
[0. 0. 0. ... 0. 0. 0.]
cvc_x_pos (1251,)
[0. 0. 0. ... 0. 0. 0.]
cvc_x_pos (1251,)
[0. 0. 0. ... 0. 0. 0.]
cvc_x_pos (1251,)
[0. 0. 0. ... 0. 0. 0.]
cvc_x_pos (1251,)
[0. 0. 0. ... 0. 0. 0.]
cvc_x_pos (1251,)
[0. 0. 0. ... 0. 0. 0.]
cvc_x_pos (1251,)
[0. 0. 0. ... 0. 0. 0.]
cvc_x_pos (1251,)
[0. 0. 0. ... 0. 0. 0.]
cvc_x_pos (1251,)
[0. 0. 0. ... 0. 0. 0.]
cvc_x_pos (1251,)
[0. 0. 0. ... 0. 0. 0.]
cvc_x_pos (1251,)
[0. 0. 0. ... 0. 0. 0.]
cvc_x_pos (1251,)
[0. 0. 0. ... 0. 0. 0.]
cvc_x_pos (1251,)
[0. 0. 0. ... 0. 0. 0.]
cvc_x_pos (1251,)
[0. 0. 0. ... 0. 0. 0.]
cvc_x_pos (1251,)
[0. 0. 0. ... 0. 0. 0.]
cvc_x_pos (1251,)
[0. 0. 0. ... 0. 0. 0.]
cvc_x_pos (1251,)
[0. 0. 0. ... 0. 0. 0.]
cvc_x_pos (1251,)
[0. 0. 0. ... 0. 0. 0.]
cvc_x_pos (1251,)
[0. 0. 0. ... 0. 0. 0.]
cvc_x_pos (1251,)
[0. 0. 0. ... 0. 0. 0.]
cvc_x_pos (1251,)
[0. 0. 0. ... 0. 0. 0.]
cvc_x_pos (1251,)
[0. 0. 0. ... 0. 0. 0.]
cvc_x_pos (1251,)
[0. 0. 0. ... 0. 0. 0.]
cvc_x_pos (1251,)
[0. 0. 0. ... 0. 0. 0.]
cvc_x_pos (1251,)
[0. 0. 0. ... 0. 0. 0.]
cvc_x_pos (1251,)
[0. 0. 0. ... 0. 0. 0.]
cvc_x_pos (1251,)
[0. 0. 0. ... 0. 0. 0.]
cvc_x_pos (1251,)
[0. 0. 0. ... 0. 0. 0.]
cvc_x_pos (1251,)
[0. 0. 0. ... 0. 0. 0.]
cvc_x_pos (1251,)
[0.00613157 0.00613062 0.00612966 ... 0.         0.         0.        ]
cvc_x_pos (1251,)
[0.00627022 0.00627146 0.00627269 ... 0.         0.         0.        ]
cvc_x_pos (1251,)
[0. 0. 0. ... 0. 0. 0.]
cvc_x_pos (1251,)
[0. 0. 0. ... 0. 0. 0.]
cvc_x_pos (1251,)
[0. 0. 0. ... 0. 0. 0.]
cvc_x_pos (1251,)
[0. 0. 0. ... 0. 0. 0.]
cvc_x_pos (1251,)
[0. 0. 0. ... 0. 0. 0.]
cvc_x_pos (1251,)
[0. 0. 0. ... 0. 0. 0.]
cvc_x_pos (1251,)
[0. 0. 0. ... 0. 0. 0.]
cvc_x_pos (1251,)
[0. 0. 0. ... 0. 0. 0.]
cvc_x_pos (1251,)
[0. 0. 0. ... 0. 0. 0.]
cvc_x_pos (1251,)
[0. 0. 0. ... 0. 0. 0.]
cvc_x_pos (1251,)
[0. 0. 0. ... 0. 0. 0.]
cvc_x_pos (1251,)
[0. 0. 0. ... 0. 0. 0.]
cvc_x_pos (1251,)
[0. 0. 0. ... 0. 0. 0.]
cvc_x_pos (1251,)
[0. 0. 0. ... 0. 0. 0.]
cvc_x_pos (1251,)
[0. 0. 0. ... 0. 0. 0.]
cvc_x_pos (1251,)
[0. 0. 0. ... 0. 0. 0.]
cvc_x_pos (1251,)
[0. 0. 0. ... 0. 0. 0.]
cvc_x_pos (1251,)
[0. 0. 0. ... 0. 0. 0.]
cvc_x_pos (1251,)
[0. 0. 0. ... 0. 0. 0.]
cvc_x_pos (1251,)
[0. 0. 0. ... 0. 0. 0.]
cvc_x_pos (1251,)
[0. 0. 0. ... 0. 0. 0.]
cvc_x_pos (1251,)
[0. 0. 0. ... 0. 0. 0.]
cvc_x_pos (1251,)
[0. 0. 0. ... 0. 0. 0.]
cvc_x_pos (1251,)
[0. 0. 0. ... 0. 0. 0.]
cvc_x_pos (1251,)
[0. 0. 0. ... 0. 0. 0.]
cvc_x_pos (1251,)
[0. 0. 0. ... 0. 0. 0.]
cvc_x_pos (1251,)
[0. 0. 0. ... 0. 0. 0.]
cvc_x_pos (1251,)
[0. 0. 0. ... 0. 0. 0.]
cvc_x_pos (1251,)
[0. 0. 0. ... 0. 0. 0.]
cvc_x_pos (1251,)
[0. 0. 0. ... 0. 0. 0.]
cvc_x_pos (1251,)
[0. 0. 0. ... 0. 0. 0.]
cvc_x_pos (1251,)
[0. 0. 0. ... 0. 0. 0.]
cvc_x_pos (1251,)
[0. 0. 0. ... 0. 0. 0.]
cvc_x_pos (1251,)
[0. 0. 0. ... 0. 0. 0.]
cvc_x_pos (1251,)
[0.00634561 0.00634696 0.00634829 ... 0.         0.         0.        ]
cvc_x_pos (1251,)
[0. 0. 0. ... 0. 0. 0.]
cvc_x_pos (1251,)
[0.00709993 0.007098   0.00709605 ... 0.         0.         0.        ]
cvc_x_pos (1251,)
[0.00610352 0.00610275 0.00610196 ... 0.         0.         0.        ]
cvc_x_pos (1251,)
[0.00544896 0.0054486  0.00544823 ... 0.         0.         0.        ]
cvc_x_pos (1251,)
[0.00570487 0.00570578 0.00570667 ... 0.         0.         0.        ]
cvc_x_pos (1251,)
[0.00630149 0.00630087 0.00630024 ... 0.         0.         0.        ]
cvc_x_pos (1251,)
[0. 0. 0. ... 0. 0. 0.]
cvc_x_pos (1251,)
[0. 0. 0. ... 0. 0. 0.]
cvc_x_pos (1251,)
[0. 0. 0. ... 0. 0. 0.]
cvc_x_pos (1251,)
[0. 0. 0. ... 0. 0. 0.]
cvc_x_pos (1251,)
[0. 0. 0. ... 0. 0. 0.]
cvc_x_pos (1251,)
[0. 0. 0. ... 0. 0. 0.]
cvc_x_pos (1251,)
[0. 0. 0. ... 0. 0. 0.]
cvc_x_pos (1251,)
[0. 0. 0. ... 0. 0. 0.]
cvc_x_pos (1251,)
[0. 0. 0. ... 0. 0. 0.]
cvc_x_pos (1251,)
[0. 0. 0. ... 0. 0. 0.]
cvc_x_pos (1251,)
[0. 0. 0. ... 0. 0. 0.]
cvc_x_pos (1251,)
[0. 0. 0. ... 0. 0. 0.]
cvc_x_pos (1251,)
[0. 0. 0. ... 0. 0. 0.]
cvc_x_pos (1251,)
[0. 0. 0. ... 0. 0. 0.]
cvc_x_pos (1251,)
[0. 0. 0. ... 0. 0. 0.]
cvc_x_pos (1251,)
[0. 0. 0. ... 0. 0. 0.]
cvc_x_pos (1251,)
[0. 0. 0. ... 0. 0. 0.]
cvc_x_pos (1251,)
[0. 0. 0. ... 0. 0. 0.]
cvc_x_pos (1251,)
[0. 0. 0. ... 0. 0. 0.]
cvc_x_pos (1251,)
[0. 0. 0. ... 0. 0. 0.]
cvc_x_pos (1251,)
[0. 0. 0. ... 0. 0. 0.]
cvc_x_pos (1251,)
[0. 0. 0. ... 0. 0. 0.]
cvc_x_pos (1251,)
[0. 0. 0. ... 0. 0. 0.]
cvc_x_pos (1251,)
[0. 0. 0. ... 0. 0. 0.]
cvc_x_pos (1251,)
[0. 0. 0. ... 0. 0. 0.]
cvc_x_pos (1251,)
[0. 0. 0. ... 0. 0. 0.]
cvc_x_pos (1251,)
[0. 0. 0. ... 0. 0. 0.]
cvc_x_pos (1251,)
[0. 0. 0. ... 0. 0. 0.]
cvc_x_pos (1251,)
[0. 0. 0. ... 0. 0. 0.]
cvc_x_pos (1251,)
[0. 0. 0. ... 0. 0. 0.]
cvc_x_pos (1251,)
[0. 0. 0. ... 0. 0. 0.]
cvc_x_pos (1251,)
[0. 0. 0. ... 0. 0. 0.]
cvc_x_pos (1251,)
[0. 0. 0. ... 0. 0. 0.]
cvc_x_pos (1251,)
[0.00664426 0.00664408 0.00664386 ... 0.         0.         0.        ]
cvc_x_pos (1251,)
[0.00743228 0.00743217 0.00743203 ... 0.         0.         0.        ]
cvc_x_pos (1251,)
[0. 0. 0. ... 0. 0. 0.]
cvc_x_pos (1251,)
[0. 0. 0. ... 0. 0. 0.]
cvc_x_pos (1251,)
[0. 0. 0. ... 0. 0. 0.]
cvc_x_pos (1251,)
[0. 0. 0. ... 0. 0. 0.]
cvc_x_pos (1251,)
[0. 0. 0. ... 0. 0. 0.]
cvc_x_pos (1251,)
[0. 0. 0. ... 0. 0. 0.]
cvc_x_pos (1251,)
[0. 0. 0. ... 0. 0. 0.]
cvc_x_pos (1251,)
[0. 0. 0. ... 0. 0. 0.]
cvc_x_pos (1251,)
[0. 0. 0. ... 0. 0. 0.]
cvc_x_pos (1251,)
[0.00707246 0.0070708  0.00706911 ... 0.         0.         0.        ]
cvc_x_pos (1251,)
[0.00651288 0.00651254 0.00651218 ... 0.         0.         0.        ]
cvc_x_pos (1251,)
[0.00659368 0.00659307 0.00659243 ... 0.         0.         0.        ]
cvc_x_pos (1251,)
[0.00611742 0.00611723 0.00611703 ... 0.         0.         0.        ]
cvc_x_pos (1251,)
[0. 0. 0. ... 0. 0. 0.]
cvc_x_pos (1251,)
[0. 0. 0. ... 0. 0. 0.]
cvc_x_pos (1251,)
[0. 0. 0. ... 0. 0. 0.]
cvc_x_pos (1251,)
[0. 0. 0. ... 0. 0. 0.]
cvc_x_pos (1251,)
[0. 0. 0. ... 0. 0. 0.]
cvc_x_pos (1251,)
[0. 0. 0. ... 0. 0. 0.]
cvc_x_pos (1251,)
[0. 0. 0. ... 0. 0. 0.]
cvc_x_pos (1251,)
[0. 0. 0. ... 0. 0. 0.]
cvc_x_pos (1251,)
[0. 0. 0. ... 0. 0. 0.]
cvc_x_pos (1251,)
[0. 0. 0. ... 0. 0. 0.]
cvc_x_pos (1251,)
[0. 0. 0. ... 0. 0. 0.]
cvc_x_pos (1251,)
[0. 0. 0. ... 0. 0. 0.]
cvc_x_pos (1251,)
[0. 0. 0. ... 0. 0. 0.]
cvc_x_pos (1251,)
[0. 0. 0. ... 0. 0. 0.]
cvc_x_pos (1251,)
[0. 0. 0. ... 0. 0. 0.]
cvc_x_pos (1251,)
[0. 0. 0. ... 0. 0. 0.]
cvc_x_pos (1251,)
[0. 0. 0. ... 0. 0. 0.]
cvc_x_pos (1251,)
[0. 0. 0. ... 0. 0. 0.]
cvc_x_pos (1251,)
[0. 0. 0. ... 0. 0. 0.]
cvc_x_pos (1251,)
[0. 0. 0. ... 0. 0. 0.]
cvc_x_pos (1251,)
[0. 0. 0. ... 0. 0. 0.]
cvc_x_pos (1251,)
[0. 0. 0. ... 0. 0. 0.]
cvc_x_pos (1251,)
[0. 0. 0. ... 0. 0. 0.]
cvc_x_pos (1251,)
[0. 0. 0. ... 0. 0. 0.]
cvc_x_pos (1251,)
[0. 0. 0. ... 0. 0. 0.]
cvc_x_pos (1251,)
[0. 0. 0. ... 0. 0. 0.]
cvc_x_pos (1251,)
[0. 0. 0. ... 0. 0. 0.]
cvc_x_pos (1251,)
[0. 0. 0. ... 0. 0. 0.]
cvc_x_pos (1251,)
[0. 0. 0. ... 0. 0. 0.]
cvc_x_pos (1251,)
[0. 0. 0. ... 0. 0. 0.]
cvc_x_pos (1251,)
[0. 0. 0. ... 0. 0. 0.]
cvc_x_pos (1251,)
[0. 0. 0. ... 0. 0. 0.]
cvc_x_pos (1251,)
[0.0069124  0.00691175 0.00691106 ... 0.         0.         0.        ]
cvc_x_pos (1251,)
[0.00626231 0.0062617  0.00626108 ... 0.         0.         0.        ]
cvc_x_pos (1251,)
[0. 0. 0. ... 0. 0. 0.]
cvc_x_pos (1251,)
[0. 0. 0. ... 0. 0. 0.]
cvc_x_pos (1251,)
[0. 0. 0. ... 0. 0. 0.]
cvc_x_pos (1251,)
[0. 0. 0. ... 0. 0. 0.]
cvc_x_pos (1251,)
[0. 0. 0. ... 0. 0. 0.]
cvc_x_pos (1251,)
[0. 0. 0. ... 0. 0. 0.]
cvc_x_pos (1251,)
[0. 0. 0. ... 0. 0. 0.]
cvc_x_pos (1251,)
[0. 0. 0. ... 0. 0. 0.]
cvc_x_pos (1251,)
[0. 0. 0. ... 0. 0. 0.]
cvc_x_pos (1251,)
[0. 0. 0. ... 0. 0. 0.]
cvc_x_pos (1251,)
[0. 0. 0. ... 0. 0. 0.]
cvc_x_pos (1251,)
[0. 0. 0. ... 0. 0. 0.]
cvc_x_pos (1251,)
[0. 0. 0. ... 0. 0. 0.]
cvc_x_pos (1251,)
[0. 0. 0. ... 0. 0. 0.]
cvc_x_pos (1251,)
[0.00805348 0.00805169 0.00804986 ... 0.         0.         0.        ]
cvc_x_pos (1251,)
[0. 0. 0. ... 0. 0. 0.]
cvc_x_pos (1251,)
[0.00716339 0.00716293 0.00716245 ... 0.         0.         0.        ]
cvc_x_pos (1251,)
[0. 0. 0. ... 0. 0. 0.]
cvc_x_pos (1251,)
[0.00672038 0.00671866 0.00671692 ... 0.         0.         0.        ]
cvc_x_pos (1251,)
[0.00654885 0.00654818 0.00654749 ... 0.         0.         0.        ]
cvc_x_pos (1251,)
[0. 0. 0. ... 0. 0. 0.]
cvc_x_pos (1251,)
[0. 0. 0. ... 0. 0. 0.]
cvc_x_pos (1251,)
[0.00756641 0.00756483 0.00756321 ... 0.         0.         0.        ]
cvc_x_pos (1251,)
[0. 0. 0. ... 0. 0. 0.]
cvc_x_pos (1251,)
[0. 0. 0. ... 0. 0. 0.]
cvc_x_pos (1251,)
[0. 0. 0. ... 0. 0. 0.]
cvc_x_pos (1251,)
[0. 0. 0. ... 0. 0. 0.]
cvc_x_pos (1251,)
[0. 0. 0. ... 0. 0. 0.]
cvc_x_pos (1251,)
[0. 0. 0. ... 0. 0. 0.]
cvc_x_pos (1251,)
[0. 0. 0. ... 0. 0. 0.]
cvc_x_pos (1251,)
[0. 0. 0. ... 0. 0. 0.]
cvc_x_pos (1251,)
[0. 0. 0. ... 0. 0. 0.]
cvc_x_pos (1251,)
[0. 0. 0. ... 0. 0. 0.]
cvc_x_pos (1251,)
[0. 0. 0. ... 0. 0. 0.]
cvc_x_pos (1251,)
[0. 0. 0. ... 0. 0. 0.]
cvc_x_pos (1251,)
[0. 0. 0. ... 0. 0. 0.]
cvc_x_pos (1251,)
[0. 0. 0. ... 0. 0. 0.]
cvc_x_pos (1251,)
[0. 0. 0. ... 0. 0. 0.]
cvc_x_pos (1251,)
[0. 0. 0. ... 0. 0. 0.]
cvc_x_pos (1251,)
[0. 0. 0. ... 0. 0. 0.]
cvc_x_pos (1251,)
[0. 0. 0. ... 0. 0. 0.]
cvc_x_pos (1251,)
[0. 0. 0. ... 0. 0. 0.]
cvc_x_pos (1251,)
[0. 0. 0. ... 0. 0. 0.]
cvc_x_pos (1251,)
[0. 0. 0. ... 0. 0. 0.]
cvc_x_pos (1251,)
[0. 0. 0. ... 0. 0. 0.]
cvc_x_pos (1251,)
[0. 0. 0. ... 0. 0. 0.]
cvc_x_pos (1251,)
[0. 0. 0. ... 0. 0. 0.]
cvc_x_pos (1251,)
[0. 0. 0. ... 0. 0. 0.]
cvc_x_pos (1251,)
[0. 0. 0. ... 0. 0. 0.]
cvc_x_pos (1251,)
[0. 0. 0. ... 0. 0. 0.]
cvc_x_pos (1251,)
[0. 0. 0. ... 0. 0. 0.]
cvc_x_pos (1251,)
[0. 0. 0. ... 0. 0. 0.]
cvc_x_pos (1251,)
[0. 0. 0. ... 0. 0. 0.]
cvc_x_pos (1251,)
[0. 0. 0. ... 0. 0. 0.]
cvc_x_pos (1251,)
[0.00630412 0.0063036  0.00630307 ... 0.         0.         0.        ]
cvc_x_pos (1251,)
[0. 0. 0. ... 0. 0. 0.]
cvc_x_pos (1251,)
[0. 0. 0. ... 0. 0. 0.]
cvc_x_pos (1251,)
[0. 0. 0. ... 0. 0. 0.]
cvc_x_pos (1251,)
[0. 0. 0. ... 0. 0. 0.]
cvc_x_pos (1251,)
[0. 0. 0. ... 0. 0. 0.]
cvc_x_pos (1251,)
[0. 0. 0. ... 0. 0. 0.]
cvc_x_pos (1251,)
[0. 0. 0. ... 0. 0. 0.]
cvc_x_pos (1251,)
[0. 0. 0. ... 0. 0. 0.]
cvc_x_pos (1251,)
[0. 0. 0. ... 0. 0. 0.]
cvc_x_pos (1251,)
[0. 0. 0. ... 0. 0. 0.]
cvc_x_pos (1251,)
[0. 0. 0. ... 0. 0. 0.]
cvc_x_pos (1251,)
[0. 0. 0. ... 0. 0. 0.]
cvc_x_pos (1251,)
[0. 0. 0. ... 0. 0. 0.]
cvc_x_pos (1251,)
[0. 0. 0. ... 0. 0. 0.]
cvc_x_pos (1251,)
[0. 0. 0. ... 0. 0. 0.]
cvc_x_pos (1251,)
[0. 0. 0. ... 0. 0. 0.]
cvc_x_pos (1251,)
[0. 0. 0. ... 0. 0. 0.]
cvc_x_pos (1251,)
[0. 0. 0. ... 0. 0. 0.]
cvc_x_pos (1251,)
[0. 0. 0. ... 0. 0. 0.]
cvc_x_pos (1251,)
[0. 0. 0. ... 0. 0. 0.]
cvc_x_pos (1251,)
[0. 0. 0. ... 0. 0. 0.]
cvc_x_pos (1251,)
[0. 0. 0. ... 0. 0. 0.]
cvc_x_pos (1251,)
[0.00627217 0.00627098 0.00626978 ... 0.         0.         0.        ]
cvc_x_pos (1251,)
[0. 0. 0. ... 0. 0. 0.]
cvc_x_pos (1251,)
[0. 0. 0. ... 0. 0. 0.]
cvc_x_pos (1251,)
[0. 0. 0. ... 0. 0. 0.]
cvc_x_pos (1251,)
[0.0068192  0.0068186  0.00681798 ... 0.         0.         0.        ]
cvc_x_pos (1251,)
[0. 0. 0. ... 0. 0. 0.]
cvc_x_pos (1251,)
[0.00705856 0.00705669 0.00705479 ... 0.         0.         0.        ]
cvc_x_pos (1251,)
[0.00660092 0.00660098 0.00660101 ... 0.         0.         0.        ]
cvc_x_pos (1251,)
[0. 0. 0. ... 0. 0. 0.]
cvc_x_pos (1251,)
[0. 0. 0. ... 0. 0. 0.]
cvc_x_pos (1251,)
[0. 0. 0. ... 0. 0. 0.]
cvc_x_pos (1251,)
[0. 0. 0. ... 0. 0. 0.]
cvc_x_pos (1251,)
[0. 0. 0. ... 0. 0. 0.]
cvc_x_pos (1251,)
[0. 0. 0. ... 0. 0. 0.]
cvc_x_pos (1251,)
[0. 0. 0. ... 0. 0. 0.]
cvc_x_pos (1251,)
[0. 0. 0. ... 0. 0. 0.]
cvc_x_pos (1251,)
[0. 0. 0. ... 0. 0. 0.]
cvc_x_pos (1251,)
[0. 0. 0. ... 0. 0. 0.]
cvc_x_pos (1251,)
[0. 0. 0. ... 0. 0. 0.]
cvc_x_pos (1251,)
[0. 0. 0. ... 0. 0. 0.]
cvc_x_pos (1251,)
[0. 0. 0. ... 0. 0. 0.]
cvc_x_pos (1251,)
[0. 0. 0. ... 0. 0. 0.]
cvc_x_pos (1251,)
[0. 0. 0. ... 0. 0. 0.]
cvc_x_pos (1251,)
[0. 0. 0. ... 0. 0. 0.]
cvc_x_pos (1251,)
[0. 0. 0. ... 0. 0. 0.]
cvc_x_pos (1251,)
[0. 0. 0. ... 0. 0. 0.]
cvc_x_pos (1251,)
[0. 0. 0. ... 0. 0. 0.]
cvc_x_pos (1251,)
[0. 0. 0. ... 0. 0. 0.]
cvc_x_pos (1251,)
[0. 0. 0. ... 0. 0. 0.]
cvc_x_pos (1251,)
[0. 0. 0. ... 0. 0. 0.]
cvc_x_pos (1251,)
[0. 0. 0. ... 0. 0. 0.]
cvc_x_pos (1251,)
[0. 0. 0. ... 0. 0. 0.]
cvc_x_pos (1251,)
[0. 0. 0. ... 0. 0. 0.]
cvc_x_pos (1251,)
[0. 0. 0. ... 0. 0. 0.]
cvc_x_pos (1251,)
[0. 0. 0. ... 0. 0. 0.]
cvc_x_pos (1251,)
[0. 0. 0. ... 0. 0. 0.]
cvc_x_pos (1251,)
[0. 0. 0. ... 0. 0. 0.]
cvc_x_pos (1251,)
[0. 0. 0. ... 0. 0. 0.]
cvc_x_pos (1251,)
[0.00791602 0.00791794 0.00791983 ... 0.         0.         0.        ]
cvc_x_pos (1251,)
[0.00654978 0.00654916 0.00654851 ... 0.         0.         0.        ]
cvc_x_pos (1251,)
[0. 0. 0. ... 0. 0. 0.]
cvc_x_pos (1251,)
[0. 0. 0. ... 0. 0. 0.]
cvc_x_pos (1251,)
[0. 0. 0. ... 0. 0. 0.]
cvc_x_pos (1251,)
[0. 0. 0. ... 0. 0. 0.]
cvc_x_pos (1251,)
[0. 0. 0. ... 0. 0. 0.]
cvc_x_pos (1251,)
[0. 0. 0. ... 0. 0. 0.]
cvc_x_pos (1251,)
[0. 0. 0. ... 0. 0. 0.]
cvc_x_pos (1251,)
[0. 0. 0. ... 0. 0. 0.]
cvc_x_pos (1251,)
[0. 0. 0. ... 0. 0. 0.]
cvc_x_pos (1251,)
[0. 0. 0. ... 0. 0. 0.]
cvc_x_pos (1251,)
[0. 0. 0. ... 0. 0. 0.]
cvc_x_pos (1251,)
[0. 0. 0. ... 0. 0. 0.]
cvc_x_pos (1251,)
[0. 0. 0. ... 0. 0. 0.]
cvc_x_pos (1251,)
[0. 0. 0. ... 0. 0. 0.]
cvc_x_pos (1251,)
[0. 0. 0. ... 0. 0. 0.]
cvc_x_pos (1251,)
[0. 0. 0. ... 0. 0. 0.]
cvc_x_pos (1251,)
[0. 0. 0. ... 0. 0. 0.]
cvc_x_pos (1251,)
[0. 0. 0. ... 0. 0. 0.]
cvc_x_pos (1251,)
[0. 0. 0. ... 0. 0. 0.]
cvc_x_pos (1251,)
[0. 0. 0. ... 0. 0. 0.]
cvc_x_pos (1251,)
[0. 0. 0. ... 0. 0. 0.]
cvc_x_pos (1251,)
[0. 0. 0. ... 0. 0. 0.]
cvc_x_pos (1251,)
[0. 0. 0. ... 0. 0. 0.]
cvc_x_pos (1251,)
[0. 0. 0. ... 0. 0. 0.]
cvc_x_pos (1251,)
[0. 0. 0. ... 0. 0. 0.]
cvc_x_pos (1251,)
[0. 0. 0. ... 0. 0. 0.]
cvc_x_pos (1251,)
[0. 0. 0. ... 0. 0. 0.]
cvc_x_pos (1251,)
[0. 0. 0. ... 0. 0. 0.]
cvc_x_pos (1251,)
[0. 0. 0. ... 0. 0. 0.]
cvc_x_pos (1251,)
[0. 0. 0. ... 0. 0. 0.]
cvc_x_pos (1251,)
[0. 0. 0. ... 0. 0. 0.]
cvc_x_pos (1251,)
[0. 0. 0. ... 0. 0. 0.]
cvc_x_pos (1251,)
[0. 0. 0. ... 0. 0. 0.]
cvc_x_pos (1251,)
[0. 0. 0. ... 0. 0. 0.]
cvc_x_pos (1251,)
[0. 0. 0. ... 0. 0. 0.]
cvc_x_pos (1251,)
[0. 0. 0. ... 0. 0. 0.]
cvc_x_pos (1251,)
[0.00599561 0.00599492 0.00599421 ... 0.         0.         0.        ]
cvc_x_pos (1251,)
[0. 0. 0. ... 0. 0. 0.]
cvc_x_pos (1251,)
[0.00691601 0.00691647 0.0069169  ... 0.         0.         0.        ]
cvc_x_pos (1251,)
[0. 0. 0. ... 0. 0. 0.]
cvc_x_pos (1251,)
[0.00635033 0.00635021 0.00635008 ... 0.         0.         0.        ]
cvc_x_pos (1251,)
[0.006689   0.00668887 0.00668872 ... 0.         0.         0.        ]
cvc_x_pos (1251,)
[0. 0. 0. ... 0. 0. 0.]
cvc_x_pos (1251,)
[0. 0. 0. ... 0. 0. 0.]
cvc_x_pos (1251,)
[0. 0. 0. ... 0. 0. 0.]
cvc_x_pos (1251,)
[0. 0. 0. ... 0. 0. 0.]
cvc_x_pos (1251,)
[0. 0. 0. ... 0. 0. 0.]
cvc_x_pos (1251,)
[0. 0. 0. ... 0. 0. 0.]
cvc_x_pos (1251,)
[0. 0. 0. ... 0. 0. 0.]
cvc_x_pos (1251,)
[0. 0. 0. ... 0. 0. 0.]
cvc_x_pos (1251,)
[0. 0. 0. ... 0. 0. 0.]
cvc_x_pos (1251,)
[0. 0. 0. ... 0. 0. 0.]
cvc_x_pos (1251,)
[0. 0. 0. ... 0. 0. 0.]
cvc_x_pos (1251,)
[0. 0. 0. ... 0. 0. 0.]
cvc_x_pos (1251,)
[0. 0. 0. ... 0. 0. 0.]
cvc_x_pos (1251,)
[0. 0. 0. ... 0. 0. 0.]
cvc_x_pos (1251,)
[0. 0. 0. ... 0. 0. 0.]
cvc_x_pos (1251,)
[0. 0. 0. ... 0. 0. 0.]
cvc_x_pos (1251,)
[0. 0. 0. ... 0. 0. 0.]
cvc_x_pos (1251,)
[0. 0. 0. ... 0. 0. 0.]
cvc_x_pos (1251,)
[0. 0. 0. ... 0. 0. 0.]
cvc_x_pos (1251,)
[0. 0. 0. ... 0. 0. 0.]
cvc_x_pos (1251,)
[0. 0. 0. ... 0. 0. 0.]
cvc_x_pos (1251,)
[0. 0. 0. ... 0. 0. 0.]
cvc_x_pos (1251,)
[0. 0. 0. ... 0. 0. 0.]
cvc_x_pos (1251,)
[0. 0. 0. ... 0. 0. 0.]
cvc_x_pos (1251,)
[0. 0. 0. ... 0. 0. 0.]
cvc_x_pos (1251,)
[0. 0. 0. ... 0. 0. 0.]
cvc_x_pos (1251,)
[0. 0. 0. ... 0. 0. 0.]
cvc_x_pos (1251,)
[0. 0. 0. ... 0. 0. 0.]
cvc_x_pos (1251,)
[0. 0. 0. ... 0. 0. 0.]
cvc_x_pos (1251,)
[0. 0. 0. ... 0. 0. 0.]
cvc_x_pos (1251,)
[0. 0. 0. ... 0. 0. 0.]
cvc_x_pos (1251,)
[0. 0. 0. ... 0. 0. 0.]
cvc_x_pos (1251,)
[0. 0. 0. ... 0. 0. 0.]
cvc_x_pos (1251,)
[0. 0. 0. ... 0. 0. 0.]
cvc_x_pos (1251,)
[0. 0. 0. ... 0. 0. 0.]
cvc_x_pos (1251,)
[0. 0. 0. ... 0. 0. 0.]
cvc_x_pos (1251,)
[0. 0. 0. ... 0. 0. 0.]
cvc_x_pos (1251,)
[0. 0. 0. ... 0. 0. 0.]
cvc_x_pos (1251,)
[0. 0. 0. ... 0. 0. 0.]
cvc_x_pos (1251,)
[0. 0. 0. ... 0. 0. 0.]
cvc_x_pos (1251,)
[0. 0. 0. ... 0. 0. 0.]
cvc_x_pos (1251,)
[0. 0. 0. ... 0. 0. 0.]
cvc_x_pos (1251,)
[0. 0. 0. ... 0. 0. 0.]
cvc_x_pos (1251,)
[0. 0. 0. ... 0. 0. 0.]
cvc_x_pos (1251,)
[0. 0. 0. ... 0. 0. 0.]
cvc_x_pos (1251,)
[0. 0. 0. ... 0. 0. 0.]
cvc_x_pos (1251,)
[0. 0. 0. ... 0. 0. 0.]
cvc_x_pos (1251,)
[0. 0. 0. ... 0. 0. 0.]
cvc_x_pos (1251,)
[0. 0. 0. ... 0. 0. 0.]
cvc_x_pos (1251,)
[0. 0. 0. ... 0. 0. 0.]
cvc_x_pos (1251,)
[0. 0. 0. ... 0. 0. 0.]
cvc_x_pos (1251,)
[0. 0. 0. ... 0. 0. 0.]
cvc_x_pos (1251,)
[0. 0. 0. ... 0. 0. 0.]
cvc_x_pos (1251,)
[0. 0. 0. ... 0. 0. 0.]
cvc_x_pos (1251,)
[0. 0. 0. ... 0. 0. 0.]
cvc_x_pos (1251,)
[0. 0. 0. ... 0. 0. 0.]
cvc_x_pos (1251,)
[0. 0. 0. ... 0. 0. 0.]
cvc_x_pos (1251,)
[0. 0. 0. ... 0. 0. 0.]
cvc_x_pos (1251,)
[0.00753939 0.0075388  0.00753817 ... 0.         0.         0.        ]
cvc_x_pos (1251,)
[0. 0. 0. ... 0. 0. 0.]
cvc_x_pos (1251,)
[0. 0. 0. ... 0. 0. 0.]
cvc_x_pos (1251,)
[0.00603985 0.00603943 0.00603899 ... 0.         0.         0.        ]
cvc_x_pos (1251,)
[0.00545541 0.00545624 0.00545706 ... 0.         0.         0.        ]
cvc_x_pos (1251,)
[0. 0. 0. ... 0. 0. 0.]
cvc_x_pos (1251,)
[0. 0. 0. ... 0. 0. 0.]
cvc_x_pos (1251,)
[0. 0. 0. ... 0. 0. 0.]
cvc_x_pos (1251,)
[0. 0. 0. ... 0. 0. 0.]
cvc_x_pos (1251,)
[0. 0. 0. ... 0. 0. 0.]
cvc_x_pos (1251,)
[0. 0. 0. ... 0. 0. 0.]
cvc_x_pos (1251,)
[0. 0. 0. ... 0. 0. 0.]
cvc_x_pos (1251,)
[0. 0. 0. ... 0. 0. 0.]
cvc_x_pos (1251,)
[0. 0. 0. ... 0. 0. 0.]
cvc_x_pos (1251,)
[0. 0. 0. ... 0. 0. 0.]
cvc_x_pos (1251,)
[0. 0. 0. ... 0. 0. 0.]
cvc_x_pos (1251,)
[0. 0. 0. ... 0. 0. 0.]
cvc_x_pos (1251,)
[0. 0. 0. ... 0. 0. 0.]
cvc_x_pos (1251,)
[0. 0. 0. ... 0. 0. 0.]
cvc_x_pos (1251,)
[0. 0. 0. ... 0. 0. 0.]
cvc_x_pos (1251,)
[0. 0. 0. ... 0. 0. 0.]
cvc_x_pos (1251,)
[0. 0. 0. ... 0. 0. 0.]
cvc_x_pos (1251,)
[0. 0. 0. ... 0. 0. 0.]
cvc_x_pos (1251,)
[0. 0. 0. ... 0. 0. 0.]
cvc_x_pos (1251,)
[0. 0. 0. ... 0. 0. 0.]
cvc_x_pos (1251,)
[0. 0. 0. ... 0. 0. 0.]
cvc_x_pos (1251,)
[0. 0. 0. ... 0. 0. 0.]
cvc_x_pos (1251,)
[0. 0. 0. ... 0. 0. 0.]
cvc_x_pos (1251,)
[0. 0. 0. ... 0. 0. 0.]
cvc_x_pos (1251,)
[0. 0. 0. ... 0. 0. 0.]
cvc_x_pos (1251,)
[0. 0. 0. ... 0. 0. 0.]
cvc_x_pos (1251,)
[0. 0. 0. ... 0. 0. 0.]
cvc_x_pos (1251,)
[0. 0. 0. ... 0. 0. 0.]
cvc_x_pos (1251,)
[0. 0. 0. ... 0. 0. 0.]
cvc_x_pos (1251,)
[0. 0. 0. ... 0. 0. 0.]
cvc_x_pos (1251,)
[0. 0. 0. ... 0. 0. 0.]
cvc_x_pos (1251,)
[0. 0. 0. ... 0. 0. 0.]
cvc_x_pos (1251,)
[0. 0. 0. ... 0. 0. 0.]
cvc_x_pos (1251,)
[0. 0. 0. ... 0. 0. 0.]
cvc_x_pos (1251,)
[0. 0. 0. ... 0. 0. 0.]
cvc_x_pos (1251,)
[0. 0. 0. ... 0. 0. 0.]
cvc_x_pos (1251,)
[0. 0. 0. ... 0. 0. 0.]
cvc_x_pos (1251,)
[0. 0. 0. ... 0. 0. 0.]
cvc_x_pos (1251,)
[0. 0. 0. ... 0. 0. 0.]
cvc_x_pos (1251,)
[0. 0. 0. ... 0. 0. 0.]
cvc_x_pos (1251,)
[0. 0. 0. ... 0. 0. 0.]
cvc_x_pos (1251,)
[0. 0. 0. ... 0. 0. 0.]
cvc_x_pos (1251,)
[0. 0. 0. ... 0. 0. 0.]
cvc_x_pos (1251,)
[0. 0. 0. ... 0. 0. 0.]
cvc_x_pos (1251,)
[0. 0. 0. ... 0. 0. 0.]
cvc_x_pos (1251,)
[0. 0. 0. ... 0. 0. 0.]
cvc_x_pos (1251,)
[0. 0. 0. ... 0. 0. 0.]
cvc_x_pos (1251,)
[0. 0. 0. ... 0. 0. 0.]
cvc_x_pos (1251,)
[0. 0. 0. ... 0. 0. 0.]
cvc_x_pos (1251,)
[0. 0. 0. ... 0. 0. 0.]
cvc_x_pos (1251,)
[0.0064297  0.00642936 0.00642901 ... 0.         0.         0.        ]
cvc_x_pos (1251,)
[0. 0. 0. ... 0. 0. 0.]
cvc_x_pos (1251,)
[0. 0. 0. ... 0. 0. 0.]
cvc_x_pos (1251,)
[0.00634496 0.00634543 0.00634589 ... 0.         0.         0.        ]
cvc_x_pos (1251,)
[0.00692769 0.00692621 0.0069247  ... 0.         0.         0.        ]
cvc_x_pos (1251,)
[0.00651531 0.00651534 0.00651534 ... 0.         0.         0.        ]
cvc_x_pos (1251,)
[0.00547795 0.00547758 0.00547718 ... 0.         0.         0.        ]
cvc_x_pos (1251,)
[0. 0. 0. ... 0. 0. 0.]
cvc_x_pos (1251,)
[0. 0. 0. ... 0. 0. 0.]
cvc_x_pos (1251,)
[0. 0. 0. ... 0. 0. 0.]
cvc_x_pos (1251,)
[0. 0. 0. ... 0. 0. 0.]
cvc_x_pos (1251,)
[0. 0. 0. ... 0. 0. 0.]
cvc_x_pos (1251,)
[0. 0. 0. ... 0. 0. 0.]
cvc_x_pos (1251,)
[0. 0. 0. ... 0. 0. 0.]
cvc_x_pos (1251,)
[0. 0. 0. ... 0. 0. 0.]
cvc_x_pos (1251,)
[0. 0. 0. ... 0. 0. 0.]
cvc_x_pos (1251,)
[0. 0. 0. ... 0. 0. 0.]
cvc_x_pos (1251,)
[0. 0. 0. ... 0. 0. 0.]
cvc_x_pos (1251,)
[0. 0. 0. ... 0. 0. 0.]
cvc_x_pos (1251,)
[0. 0. 0. ... 0. 0. 0.]
cvc_x_pos (1251,)
[0. 0. 0. ... 0. 0. 0.]
cvc_x_pos (1251,)
[0. 0. 0. ... 0. 0. 0.]
cvc_x_pos (1251,)
[0. 0. 0. ... 0. 0. 0.]
cvc_x_pos (1251,)
[0. 0. 0. ... 0. 0. 0.]
cvc_x_pos (1251,)
[0. 0. 0. ... 0. 0. 0.]
cvc_x_pos (1251,)
[0. 0. 0. ... 0. 0. 0.]
cvc_x_pos (1251,)
[0. 0. 0. ... 0. 0. 0.]
cvc_x_pos (1251,)
[0. 0. 0. ... 0. 0. 0.]
cvc_x_pos (1251,)
[0. 0. 0. ... 0. 0. 0.]
cvc_x_pos (1251,)
[0. 0. 0. ... 0. 0. 0.]
cvc_x_pos (1251,)
[0. 0. 0. ... 0. 0. 0.]
cvc_x_pos (1251,)
[0. 0. 0. ... 0. 0. 0.]
cvc_x_pos (1251,)
[0. 0. 0. ... 0. 0. 0.]
cvc_x_pos (1251,)
[0. 0. 0. ... 0. 0. 0.]
cvc_x_pos (1251,)
[0. 0. 0. ... 0. 0. 0.]
cvc_x_pos (1251,)
[0. 0. 0. ... 0. 0. 0.]
cvc_x_pos (1251,)
[0. 0. 0. ... 0. 0. 0.]
cvc_x_pos (1251,)
[0. 0. 0. ... 0. 0. 0.]
cvc_x_pos (1251,)
[0. 0. 0. ... 0. 0. 0.]
cvc_x_pos (1251,)
[0. 0. 0. ... 0. 0. 0.]
cvc_x_pos (1251,)
[0. 0. 0. ... 0. 0. 0.]
cvc_x_pos (1251,)
[0. 0. 0. ... 0. 0. 0.]
cvc_x_pos (1251,)
[0. 0. 0. ... 0. 0. 0.]
cvc_x_pos (1251,)
[0. 0. 0. ... 0. 0. 0.]
cvc_x_pos (1251,)
[0. 0. 0. ... 0. 0. 0.]
cvc_x_pos (1251,)
[0. 0. 0. ... 0. 0. 0.]
cvc_x_pos (1251,)
[0. 0. 0. ... 0. 0. 0.]
cvc_x_pos (1251,)
[0. 0. 0. ... 0. 0. 0.]
cvc_x_pos (1251,)
[0.00659592 0.0065964  0.00659686 ... 0.         0.         0.        ]
cvc_x_pos (1251,)
[0.         0.         0.00624832 ... 0.         0.         0.        ]
cvc_x_pos (1251,)
[0.00771055 0.00771129 0.00771199 ... 0.         0.         0.        ]
cvc_x_pos (1251,)
[0. 0. 0. ... 0. 0. 0.]
cvc_x_pos (1251,)
[0.00713137 0.00712992 0.00712844 ... 0.         0.         0.        ]
cvc_x_pos (1251,)
[0.00710578 0.00710654 0.00710728 ... 0.         0.         0.        ]
cvc_x_pos (1251,)
[0. 0. 0. ... 0. 0. 0.]
cvc_x_pos (1251,)
[0. 0. 0. ... 0. 0. 0.]
cvc_x_pos (1251,)
[0. 0. 0. ... 0. 0. 0.]
cvc_x_pos (1251,)
[0. 0. 0. ... 0. 0. 0.]
cvc_x_pos (1251,)
[0. 0. 0. ... 0. 0. 0.]
cvc_x_pos (1251,)
[0. 0. 0. ... 0. 0. 0.]
cvc_x_pos (1251,)
[0. 0. 0. ... 0. 0. 0.]
cvc_x_pos (1251,)
[0. 0. 0. ... 0. 0. 0.]
cvc_x_pos (1251,)
[0. 0. 0. ... 0. 0. 0.]
cvc_x_pos (1251,)
[0. 0. 0. ... 0. 0. 0.]
cvc_x_pos (1251,)
[0. 0. 0. ... 0. 0. 0.]
cvc_x_pos (1251,)
[0. 0. 0. ... 0. 0. 0.]
cvc_x_pos (1251,)
[0. 0. 0. ... 0. 0. 0.]
cvc_x_pos (1251,)
[0. 0. 0. ... 0. 0. 0.]
cvc_x_pos (1251,)
[0. 0. 0. ... 0. 0. 0.]
cvc_x_pos (1251,)
[0. 0. 0. ... 0. 0. 0.]
cvc_x_pos (1251,)
[0. 0. 0. ... 0. 0. 0.]
cvc_x_pos (1251,)
[0. 0. 0. ... 0. 0. 0.]
cvc_x_pos (1251,)
[0. 0. 0. ... 0. 0. 0.]
cvc_x_pos (1251,)
[0. 0. 0. ... 0. 0. 0.]
cvc_x_pos (1251,)
[0. 0. 0. ... 0. 0. 0.]
cvc_x_pos (1251,)
[0. 0. 0. ... 0. 0. 0.]
cvc_x_pos (1251,)
[0. 0. 0. ... 0. 0. 0.]
cvc_x_pos (1251,)
[0. 0. 0. ... 0. 0. 0.]
cvc_x_pos (1251,)
[0. 0. 0. ... 0. 0. 0.]
cvc_x_pos (1251,)
[0. 0. 0. ... 0. 0. 0.]
cvc_x_pos (1251,)
[0. 0. 0. ... 0. 0. 0.]
cvc_x_pos (1251,)
[0. 0. 0. ... 0. 0. 0.]
cvc_x_pos (1251,)
[0. 0. 0. ... 0. 0. 0.]
cvc_x_pos (1251,)
[0. 0. 0. ... 0. 0. 0.]
cvc_x_pos (1251,)
[0. 0. 0. ... 0. 0. 0.]
cvc_x_pos (1251,)
[0. 0. 0. ... 0. 0. 0.]
cvc_x_pos (1251,)
[0. 0. 0. ... 0. 0. 0.]
cvc_x_pos (1251,)
[0.00641578 0.00641662 0.00641743 ... 0.         0.         0.        ]
cvc_x_pos (1251,)
[0.00574695 0.00574815 0.00574934 ... 0.         0.         0.        ]
cvc_x_pos (1251,)
[0.00619325 0.0061934  0.00619353 ... 0.         0.         0.        ]
cvc_x_pos (1251,)
[0.00706084 0.00706258 0.00706428 ... 0.         0.         0.        ]
cvc_x_pos (1251,)
[0. 0. 0. ... 0. 0. 0.]
cvc_x_pos (1251,)
[0. 0. 0. ... 0. 0. 0.]
cvc_x_pos (1251,)
[0. 0. 0. ... 0. 0. 0.]
cvc_x_pos (1251,)
[0. 0. 0. ... 0. 0. 0.]
cvc_x_pos (1251,)
[0. 0. 0. ... 0. 0. 0.]
cvc_x_pos (1251,)
[0. 0. 0. ... 0. 0. 0.]
cvc_x_pos (1251,)
[0. 0. 0. ... 0. 0. 0.]
cvc_x_pos (1251,)
[0. 0. 0. ... 0. 0. 0.]
cvc_x_pos (1251,)
[0. 0. 0. ... 0. 0. 0.]
cvc_x_pos (1251,)
[0. 0. 0. ... 0. 0. 0.]
cvc_x_pos (1251,)
[0. 0. 0. ... 0. 0. 0.]
cvc_x_pos (1251,)
[0. 0. 0. ... 0. 0. 0.]
cvc_x_pos (1251,)
[0. 0. 0. ... 0. 0. 0.]
cvc_x_pos (1251,)
[0. 0. 0. ... 0. 0. 0.]
cvc_x_pos (1251,)
[0. 0. 0. ... 0. 0. 0.]
cvc_x_pos (1251,)
[0. 0. 0. ... 0. 0. 0.]
cvc_x_pos (1251,)
[0. 0. 0. ... 0. 0. 0.]
cvc_x_pos (1251,)
[0. 0. 0. ... 0. 0. 0.]
cvc_x_pos (1251,)
[0. 0. 0. ... 0. 0. 0.]
cvc_x_pos (1251,)
[0. 0. 0. ... 0. 0. 0.]
cvc_x_pos (1251,)
[0. 0. 0. ... 0. 0. 0.]
cvc_x_pos (1251,)
[0. 0. 0. ... 0. 0. 0.]
cvc_x_pos (1251,)
[0. 0. 0. ... 0. 0. 0.]
cvc_x_pos (1251,)
[0. 0. 0. ... 0. 0. 0.]
cvc_x_pos (1251,)
[0. 0. 0. ... 0. 0. 0.]
cvc_x_pos (1251,)
[0. 0. 0. ... 0. 0. 0.]
cvc_x_pos (1251,)
[0. 0. 0. ... 0. 0. 0.]
cvc_x_pos (1251,)
[0.00690447 0.00690629 0.00690809 ... 0.         0.         0.        ]
cvc_x_pos (1251,)
[0.00648592 0.00648706 0.00648818 ... 0.         0.         0.        ]
cvc_x_pos (1251,)
[0.00686853 0.00686807 0.00686758 ... 0.         0.         0.        ]
cvc_x_pos (1251,)
[0.00640117 0.0064023  0.00640342 ... 0.         0.         0.        ]
cvc_x_pos (1251,)
[0.00770799 0.00770709 0.00770615 ... 0.         0.         0.        ]
cvc_x_pos (1251,)
[0. 0. 0. ... 0. 0. 0.]
cvc_x_pos (1251,)
[0.0061648  0.00616375 0.0061627  ... 0.         0.         0.        ]
cvc_x_pos (1251,)
[0. 0. 0. ... 0. 0. 0.]
cvc_x_pos (1251,)
[0. 0. 0. ... 0. 0. 0.]
cvc_x_pos (1251,)
[0. 0. 0. ... 0. 0. 0.]
cvc_x_pos (1251,)
[0. 0. 0. ... 0. 0. 0.]
cvc_x_pos (1251,)
[0. 0. 0. ... 0. 0. 0.]
cvc_x_pos (1251,)
[0. 0. 0. ... 0. 0. 0.]
cvc_x_pos (1251,)
[0. 0. 0. ... 0. 0. 0.]
cvc_x_pos (1251,)
[0. 0. 0. ... 0. 0. 0.]
cvc_x_pos (1251,)
[0. 0. 0. ... 0. 0. 0.]
cvc_x_pos (1251,)
[0. 0. 0. ... 0. 0. 0.]
cvc_x_pos (1251,)
[0. 0. 0. ... 0. 0. 0.]
cvc_x_pos (1251,)
[0. 0. 0. ... 0. 0. 0.]
cvc_x_pos (1251,)
[0. 0. 0. ... 0. 0. 0.]
cvc_x_pos (1251,)
[0. 0. 0. ... 0. 0. 0.]
cvc_x_pos (1251,)
[0. 0. 0. ... 0. 0. 0.]
cvc_x_pos (1251,)
[0. 0. 0. ... 0. 0. 0.]
cvc_x_pos (1251,)
[0. 0. 0. ... 0. 0. 0.]
cvc_x_pos (1251,)
[0. 0. 0. ... 0. 0. 0.]
cvc_x_pos (1251,)
[0. 0. 0. ... 0. 0. 0.]
cvc_x_pos (1251,)
[0. 0. 0. ... 0. 0. 0.]
cvc_x_pos (1251,)
[0. 0. 0. ... 0. 0. 0.]
cvc_x_pos (1251,)
[0. 0. 0. ... 0. 0. 0.]
cvc_x_pos (1251,)
[0. 0. 0. ... 0. 0. 0.]
cvc_x_pos (1251,)
[0. 0. 0. ... 0. 0. 0.]
cvc_x_pos (1251,)
[0.00614699 0.00614757 0.00614812 ... 0.         0.         0.        ]
cvc_x_pos (1251,)
[0.00590002 0.00589973 0.00589943 ... 0.         0.         0.        ]
cvc_x_pos (1251,)
[0.00599094 0.0059896  0.00598824 ... 0.         0.         0.        ]
cvc_x_pos (1251,)
[0.00666481 0.00666587 0.00666691 ... 0.         0.         0.        ]
cvc_x_pos (1251,)
[0. 0. 0. ... 0. 0. 0.]
cvc_x_pos (1251,)
[0.00641511 0.00641424 0.00641335 ... 0.         0.         0.        ]
cvc_x_pos (1251,)
[0. 0. 0. ... 0. 0. 0.]
cvc_x_pos (1251,)
[0.00564593 0.00564675 0.00564755 ... 0.         0.         0.        ]
cvc_x_pos (1251,)
[0. 0. 0. ... 0. 0. 0.]
cvc_x_pos (1251,)
[0.00625029 0.00625119 0.00625208 ... 0.         0.         0.        ]
cvc_x_pos (1251,)
[0. 0. 0. ... 0. 0. 0.]
cvc_x_pos (1251,)
[0. 0. 0. ... 0. 0. 0.]
cvc_x_pos (1251,)
[0. 0. 0. ... 0. 0. 0.]
cvc_x_pos (1251,)
[0. 0. 0. ... 0. 0. 0.]
cvc_x_pos (1251,)
[0. 0. 0. ... 0. 0. 0.]
cvc_x_pos (1251,)
[0. 0. 0. ... 0. 0. 0.]
cvc_x_pos (1251,)
[0. 0. 0. ... 0. 0. 0.]
cvc_x_pos (1251,)
[0. 0. 0. ... 0. 0. 0.]
cvc_x_pos (1251,)
[0. 0. 0. ... 0. 0. 0.]
cvc_x_pos (1251,)
[0. 0. 0. ... 0. 0. 0.]
cvc_x_pos (1251,)
[0. 0. 0. ... 0. 0. 0.]
cvc_x_pos (1251,)
[0. 0. 0. ... 0. 0. 0.]
cvc_x_pos (1251,)
[0. 0. 0. ... 0. 0. 0.]
cvc_x_pos (1251,)
[0. 0. 0. ... 0. 0. 0.]
cvc_x_pos (1251,)
[0. 0. 0. ... 0. 0. 0.]
cvc_x_pos (1251,)
[0. 0. 0. ... 0. 0. 0.]
cvc_x_pos (1251,)
[0. 0. 0. ... 0. 0. 0.]
cvc_x_pos (1251,)
[0. 0. 0. ... 0. 0. 0.]
cvc_x_pos (1251,)
[0. 0. 0. ... 0. 0. 0.]
cvc_x_pos (1251,)
[0. 0. 0. ... 0. 0. 0.]
cvc_x_pos (1251,)
[0. 0. 0. ... 0. 0. 0.]
cvc_x_pos (1251,)
[0. 0. 0. ... 0. 0. 0.]
cvc_x_pos (1251,)
[0. 0. 0. ... 0. 0. 0.]
cvc_x_pos (1251,)
[0.00649873 0.00649956 0.00650038 ... 0.         0.         0.        ]
cvc_x_pos (1251,)
[0.00731981 0.00731929 0.00731873 ... 0.         0.         0.        ]
cvc_x_pos (1251,)
[0. 0. 0. ... 0. 0. 0.]
cvc_x_pos (1251,)
[0. 0. 0. ... 0. 0. 0.]
cvc_x_pos (1251,)
[0. 0. 0. ... 0. 0. 0.]
cvc_x_pos (1251,)
[0. 0. 0. ... 0. 0. 0.]
cvc_x_pos (1251,)
[0. 0. 0. ... 0. 0. 0.]
cvc_x_pos (1251,)
[0. 0. 0. ... 0. 0. 0.]
cvc_x_pos (1251,)
[0. 0. 0. ... 0. 0. 0.]
cvc_x_pos (1251,)
[0. 0. 0. ... 0. 0. 0.]
cvc_x_pos (1251,)
[0. 0. 0. ... 0. 0. 0.]
cvc_x_pos (1251,)
[0.00588845 0.00588777 0.00588707 ... 0.         0.         0.        ]
cvc_x_pos (1251,)
[0.00592107 0.0059218  0.00592252 ... 0.         0.         0.        ]
cvc_x_pos (1251,)
[0.00575442 0.0057538  0.00575317 ... 0.         0.         0.        ]
cvc_x_pos (1251,)
[0.00646238 0.0064639  0.00646541 ... 0.         0.         0.        ]
cvc_x_pos (1251,)
[0. 0. 0. ... 0. 0. 0.]
cvc_x_pos (1251,)
[0. 0. 0. ... 0. 0. 0.]
cvc_x_pos (1251,)
[0. 0. 0. ... 0. 0. 0.]
cvc_x_pos (1251,)
[0. 0. 0. ... 0. 0. 0.]
cvc_x_pos (1251,)
[0. 0. 0. ... 0. 0. 0.]
cvc_x_pos (1251,)
[0. 0. 0. ... 0. 0. 0.]
cvc_x_pos (1251,)
[0. 0. 0. ... 0. 0. 0.]
cvc_x_pos (1251,)
[0. 0. 0. ... 0. 0. 0.]
cvc_x_pos (1251,)
[0. 0. 0. ... 0. 0. 0.]
cvc_x_pos (1251,)
[0. 0. 0. ... 0. 0. 0.]
cvc_x_pos (1251,)
[0. 0. 0. ... 0. 0. 0.]
cvc_x_pos (1251,)
[0. 0. 0. ... 0. 0. 0.]
cvc_x_pos (1251,)
[0. 0. 0. ... 0. 0. 0.]
cvc_x_pos (1251,)
[0. 0. 0. ... 0. 0. 0.]
cvc_x_pos (1251,)
[0. 0. 0. ... 0. 0. 0.]
cvc_x_pos (1251,)
[0. 0. 0. ... 0. 0. 0.]
cvc_x_pos (1251,)
[0. 0. 0. ... 0. 0. 0.]
cvc_x_pos (1251,)
[0. 0. 0. ... 0. 0. 0.]
cvc_x_pos (1251,)
[0. 0. 0. ... 0. 0. 0.]
cvc_x_pos (1251,)
[0. 0. 0. ... 0. 0. 0.]
cvc_x_pos (1251,)
[0. 0. 0. ... 0. 0. 0.]
cvc_x_pos (1251,)
[0. 0. 0. ... 0. 0. 0.]
cvc_x_pos (1251,)
[0.00638358 0.00638414 0.00638468 ... 0.         0.         0.        ]
cvc_x_pos (1251,)
[0. 0. 0. ... 0. 0. 0.]
cvc_x_pos (1251,)
[0. 0. 0. ... 0. 0. 0.]
cvc_x_pos (1251,)
[0. 0. 0. ... 0. 0. 0.]
cvc_x_pos (1251,)
[0. 0. 0. ... 0. 0. 0.]
cvc_x_pos (1251,)
[0. 0. 0. ... 0. 0. 0.]
cvc_x_pos (1251,)
[0. 0. 0. ... 0. 0. 0.]
cvc_x_pos (1251,)
[0. 0. 0. ... 0. 0. 0.]
cvc_x_pos (1251,)
[0. 0. 0. ... 0. 0. 0.]
cvc_x_pos (1251,)
[0. 0. 0. ... 0. 0. 0.]
cvc_x_pos (1251,)
[0. 0. 0. ... 0. 0. 0.]
cvc_x_pos (1251,)
[0. 0. 0. ... 0. 0. 0.]
cvc_x_pos (1251,)
[0. 0. 0. ... 0. 0. 0.]
cvc_x_pos (1251,)
[0. 0. 0. ... 0. 0. 0.]
cvc_x_pos (1251,)
[0. 0. 0. ... 0. 0. 0.]
cvc_x_pos (1251,)
[0. 0. 0. ... 0. 0. 0.]
cvc_x_pos (1251,)
[0. 0. 0. ... 0. 0. 0.]
cvc_x_pos (1251,)
[0. 0. 0. ... 0. 0. 0.]
cvc_x_pos (1251,)
[0. 0. 0. ... 0. 0. 0.]
cvc_x_pos (1251,)
[0.00498513 0.00498549 0.00498585 ... 0.         0.         0.        ]
cvc_x_pos (1251,)
[0. 0. 0. ... 0. 0. 0.]
cvc_x_pos (1251,)
[0.00664345 0.00664319 0.00664291 ... 0.         0.         0.        ]
cvc_x_pos (1251,)
[0. 0. 0. ... 0. 0. 0.]
cvc_x_pos (1251,)
[0. 0. 0. ... 0. 0. 0.]
cvc_x_pos (1251,)
[0. 0. 0. ... 0. 0. 0.]
cvc_x_pos (1251,)
[0. 0. 0. ... 0. 0. 0.]
cvc_x_pos (1251,)
[0. 0. 0. ... 0. 0. 0.]
cvc_x_pos (1251,)
[0. 0. 0. ... 0. 0. 0.]
cvc_x_pos (1251,)
[0. 0. 0. ... 0. 0. 0.]
cvc_x_pos (1251,)
[0. 0. 0. ... 0. 0. 0.]
cvc_x_pos (1251,)
[0. 0. 0. ... 0. 0. 0.]
cvc_x_pos (1251,)
[0. 0. 0. ... 0. 0. 0.]
cvc_x_pos (1251,)
[0. 0. 0. ... 0. 0. 0.]
cvc_x_pos (1251,)
[0. 0. 0. ... 0. 0. 0.]
cvc_x_pos (1251,)
[0. 0. 0. ... 0. 0. 0.]
cvc_x_pos (1251,)
[0. 0. 0. ... 0. 0. 0.]
cvc_x_pos (1251,)
[0. 0. 0. ... 0. 0. 0.]
cvc_x_pos (1251,)
[0. 0. 0. ... 0. 0. 0.]
cvc_x_pos (1251,)
[0. 0. 0. ... 0. 0. 0.]
cvc_x_pos (1251,)
[0. 0. 0. ... 0. 0. 0.]
cvc_x_pos (1251,)
[0. 0. 0. ... 0. 0. 0.]
cvc_x_pos (1251,)
[0. 0. 0. ... 0. 0. 0.]
cvc_x_pos (1251,)
[0. 0. 0. ... 0. 0. 0.]
cvc_x_pos (1251,)
[0.00696058 0.00696121 0.0069618  ... 0.         0.         0.        ]
cvc_x_pos (1251,)
[0. 0. 0. ... 0. 0. 0.]
cvc_x_pos (1251,)
[0. 0. 0. ... 0. 0. 0.]
cvc_x_pos (1251,)
[0. 0. 0. ... 0. 0. 0.]
cvc_x_pos (1251,)
[0. 0. 0. ... 0. 0. 0.]
cvc_x_pos (1251,)
[0. 0. 0. ... 0. 0. 0.]
cvc_x_pos (1251,)
[0. 0. 0. ... 0. 0. 0.]
cvc_x_pos (1251,)
[0. 0. 0. ... 0. 0. 0.]
cvc_x_pos (1251,)
[0. 0. 0. ... 0. 0. 0.]
cvc_x_pos (1251,)
[0. 0. 0. ... 0. 0. 0.]
cvc_x_pos (1251,)
[0. 0. 0. ... 0. 0. 0.]
cvc_x_pos (1251,)
[0. 0. 0. ... 0. 0. 0.]
cvc_x_pos (1251,)
[0. 0. 0. ... 0. 0. 0.]
cvc_x_pos (1251,)
[0. 0. 0. ... 0. 0. 0.]
cvc_x_pos (1251,)
[0. 0. 0. ... 0. 0. 0.]
cvc_x_pos (1251,)
[0. 0. 0. ... 0. 0. 0.]
cvc_x_pos (1251,)
[0. 0. 0. ... 0. 0. 0.]
cvc_x_pos (1251,)
[0. 0. 0. ... 0. 0. 0.]
cvc_x_pos (1251,)
[0. 0. 0. ... 0. 0. 0.]
cvc_x_pos (1251,)
[0. 0. 0. ... 0. 0. 0.]
cvc_x_pos (1251,)
[0. 0. 0. ... 0. 0. 0.]
cvc_x_pos (1251,)
[0. 0. 0. ... 0. 0. 0.]
cvc_x_pos (1251,)
[0. 0. 0. ... 0. 0. 0.]
cvc_x_pos (1251,)
[0. 0. 0. ... 0. 0. 0.]
cvc_x_pos (1251,)
[0. 0. 0. ... 0. 0. 0.]
cvc_x_pos (1251,)
[0. 0. 0. ... 0. 0. 0.]
cvc_x_pos (1251,)
[0. 0. 0. ... 0. 0. 0.]
cvc_x_pos (1251,)
[0. 0. 0. ... 0. 0. 0.]
cvc_x_pos (1251,)
[0.0062133  0.00621244 0.00621156 ... 0.         0.         0.        ]
cvc_x_pos (1251,)
[0. 0. 0. ... 0. 0. 0.]
cvc_x_pos (1251,)
[0.0060415  0.00604116 0.0060408  ... 0.         0.         0.        ]
cvc_x_pos (1251,)
[0. 0. 0. ... 0. 0. 0.]
cvc_x_pos (1251,)
[0.00589525 0.00589476 0.00589426 ... 0.         0.         0.        ]
cvc_x_pos (1251,)
[0.00714917 0.00714814 0.00714707 ... 0.         0.         0.        ]
cvc_x_pos (1251,)
[0. 0. 0. ... 0. 0. 0.]
cvc_x_pos (1251,)
[0. 0. 0. ... 0. 0. 0.]
cvc_x_pos (1251,)
[0. 0. 0. ... 0. 0. 0.]
cvc_x_pos (1251,)
[0. 0. 0. ... 0. 0. 0.]
cvc_x_pos (1251,)
[0. 0. 0. ... 0. 0. 0.]
cvc_x_pos (1251,)
[0. 0. 0. ... 0. 0. 0.]
cvc_x_pos (1251,)
[0. 0. 0. ... 0. 0. 0.]
cvc_x_pos (1251,)
[0. 0. 0. ... 0. 0. 0.]
cvc_x_pos (1251,)
[0. 0. 0. ... 0. 0. 0.]
cvc_x_pos (1251,)
[0. 0. 0. ... 0. 0. 0.]
cvc_x_pos (1251,)
[0. 0. 0. ... 0. 0. 0.]
cvc_x_pos (1251,)
[0. 0. 0. ... 0. 0. 0.]
cvc_x_pos (1251,)
[0. 0. 0. ... 0. 0. 0.]
cvc_x_pos (1251,)
[0. 0. 0. ... 0. 0. 0.]
cvc_x_pos (1251,)
[0. 0. 0. ... 0. 0. 0.]
cvc_x_pos (1251,)
[0. 0. 0. ... 0. 0. 0.]
cvc_x_pos (1251,)
[0. 0. 0. ... 0. 0. 0.]
cvc_x_pos (1251,)
[0. 0. 0. ... 0. 0. 0.]
cvc_x_pos (1251,)
[0. 0. 0. ... 0. 0. 0.]
cvc_x_pos (1251,)
[0.0064604  0.0064618  0.00646318 ... 0.         0.         0.        ]
cvc_x_pos (1251,)
[0.00642418 0.00642358 0.00642296 ... 0.         0.         0.        ]
cvc_x_pos (1251,)
[0. 0. 0. ... 0. 0. 0.]
cvc_x_pos (1251,)
[0. 0. 0. ... 0. 0. 0.]
cvc_x_pos (1251,)
[0. 0. 0. ... 0. 0. 0.]
cvc_x_pos (1251,)
[0. 0. 0. ... 0. 0. 0.]
cvc_x_pos (1251,)
[0. 0. 0. ... 0. 0. 0.]
cvc_x_pos (1251,)
[0. 0. 0. ... 0. 0. 0.]
cvc_x_pos (1251,)
[0. 0. 0. ... 0. 0. 0.]
cvc_x_pos (1251,)
[0. 0. 0. ... 0. 0. 0.]
cvc_x_pos (1251,)
[0. 0. 0. ... 0. 0. 0.]
cvc_x_pos (1251,)
[0. 0. 0. ... 0. 0. 0.]
cvc_x_pos (1251,)
[0. 0. 0. ... 0. 0. 0.]
cvc_x_pos (1251,)
[0. 0. 0. ... 0. 0. 0.]
cvc_x_pos (1251,)
[0. 0. 0. ... 0. 0. 0.]
cvc_x_pos (1251,)
[0. 0. 0. ... 0. 0. 0.]
cvc_x_pos (1251,)
[0. 0. 0. ... 0. 0. 0.]
cvc_x_pos (1251,)
[0. 0. 0. ... 0. 0. 0.]
cvc_x_pos (1251,)
[0. 0. 0. ... 0. 0. 0.]
cvc_x_pos (1251,)
[0. 0. 0. ... 0. 0. 0.]
cvc_x_pos (1251,)
[0. 0. 0. ... 0. 0. 0.]
cvc_x_pos (1251,)
[0. 0. 0. ... 0. 0. 0.]
cvc_x_pos (1251,)
[0. 0. 0. ... 0. 0. 0.]
cvc_x_pos (1251,)
[0. 0. 0. ... 0. 0. 0.]
cvc_x_pos (1251,)
[0. 0. 0. ... 0. 0. 0.]
cvc_x_pos (1251,)
[0. 0. 0. ... 0. 0. 0.]
cvc_x_pos (1251,)
[0. 0. 0. ... 0. 0. 0.]
cvc_x_pos (1251,)
[0. 0. 0. ... 0. 0. 0.]
cvc_x_pos (1251,)
[0. 0. 0. ... 0. 0. 0.]
cvc_x_pos (1251,)
[0. 0. 0. ... 0. 0. 0.]
cvc_x_pos (1251,)
[0. 0. 0. ... 0. 0. 0.]
cvc_x_pos (1251,)
[0. 0. 0. ... 0. 0. 0.]
cvc_x_pos (1251,)
[0. 0. 0. ... 0. 0. 0.]
cvc_x_pos (1251,)
[0. 0. 0. ... 0. 0. 0.]
cvc_x_pos (1251,)
[0. 0. 0. ... 0. 0. 0.]
cvc_x_pos (1251,)
[0. 0. 0. ... 0. 0. 0.]
cvc_x_pos (1251,)
[0. 0. 0. ... 0. 0. 0.]
cvc_x_pos (1251,)
[0. 0. 0. ... 0. 0. 0.]
cvc_x_pos (1251,)
[0. 0. 0. ... 0. 0. 0.]
cvc_x_pos (1251,)
[0. 0. 0. ... 0. 0. 0.]
cvc_x_pos (1251,)
[0.00659736 0.00659586 0.00659434 ... 0.         0.         0.        ]
cvc_x_pos (1251,)
[0.00658572 0.00658486 0.00658398 ... 0.         0.         0.        ]
cvc_x_pos (1251,)
[0. 0. 0. ... 0. 0. 0.]
cvc_x_pos (1251,)
[0.00716634 0.00716617 0.00716597 ... 0.         0.         0.        ]
cvc_x_pos (1251,)
[0.00616885 0.00616786 0.00616685 ... 0.         0.         0.        ]
cvc_x_pos (1251,)
[0.0056539  0.00565501 0.00565611 ... 0.         0.         0.        ]
cvc_x_pos (1251,)
[0. 0. 0. ... 0. 0. 0.]
cvc_x_pos (1251,)
[0. 0. 0. ... 0. 0. 0.]
cvc_x_pos (1251,)
[0. 0. 0. ... 0. 0. 0.]
cvc_x_pos (1251,)
[0. 0. 0. ... 0. 0. 0.]
cvc_x_pos (1251,)
[0. 0. 0. ... 0. 0. 0.]
cvc_x_pos (1251,)
[0. 0. 0. ... 0. 0. 0.]
cvc_x_pos (1251,)
[0. 0. 0. ... 0. 0. 0.]
cvc_x_pos (1251,)
[0. 0. 0. ... 0. 0. 0.]
cvc_x_pos (1251,)
[0. 0. 0. ... 0. 0. 0.]
cvc_x_pos (1251,)
[0. 0. 0. ... 0. 0. 0.]
cvc_x_pos (1251,)
[0. 0. 0. ... 0. 0. 0.]
cvc_x_pos (1251,)
[0. 0. 0. ... 0. 0. 0.]
cvc_x_pos (1251,)
[0. 0. 0. ... 0. 0. 0.]
cvc_x_pos (1251,)
[0. 0. 0. ... 0. 0. 0.]
cvc_x_pos (1251,)
[0. 0. 0. ... 0. 0. 0.]
cvc_x_pos (1251,)
[0. 0. 0. ... 0. 0. 0.]
cvc_x_pos (1251,)
[0. 0. 0. ... 0. 0. 0.]
cvc_x_pos (1251,)
[0. 0. 0. ... 0. 0. 0.]
cvc_x_pos (1251,)
[0. 0. 0. ... 0. 0. 0.]
cvc_x_pos (1251,)
[0. 0. 0. ... 0. 0. 0.]
cvc_x_pos (1251,)
[0. 0. 0. ... 0. 0. 0.]
cvc_x_pos (1251,)
[0. 0. 0. ... 0. 0. 0.]
cvc_x_pos (1251,)
[0. 0. 0. ... 0. 0. 0.]
cvc_x_pos (1251,)
[0. 0. 0. ... 0. 0. 0.]
cvc_x_pos (1251,)
[0. 0. 0. ... 0. 0. 0.]
cvc_x_pos (1251,)
[0. 0. 0. ... 0. 0. 0.]
cvc_x_pos (1251,)
[0. 0. 0. ... 0. 0. 0.]
cvc_x_pos (1251,)
[0. 0. 0. ... 0. 0. 0.]
cvc_x_pos (1251,)
[0. 0. 0. ... 0. 0. 0.]
cvc_x_pos (1251,)
[0. 0. 0. ... 0. 0. 0.]
cvc_x_pos (1251,)
[0. 0. 0. ... 0. 0. 0.]
cvc_x_pos (1251,)
[0. 0. 0. ... 0. 0. 0.]
cvc_x_pos (1251,)
[0. 0. 0. ... 0. 0. 0.]
cvc_x_pos (1251,)
[0. 0. 0. ... 0. 0. 0.]
cvc_x_pos (1251,)
[0. 0. 0. ... 0. 0. 0.]
cvc_x_pos (1251,)
[0. 0. 0. ... 0. 0. 0.]
cvc_x_pos (1251,)
[0. 0. 0. ... 0. 0. 0.]
cvc_x_pos (1251,)
[0. 0. 0. ... 0. 0. 0.]
cvc_x_pos (1251,)
[0. 0. 0. ... 0. 0. 0.]
cvc_x_pos (1251,)
[0. 0. 0. ... 0. 0. 0.]
cvc_x_pos (1251,)
[0. 0. 0. ... 0. 0. 0.]
cvc_x_pos (1251,)
[0. 0. 0. ... 0. 0. 0.]
cvc_x_pos (1251,)
[0. 0. 0. ... 0. 0. 0.]
cvc_x_pos (1251,)
[0. 0. 0. ... 0. 0. 0.]
cvc_x_pos (1251,)
[0. 0. 0. ... 0. 0. 0.]
cvc_x_pos (1251,)
[0. 0. 0. ... 0. 0. 0.]
cvc_x_pos (1251,)
[0. 0. 0. ... 0. 0. 0.]
cvc_x_pos (1251,)
[0. 0. 0. ... 0. 0. 0.]
cvc_x_pos (1251,)
[0. 0. 0. ... 0. 0. 0.]
cvc_x_pos (1251,)
[0. 0. 0. ... 0. 0. 0.]
cvc_x_pos (1251,)
[0. 0. 0. ... 0. 0. 0.]
cvc_x_pos (1251,)
[0.00708802 0.00708672 0.0070854  ... 0.         0.         0.        ]
cvc_x_pos (1251,)
[0. 0. 0. ... 0. 0. 0.]
cvc_x_pos (1251,)
[0.00706452 0.00706422 0.00706389 ... 0.         0.         0.        ]
cvc_x_pos (1251,)
[0. 0. 0. ... 0. 0. 0.]
cvc_x_pos (1251,)
[0. 0. 0. ... 0. 0. 0.]
cvc_x_pos (1251,)
[0. 0. 0. ... 0. 0. 0.]
cvc_x_pos (1251,)
[0. 0. 0. ... 0. 0. 0.]
cvc_x_pos (1251,)
[0. 0. 0. ... 0. 0. 0.]
cvc_x_pos (1251,)
[0. 0. 0. ... 0. 0. 0.]
cvc_x_pos (1251,)
[0. 0. 0. ... 0. 0. 0.]
cvc_x_pos (1251,)
[0. 0. 0. ... 0. 0. 0.]
cvc_x_pos (1251,)
[0. 0. 0. ... 0. 0. 0.]
cvc_x_pos (1251,)
[0. 0. 0. ... 0. 0. 0.]
cvc_x_pos (1251,)
[0. 0. 0. ... 0. 0. 0.]
cvc_x_pos (1251,)
[0. 0. 0. ... 0. 0. 0.]
cvc_x_pos (1251,)
[0. 0. 0. ... 0. 0. 0.]
cvc_x_pos (1251,)
[0. 0. 0. ... 0. 0. 0.]
cvc_x_pos (1251,)
[0. 0. 0. ... 0. 0. 0.]
cvc_x_pos (1251,)
[0. 0. 0. ... 0. 0. 0.]
cvc_x_pos (1251,)
[0. 0. 0. ... 0. 0. 0.]
cvc_x_pos (1251,)
[0. 0. 0. ... 0. 0. 0.]
cvc_x_pos (1251,)
[0. 0. 0. ... 0. 0. 0.]
cvc_x_pos (1251,)
[0. 0. 0. ... 0. 0. 0.]
cvc_x_pos (1251,)
[0. 0. 0. ... 0. 0. 0.]
cvc_x_pos (1251,)
[0. 0. 0. ... 0. 0. 0.]
cvc_x_pos (1251,)
[0. 0. 0. ... 0. 0. 0.]
cvc_x_pos (1251,)
[0. 0. 0. ... 0. 0. 0.]
cvc_x_pos (1251,)
[0. 0. 0. ... 0. 0. 0.]
cvc_x_pos (1251,)
[0. 0. 0. ... 0. 0. 0.]
cvc_x_pos (1251,)
[0. 0. 0. ... 0. 0. 0.]
cvc_x_pos (1251,)
[0. 0. 0. ... 0. 0. 0.]
cvc_x_pos (1251,)
[0. 0. 0. ... 0. 0. 0.]
cvc_x_pos (1251,)
[0. 0. 0. ... 0. 0. 0.]
cvc_x_pos (1251,)
[0. 0. 0. ... 0. 0. 0.]
cvc_x_pos (1251,)
[0. 0. 0. ... 0. 0. 0.]
cvc_x_pos (1251,)
[0. 0. 0. ... 0. 0. 0.]
cvc_x_pos (1251,)
[0. 0. 0. ... 0. 0. 0.]
cvc_x_pos (1251,)
[0. 0. 0. ... 0. 0. 0.]
cvc_x_pos (1251,)
[0. 0. 0. ... 0. 0. 0.]
cvc_x_pos (1251,)
[0. 0. 0. ... 0. 0. 0.]
cvc_x_pos (1251,)
[0. 0. 0. ... 0. 0. 0.]
cvc_x_pos (1251,)
[0. 0. 0. ... 0. 0. 0.]
cvc_x_pos (1251,)
[0. 0. 0. ... 0. 0. 0.]
cvc_x_pos (1251,)
[0.00779857 0.00780032 0.00780203 ... 0.         0.         0.        ]
cvc_x_pos (1251,)
[0. 0. 0. ... 0. 0. 0.]
cvc_x_pos (1251,)
[0.00706288 0.00706243 0.00706196 ... 0.         0.         0.        ]
cvc_x_pos (1251,)
[0. 0. 0. ... 0. 0. 0.]
cvc_x_pos (1251,)
[0.00719608 0.0071949  0.00719369 ... 0.         0.         0.        ]
cvc_x_pos (1251,)
[0. 0. 0. ... 0. 0. 0.]
cvc_x_pos (1251,)
[0.00664319 0.00664345 0.00664369 ... 0.         0.         0.        ]
cvc_x_pos (1251,)
[0. 0. 0. ... 0. 0. 0.]
cvc_x_pos (1251,)
[0.00590199 0.00590191 0.00590181 ... 0.         0.         0.        ]
cvc_x_pos (1251,)
[0.00587475 0.00587569 0.00587661 ... 0.         0.         0.        ]
cvc_x_pos (1251,)
[0. 0. 0. ... 0. 0. 0.]
cvc_x_pos (1251,)
[0. 0. 0. ... 0. 0. 0.]
cvc_x_pos (1251,)
[0. 0. 0. ... 0. 0. 0.]
cvc_x_pos (1251,)
[0. 0. 0. ... 0. 0. 0.]
cvc_x_pos (1251,)
[0. 0. 0. ... 0. 0. 0.]
cvc_x_pos (1251,)
[0. 0. 0. ... 0. 0. 0.]
cvc_x_pos (1251,)
[0. 0. 0. ... 0. 0. 0.]
cvc_x_pos (1251,)
[0. 0. 0. ... 0. 0. 0.]
cvc_x_pos (1251,)
[0. 0. 0. ... 0. 0. 0.]
cvc_x_pos (1251,)
[0. 0. 0. ... 0. 0. 0.]
cvc_x_pos (1251,)
[0. 0. 0. ... 0. 0. 0.]
cvc_x_pos (1251,)
[0. 0. 0. ... 0. 0. 0.]
cvc_x_pos (1251,)
[0. 0. 0. ... 0. 0. 0.]
cvc_x_pos (1251,)
[0. 0. 0. ... 0. 0. 0.]
cvc_x_pos (1251,)
[0. 0. 0. ... 0. 0. 0.]
cvc_x_pos (1251,)
[0. 0. 0. ... 0. 0. 0.]
cvc_x_pos (1251,)
[0. 0. 0. ... 0. 0. 0.]
cvc_x_pos (1251,)
[0. 0. 0. ... 0. 0. 0.]
cvc_x_pos (1251,)
[0. 0. 0. ... 0. 0. 0.]
cvc_x_pos (1251,)
[0. 0. 0. ... 0. 0. 0.]
cvc_x_pos (1251,)
[0. 0. 0. ... 0. 0. 0.]
cvc_x_pos (1251,)
[0. 0. 0. ... 0. 0. 0.]
cvc_x_pos (1251,)
[0. 0. 0. ... 0. 0. 0.]
cvc_x_pos (1251,)
[0. 0. 0. ... 0. 0. 0.]
cvc_x_pos (1251,)
[0. 0. 0. ... 0. 0. 0.]
cvc_x_pos (1251,)
[0. 0. 0. ... 0. 0. 0.]
cvc_x_pos (1251,)
[0. 0. 0. ... 0. 0. 0.]
cvc_x_pos (1251,)
[0. 0. 0. ... 0. 0. 0.]
cvc_x_pos (1251,)
[0. 0. 0. ... 0. 0. 0.]
cvc_x_pos (1251,)
[0. 0. 0. ... 0. 0. 0.]
cvc_x_pos (1251,)
[0. 0. 0. ... 0. 0. 0.]
cvc_x_pos (1251,)
[0. 0. 0. ... 0. 0. 0.]
cvc_x_pos (1251,)
[0.00516891 0.00516917 0.00516942 ... 0.         0.         0.        ]
cvc_x_pos (1251,)
[0. 0. 0. ... 0. 0. 0.]
cvc_x_pos (1251,)
[0.00740903 0.00740775 0.00740643 ... 0.         0.         0.        ]
cvc_x_pos (1251,)
[0. 0. 0. ... 0. 0. 0.]
cvc_x_pos (1251,)
[0.00651535 0.00651531 0.00651524 ... 0.         0.         0.        ]
cvc_x_pos (1251,)
[0. 0. 0. ... 0. 0. 0.]
cvc_x_pos (1251,)
[0. 0. 0. ... 0. 0. 0.]
cvc_x_pos (1251,)
[0. 0. 0. ... 0. 0. 0.]
cvc_x_pos (1251,)
[0. 0. 0. ... 0. 0. 0.]
cvc_x_pos (1251,)
[0. 0. 0. ... 0. 0. 0.]
cvc_x_pos (1251,)
[0. 0. 0. ... 0. 0. 0.]
cvc_x_pos (1251,)
[0. 0. 0. ... 0. 0. 0.]
cvc_x_pos (1251,)
[0. 0. 0. ... 0. 0. 0.]
cvc_x_pos (1251,)
[0. 0. 0. ... 0. 0. 0.]
cvc_x_pos (1251,)
[0. 0. 0. ... 0. 0. 0.]
cvc_x_pos (1251,)
[0. 0. 0. ... 0. 0. 0.]
cvc_x_pos (1251,)
[0. 0. 0. ... 0. 0. 0.]
cvc_x_pos (1251,)
[0. 0. 0. ... 0. 0. 0.]
cvc_x_pos (1251,)
[0. 0. 0. ... 0. 0. 0.]
cvc_x_pos (1251,)
[0. 0. 0. ... 0. 0. 0.]
cvc_x_pos (1251,)
[0. 0. 0. ... 0. 0. 0.]
cvc_x_pos (1251,)
[0. 0. 0. ... 0. 0. 0.]
cvc_x_pos (1251,)
[0. 0. 0. ... 0. 0. 0.]
cvc_x_pos (1251,)
[0. 0. 0. ... 0. 0. 0.]
cvc_x_pos (1251,)
[0. 0. 0. ... 0. 0. 0.]
cvc_x_pos (1251,)
[0. 0. 0. ... 0. 0. 0.]
cvc_x_pos (1251,)
[0. 0. 0. ... 0. 0. 0.]
cvc_x_pos (1251,)
[0. 0. 0. ... 0. 0. 0.]
cvc_x_pos (1251,)
[0.00645133 0.00645296 0.00645457 ... 0.         0.         0.        ]
cvc_x_pos (1251,)
[0. 0. 0. ... 0. 0. 0.]
cvc_x_pos (1251,)
[0.00599521 0.0059959  0.00599658 ... 0.         0.         0.        ]
cvc_x_pos (1251,)
[0.00690151 0.00690249 0.00690345 ... 0.         0.         0.        ]
cvc_x_pos (1251,)
[0. 0. 0. ... 0. 0. 0.]
cvc_x_pos (1251,)
[0.00691835 0.00691804 0.00691771 ... 0.         0.         0.        ]
cvc_x_pos (1251,)
[0. 0. 0. ... 0. 0. 0.]
cvc_x_pos (1251,)
[0.00664413 0.00664428 0.0066444  ... 0.         0.         0.        ]
cvc_x_pos (1251,)
[0. 0. 0. ... 0. 0. 0.]
cvc_x_pos (1251,)
[0. 0. 0. ... 0. 0. 0.]
cvc_x_pos (1251,)
[0. 0. 0. ... 0. 0. 0.]
cvc_x_pos (1251,)
[0. 0. 0. ... 0. 0. 0.]
cvc_x_pos (1251,)
[0. 0. 0. ... 0. 0. 0.]
cvc_x_pos (1251,)
[0. 0. 0. ... 0. 0. 0.]
cvc_x_pos (1251,)
[0. 0. 0. ... 0. 0. 0.]
cvc_x_pos (1251,)
[0. 0. 0. ... 0. 0. 0.]
cvc_x_pos (1251,)
[0. 0. 0. ... 0. 0. 0.]
cvc_x_pos (1251,)
[0. 0. 0. ... 0. 0. 0.]
cvc_x_pos (1251,)
[0. 0. 0. ... 0. 0. 0.]
cvc_x_pos (1251,)
[0. 0. 0. ... 0. 0. 0.]
cvc_x_pos (1251,)
[0. 0. 0. ... 0. 0. 0.]
cvc_x_pos (1251,)
[0. 0. 0. ... 0. 0. 0.]
cvc_x_pos (1251,)
[0. 0. 0. ... 0. 0. 0.]
cvc_x_pos (1251,)
[0.00639338 0.00639463 0.00639586 ... 0.         0.         0.        ]
cvc_x_pos (1251,)
[0.         0.00735983 0.00736185 ... 0.         0.         0.        ]
cvc_x_pos (1251,)
[0.0063009  0.00630152 0.00630212 ... 0.         0.         0.        ]
cvc_x_pos (1251,)
[0.00577876 0.00577958 0.00578037 ... 0.         0.         0.        ]
cvc_x_pos (1251,)
[0. 0. 0. ... 0. 0. 0.]
cvc_x_pos (1251,)
[0.00634228 0.00634286 0.00634343 ... 0.         0.         0.        ]
cvc_x_pos (1251,)
[0. 0. 0. ... 0. 0. 0.]
cvc_x_pos (1251,)
[0. 0. 0. ... 0. 0. 0.]
cvc_x_pos (1251,)
[0. 0. 0. ... 0. 0. 0.]
cvc_x_pos (1251,)
[0. 0. 0. ... 0. 0. 0.]
cvc_x_pos (1251,)
[0. 0. 0. ... 0. 0. 0.]
cvc_x_pos (1251,)
[0. 0. 0. ... 0. 0. 0.]
cvc_x_pos (1251,)
[0. 0. 0. ... 0. 0. 0.]
cvc_x_pos (1251,)
[0. 0. 0. ... 0. 0. 0.]
cvc_x_pos (1251,)
[0. 0. 0. ... 0. 0. 0.]
cvc_x_pos (1251,)
[0. 0. 0. ... 0. 0. 0.]
cvc_x_pos (1251,)
[0. 0. 0. ... 0. 0. 0.]
cvc_x_pos (1251,)
[0. 0. 0. ... 0. 0. 0.]
cvc_x_pos (1251,)
[0. 0. 0. ... 0. 0. 0.]
cvc_x_pos (1251,)
[0. 0. 0. ... 0. 0. 0.]
cvc_x_pos (1251,)
[0. 0. 0. ... 0. 0. 0.]
cvc_x_pos (1251,)
[0. 0. 0. ... 0. 0. 0.]
cvc_x_pos (1251,)
[0.00630008 0.00629869 0.00629728 ... 0.         0.         0.        ]
cvc_x_pos (1251,)
[0.00649902 0.00649816 0.00649727 ... 0.         0.         0.        ]
cvc_x_pos (1251,)
[0.00724616 0.00724739 0.00724859 ... 0.         0.         0.        ]
cvc_x_pos (1251,)
[0.00576084 0.00576042 0.00575998 ... 0.         0.         0.        ]
cvc_x_pos (1251,)
[0.00759838 0.0075979  0.00759738 ... 0.         0.         0.        ]
cvc_x_pos (1251,)
[0.00453836 0.00453854 0.00453871 ... 0.         0.         0.        ]
cvc_x_pos (1251,)
[0.00633817 0.00633744 0.00633668 ... 0.         0.         0.        ]
cvc_x_pos (1251,)
[0.00716597 0.0071657  0.00716541 ... 0.         0.         0.        ]
cvc_x_pos (1251,)
[0. 0. 0. ... 0. 0. 0.]
cvc_x_pos (1251,)
[0. 0. 0. ... 0. 0. 0.]
cvc_x_pos (1251,)
[0. 0. 0. ... 0. 0. 0.]
cvc_x_pos (1251,)
[0. 0. 0. ... 0. 0. 0.]
cvc_x_pos (1251,)
[0. 0. 0. ... 0. 0. 0.]
cvc_x_pos (1251,)
[0. 0. 0. ... 0. 0. 0.]
cvc_x_pos (1251,)
[0. 0. 0. ... 0. 0. 0.]
cvc_x_pos (1251,)
[0. 0. 0. ... 0. 0. 0.]
cvc_x_pos (1251,)
[0. 0. 0. ... 0. 0. 0.]
cvc_x_pos (1251,)
[0. 0. 0. ... 0. 0. 0.]
cvc_x_pos (1251,)
[0. 0. 0. ... 0. 0. 0.]
cvc_x_pos (1251,)
[0. 0. 0. ... 0. 0. 0.]
cvc_x_pos (1251,)
[0. 0. 0. ... 0. 0. 0.]
cvc_x_pos (1251,)
[0.00660008 0.00660029 0.00660047 ... 0.         0.         0.        ]
cvc_x_pos (1251,)
[0. 0. 0. ... 0. 0. 0.]
cvc_x_pos (1251,)
[0. 0. 0. ... 0. 0. 0.]
cvc_x_pos (1251,)
[0. 0. 0. ... 0. 0. 0.]
cvc_x_pos (1251,)
[0. 0. 0. ... 0. 0. 0.]
cvc_x_pos (1251,)
[0. 0. 0. ... 0. 0. 0.]
cvc_x_pos (1251,)
[0. 0. 0. ... 0. 0. 0.]
cvc_x_pos (1251,)
[0. 0. 0. ... 0. 0. 0.]
cvc_x_pos (1251,)
[0. 0. 0. ... 0. 0. 0.]
cvc_x_pos (1251,)
[0. 0. 0. ... 0. 0. 0.]
cvc_x_pos (1251,)
[0. 0. 0. ... 0. 0. 0.]
cvc_x_pos (1251,)
[0. 0. 0. ... 0. 0. 0.]
cvc_x_pos (1251,)
[0.00665466 0.00665336 0.00665205 ... 0.         0.         0.        ]
cvc_x_pos (1251,)
[0.0057313  0.00573101 0.0057307  ... 0.         0.         0.        ]
cvc_x_pos (1251,)
[0. 0. 0. ... 0. 0. 0.]
cvc_x_pos (1251,)
[0. 0. 0. ... 0. 0. 0.]
cvc_x_pos (1251,)
[0.00673352 0.00673207 0.00673059 ... 0.         0.         0.        ]
cvc_x_pos (1251,)
[0. 0. 0. ... 0. 0. 0.]
cvc_x_pos (1251,)
[0. 0. 0. ... 0. 0. 0.]
cvc_x_pos (1251,)
[0. 0. 0. ... 0. 0. 0.]
cvc_x_pos (1251,)
[0. 0. 0. ... 0. 0. 0.]
cvc_x_pos (1251,)
[0. 0. 0. ... 0. 0. 0.]
cvc_x_pos (1251,)
[0. 0. 0. ... 0. 0. 0.]
cvc_x_pos (1251,)
[0. 0. 0. ... 0. 0. 0.]
cvc_x_pos (1251,)
[0. 0. 0. ... 0. 0. 0.]
cvc_x_pos (1251,)
[0. 0. 0. ... 0. 0. 0.]
cvc_x_pos (1251,)
[0. 0. 0. ... 0. 0. 0.]
cvc_x_pos (1251,)
[0. 0. 0. ... 0. 0. 0.]
cvc_x_pos (1251,)
[0.00699983 0.00700079 0.00700172 ... 0.         0.         0.        ]
cvc_x_pos (1251,)
[0.00690904 0.00690826 0.00690745 ... 0.         0.         0.        ]
cvc_x_pos (1251,)
[0. 0. 0. ... 0. 0. 0.]
cvc_x_pos (1251,)
[0. 0. 0. ... 0. 0. 0.]
cvc_x_pos (1251,)
[0. 0. 0. ... 0. 0. 0.]
cvc_x_pos (1251,)
[0. 0. 0. ... 0. 0. 0.]
cvc_x_pos (1251,)
[0. 0. 0. ... 0. 0. 0.]
cvc_x_pos (1251,)
[0. 0. 0. ... 0. 0. 0.]
cvc_x_pos (1251,)
[0. 0. 0. ... 0. 0. 0.]
cvc_x_pos (1251,)
[0. 0. 0. ... 0. 0. 0.]
cvc_x_pos (1251,)
[0. 0. 0. ... 0. 0. 0.]
cvc_x_pos (1251,)
[0. 0. 0. ... 0. 0. 0.]
cvc_x_pos (1251,)
[0. 0. 0. ... 0. 0. 0.]
cvc_x_pos (1251,)
[0. 0. 0. ... 0. 0. 0.]
cvc_x_pos (1251,)
[0. 0. 0. ... 0. 0. 0.]
cvc_x_pos (1251,)
[0. 0. 0. ... 0. 0. 0.]
cvc_x_pos (1251,)
[0. 0. 0. ... 0. 0. 0.]
cvc_x_pos (1251,)
[0. 0. 0. ... 0. 0. 0.]
cvc_x_pos (1251,)
[0. 0. 0. ... 0. 0. 0.]
cvc_x_pos (1251,)
[0. 0. 0. ... 0. 0. 0.]
cvc_x_pos (1251,)
[0.00664686 0.00664544 0.00664399 ... 0.         0.         0.        ]
cvc_x_pos (1251,)
[0.00692382 0.00692227 0.00692069 ... 0.         0.         0.        ]
cvc_x_pos (1251,)
[0.00688029 0.00688175 0.00688319 ... 0.         0.         0.        ]
cvc_x_pos (1251,)
[0. 0. 0. ... 0. 0. 0.]
cvc_x_pos (1251,)
[0.00711279 0.00711234 0.00711186 ... 0.         0.         0.        ]
cvc_x_pos (1251,)
[0. 0. 0. ... 0. 0. 0.]
cvc_x_pos (1251,)
[0.00625475 0.00625553 0.0062563  ... 0.         0.         0.        ]
cvc_x_pos (1251,)
[0. 0. 0. ... 0. 0. 0.]
cvc_x_pos (1251,)
[0. 0. 0. ... 0. 0. 0.]
cvc_x_pos (1251,)
[0. 0. 0. ... 0. 0. 0.]
cvc_x_pos (1251,)
[0. 0. 0. ... 0. 0. 0.]
cvc_x_pos (1251,)
[0. 0. 0. ... 0. 0. 0.]
cvc_x_pos (1251,)
[0. 0. 0. ... 0. 0. 0.]
cvc_x_pos (1251,)
[0. 0. 0. ... 0. 0. 0.]
cvc_x_pos (1251,)
[0. 0. 0. ... 0. 0. 0.]
cvc_x_pos (1251,)
[0. 0. 0. ... 0. 0. 0.]
cvc_x_pos (1251,)
[0. 0. 0. ... 0. 0. 0.]
cvc_x_pos (1251,)
[0.00789943 0.00789969 0.00789991 ... 0.         0.         0.        ]
cvc_x_pos (1251,)
[0. 0. 0. ... 0. 0. 0.]
cvc_x_pos (1251,)
[0. 0. 0. ... 0. 0. 0.]
cvc_x_pos (1251,)
[0. 0. 0. ... 0. 0. 0.]
cvc_x_pos (1251,)
[0. 0. 0. ... 0. 0. 0.]
cvc_x_pos (1251,)
[0. 0. 0. ... 0. 0. 0.]
cvc_x_pos (1251,)
[0. 0. 0. ... 0. 0. 0.]
cvc_x_pos (1251,)
[0. 0. 0. ... 0. 0. 0.]
cvc_x_pos (1251,)
[0. 0. 0. ... 0. 0. 0.]
cvc_x_pos (1251,)
[0. 0. 0. ... 0. 0. 0.]
cvc_x_pos (1251,)
[0. 0. 0. ... 0. 0. 0.]
cvc_x_pos (1251,)
[0. 0. 0. ... 0. 0. 0.]
cvc_x_pos (1251,)
[0. 0. 0. ... 0. 0. 0.]
cvc_x_pos (1251,)
[0. 0. 0. ... 0. 0. 0.]
cvc_x_pos (1251,)
[0. 0. 0. ... 0. 0. 0.]
cvc_x_pos (1251,)
[0. 0. 0. ... 0. 0. 0.]
cvc_x_pos (1251,)
[0. 0. 0. ... 0. 0. 0.]
cvc_x_pos (1251,)
[0. 0. 0. ... 0. 0. 0.]
cvc_x_pos (1251,)
[0. 0. 0. ... 0. 0. 0.]
cvc_x_pos (1251,)
[0. 0. 0. ... 0. 0. 0.]
cvc_x_pos (1251,)
[0. 0. 0. ... 0. 0. 0.]
cvc_x_pos (1251,)
[0. 0. 0. ... 0. 0. 0.]
cvc_x_pos (1251,)
[0. 0. 0. ... 0. 0. 0.]
cvc_x_pos (1251,)
[0. 0. 0. ... 0. 0. 0.]
cvc_x_pos (1251,)
[0. 0. 0. ... 0. 0. 0.]
cvc_x_pos (1251,)
[0. 0. 0. ... 0. 0. 0.]
cvc_x_pos (1251,)
[0. 0. 0. ... 0. 0. 0.]
cvc_x_pos (1251,)
[0. 0. 0. ... 0. 0. 0.]
cvc_x_pos (1251,)
[0. 0. 0. ... 0. 0. 0.]
cvc_x_pos (1251,)
[0. 0. 0. ... 0. 0. 0.]
cvc_x_pos (1251,)
[0. 0. 0. ... 0. 0. 0.]
cvc_x_pos (1251,)
[0.00666038 0.00665919 0.00665798 ... 0.         0.         0.        ]
cvc_x_pos (1251,)
[0.00685236 0.         0.         ... 0.         0.         0.        ]
cvc_x_pos (1251,)
[0.00731545 0.00731616 0.00731683 ... 0.         0.         0.        ]
cvc_x_pos (1251,)
[0. 0. 0. ... 0. 0. 0.]
cvc_x_pos (1251,)
[0.00757877 0.00758003 0.00758124 ... 0.         0.         0.        ]
cvc_x_pos (1251,)
[0. 0. 0. ... 0. 0. 0.]
cvc_x_pos (1251,)
[0. 0. 0. ... 0. 0. 0.]
cvc_x_pos (1251,)
[0. 0. 0. ... 0. 0. 0.]
cvc_x_pos (1251,)
[0. 0. 0. ... 0. 0. 0.]
cvc_x_pos (1251,)
[0. 0. 0. ... 0. 0. 0.]
cvc_x_pos (1251,)
[0. 0. 0. ... 0. 0. 0.]
cvc_x_pos (1251,)
[0. 0. 0. ... 0. 0. 0.]
cvc_x_pos (1251,)
[0. 0. 0. ... 0. 0. 0.]
cvc_x_pos (1251,)
[0. 0. 0. ... 0. 0. 0.]
cvc_x_pos (1251,)
[0.00596747 0.00596703 0.00596658 ... 0.         0.         0.        ]
cvc_x_pos (1251,)
[0. 0. 0. ... 0. 0. 0.]
cvc_x_pos (1251,)
[0. 0. 0. ... 0. 0. 0.]
cvc_x_pos (1251,)
[0. 0. 0. ... 0. 0. 0.]
cvc_x_pos (1251,)
[0. 0. 0. ... 0. 0. 0.]
cvc_x_pos (1251,)
[0. 0. 0. ... 0. 0. 0.]
cvc_x_pos (1251,)
[0. 0. 0. ... 0. 0. 0.]
cvc_x_pos (1251,)
[0. 0. 0. ... 0. 0. 0.]
cvc_x_pos (1251,)
[0. 0. 0. ... 0. 0. 0.]
cvc_x_pos (1251,)
[0. 0. 0. ... 0. 0. 0.]
cvc_x_pos (1251,)
[0. 0. 0. ... 0. 0. 0.]
cvc_x_pos (1251,)
[0. 0. 0. ... 0. 0. 0.]
cvc_x_pos (1251,)
[0. 0. 0. ... 0. 0. 0.]
cvc_x_pos (1251,)
[0. 0. 0. ... 0. 0. 0.]
cvc_x_pos (1251,)
[0. 0. 0. ... 0. 0. 0.]
cvc_x_pos (1251,)
[0. 0. 0. ... 0. 0. 0.]
cvc_x_pos (1251,)
[0. 0. 0. ... 0. 0. 0.]
cvc_x_pos (1251,)
[0. 0. 0. ... 0. 0. 0.]
cvc_x_pos (1251,)
[0. 0. 0. ... 0. 0. 0.]
cvc_x_pos (1251,)
[0. 0. 0. ... 0. 0. 0.]
cvc_x_pos (1251,)
[0. 0. 0. ... 0. 0. 0.]
cvc_x_pos (1251,)
[0. 0. 0. ... 0. 0. 0.]
cvc_x_pos (1251,)
[0. 0. 0. ... 0. 0. 0.]
cvc_x_pos (1251,)
[0. 0. 0. ... 0. 0. 0.]
cvc_x_pos (1251,)
[0. 0. 0. ... 0. 0. 0.]
cvc_x_pos (1251,)
[0. 0. 0. ... 0. 0. 0.]
cvc_x_pos (1251,)
[0. 0. 0. ... 0. 0. 0.]
cvc_x_pos (1251,)
[0. 0. 0. ... 0. 0. 0.]
cvc_x_pos (1251,)
[0. 0. 0. ... 0. 0. 0.]
cvc_x_pos (1251,)
[0. 0. 0. ... 0. 0. 0.]
cvc_x_pos (1251,)
[0. 0. 0. ... 0. 0. 0.]
cvc_x_pos (1251,)
[0. 0. 0. ... 0. 0. 0.]
cvc_x_pos (1251,)
[0. 0. 0. ... 0. 0. 0.]
cvc_x_pos (1251,)
[0. 0. 0. ... 0. 0. 0.]
cvc_x_pos (1251,)
[0. 0. 0. ... 0. 0. 0.]
cvc_x_pos (1251,)
[0. 0. 0. ... 0. 0. 0.]
cvc_x_pos (1251,)
[0. 0. 0. ... 0. 0. 0.]
cvc_x_pos (1251,)
[0. 0. 0. ... 0. 0. 0.]
cvc_x_pos (1251,)
[0. 0. 0. ... 0. 0. 0.]
cvc_x_pos (1251,)
[0. 0. 0. ... 0. 0. 0.]
cvc_x_pos (1251,)
[0. 0. 0. ... 0. 0. 0.]
cvc_x_pos (1251,)
[0. 0. 0. ... 0. 0. 0.]
cvc_x_pos (1251,)
[0.00747713 0.00747626 0.00747535 ... 0.         0.         0.        ]
cvc_x_pos (1251,)
[0. 0. 0. ... 0. 0. 0.]
cvc_x_pos (1251,)
[0.00655179 0.00655125 0.00655068 ... 0.         0.         0.        ]
cvc_x_pos (1251,)
[0.00728    0.00727833 0.00727663 ... 0.         0.         0.        ]
cvc_x_pos (1251,)
[0.00579804 0.00579778 0.0057975  ... 0.         0.         0.        ]
cvc_x_pos (1251,)
[0.00758909 0.00758814 0.00758715 ... 0.         0.         0.        ]
cvc_x_pos (1251,)
[0. 0. 0. ... 0. 0. 0.]
cvc_x_pos (1251,)
[0. 0. 0. ... 0. 0. 0.]
cvc_x_pos (1251,)
[0. 0. 0. ... 0. 0. 0.]
cvc_x_pos (1251,)
[0. 0. 0. ... 0. 0. 0.]
cvc_x_pos (1251,)
[0. 0. 0. ... 0. 0. 0.]
cvc_x_pos (1251,)
[0. 0. 0. ... 0. 0. 0.]
cvc_x_pos (1251,)
[0. 0. 0. ... 0. 0. 0.]
cvc_x_pos (1251,)
[0. 0. 0. ... 0. 0. 0.]
cvc_x_pos (1251,)
[0. 0. 0. ... 0. 0. 0.]
cvc_x_pos (1251,)
[0. 0. 0. ... 0. 0. 0.]
cvc_x_pos (1251,)
[0. 0. 0. ... 0. 0. 0.]
cvc_x_pos (1251,)
[0. 0. 0. ... 0. 0. 0.]
cvc_x_pos (1251,)
[0. 0. 0. ... 0. 0. 0.]
cvc_x_pos (1251,)
[0. 0. 0. ... 0. 0. 0.]
cvc_x_pos (1251,)
[0. 0. 0. ... 0. 0. 0.]
cvc_x_pos (1251,)
[0. 0. 0. ... 0. 0. 0.]
cvc_x_pos (1251,)
[0. 0. 0. ... 0. 0. 0.]
cvc_x_pos (1251,)
[0. 0. 0. ... 0. 0. 0.]
cvc_x_pos (1251,)
[0. 0. 0. ... 0. 0. 0.]
cvc_x_pos (1251,)
[0. 0. 0. ... 0. 0. 0.]
cvc_x_pos (1251,)
[0. 0. 0. ... 0. 0. 0.]
cvc_x_pos (1251,)
[0. 0. 0. ... 0. 0. 0.]
cvc_x_pos (1251,)
[0. 0. 0. ... 0. 0. 0.]
cvc_x_pos (1251,)
[0. 0. 0. ... 0. 0. 0.]
cvc_x_pos (1251,)
[0. 0. 0. ... 0. 0. 0.]
cvc_x_pos (1251,)
[0. 0. 0. ... 0. 0. 0.]
cvc_x_pos (1251,)
[0. 0. 0. ... 0. 0. 0.]
cvc_x_pos (1251,)
[0. 0. 0. ... 0. 0. 0.]
cvc_x_pos (1251,)
[0. 0. 0. ... 0. 0. 0.]
cvc_x_pos (1251,)
[0. 0. 0. ... 0. 0. 0.]
cvc_x_pos (1251,)
[0. 0. 0. ... 0. 0. 0.]
cvc_x_pos (1251,)
[0. 0. 0. ... 0. 0. 0.]
cvc_x_pos (1251,)
[0. 0. 0. ... 0. 0. 0.]
cvc_x_pos (1251,)
[0. 0. 0. ... 0. 0. 0.]
cvc_x_pos (1251,)
[0. 0. 0. ... 0. 0. 0.]
cvc_x_pos (1251,)
[0. 0. 0. ... 0. 0. 0.]
cvc_x_pos (1251,)
[0. 0. 0. ... 0. 0. 0.]
cvc_x_pos (1251,)
[0. 0. 0. ... 0. 0. 0.]
cvc_x_pos (1251,)
[0. 0. 0. ... 0. 0. 0.]
cvc_x_pos (1251,)
[0. 0. 0. ... 0. 0. 0.]
cvc_x_pos (1251,)
[0. 0. 0. ... 0. 0. 0.]
cvc_x_pos (1251,)
[0. 0. 0. ... 0. 0. 0.]
cvc_x_pos (1251,)
[0. 0. 0. ... 0. 0. 0.]
cvc_x_pos (1251,)
[0.00617361 0.00617499 0.00617635 ... 0.         0.         0.        ]
cvc_x_pos (1251,)
[0.00640154 0.00640266 0.00640377 ... 0.         0.         0.        ]
cvc_x_pos (1251,)
[0.00639711 0.0063983  0.00639948 ... 0.         0.         0.        ]
cvc_x_pos (1251,)
[0.00578654 0.00578719 0.00578781 ... 0.         0.         0.        ]
cvc_x_pos (1251,)
[0. 0. 0. ... 0. 0. 0.]
cvc_x_pos (1251,)
[0.00621754 0.00621828 0.006219   ... 0.         0.         0.        ]
cvc_x_pos (1251,)
[0. 0. 0. ... 0. 0. 0.]
cvc_x_pos (1251,)
[0. 0. 0. ... 0. 0. 0.]
cvc_x_pos (1251,)
[0. 0. 0. ... 0. 0. 0.]
cvc_x_pos (1251,)
[0. 0. 0. ... 0. 0. 0.]
cvc_x_pos (1251,)
[0. 0. 0. ... 0. 0. 0.]
cvc_x_pos (1251,)
[0. 0. 0. ... 0. 0. 0.]
cvc_x_pos (1251,)
[0. 0. 0. ... 0. 0. 0.]
cvc_x_pos (1251,)
[0. 0. 0. ... 0. 0. 0.]
cvc_x_pos (1251,)
[0. 0. 0. ... 0. 0. 0.]
cvc_x_pos (1251,)
[0. 0. 0. ... 0. 0. 0.]
cvc_x_pos (1251,)
[0. 0. 0. ... 0. 0. 0.]
cvc_x_pos (1251,)
[0. 0. 0. ... 0. 0. 0.]
cvc_x_pos (1251,)
[0. 0. 0. ... 0. 0. 0.]
cvc_x_pos (1251,)
[0. 0. 0. ... 0. 0. 0.]
cvc_x_pos (1251,)
[0. 0. 0. ... 0. 0. 0.]
cvc_x_pos (1251,)
[0. 0. 0. ... 0. 0. 0.]
cvc_x_pos (1251,)
[0. 0. 0. ... 0. 0. 0.]
cvc_x_pos (1251,)
[0. 0. 0. ... 0. 0. 0.]
cvc_x_pos (1251,)
[0. 0. 0. ... 0. 0. 0.]
cvc_x_pos (1251,)
[0. 0. 0. ... 0. 0. 0.]
cvc_x_pos (1251,)
[0. 0. 0. ... 0. 0. 0.]
cvc_x_pos (1251,)
[0. 0. 0. ... 0. 0. 0.]
cvc_x_pos (1251,)
[0. 0. 0. ... 0. 0. 0.]
cvc_x_pos (1251,)
[0. 0. 0. ... 0. 0. 0.]
cvc_x_pos (1251,)
[0. 0. 0. ... 0. 0. 0.]
cvc_x_pos (1251,)
[0. 0. 0. ... 0. 0. 0.]
cvc_x_pos (1251,)
[0. 0. 0. ... 0. 0. 0.]
cvc_x_pos (1251,)
[0. 0. 0. ... 0. 0. 0.]
cvc_x_pos (1251,)
[0. 0. 0. ... 0. 0. 0.]
cvc_x_pos (1251,)
[0. 0. 0. ... 0. 0. 0.]
cvc_x_pos (1251,)
[0. 0. 0. ... 0. 0. 0.]
cvc_x_pos (1251,)
[0. 0. 0. ... 0. 0. 0.]
cvc_x_pos (1251,)
[0. 0. 0. ... 0. 0. 0.]
cvc_x_pos (1251,)
[0.00680928 0.00681018 0.00681106 ... 0.         0.         0.        ]
cvc_x_pos (1251,)
[0. 0. 0. ... 0. 0. 0.]
cvc_x_pos (1251,)
[0.00659889 0.00659921 0.0065995  ... 0.         0.         0.        ]
cvc_x_pos (1251,)
[0. 0. 0. ... 0. 0. 0.]
cvc_x_pos (1251,)
[0.00547842 0.00547744 0.00547644 ... 0.         0.         0.        ]
cvc_x_pos (1251,)
[0. 0. 0. ... 0. 0. 0.]
cvc_x_pos (1251,)
[0. 0. 0. ... 0. 0. 0.]
cvc_x_pos (1251,)
[0. 0. 0. ... 0. 0. 0.]
cvc_x_pos (1251,)
[0. 0. 0. ... 0. 0. 0.]
cvc_x_pos (1251,)
[0. 0. 0. ... 0. 0. 0.]
cvc_x_pos (1251,)
[0. 0. 0. ... 0. 0. 0.]
cvc_x_pos (1251,)
[0. 0. 0. ... 0. 0. 0.]
cvc_x_pos (1251,)
[0. 0. 0. ... 0. 0. 0.]
cvc_x_pos (1251,)
[0. 0. 0. ... 0. 0. 0.]
cvc_x_pos (1251,)
[0. 0. 0. ... 0. 0. 0.]
cvc_x_pos (1251,)
[0. 0. 0. ... 0. 0. 0.]
cvc_x_pos (1251,)
[0. 0. 0. ... 0. 0. 0.]
cvc_x_pos (1251,)
[0. 0. 0. ... 0. 0. 0.]
cvc_x_pos (1251,)
[0. 0. 0. ... 0. 0. 0.]
cvc_x_pos (1251,)
[0. 0. 0. ... 0. 0. 0.]
cvc_x_pos (1251,)
[0. 0. 0. ... 0. 0. 0.]
cvc_x_pos (1251,)
[0. 0. 0. ... 0. 0. 0.]
cvc_x_pos (1251,)
[0. 0. 0. ... 0. 0. 0.]
cvc_x_pos (1251,)
[0. 0. 0. ... 0. 0. 0.]
cvc_x_pos (1251,)
[0. 0. 0. ... 0. 0. 0.]
cvc_x_pos (1251,)
[0. 0. 0. ... 0. 0. 0.]
cvc_x_pos (1251,)
[0. 0. 0. ... 0. 0. 0.]
cvc_x_pos (1251,)
[0. 0. 0. ... 0. 0. 0.]
cvc_x_pos (1251,)
[0. 0. 0. ... 0. 0. 0.]
cvc_x_pos (1251,)
[0.00572256 0.00572312 0.00572367 ... 0.         0.         0.        ]
cvc_x_pos (1251,)
[0. 0. 0. ... 0. 0. 0.]
cvc_x_pos (1251,)
[0.00654747 0.00654815 0.00654881 ... 0.         0.         0.        ]
cvc_x_pos (1251,)
[0. 0. 0. ... 0. 0. 0.]
cvc_x_pos (1251,)
[0.00642195 0.0064226  0.00642323 ... 0.         0.         0.        ]
cvc_x_pos (1251,)
[0.00667982 0.00667912 0.0066784  ... 0.         0.         0.        ]
cvc_x_pos (1251,)
[0.00633661 0.00633736 0.00633809 ... 0.         0.         0.        ]
cvc_x_pos (1251,)
[0.0080194  0.00802018 0.00802093 ... 0.         0.         0.        ]
cvc_x_pos (1251,)
[0. 0. 0. ... 0. 0. 0.]
cvc_x_pos (1251,)
[0. 0. 0. ... 0. 0. 0.]
cvc_x_pos (1251,)
[0. 0. 0. ... 0. 0. 0.]
cvc_x_pos (1251,)
[0. 0. 0. ... 0. 0. 0.]
cvc_x_pos (1251,)
[0. 0. 0. ... 0. 0. 0.]
cvc_x_pos (1251,)
[0. 0. 0. ... 0. 0. 0.]
cvc_x_pos (1251,)
[0. 0. 0. ... 0. 0. 0.]
cvc_x_pos (1251,)
[0. 0. 0. ... 0. 0. 0.]
cvc_x_pos (1251,)
[0. 0. 0. ... 0. 0. 0.]
cvc_x_pos (1251,)
[0. 0. 0. ... 0. 0. 0.]
cvc_x_pos (1251,)
[0. 0. 0. ... 0. 0. 0.]
cvc_x_pos (1251,)
[0. 0. 0. ... 0. 0. 0.]
cvc_x_pos (1251,)
[0.00648987 0.00649093 0.00649197 ... 0.         0.         0.        ]
cvc_x_pos (1251,)
[0. 0. 0. ... 0. 0. 0.]
cvc_x_pos (1251,)
[0.00606788 0.00606856 0.00606922 ... 0.         0.         0.        ]
cvc_x_pos (1251,)
[0. 0. 0. ... 0. 0. 0.]
cvc_x_pos (1251,)
[0.00668019 0.00668083 0.00668144 ... 0.         0.         0.        ]
cvc_x_pos (1251,)
[0. 0. 0. ... 0. 0. 0.]
cvc_x_pos (1251,)
[0.00716152 0.00716092 0.00716029 ... 0.         0.         0.        ]
cvc_x_pos (1251,)
[0.         0.00640885 0.00641044 ... 0.         0.         0.        ]
cvc_x_pos (1251,)
[0.006767   0.00676619 0.00676534 ... 0.         0.         0.        ]
cvc_x_pos (1251,)
[0. 0. 0. ... 0. 0. 0.]
cvc_x_pos (1251,)
[0. 0. 0. ... 0. 0. 0.]
cvc_x_pos (1251,)
[0. 0. 0. ... 0. 0. 0.]
cvc_x_pos (1251,)
[0. 0. 0. ... 0. 0. 0.]
cvc_x_pos (1251,)
[0. 0. 0. ... 0. 0. 0.]
cvc_x_pos (1251,)
[0. 0. 0. ... 0. 0. 0.]
cvc_x_pos (1251,)
[0.00701468 0.00701433 0.00701396 ... 0.         0.         0.        ]
cvc_x_pos (1251,)
[0. 0. 0. ... 0. 0. 0.]
cvc_x_pos (1251,)
[0.00600133 0.00600182 0.00600229 ... 0.         0.         0.        ]
cvc_x_pos (1251,)
[0.00703472 0.00703601 0.00703728 ... 0.         0.         0.        ]
cvc_x_pos (1251,)
[0.00721085 0.00721014 0.00720941 ... 0.         0.         0.        ]
cvc_x_pos (1251,)
[0.0055537  0.00555482 0.00555592 ... 0.         0.         0.        ]
cvc_x_pos (1251,)
[0. 0. 0. ... 0. 0. 0.]
cvc_x_pos (1251,)
[0. 0. 0. ... 0. 0. 0.]
cvc_x_pos (1251,)
[0. 0. 0. ... 0. 0. 0.]
cvc_x_pos (1251,)
[0. 0. 0. ... 0. 0. 0.]
cvc_x_pos (1251,)
[0. 0. 0. ... 0. 0. 0.]
cvc_x_pos (1251,)
[0.00698236 0.00698371 0.00698504 ... 0.         0.         0.        ]
cvc_x_pos (1251,)
[0.00667768 0.00667603 0.00667435 ... 0.         0.         0.        ]
cvc_x_pos (1251,)
[0. 0. 0. ... 0. 0. 0.]
cvc_x_pos (1251,)
[0.00562245 0.0056218  0.00562113 ... 0.         0.         0.        ]
cvc_x_pos (1251,)
[0. 0. 0. ... 0. 0. 0.]
cvc_x_pos (1251,)
[0.00567741 0.00567821 0.005679   ... 0.         0.         0.        ]
cvc_x_pos (1251,)
[0. 0. 0. ... 0. 0. 0.]
cvc_x_pos (1251,)
[0. 0. 0. ... 0. 0. 0.]
cvc_x_pos (1251,)
[0. 0. 0. ... 0. 0. 0.]
cvc_x_pos (1251,)
[0.00578312 0.00578384 0.00578455 ... 0.         0.         0.        ]
cvc_x_pos (1251,)
[0. 0. 0. ... 0. 0. 0.]
cvc_x_pos (1251,)
[0. 0. 0. ... 0. 0. 0.]
cvc_x_pos (1251,)
[0. 0. 0. ... 0. 0. 0.]
cvc_x_pos (1251,)
[0. 0. 0. ... 0. 0. 0.]
cvc_x_pos (1251,)
[0. 0. 0. ... 0. 0. 0.]
cvc_x_pos (1251,)
[0. 0. 0. ... 0. 0. 0.]
cvc_x_pos (1251,)
[0. 0. 0. ... 0. 0. 0.]
cvc_x_pos (1251,)
[0. 0. 0. ... 0. 0. 0.]
cvc_x_pos (1251,)
[0. 0. 0. ... 0. 0. 0.]
cvc_x_pos (1251,)
[0. 0. 0. ... 0. 0. 0.]
cvc_x_pos (1251,)
[0. 0. 0. ... 0. 0. 0.]
cvc_x_pos (1251,)
[0.00532976 0.00532885 0.00532793 ... 0.         0.         0.        ]
cvc_x_pos (1251,)
[0.00509628 0.00509558 0.00509486 ... 0.         0.         0.        ]
cvc_x_pos (1251,)
[0.00706409 0.0070644  0.00706468 ... 0.         0.         0.        ]
cvc_x_pos (1251,)
[0. 0. 0. ... 0. 0. 0.]
cvc_x_pos (1251,)
[0.00522479 0.00522461 0.00522442 ... 0.         0.         0.        ]
cvc_x_pos (1251,)
[0.00735569 0.00735448 0.00735325 ... 0.         0.         0.        ]
cvc_x_pos (1251,)
[0. 0. 0. ... 0. 0. 0.]
cvc_x_pos (1251,)
[0.00630657 0.00630615 0.00630571 ... 0.         0.         0.        ]
cvc_x_pos (1251,)
[0. 0. 0. ... 0. 0. 0.]
cvc_x_pos (1251,)
[0. 0. 0. ... 0. 0. 0.]
cvc_x_pos (1251,)
[0. 0. 0. ... 0. 0. 0.]
cvc_x_pos (1251,)
[0. 0. 0. ... 0. 0. 0.]
cvc_x_pos (1251,)
[0. 0. 0. ... 0. 0. 0.]
cvc_x_pos (1251,)
[0. 0. 0. ... 0. 0. 0.]
cvc_x_pos (1251,)
[0. 0. 0. ... 0. 0. 0.]
cvc_x_pos (1251,)
[0. 0. 0. ... 0. 0. 0.]
cvc_x_pos (1251,)
[0. 0. 0. ... 0. 0. 0.]
cvc_x_pos (1251,)
[0. 0. 0. ... 0. 0. 0.]
cvc_x_pos (1251,)
[0. 0. 0. ... 0. 0. 0.]
cvc_x_pos (1251,)
[0. 0. 0. ... 0. 0. 0.]
cvc_x_pos (1251,)
[0. 0. 0. ... 0. 0. 0.]
cvc_x_pos (1251,)
[0. 0. 0. ... 0. 0. 0.]
cvc_x_pos (1251,)
[0. 0. 0. ... 0. 0. 0.]
cvc_x_pos (1251,)
[0. 0. 0. ... 0. 0. 0.]
cvc_x_pos (1251,)
[0. 0. 0. ... 0. 0. 0.]
cvc_x_pos (1251,)
[0. 0. 0. ... 0. 0. 0.]
cvc_x_pos (1251,)
[0. 0. 0. ... 0. 0. 0.]
cvc_x_pos (1251,)
[0. 0. 0. ... 0. 0. 0.]
cvc_x_pos (1251,)
[0. 0. 0. ... 0. 0. 0.]
cvc_x_pos (1251,)
[0.00689266 0.00689143 0.00689017 ... 0.         0.         0.        ]
cvc_x_pos (1251,)
[0. 0. 0. ... 0. 0. 0.]
cvc_x_pos (1251,)
[0.0054232  0.0054233  0.00542338 ... 0.         0.         0.        ]
cvc_x_pos (1251,)
[0. 0. 0. ... 0. 0. 0.]
cvc_x_pos (1251,)
[0.00759302 0.00759223 0.00759141 ... 0.         0.         0.        ]
cvc_x_pos (1251,)
[0. 0. 0. ... 0. 0. 0.]
cvc_x_pos (1251,)
[0.00608002 0.00607981 0.00607958 ... 0.         0.         0.        ]
cvc_x_pos (1251,)
[0.00659444 0.00659386 0.00659326 ... 0.         0.         0.        ]
cvc_x_pos (1251,)
[0.00619034 0.00618907 0.00618778 ... 0.         0.         0.        ]
cvc_x_pos (1251,)
[0. 0. 0. ... 0. 0. 0.]
cvc_x_pos (1251,)
[0. 0. 0. ... 0. 0. 0.]
cvc_x_pos (1251,)
[0. 0. 0. ... 0. 0. 0.]
cvc_x_pos (1251,)
[0. 0. 0. ... 0. 0. 0.]
cvc_x_pos (1251,)
[0. 0. 0. ... 0. 0. 0.]
cvc_x_pos (1251,)
[0. 0. 0. ... 0. 0. 0.]
cvc_x_pos (1251,)
[0. 0. 0. ... 0. 0. 0.]
cvc_x_pos (1251,)
[0. 0. 0. ... 0. 0. 0.]
cvc_x_pos (1251,)
[0. 0. 0. ... 0. 0. 0.]
cvc_x_pos (1251,)
[0. 0. 0. ... 0. 0. 0.]
cvc_x_pos (1251,)
[0. 0. 0. ... 0. 0. 0.]
cvc_x_pos (1251,)
[0. 0. 0. ... 0. 0. 0.]
cvc_x_pos (1251,)
[0. 0. 0. ... 0. 0. 0.]
cvc_x_pos (1251,)
[0. 0. 0. ... 0. 0. 0.]
cvc_x_pos (1251,)
[0. 0. 0. ... 0. 0. 0.]
cvc_x_pos (1251,)
[0. 0. 0. ... 0. 0. 0.]
cvc_x_pos (1251,)
[0. 0. 0. ... 0. 0. 0.]
cvc_x_pos (1251,)
[0. 0. 0. ... 0. 0. 0.]
cvc_x_pos (1251,)
[0. 0. 0. ... 0. 0. 0.]
cvc_x_pos (1251,)
[0. 0. 0. ... 0. 0. 0.]
cvc_x_pos (1251,)
[0. 0. 0. ... 0. 0. 0.]
cvc_x_pos (1251,)
[0. 0. 0. ... 0. 0. 0.]
cvc_x_pos (1251,)
[0. 0. 0. ... 0. 0. 0.]
cvc_x_pos (1251,)
[0. 0. 0. ... 0. 0. 0.]
cvc_x_pos (1251,)
[0. 0. 0. ... 0. 0. 0.]
cvc_x_pos (1251,)
[0. 0. 0. ... 0. 0. 0.]
cvc_x_pos (1251,)
[0. 0. 0. ... 0. 0. 0.]
cvc_x_pos (1251,)
[0. 0. 0. ... 0. 0. 0.]
cvc_x_pos (1251,)
[0. 0. 0. ... 0. 0. 0.]
cvc_x_pos (1251,)
[0. 0. 0. ... 0. 0. 0.]
cvc_x_pos (1251,)
[0. 0. 0. ... 0. 0. 0.]
cvc_x_pos (1251,)
[0.00630688 0.00630647 0.00630605 ... 0.         0.         0.        ]
cvc_x_pos (1251,)
[0. 0. 0. ... 0. 0. 0.]
cvc_x_pos (1251,)
[0.00627708 0.00627592 0.00627474 ... 0.         0.         0.        ]
cvc_x_pos (1251,)
[0. 0. 0. ... 0. 0. 0.]
cvc_x_pos (1251,)
[0.00811118 0.00810922 0.00810723 ... 0.         0.         0.        ]
cvc_x_pos (1251,)
[0. 0. 0. ... 0. 0. 0.]
cvc_x_pos (1251,)
[0.00729899 0.00730023 0.00730145 ... 0.         0.         0.        ]
cvc_x_pos (1251,)
[0. 0. 0. ... 0. 0. 0.]
cvc_x_pos (1251,)
[0. 0. 0. ... 0. 0. 0.]
cvc_x_pos (1251,)
[0. 0. 0. ... 0. 0. 0.]
cvc_x_pos (1251,)
[0. 0. 0. ... 0. 0. 0.]
cvc_x_pos (1251,)
[0. 0. 0. ... 0. 0. 0.]
cvc_x_pos (1251,)
[0. 0. 0. ... 0. 0. 0.]
cvc_x_pos (1251,)
[0. 0. 0. ... 0. 0. 0.]
cvc_x_pos (1251,)
[0. 0. 0. ... 0. 0. 0.]
cvc_x_pos (1251,)
[0. 0. 0. ... 0. 0. 0.]
cvc_x_pos (1251,)
[0. 0. 0. ... 0. 0. 0.]
cvc_x_pos (1251,)
[0. 0. 0. ... 0. 0. 0.]
cvc_x_pos (1251,)
[0. 0. 0. ... 0. 0. 0.]
cvc_x_pos (1251,)
[0. 0. 0. ... 0. 0. 0.]
cvc_x_pos (1251,)
[0. 0. 0. ... 0. 0. 0.]
cvc_x_pos (1251,)
[0. 0. 0. ... 0. 0. 0.]
cvc_x_pos (1251,)
[0. 0. 0. ... 0. 0. 0.]
cvc_x_pos (1251,)
[0. 0. 0. ... 0. 0. 0.]
cvc_x_pos (1251,)
[0. 0. 0. ... 0. 0. 0.]
cvc_x_pos (1251,)
[0. 0. 0. ... 0. 0. 0.]
cvc_x_pos (1251,)
[0. 0. 0. ... 0. 0. 0.]
cvc_x_pos (1251,)
[0. 0. 0. ... 0. 0. 0.]
cvc_x_pos (1251,)
[0. 0. 0. ... 0. 0. 0.]
cvc_x_pos (1251,)
[0. 0. 0. ... 0. 0. 0.]
cvc_x_pos (1251,)
[0. 0. 0. ... 0. 0. 0.]
cvc_x_pos (1251,)
[0. 0. 0. ... 0. 0. 0.]
cvc_x_pos (1251,)
[0. 0. 0. ... 0. 0. 0.]
cvc_x_pos (1251,)
[0. 0. 0. ... 0. 0. 0.]
cvc_x_pos (1251,)
[0. 0. 0. ... 0. 0. 0.]
cvc_x_pos (1251,)
[0. 0. 0. ... 0. 0. 0.]
cvc_x_pos (1251,)
[0. 0. 0. ... 0. 0. 0.]
cvc_x_pos (1251,)
[0. 0. 0. ... 0. 0. 0.]
cvc_x_pos (1251,)
[0. 0. 0. ... 0. 0. 0.]
cvc_x_pos (1251,)
[0. 0. 0. ... 0. 0. 0.]
cvc_x_pos (1251,)
[0. 0. 0. ... 0. 0. 0.]
cvc_x_pos (1251,)
[0. 0. 0. ... 0. 0. 0.]
cvc_x_pos (1251,)
[0. 0. 0. ... 0. 0. 0.]
cvc_x_pos (1251,)
[0. 0. 0. ... 0. 0. 0.]
cvc_x_pos (1251,)
[0. 0. 0. ... 0. 0. 0.]
cvc_x_pos (1251,)
[0. 0. 0. ... 0. 0. 0.]
cvc_x_pos (1251,)
[0. 0. 0. ... 0. 0. 0.]
cvc_x_pos (1251,)
[0. 0. 0. ... 0. 0. 0.]
cvc_x_pos (1251,)
[0. 0. 0. ... 0. 0. 0.]
cvc_x_pos (1251,)
[0. 0. 0. ... 0. 0. 0.]
cvc_x_pos (1251,)
[0.00497968 0.00497919 0.00497869 ... 0.         0.         0.        ]
cvc_x_pos (1251,)
[0. 0. 0. ... 0. 0. 0.]
cvc_x_pos (1251,)
[0.00650169 0.00650092 0.00650013 ... 0.         0.         0.        ]
cvc_x_pos (1251,)
[0.00646395 0.00646246 0.00646095 ... 0.         0.         0.        ]
cvc_x_pos (1251,)
[0.00709889 0.00709987 0.00710082 ... 0.         0.         0.        ]
cvc_x_pos (1251,)
[0.00580751 0.00580659 0.00580565 ... 0.         0.         0.        ]
cvc_x_pos (1251,)
[0. 0. 0. ... 0. 0. 0.]
cvc_x_pos (1251,)
[0. 0. 0. ... 0. 0. 0.]
cvc_x_pos (1251,)
[0. 0. 0. ... 0. 0. 0.]
cvc_x_pos (1251,)
[0. 0. 0. ... 0. 0. 0.]
cvc_x_pos (1251,)
[0. 0. 0. ... 0. 0. 0.]
cvc_x_pos (1251,)
[0. 0. 0. ... 0. 0. 0.]
cvc_x_pos (1251,)
[0. 0. 0. ... 0. 0. 0.]
cvc_x_pos (1251,)
[0. 0. 0. ... 0. 0. 0.]
cvc_x_pos (1251,)
[0. 0. 0. ... 0. 0. 0.]
cvc_x_pos (1251,)
[0. 0. 0. ... 0. 0. 0.]
cvc_x_pos (1251,)
[0. 0. 0. ... 0. 0. 0.]
cvc_x_pos (1251,)
[0. 0. 0. ... 0. 0. 0.]
cvc_x_pos (1251,)
[0. 0. 0. ... 0. 0. 0.]
cvc_x_pos (1251,)
[0. 0. 0. ... 0. 0. 0.]
cvc_x_pos (1251,)
[0. 0. 0. ... 0. 0. 0.]
cvc_x_pos (1251,)
[0. 0. 0. ... 0. 0. 0.]
cvc_x_pos (1251,)
[0. 0. 0. ... 0. 0. 0.]
cvc_x_pos (1251,)
[0. 0. 0. ... 0. 0. 0.]
cvc_x_pos (1251,)
[0. 0. 0. ... 0. 0. 0.]
cvc_x_pos (1251,)
[0. 0. 0. ... 0. 0. 0.]
cvc_x_pos (1251,)
[0. 0. 0. ... 0. 0. 0.]
cvc_x_pos (1251,)
[0. 0. 0. ... 0. 0. 0.]
cvc_x_pos (1251,)
[0. 0. 0. ... 0. 0. 0.]
cvc_x_pos (1251,)
[0. 0. 0. ... 0. 0. 0.]
cvc_x_pos (1251,)
[0. 0. 0. ... 0. 0. 0.]
cvc_x_pos (1251,)
[0. 0. 0. ... 0. 0. 0.]
cvc_x_pos (1251,)
[0. 0. 0. ... 0. 0. 0.]
cvc_x_pos (1251,)
[0. 0. 0. ... 0. 0. 0.]
cvc_x_pos (1251,)
[0. 0. 0. ... 0. 0. 0.]
cvc_x_pos (1251,)
[0. 0. 0. ... 0. 0. 0.]
cvc_x_pos (1251,)
[0. 0. 0. ... 0. 0. 0.]
cvc_x_pos (1251,)
[0. 0. 0. ... 0. 0. 0.]
cvc_x_pos (1251,)
[0. 0. 0. ... 0. 0. 0.]
cvc_x_pos (1251,)
[0. 0. 0. ... 0. 0. 0.]
cvc_x_pos (1251,)
[0. 0. 0. ... 0. 0. 0.]
cvc_x_pos (1251,)
[0. 0. 0. ... 0. 0. 0.]
cvc_x_pos (1251,)
[0. 0. 0. ... 0. 0. 0.]
cvc_x_pos (1251,)
[0. 0. 0. ... 0. 0. 0.]
cvc_x_pos (1251,)
[0. 0. 0. ... 0. 0. 0.]
cvc_x_pos (1251,)
[0. 0. 0. ... 0. 0. 0.]
cvc_x_pos (1251,)
[0. 0. 0. ... 0. 0. 0.]
cvc_x_pos (1251,)
[0. 0. 0. ... 0. 0. 0.]
cvc_x_pos (1251,)
[0.00680884 0.00681061 0.00681236 ... 0.         0.         0.        ]
cvc_x_pos (1251,)
[0. 0. 0. ... 0. 0. 0.]
cvc_x_pos (1251,)
[0.00576634 0.00576644 0.00576652 ... 0.         0.         0.        ]
cvc_x_pos (1251,)
[0. 0. 0. ... 0. 0. 0.]
cvc_x_pos (1251,)
[0.00689417 0.00689531 0.00689643 ... 0.         0.         0.        ]
cvc_x_pos (1251,)
[0.00726791 0.00726976 0.00727157 ... 0.         0.         0.        ]
cvc_x_pos (1251,)
[0.00659067 0.00658996 0.00658923 ... 0.         0.         0.        ]
cvc_x_pos (1251,)
[0.00635588 0.00635708 0.00635825 ... 0.         0.         0.        ]
cvc_x_pos (1251,)
[0.00794545 0.00794421 0.00794293 ... 0.         0.         0.        ]
cvc_x_pos (1251,)
[0. 0. 0. ... 0. 0. 0.]
cvc_x_pos (1251,)
[0. 0. 0. ... 0. 0. 0.]
cvc_x_pos (1251,)
[0. 0. 0. ... 0. 0. 0.]
cvc_x_pos (1251,)
[0. 0. 0. ... 0. 0. 0.]
cvc_x_pos (1251,)
[0. 0. 0. ... 0. 0. 0.]
cvc_x_pos (1251,)
[0. 0. 0. ... 0. 0. 0.]
cvc_x_pos (1251,)
[0. 0. 0. ... 0. 0. 0.]
cvc_x_pos (1251,)
[0. 0. 0. ... 0. 0. 0.]
cvc_x_pos (1251,)
[0. 0. 0. ... 0. 0. 0.]
cvc_x_pos (1251,)
[0. 0. 0. ... 0. 0. 0.]
cvc_x_pos (1251,)
[0. 0. 0. ... 0. 0. 0.]
cvc_x_pos (1251,)
[0. 0. 0. ... 0. 0. 0.]
cvc_x_pos (1251,)
[0. 0. 0. ... 0. 0. 0.]
cvc_x_pos (1251,)
[0. 0. 0. ... 0. 0. 0.]
cvc_x_pos (1251,)
[0. 0. 0. ... 0. 0. 0.]
cvc_x_pos (1251,)
[0. 0. 0. ... 0. 0. 0.]
cvc_x_pos (1251,)
[0. 0. 0. ... 0. 0. 0.]
cvc_x_pos (1251,)
[0. 0. 0. ... 0. 0. 0.]
cvc_x_pos (1251,)
[0. 0. 0. ... 0. 0. 0.]
cvc_x_pos (1251,)
[0. 0. 0. ... 0. 0. 0.]
cvc_x_pos (1251,)
[0. 0. 0. ... 0. 0. 0.]
cvc_x_pos (1251,)
[0. 0. 0. ... 0. 0. 0.]
cvc_x_pos (1251,)
[0. 0. 0. ... 0. 0. 0.]
cvc_x_pos (1251,)
[0. 0. 0. ... 0. 0. 0.]
cvc_x_pos (1251,)
[0. 0. 0. ... 0. 0. 0.]
cvc_x_pos (1251,)
[0. 0. 0. ... 0. 0. 0.]
cvc_x_pos (1251,)
[0. 0. 0. ... 0. 0. 0.]
cvc_x_pos (1251,)
[0. 0. 0. ... 0. 0. 0.]
cvc_x_pos (1251,)
[0. 0. 0. ... 0. 0. 0.]
cvc_x_pos (1251,)
[0. 0. 0. ... 0. 0. 0.]
cvc_x_pos (1251,)
[0. 0. 0. ... 0. 0. 0.]
cvc_x_pos (1251,)
[0. 0. 0. ... 0. 0. 0.]
cvc_x_pos (1251,)
[0. 0. 0. ... 0. 0. 0.]
cvc_x_pos (1251,)
[0.00660307 0.00660444 0.00660579 ... 0.         0.         0.        ]
cvc_x_pos (1251,)
[0. 0. 0. ... 0. 0. 0.]
cvc_x_pos (1251,)
[0.00622354 0.00622414 0.00622471 ... 0.         0.         0.        ]
cvc_x_pos (1251,)
[0.006013   0.00601402 0.00601503 ... 0.         0.         0.        ]
cvc_x_pos (1251,)
[0.0065989  0.00659857 0.00659821 ... 0.         0.         0.        ]
cvc_x_pos (1251,)
[0.00721391 0.00721339 0.00721283 ... 0.         0.         0.        ]
cvc_x_pos (1251,)
[0. 0. 0. ... 0. 0. 0.]
cvc_x_pos (1251,)
[0.00765734 0.00765697 0.00765656 ... 0.         0.         0.        ]
cvc_x_pos (1251,)
[0.00679472 0.00679597 0.0067972  ... 0.         0.         0.        ]
cvc_x_pos (1251,)
[0. 0. 0. ... 0. 0. 0.]
cvc_x_pos (1251,)
[0. 0. 0. ... 0. 0. 0.]
cvc_x_pos (1251,)
[0. 0. 0. ... 0. 0. 0.]
cvc_x_pos (1251,)
[0. 0. 0. ... 0. 0. 0.]
cvc_x_pos (1251,)
[0. 0. 0. ... 0. 0. 0.]
cvc_x_pos (1251,)
[0. 0. 0. ... 0. 0. 0.]
cvc_x_pos (1251,)
[0. 0. 0. ... 0. 0. 0.]
cvc_x_pos (1251,)
[0. 0. 0. ... 0. 0. 0.]
cvc_x_pos (1251,)
[0. 0. 0. ... 0. 0. 0.]
cvc_x_pos (1251,)
[0. 0. 0. ... 0. 0. 0.]
cvc_x_pos (1251,)
[0. 0. 0. ... 0. 0. 0.]
cvc_x_pos (1251,)
[0. 0. 0. ... 0. 0. 0.]
cvc_x_pos (1251,)
[0. 0. 0. ... 0. 0. 0.]
cvc_x_pos (1251,)
[0. 0. 0. ... 0. 0. 0.]
cvc_x_pos (1251,)
[0. 0. 0. ... 0. 0. 0.]
cvc_x_pos (1251,)
[0. 0. 0. ... 0. 0. 0.]
cvc_x_pos (1251,)
[0. 0. 0. ... 0. 0. 0.]
cvc_x_pos (1251,)
[0. 0. 0. ... 0. 0. 0.]
cvc_x_pos (1251,)
[0. 0. 0. ... 0. 0. 0.]
cvc_x_pos (1251,)
[0. 0. 0. ... 0. 0. 0.]
cvc_x_pos (1251,)
[0.00702149 0.00702303 0.00702454 ... 0.         0.         0.        ]
cvc_x_pos (1251,)
[0. 0. 0. ... 0. 0. 0.]
cvc_x_pos (1251,)
[0.00537342 0.00537412 0.00537482 ... 0.         0.         0.        ]
cvc_x_pos (1251,)
[0. 0. 0. ... 0. 0. 0.]
cvc_x_pos (1251,)
[0.00661662 0.00661544 0.00661423 ... 0.         0.         0.        ]
cvc_x_pos (1251,)
[0. 0. 0. ... 0. 0. 0.]
cvc_x_pos (1251,)
[0.00666319 0.00666206 0.0066609  ... 0.         0.         0.        ]
cvc_x_pos (1251,)
[0. 0. 0. ... 0. 0. 0.]
cvc_x_pos (1251,)
[0. 0. 0. ... 0. 0. 0.]
cvc_x_pos (1251,)
[0. 0. 0. ... 0. 0. 0.]
cvc_x_pos (1251,)
[0.00664494 0.00664491 0.00664485 ... 0.         0.         0.        ]
cvc_x_pos (1251,)
[0. 0. 0. ... 0. 0. 0.]
cvc_x_pos (1251,)
[0. 0. 0. ... 0. 0. 0.]
cvc_x_pos (1251,)
[0. 0. 0. ... 0. 0. 0.]
cvc_x_pos (1251,)
[0. 0. 0. ... 0. 0. 0.]
cvc_x_pos (1251,)
[0. 0. 0. ... 0. 0. 0.]
cvc_x_pos (1251,)
[0. 0. 0. ... 0. 0. 0.]
cvc_x_pos (1251,)
[0. 0. 0. ... 0. 0. 0.]
cvc_x_pos (1251,)
[0. 0. 0. ... 0. 0. 0.]
cvc_x_pos (1251,)
[0. 0. 0. ... 0. 0. 0.]
cvc_x_pos (1251,)
[0. 0. 0. ... 0. 0. 0.]
cvc_x_pos (1251,)
[0.00782528 0.00782628 0.00782724 ... 0.         0.         0.        ]
cvc_x_pos (1251,)
[0. 0. 0. ... 0. 0. 0.]
cvc_x_pos (1251,)
[0.00689799 0.00689687 0.00689572 ... 0.         0.         0.        ]
cvc_x_pos (1251,)
[0. 0. 0. ... 0. 0. 0.]
cvc_x_pos (1251,)
[0.00522582 0.00522589 0.00522595 ... 0.         0.         0.        ]
cvc_x_pos (1251,)
[0. 0. 0. ... 0. 0. 0.]
cvc_x_pos (1251,)
[0.00711037 0.00711092 0.00711145 ... 0.         0.         0.        ]
cvc_x_pos (1251,)
[0.00701638 0.00701625 0.00701609 ... 0.         0.         0.        ]
cvc_x_pos (1251,)
[0.00596005 0.00595874 0.00595741 ... 0.         0.         0.        ]
cvc_x_pos (1251,)
[0. 0. 0. ... 0. 0. 0.]
cvc_x_pos (1251,)
[0. 0. 0. ... 0. 0. 0.]
cvc_x_pos (1251,)
[0. 0. 0. ... 0. 0. 0.]
cvc_x_pos (1251,)
[0. 0. 0. ... 0. 0. 0.]
cvc_x_pos (1251,)
[0.00726998 0.00726975 0.0072695  ... 0.         0.         0.        ]
cvc_x_pos (1251,)
[0.00702814 0.00702959 0.00703101 ... 0.         0.         0.        ]
cvc_x_pos (1251,)
[0.00570385 0.0057048  0.00570574 ... 0.         0.         0.        ]
cvc_x_pos (1251,)
[0.00796134 0.00796168 0.00796197 ... 0.         0.         0.        ]
cvc_x_pos (1251,)
[0. 0. 0. ... 0. 0. 0.]
cvc_x_pos (1251,)
[0. 0. 0. ... 0. 0. 0.]
cvc_x_pos (1251,)
[0. 0. 0. ... 0. 0. 0.]
cvc_x_pos (1251,)
[0.006686   0.00668637 0.00668671 ... 0.         0.         0.        ]
cvc_x_pos (1251,)
[0. 0. 0. ... 0. 0. 0.]
cvc_x_pos (1251,)
[0. 0. 0. ... 0. 0. 0.]
cvc_x_pos (1251,)
[0. 0. 0. ... 0. 0. 0.]
cvc_x_pos (1251,)
[0. 0. 0. ... 0. 0. 0.]
cvc_x_pos (1251,)
[0. 0. 0. ... 0. 0. 0.]
cvc_x_pos (1251,)
[0. 0. 0. ... 0. 0. 0.]
cvc_x_pos (1251,)
[0.0064134  0.0064125  0.00641158 ... 0.         0.         0.        ]
cvc_x_pos (1251,)
[0.00645383 0.00645289 0.00645193 ... 0.         0.         0.        ]
cvc_x_pos (1251,)
[0.00651232 0.00651269 0.00651304 ... 0.         0.         0.        ]
cvc_x_pos (1251,)
[0. 0. 0. ... 0. 0. 0.]
cvc_x_pos (1251,)
[0.00628489 0.00628591 0.00628691 ... 0.         0.         0.        ]
cvc_x_pos (1251,)
[0. 0. 0. ... 0. 0. 0.]
cvc_x_pos (1251,)
[0. 0. 0. ... 0. 0. 0.]
cvc_x_pos (1251,)
[0. 0. 0. ... 0. 0. 0.]
cvc_x_pos (1251,)
[0. 0. 0. ... 0. 0. 0.]
cvc_x_pos (1251,)
[0. 0. 0. ... 0. 0. 0.]
cvc_x_pos (1251,)
[0. 0. 0. ... 0. 0. 0.]
cvc_x_pos (1251,)
[0. 0. 0. ... 0. 0. 0.]
cvc_x_pos (1251,)
[0. 0. 0. ... 0. 0. 0.]
cvc_x_pos (1251,)
[0. 0. 0. ... 0. 0. 0.]
cvc_x_pos (1251,)
[0. 0. 0. ... 0. 0. 0.]
cvc_x_pos (1251,)
[0. 0. 0. ... 0. 0. 0.]
cvc_x_pos (1251,)
[0. 0. 0. ... 0. 0. 0.]
cvc_x_pos (1251,)
[0. 0. 0. ... 0. 0. 0.]
cvc_x_pos (1251,)
[0. 0. 0. ... 0. 0. 0.]
cvc_x_pos (1251,)
[0. 0. 0. ... 0. 0. 0.]
cvc_x_pos (1251,)
[0. 0. 0. ... 0. 0. 0.]
cvc_x_pos (1251,)
[0. 0. 0. ... 0. 0. 0.]
cvc_x_pos (1251,)
[0.00672657 0.00672594 0.00672528 ... 0.         0.         0.        ]
cvc_x_pos (1251,)
[0.00668536 0.00668491 0.00668443 ... 0.         0.         0.        ]
cvc_x_pos (1251,)
[0. 0. 0. ... 0. 0. 0.]
cvc_x_pos (1251,)
[0.00638063 0.00638127 0.0063819  ... 0.         0.         0.        ]
cvc_x_pos (1251,)
[0. 0. 0. ... 0. 0. 0.]
cvc_x_pos (1251,)
[0. 0. 0. ... 0. 0. 0.]
cvc_x_pos (1251,)
[0. 0. 0. ... 0. 0. 0.]
cvc_x_pos (1251,)
[0. 0. 0. ... 0. 0. 0.]
cvc_x_pos (1251,)
[0. 0. 0. ... 0. 0. 0.]
cvc_x_pos (1251,)
[0. 0. 0. ... 0. 0. 0.]
cvc_x_pos (1251,)
[0. 0. 0. ... 0. 0. 0.]
cvc_x_pos (1251,)
[0. 0. 0. ... 0. 0. 0.]
cvc_x_pos (1251,)
[0. 0. 0. ... 0. 0. 0.]
cvc_x_pos (1251,)
[0. 0. 0. ... 0. 0. 0.]
cvc_x_pos (1251,)
[0. 0. 0. ... 0. 0. 0.]
cvc_x_pos (1251,)
[0. 0. 0. ... 0. 0. 0.]
cvc_x_pos (1251,)
[0. 0. 0. ... 0. 0. 0.]
cvc_x_pos (1251,)
[0. 0. 0. ... 0. 0. 0.]
cvc_x_pos (1251,)
[0. 0. 0. ... 0. 0. 0.]
cvc_x_pos (1251,)
[0. 0. 0. ... 0. 0. 0.]
cvc_x_pos (1251,)
[0. 0. 0. ... 0. 0. 0.]
cvc_x_pos (1251,)
[0. 0. 0. ... 0. 0. 0.]
cvc_x_pos (1251,)
[0. 0. 0. ... 0. 0. 0.]
cvc_x_pos (1251,)
[0. 0. 0. ... 0. 0. 0.]
cvc_x_pos (1251,)
[0. 0. 0. ... 0. 0. 0.]
cvc_x_pos (1251,)
[0. 0. 0. ... 0. 0. 0.]
cvc_x_pos (1251,)
[0. 0. 0. ... 0. 0. 0.]
cvc_x_pos (1251,)
[0. 0. 0. ... 0. 0. 0.]
cvc_x_pos (1251,)
[0. 0. 0. ... 0. 0. 0.]
cvc_x_pos (1251,)
[0.00808344 0.00808096 0.00807845 ... 0.         0.         0.        ]
cvc_x_pos (1251,)
[0. 0. 0. ... 0. 0. 0.]
cvc_x_pos (1251,)
[0.00674487 0.00674353 0.00674217 ... 0.         0.         0.        ]
cvc_x_pos (1251,)
[0.00666942 0.00666764 0.         ... 0.         0.         0.        ]
cvc_x_pos (1251,)
[0.00643355 0.00643487 0.00643616 ... 0.         0.         0.        ]
cvc_x_pos (1251,)
[0.00729695 0.00729564 0.00729431 ... 0.         0.         0.        ]
cvc_x_pos (1251,)
[0. 0. 0. ... 0. 0. 0.]
cvc_x_pos (1251,)
[0. 0. 0. ... 0. 0. 0.]
cvc_x_pos (1251,)
[0. 0. 0. ... 0. 0. 0.]
cvc_x_pos (1251,)
[0. 0. 0. ... 0. 0. 0.]
cvc_x_pos (1251,)
[0. 0. 0. ... 0. 0. 0.]
cvc_x_pos (1251,)
[0. 0. 0. ... 0. 0. 0.]
cvc_x_pos (1251,)
[0. 0. 0. ... 0. 0. 0.]
cvc_x_pos (1251,)
[0. 0. 0. ... 0. 0. 0.]
cvc_x_pos (1251,)
[0. 0. 0. ... 0. 0. 0.]
cvc_x_pos (1251,)
[0. 0. 0. ... 0. 0. 0.]
cvc_x_pos (1251,)
[0. 0. 0. ... 0. 0. 0.]
cvc_x_pos (1251,)
[0. 0. 0. ... 0. 0. 0.]
cvc_x_pos (1251,)
[0. 0. 0. ... 0. 0. 0.]
cvc_x_pos (1251,)
[0. 0. 0. ... 0. 0. 0.]
cvc_x_pos (1251,)
[0. 0. 0. ... 0. 0. 0.]
cvc_x_pos (1251,)
[0. 0. 0. ... 0. 0. 0.]
cvc_x_pos (1251,)
[0. 0. 0. ... 0. 0. 0.]
cvc_x_pos (1251,)
[0. 0. 0. ... 0. 0. 0.]
cvc_x_pos (1251,)
[0. 0. 0. ... 0. 0. 0.]
cvc_x_pos (1251,)
[0. 0. 0. ... 0. 0. 0.]
cvc_x_pos (1251,)
[0. 0. 0. ... 0. 0. 0.]
cvc_x_pos (1251,)
[0. 0. 0. ... 0. 0. 0.]
cvc_x_pos (1251,)
[0. 0. 0. ... 0. 0. 0.]
cvc_x_pos (1251,)
[0. 0. 0. ... 0. 0. 0.]
cvc_x_pos (1251,)
[0. 0. 0. ... 0. 0. 0.]
cvc_x_pos (1251,)
[0. 0. 0. ... 0. 0. 0.]
cvc_x_pos (1251,)
[0. 0. 0. ... 0. 0. 0.]
cvc_x_pos (1251,)
[0. 0. 0. ... 0. 0. 0.]
cvc_x_pos (1251,)
[0. 0. 0. ... 0. 0. 0.]
cvc_x_pos (1251,)
[0. 0. 0. ... 0. 0. 0.]
cvc_x_pos (1251,)
[0. 0. 0. ... 0. 0. 0.]
cvc_x_pos (1251,)
[0.00672924 0.00672768 0.0067261  ... 0.         0.         0.        ]
cvc_x_pos (1251,)
[0.00679131 0.00678998 0.00678862 ... 0.         0.         0.        ]
cvc_x_pos (1251,)
[0. 0. 0. ... 0. 0. 0.]
cvc_x_pos (1251,)
[0.00777502 0.00777452 0.00777397 ... 0.         0.         0.        ]
cvc_x_pos (1251,)
[0. 0. 0. ... 0. 0. 0.]
cvc_x_pos (1251,)
[0.00705896 0.00706074 0.0070625  ... 0.         0.         0.        ]
cvc_x_pos (1251,)
[0. 0. 0. ... 0. 0. 0.]
cvc_x_pos (1251,)
[0. 0. 0. ... 0. 0. 0.]
cvc_x_pos (1251,)
[0. 0. 0. ... 0. 0. 0.]
cvc_x_pos (1251,)
[0. 0. 0. ... 0. 0. 0.]
cvc_x_pos (1251,)
[0. 0. 0. ... 0. 0. 0.]
cvc_x_pos (1251,)
[0. 0. 0. ... 0. 0. 0.]
cvc_x_pos (1251,)
[0. 0. 0. ... 0. 0. 0.]
cvc_x_pos (1251,)
[0. 0. 0. ... 0. 0. 0.]
cvc_x_pos (1251,)
[0. 0. 0. ... 0. 0. 0.]
cvc_x_pos (1251,)
[0. 0. 0. ... 0. 0. 0.]
cvc_x_pos (1251,)
[0. 0. 0. ... 0. 0. 0.]
cvc_x_pos (1251,)
[0. 0. 0. ... 0. 0. 0.]
cvc_x_pos (1251,)
[0. 0. 0. ... 0. 0. 0.]
cvc_x_pos (1251,)
[0. 0. 0. ... 0. 0. 0.]
cvc_x_pos (1251,)
[0. 0. 0. ... 0. 0. 0.]
cvc_x_pos (1251,)
[0. 0. 0. ... 0. 0. 0.]
cvc_x_pos (1251,)
[0. 0. 0. ... 0. 0. 0.]
cvc_x_pos (1251,)
[0. 0. 0. ... 0. 0. 0.]
cvc_x_pos (1251,)
[0. 0. 0. ... 0. 0. 0.]
cvc_x_pos (1251,)
[0. 0. 0. ... 0. 0. 0.]
cvc_x_pos (1251,)
[0. 0. 0. ... 0. 0. 0.]
cvc_x_pos (1251,)
[0. 0. 0. ... 0. 0. 0.]
cvc_x_pos (1251,)
[0. 0. 0. ... 0. 0. 0.]
cvc_x_pos (1251,)
[0. 0. 0. ... 0. 0. 0.]
cvc_x_pos (1251,)
[0. 0. 0. ... 0. 0. 0.]
cvc_x_pos (1251,)
[0. 0. 0. ... 0. 0. 0.]
cvc_x_pos (1251,)
[0. 0. 0. ... 0. 0. 0.]
cvc_x_pos (1251,)
[0. 0. 0. ... 0. 0. 0.]
cvc_x_pos (1251,)
[0. 0. 0. ... 0. 0. 0.]
cvc_x_pos (1251,)
[0. 0. 0. ... 0. 0. 0.]
cvc_x_pos (1251,)
[0. 0. 0. ... 0. 0. 0.]
cvc_x_pos (1251,)
[0. 0. 0. ... 0. 0. 0.]
cvc_x_pos (1251,)
[0. 0. 0. ... 0. 0. 0.]
cvc_x_pos (1251,)
[0. 0. 0. ... 0. 0. 0.]
cvc_x_pos (1251,)
[0. 0. 0. ... 0. 0. 0.]
cvc_x_pos (1251,)
[0. 0. 0. ... 0. 0. 0.]
cvc_x_pos (1251,)
[0. 0. 0. ... 0. 0. 0.]
cvc_x_pos (1251,)
[0. 0. 0. ... 0. 0. 0.]
cvc_x_pos (1251,)
[0. 0. 0. ... 0. 0. 0.]
cvc_x_pos (1251,)
[0. 0. 0. ... 0. 0. 0.]
cvc_x_pos (1251,)
[0. 0. 0. ... 0. 0. 0.]
cvc_x_pos (1251,)
[0. 0. 0. ... 0. 0. 0.]
cvc_x_pos (1251,)
[0.00645306 0.0064521  0.00645113 ... 0.         0.         0.        ]
cvc_x_pos (1251,)
[0. 0. 0. ... 0. 0. 0.]
cvc_x_pos (1251,)
[0.00731193 0.00730995 0.00730793 ... 0.         0.         0.        ]
cvc_x_pos (1251,)
[0. 0. 0. ... 0. 0. 0.]
cvc_x_pos (1251,)
[0.00695627 0.00695546 0.00695462 ... 0.         0.         0.        ]
cvc_x_pos (1251,)
[0. 0. 0. ... 0. 0. 0.]
cvc_x_pos (1251,)
[0.00655048 0.00655107 0.00655163 ... 0.         0.         0.        ]
cvc_x_pos (1251,)
[0. 0. 0. ... 0. 0. 0.]
cvc_x_pos (1251,)
[0.         0.00752586 0.00752807 ... 0.         0.         0.        ]
cvc_x_pos (1251,)
[0. 0. 0. ... 0. 0. 0.]
cvc_x_pos (1251,)
[0. 0. 0. ... 0. 0. 0.]
cvc_x_pos (1251,)
[0. 0. 0. ... 0. 0. 0.]
cvc_x_pos (1251,)
[0. 0. 0. ... 0. 0. 0.]
cvc_x_pos (1251,)
[0. 0. 0. ... 0. 0. 0.]
cvc_x_pos (1251,)
[0. 0. 0. ... 0. 0. 0.]
cvc_x_pos (1251,)
[0. 0. 0. ... 0. 0. 0.]
cvc_x_pos (1251,)
[0. 0. 0. ... 0. 0. 0.]
cvc_x_pos (1251,)
[0.00597069 0.00597044 0.00597017 ... 0.         0.         0.        ]
cvc_x_pos (1251,)
[0.00554284 0.00554375 0.00554465 ... 0.         0.         0.        ]
cvc_x_pos (1251,)
[0. 0. 0. ... 0. 0. 0.]
cvc_x_pos (1251,)
[0. 0. 0. ... 0. 0. 0.]
cvc_x_pos (1251,)
[0. 0. 0. ... 0. 0. 0.]
cvc_x_pos (1251,)
[0. 0. 0. ... 0. 0. 0.]
cvc_x_pos (1251,)
[0. 0. 0. ... 0. 0. 0.]
cvc_x_pos (1251,)
[0. 0. 0. ... 0. 0. 0.]
cvc_x_pos (1251,)
[0. 0. 0. ... 0. 0. 0.]
cvc_x_pos (1251,)
[0. 0. 0. ... 0. 0. 0.]
cvc_x_pos (1251,)
[0. 0. 0. ... 0. 0. 0.]
cvc_x_pos (1251,)
[0. 0. 0. ... 0. 0. 0.]
cvc_x_pos (1251,)
[0. 0. 0. ... 0. 0. 0.]
cvc_x_pos (1251,)
[0. 0. 0. ... 0. 0. 0.]
cvc_x_pos (1251,)
[0. 0. 0. ... 0. 0. 0.]
cvc_x_pos (1251,)
[0. 0. 0. ... 0. 0. 0.]
cvc_x_pos (1251,)
[0. 0. 0. ... 0. 0. 0.]
cvc_x_pos (1251,)
[0. 0. 0. ... 0. 0. 0.]
cvc_x_pos (1251,)
[0. 0. 0. ... 0. 0. 0.]
cvc_x_pos (1251,)
[0. 0. 0. ... 0. 0. 0.]
cvc_x_pos (1251,)
[0. 0. 0. ... 0. 0. 0.]
cvc_x_pos (1251,)
[0. 0. 0. ... 0. 0. 0.]
cvc_x_pos (1251,)
[0. 0. 0. ... 0. 0. 0.]
cvc_x_pos (1251,)
[0. 0. 0. ... 0. 0. 0.]
cvc_x_pos (1251,)
[0. 0. 0. ... 0. 0. 0.]
cvc_x_pos (1251,)
[0. 0. 0. ... 0. 0. 0.]
cvc_x_pos (1251,)
[0. 0. 0. ... 0. 0. 0.]
cvc_x_pos (1251,)
[0. 0. 0. ... 0. 0. 0.]
cvc_x_pos (1251,)
[0. 0. 0. ... 0. 0. 0.]
cvc_x_pos (1251,)
[0. 0. 0. ... 0. 0. 0.]
cvc_x_pos (1251,)
[0. 0. 0. ... 0. 0. 0.]
cvc_x_pos (1251,)
[0. 0. 0. ... 0. 0. 0.]
cvc_x_pos (1251,)
[0. 0. 0. ... 0. 0. 0.]
cvc_x_pos (1251,)
[0. 0. 0. ... 0. 0. 0.]
cvc_x_pos (1251,)
[0. 0. 0. ... 0. 0. 0.]
cvc_x_pos (1251,)
[0. 0. 0. ... 0. 0. 0.]
cvc_x_pos (1251,)
[0. 0. 0. ... 0. 0. 0.]
cvc_x_pos (1251,)
[0. 0. 0. ... 0. 0. 0.]
cvc_x_pos (1251,)
[0. 0. 0. ... 0. 0. 0.]
cvc_x_pos (1251,)
[0. 0. 0. ... 0. 0. 0.]
cvc_x_pos (1251,)
[0. 0. 0. ... 0. 0. 0.]
cvc_x_pos (1251,)
[0.00592691 0.0059275  0.00592808 ... 0.         0.         0.        ]
cvc_x_pos (1251,)
[0. 0. 0. ... 0. 0. 0.]
cvc_x_pos (1251,)
[0.00659809 0.00659846 0.00659881 ... 0.         0.         0.        ]
cvc_x_pos (1251,)
[0. 0. 0. ... 0. 0. 0.]
cvc_x_pos (1251,)
[0.00554323 0.0055433  0.00554336 ... 0.         0.         0.        ]
cvc_x_pos (1251,)
[0. 0. 0. ... 0. 0. 0.]
cvc_x_pos (1251,)
[0.00667732 0.00667653 0.00667571 ... 0.         0.         0.        ]
cvc_x_pos (1251,)
[0. 0. 0. ... 0. 0. 0.]
cvc_x_pos (1251,)
[0. 0. 0. ... 0. 0. 0.]
cvc_x_pos (1251,)
[0. 0. 0. ... 0. 0. 0.]
cvc_x_pos (1251,)
[0. 0. 0. ... 0. 0. 0.]
cvc_x_pos (1251,)
[0. 0. 0. ... 0. 0. 0.]
cvc_x_pos (1251,)
[0. 0. 0. ... 0. 0. 0.]
cvc_x_pos (1251,)
[0. 0. 0. ... 0. 0. 0.]
cvc_x_pos (1251,)
[0. 0. 0. ... 0. 0. 0.]
cvc_x_pos (1251,)
[0. 0. 0. ... 0. 0. 0.]
cvc_x_pos (1251,)
[0. 0. 0. ... 0. 0. 0.]
cvc_x_pos (1251,)
[0. 0. 0. ... 0. 0. 0.]
cvc_x_pos (1251,)
[0.00763115 0.00762973 0.00762827 ... 0.         0.         0.        ]
cvc_x_pos (1251,)
[0. 0. 0. ... 0. 0. 0.]
cvc_x_pos (1251,)
[0. 0. 0. ... 0. 0. 0.]
cvc_x_pos (1251,)
[0. 0. 0. ... 0. 0. 0.]
cvc_x_pos (1251,)
[0. 0. 0. ... 0. 0. 0.]
cvc_x_pos (1251,)
[0. 0. 0. ... 0. 0. 0.]
cvc_x_pos (1251,)
[0. 0. 0. ... 0. 0. 0.]
cvc_x_pos (1251,)
[0. 0. 0. ... 0. 0. 0.]
cvc_x_pos (1251,)
[0. 0. 0. ... 0. 0. 0.]
cvc_x_pos (1251,)
[0. 0. 0. ... 0. 0. 0.]
cvc_x_pos (1251,)
[0. 0. 0. ... 0. 0. 0.]
cvc_x_pos (1251,)
[0. 0. 0. ... 0. 0. 0.]
cvc_x_pos (1251,)
[0. 0. 0. ... 0. 0. 0.]
cvc_x_pos (1251,)
[0. 0. 0. ... 0. 0. 0.]
cvc_x_pos (1251,)
[0. 0. 0. ... 0. 0. 0.]
cvc_x_pos (1251,)
[0. 0. 0. ... 0. 0. 0.]
cvc_x_pos (1251,)
[0. 0. 0. ... 0. 0. 0.]
cvc_x_pos (1251,)
[0. 0. 0. ... 0. 0. 0.]
cvc_x_pos (1251,)
[0. 0. 0. ... 0. 0. 0.]
cvc_x_pos (1251,)
[0. 0. 0. ... 0. 0. 0.]
cvc_x_pos (1251,)
[0. 0. 0. ... 0. 0. 0.]
cvc_x_pos (1251,)
[0. 0. 0. ... 0. 0. 0.]
cvc_x_pos (1251,)
[0. 0. 0. ... 0. 0. 0.]
cvc_x_pos (1251,)
[0. 0. 0. ... 0. 0. 0.]
cvc_x_pos (1251,)
[0. 0. 0. ... 0. 0. 0.]
cvc_x_pos (1251,)
[0. 0. 0. ... 0. 0. 0.]
cvc_x_pos (1251,)
[0. 0. 0. ... 0. 0. 0.]
cvc_x_pos (1251,)
[0. 0. 0. ... 0. 0. 0.]
cvc_x_pos (1251,)
[0. 0. 0. ... 0. 0. 0.]
cvc_x_pos (1251,)
[0. 0. 0. ... 0. 0. 0.]
cvc_x_pos (1251,)
[0.00677749 0.00677778 0.00677805 ... 0.         0.         0.        ]
cvc_x_pos (1251,)
[0. 0. 0. ... 0. 0. 0.]
cvc_x_pos (1251,)
[0.00519126 0.00519169 0.0051921  ... 0.         0.         0.        ]
cvc_x_pos (1251,)
[0. 0. 0. ... 0. 0. 0.]
cvc_x_pos (1251,)
[0.00668622 0.00668583 0.00668541 ... 0.         0.         0.        ]
cvc_x_pos (1251,)
[0. 0. 0. ... 0. 0. 0.]
cvc_x_pos (1251,)
[0.00726188 0.00726112 0.00726034 ... 0.         0.         0.        ]
cvc_x_pos (1251,)
[0. 0. 0. ... 0. 0. 0.]
cvc_x_pos (1251,)
[0. 0. 0. ... 0. 0. 0.]
cvc_x_pos (1251,)
[0. 0. 0. ... 0. 0. 0.]
cvc_x_pos (1251,)
[0. 0. 0. ... 0. 0. 0.]
cvc_x_pos (1251,)
[0. 0. 0. ... 0. 0. 0.]
cvc_x_pos (1251,)
[0. 0. 0. ... 0. 0. 0.]
cvc_x_pos (1251,)
[0. 0. 0. ... 0. 0. 0.]
cvc_x_pos (1251,)
[0. 0. 0. ... 0. 0. 0.]
cvc_x_pos (1251,)
[0. 0. 0. ... 0. 0. 0.]
cvc_x_pos (1251,)
[0. 0. 0. ... 0. 0. 0.]
cvc_x_pos (1251,)
[0. 0. 0. ... 0. 0. 0.]
cvc_x_pos (1251,)
[0. 0. 0. ... 0. 0. 0.]
cvc_x_pos (1251,)
[0. 0. 0. ... 0. 0. 0.]
cvc_x_pos (1251,)
[0.00752174 0.00752297 0.00752416 ... 0.         0.         0.        ]
cvc_x_pos (1251,)
[0. 0. 0. ... 0. 0. 0.]
cvc_x_pos (1251,)
[0. 0. 0. ... 0. 0. 0.]
cvc_x_pos (1251,)
[0. 0. 0. ... 0. 0. 0.]
cvc_x_pos (1251,)
[0. 0. 0. ... 0. 0. 0.]
cvc_x_pos (1251,)
[0. 0. 0. ... 0. 0. 0.]
cvc_x_pos (1251,)
[0. 0. 0. ... 0. 0. 0.]
cvc_x_pos (1251,)
[0. 0. 0. ... 0. 0. 0.]
cvc_x_pos (1251,)
[0. 0. 0. ... 0. 0. 0.]
cvc_x_pos (1251,)
[0. 0. 0. ... 0. 0. 0.]
cvc_x_pos (1251,)
[0. 0. 0. ... 0. 0. 0.]
cvc_x_pos (1251,)
[0. 0. 0. ... 0. 0. 0.]
cvc_x_pos (1251,)
[0. 0. 0. ... 0. 0. 0.]
cvc_x_pos (1251,)
[0. 0. 0. ... 0. 0. 0.]
cvc_x_pos (1251,)
[0. 0. 0. ... 0. 0. 0.]
cvc_x_pos (1251,)
[0. 0. 0. ... 0. 0. 0.]
cvc_x_pos (1251,)
[0. 0. 0. ... 0. 0. 0.]
cvc_x_pos (1251,)
[0. 0. 0. ... 0. 0. 0.]
cvc_x_pos (1251,)
[0.00736804 0.00736883 0.00736959 ... 0.         0.         0.        ]
cvc_x_pos (1251,)
[0. 0. 0. ... 0. 0. 0.]
cvc_x_pos (1251,)
[0.00715211 0.00715306 0.00715398 ... 0.         0.         0.        ]
cvc_x_pos (1251,)
[0. 0. 0. ... 0. 0. 0.]
cvc_x_pos (1251,)
[0.00695487 0.00695572 0.00695655 ... 0.         0.         0.        ]
cvc_x_pos (1251,)
[0. 0. 0. ... 0. 0. 0.]
cvc_x_pos (1251,)
[0.00648984 0.00648881 0.00648777 ... 0.         0.         0.        ]
cvc_x_pos (1251,)
[0. 0. 0. ... 0. 0. 0.]
cvc_x_pos (1251,)
[0. 0. 0. ... 0. 0. 0.]
cvc_x_pos (1251,)
[0. 0. 0. ... 0. 0. 0.]
cvc_x_pos (1251,)
[0. 0. 0. ... 0. 0. 0.]
cvc_x_pos (1251,)
[0. 0. 0. ... 0. 0. 0.]
cvc_x_pos (1251,)
[0. 0. 0. ... 0. 0. 0.]
cvc_x_pos (1251,)
[0. 0. 0. ... 0. 0. 0.]
cvc_x_pos (1251,)
[0. 0. 0. ... 0. 0. 0.]
cvc_x_pos (1251,)
[0. 0. 0. ... 0. 0. 0.]
cvc_x_pos (1251,)
[0. 0. 0. ... 0. 0. 0.]
cvc_x_pos (1251,)
[0. 0. 0. ... 0. 0. 0.]
cvc_x_pos (1251,)
[0. 0. 0. ... 0. 0. 0.]
cvc_x_pos (1251,)
[0. 0. 0. ... 0. 0. 0.]
cvc_x_pos (1251,)
[0. 0. 0. ... 0. 0. 0.]
cvc_x_pos (1251,)
[0.00563506 0.00563482 0.00563457 ... 0.         0.         0.        ]
cvc_x_pos (1251,)
[0.00720654 0.00720844 0.00721032 ... 0.         0.         0.        ]
cvc_x_pos (1251,)
[0. 0. 0. ... 0. 0. 0.]
cvc_x_pos (1251,)
[0. 0. 0. ... 0. 0. 0.]
cvc_x_pos (1251,)
[0. 0. 0. ... 0. 0. 0.]
cvc_x_pos (1251,)
[0. 0. 0. ... 0. 0. 0.]
cvc_x_pos (1251,)
[0. 0. 0. ... 0. 0. 0.]
cvc_x_pos (1251,)
[0. 0. 0. ... 0. 0. 0.]
cvc_x_pos (1251,)
[0. 0. 0. ... 0. 0. 0.]
cvc_x_pos (1251,)
[0. 0. 0. ... 0. 0. 0.]
cvc_x_pos (1251,)
[0. 0. 0. ... 0. 0. 0.]
cvc_x_pos (1251,)
[0.00644737 0.00644838 0.00644936 ... 0.         0.         0.        ]
cvc_x_pos (1251,)
[0.0063396  0.00634026 0.00634091 ... 0.         0.         0.        ]
cvc_x_pos (1251,)
[0.00740612 0.00740741 0.00740867 ... 0.         0.         0.        ]
cvc_x_pos (1251,)
[0. 0. 0. ... 0. 0. 0.]
cvc_x_pos (1251,)
[0. 0. 0. ... 0. 0. 0.]
cvc_x_pos (1251,)
[0. 0. 0. ... 0. 0. 0.]
cvc_x_pos (1251,)
[0. 0. 0. ... 0. 0. 0.]
cvc_x_pos (1251,)
[0. 0. 0. ... 0. 0. 0.]
cvc_x_pos (1251,)
[0. 0. 0. ... 0. 0. 0.]
cvc_x_pos (1251,)
[0. 0. 0. ... 0. 0. 0.]
cvc_x_pos (1251,)
[0. 0. 0. ... 0. 0. 0.]
cvc_x_pos (1251,)
[0. 0. 0. ... 0. 0. 0.]
cvc_x_pos (1251,)
[0. 0. 0. ... 0. 0. 0.]
cvc_x_pos (1251,)
[0. 0. 0. ... 0. 0. 0.]
cvc_x_pos (1251,)
[0. 0. 0. ... 0. 0. 0.]
cvc_x_pos (1251,)
[0. 0. 0. ... 0. 0. 0.]
cvc_x_pos (1251,)
[0. 0. 0. ... 0. 0. 0.]
cvc_x_pos (1251,)
[0. 0. 0. ... 0. 0. 0.]
cvc_x_pos (1251,)
[0. 0. 0. ... 0. 0. 0.]
cvc_x_pos (1251,)
[0.00757206 0.00757061 0.00756912 ... 0.         0.         0.        ]
cvc_x_pos (1251,)
[0.00584761 0.00584886 0.0058501  ... 0.         0.         0.        ]
cvc_x_pos (1251,)
[0.0065964  0.00659787 0.00659933 ... 0.         0.         0.        ]
cvc_x_pos (1251,)
[0.00707575 0.00707726 0.00707875 ... 0.         0.         0.        ]
cvc_x_pos (1251,)
[0. 0. 0. ... 0. 0. 0.]
cvc_x_pos (1251,)
[0. 0. 0. ... 0. 0. 0.]
cvc_x_pos (1251,)
[0. 0. 0. ... 0. 0. 0.]
cvc_x_pos (1251,)
[0. 0. 0. ... 0. 0. 0.]
cvc_x_pos (1251,)
[0. 0. 0. ... 0. 0. 0.]
cvc_x_pos (1251,)
[0. 0. 0. ... 0. 0. 0.]
cvc_x_pos (1251,)
[0. 0. 0. ... 0. 0. 0.]
cvc_x_pos (1251,)
[0. 0. 0. ... 0. 0. 0.]
cvc_x_pos (1251,)
[0. 0. 0. ... 0. 0. 0.]
cvc_x_pos (1251,)
[0. 0. 0. ... 0. 0. 0.]
cvc_x_pos (1251,)
[0. 0. 0. ... 0. 0. 0.]
cvc_x_pos (1251,)
[0. 0. 0. ... 0. 0. 0.]
cvc_x_pos (1251,)
[0. 0. 0. ... 0. 0. 0.]
cvc_x_pos (1251,)
[0. 0. 0. ... 0. 0. 0.]
cvc_x_pos (1251,)
[0. 0. 0. ... 0. 0. 0.]
cvc_x_pos (1251,)
[0. 0. 0. ... 0. 0. 0.]
cvc_x_pos (1251,)
[0. 0. 0. ... 0. 0. 0.]
cvc_x_pos (1251,)
[0. 0. 0. ... 0. 0. 0.]
cvc_x_pos (1251,)
[0.00684359 0.00684237 0.00684113 ... 0.         0.         0.        ]
cvc_x_pos (1251,)
[0.00654449 0.00654289 0.00654128 ... 0.         0.         0.        ]
cvc_x_pos (1251,)
[0. 0. 0. ... 0. 0. 0.]
cvc_x_pos (1251,)
[0. 0. 0. ... 0. 0. 0.]
cvc_x_pos (1251,)
[0. 0. 0. ... 0. 0. 0.]
cvc_x_pos (1251,)
[0. 0. 0. ... 0. 0. 0.]
cvc_x_pos (1251,)
[0. 0. 0. ... 0. 0. 0.]
cvc_x_pos (1251,)
[0. 0. 0. ... 0. 0. 0.]
cvc_x_pos (1251,)
[0. 0. 0. ... 0. 0. 0.]
cvc_x_pos (1251,)
[0. 0. 0. ... 0. 0. 0.]
cvc_x_pos (1251,)
[0. 0. 0. ... 0. 0. 0.]
cvc_x_pos (1251,)
[0. 0. 0. ... 0. 0. 0.]
cvc_x_pos (1251,)
[0. 0. 0. ... 0. 0. 0.]
cvc_x_pos (1251,)
[0. 0. 0. ... 0. 0. 0.]
cvc_x_pos (1251,)
[0. 0. 0. ... 0. 0. 0.]
cvc_x_pos (1251,)
[0. 0. 0. ... 0. 0. 0.]
cvc_x_pos (1251,)
[0. 0. 0. ... 0. 0. 0.]
cvc_x_pos (1251,)
[0. 0. 0. ... 0. 0. 0.]
cvc_x_pos (1251,)
[0. 0. 0. ... 0. 0. 0.]
cvc_x_pos (1251,)
[0. 0. 0. ... 0. 0. 0.]
cvc_x_pos (1251,)
[0. 0. 0. ... 0. 0. 0.]
cvc_x_pos (1251,)
[0. 0. 0. ... 0. 0. 0.]
cvc_x_pos (1251,)
[0. 0. 0. ... 0. 0. 0.]
cvc_x_pos (1251,)
[0. 0. 0. ... 0. 0. 0.]
cvc_x_pos (1251,)
[0. 0. 0. ... 0. 0. 0.]
cvc_x_pos (1251,)
[0. 0. 0. ... 0. 0. 0.]
cvc_x_pos (1251,)
[0. 0. 0. ... 0. 0. 0.]
cvc_x_pos (1251,)
[0.00582794 0.00582686 0.00582576 ... 0.         0.         0.        ]
cvc_x_pos (1251,)
[0. 0. 0. ... 0. 0. 0.]
cvc_x_pos (1251,)
[0. 0. 0. ... 0. 0. 0.]
cvc_x_pos (1251,)
[0.00602167 0.00602075 0.0060198  ... 0.         0.         0.        ]
cvc_x_pos (1251,)
[0.00634444 0.00634392 0.00634338 ... 0.         0.         0.        ]
cvc_x_pos (1251,)
[0. 0. 0. ... 0. 0. 0.]
cvc_x_pos (1251,)
[0.00595704 0.00595574 0.00595442 ... 0.         0.         0.        ]
cvc_x_pos (1251,)
[0. 0. 0. ... 0. 0. 0.]
cvc_x_pos (1251,)
[0. 0. 0. ... 0. 0. 0.]
cvc_x_pos (1251,)
[0. 0. 0. ... 0. 0. 0.]
cvc_x_pos (1251,)
[0. 0. 0. ... 0. 0. 0.]
cvc_x_pos (1251,)
[0. 0. 0. ... 0. 0. 0.]
cvc_x_pos (1251,)
[0. 0. 0. ... 0. 0. 0.]
cvc_x_pos (1251,)
[0. 0. 0. ... 0. 0. 0.]
cvc_x_pos (1251,)
[0. 0. 0. ... 0. 0. 0.]
cvc_x_pos (1251,)
[0. 0. 0. ... 0. 0. 0.]
cvc_x_pos (1251,)
[0. 0. 0. ... 0. 0. 0.]
cvc_x_pos (1251,)
[0. 0. 0. ... 0. 0. 0.]
cvc_x_pos (1251,)
[0. 0. 0. ... 0. 0. 0.]
cvc_x_pos (1251,)
[0. 0. 0. ... 0. 0. 0.]
cvc_x_pos (1251,)
[0. 0. 0. ... 0. 0. 0.]
cvc_x_pos (1251,)
[0. 0. 0. ... 0. 0. 0.]
cvc_x_pos (1251,)
[0. 0. 0. ... 0. 0. 0.]
cvc_x_pos (1251,)
[0. 0. 0. ... 0. 0. 0.]
cvc_x_pos (1251,)
[0. 0. 0. ... 0. 0. 0.]
cvc_x_pos (1251,)
[0. 0. 0. ... 0. 0. 0.]
cvc_x_pos (1251,)
[0. 0. 0. ... 0. 0. 0.]
cvc_x_pos (1251,)
[0. 0. 0. ... 0. 0. 0.]
cvc_x_pos (1251,)
[0. 0. 0. ... 0. 0. 0.]
cvc_x_pos (1251,)
[0. 0. 0. ... 0. 0. 0.]
cvc_x_pos (1251,)
[0. 0. 0. ... 0. 0. 0.]
cvc_x_pos (1251,)
[0. 0. 0. ... 0. 0. 0.]
cvc_x_pos (1251,)
[0. 0. 0. ... 0. 0. 0.]
cvc_x_pos (1251,)
[0. 0. 0. ... 0. 0. 0.]
cvc_x_pos (1251,)
[0. 0. 0. ... 0. 0. 0.]
cvc_x_pos (1251,)
[0. 0. 0. ... 0. 0. 0.]
cvc_x_pos (1251,)
[0. 0. 0. ... 0. 0. 0.]
cvc_x_pos (1251,)
[0.00656855 0.00656733 0.00656608 ... 0.         0.         0.        ]
cvc_x_pos (1251,)
[0. 0. 0. ... 0. 0. 0.]
cvc_x_pos (1251,)
[0.00729102 0.00728956 0.00728807 ... 0.         0.         0.        ]
cvc_x_pos (1251,)
[0. 0. 0. ... 0. 0. 0.]
cvc_x_pos (1251,)
[0.00656868 0.00656743 0.00656616 ... 0.         0.         0.        ]
cvc_x_pos (1251,)
[0. 0. 0. ... 0. 0. 0.]
cvc_x_pos (1251,)
[0.00647295 0.0064731  0.00647322 ... 0.         0.         0.        ]
cvc_x_pos (1251,)
[0.00678875 0.00678732 0.00678585 ... 0.         0.         0.        ]
cvc_x_pos (1251,)
[0.00635853 0.00635967 0.0063608  ... 0.         0.         0.        ]
cvc_x_pos (1251,)
[0. 0. 0. ... 0. 0. 0.]
cvc_x_pos (1251,)
[0. 0. 0. ... 0. 0. 0.]
cvc_x_pos (1251,)
[0. 0. 0. ... 0. 0. 0.]
cvc_x_pos (1251,)
[0. 0. 0. ... 0. 0. 0.]
cvc_x_pos (1251,)
[0. 0. 0. ... 0. 0. 0.]
cvc_x_pos (1251,)
[0. 0. 0. ... 0. 0. 0.]
cvc_x_pos (1251,)
[0. 0. 0. ... 0. 0. 0.]
cvc_x_pos (1251,)
[0. 0. 0. ... 0. 0. 0.]
cvc_x_pos (1251,)
[0. 0. 0. ... 0. 0. 0.]
cvc_x_pos (1251,)
[0. 0. 0. ... 0. 0. 0.]
cvc_x_pos (1251,)
[0. 0. 0. ... 0. 0. 0.]
cvc_x_pos (1251,)
[0. 0. 0. ... 0. 0. 0.]
cvc_x_pos (1251,)
[0. 0. 0. ... 0. 0. 0.]
cvc_x_pos (1251,)
[0. 0. 0. ... 0. 0. 0.]
cvc_x_pos (1251,)
[0. 0. 0. ... 0. 0. 0.]
cvc_x_pos (1251,)
[0. 0. 0. ... 0. 0. 0.]
cvc_x_pos (1251,)
[0. 0. 0. ... 0. 0. 0.]
cvc_x_pos (1251,)
[0. 0. 0. ... 0. 0. 0.]
cvc_x_pos (1251,)
[0. 0. 0. ... 0. 0. 0.]
cvc_x_pos (1251,)
[0. 0. 0. ... 0. 0. 0.]
cvc_x_pos (1251,)
[0. 0. 0. ... 0. 0. 0.]
cvc_x_pos (1251,)
[0. 0. 0. ... 0. 0. 0.]
cvc_x_pos (1251,)
[0. 0. 0. ... 0. 0. 0.]
cvc_x_pos (1251,)
[0. 0. 0. ... 0. 0. 0.]
cvc_x_pos (1251,)
[0. 0. 0. ... 0. 0. 0.]
cvc_x_pos (1251,)
[0. 0. 0. ... 0. 0. 0.]
cvc_x_pos (1251,)
[0. 0. 0. ... 0. 0. 0.]
cvc_x_pos (1251,)
[0. 0. 0. ... 0. 0. 0.]
cvc_x_pos (1251,)
[0. 0. 0. ... 0. 0. 0.]
cvc_x_pos (1251,)
[0. 0. 0. ... 0. 0. 0.]
cvc_x_pos (1251,)
[0. 0. 0. ... 0. 0. 0.]
cvc_x_pos (1251,)
[0. 0. 0. ... 0. 0. 0.]
cvc_x_pos (1251,)
[0. 0. 0. ... 0. 0. 0.]
cvc_x_pos (1251,)
[0. 0. 0. ... 0. 0. 0.]
cvc_x_pos (1251,)
[0. 0. 0. ... 0. 0. 0.]
cvc_x_pos (1251,)
[0. 0. 0. ... 0. 0. 0.]
cvc_x_pos (1251,)
[0.00622578 0.0062244  0.00622299 ... 0.         0.         0.        ]
cvc_x_pos (1251,)
[0. 0. 0. ... 0. 0. 0.]
cvc_x_pos (1251,)
[0. 0. 0. ... 0. 0. 0.]
cvc_x_pos (1251,)
[0. 0. 0. ... 0. 0. 0.]
cvc_x_pos (1251,)
[0.00701369 0.00701196 0.0070102  ... 0.         0.         0.        ]
cvc_x_pos (1251,)
[0. 0. 0. ... 0. 0. 0.]
cvc_x_pos (1251,)
[0.007268   0.00726839 0.00726876 ... 0.         0.         0.        ]
cvc_x_pos (1251,)
[0. 0. 0. ... 0. 0. 0.]
cvc_x_pos (1251,)
[0.00511783 0.00511802 0.0051182  ... 0.         0.         0.        ]
cvc_x_pos (1251,)
[0. 0. 0. ... 0. 0. 0.]
cvc_x_pos (1251,)
[0.00655706 0.00655683 0.00655658 ... 0.         0.         0.        ]
cvc_x_pos (1251,)
[0. 0. 0. ... 0. 0. 0.]
cvc_x_pos (1251,)
[0. 0. 0. ... 0. 0. 0.]
cvc_x_pos (1251,)
[0. 0. 0. ... 0. 0. 0.]
cvc_x_pos (1251,)
[0. 0. 0. ... 0. 0. 0.]
cvc_x_pos (1251,)
[0. 0. 0. ... 0. 0. 0.]
cvc_x_pos (1251,)
[0. 0. 0. ... 0. 0. 0.]
cvc_x_pos (1251,)
[0. 0. 0. ... 0. 0. 0.]
cvc_x_pos (1251,)
[0. 0. 0. ... 0. 0. 0.]
cvc_x_pos (1251,)
[0. 0. 0. ... 0. 0. 0.]
cvc_x_pos (1251,)
[0. 0. 0. ... 0. 0. 0.]
cvc_x_pos (1251,)
[0. 0. 0. ... 0. 0. 0.]
cvc_x_pos (1251,)
[0. 0. 0. ... 0. 0. 0.]
cvc_x_pos (1251,)
[0. 0. 0. ... 0. 0. 0.]
cvc_x_pos (1251,)
[0. 0. 0. ... 0. 0. 0.]
cvc_x_pos (1251,)
[0. 0. 0. ... 0. 0. 0.]
cvc_x_pos (1251,)
[0. 0. 0. ... 0. 0. 0.]
cvc_x_pos (1251,)
[0. 0. 0. ... 0. 0. 0.]
cvc_x_pos (1251,)
[0. 0. 0. ... 0. 0. 0.]
cvc_x_pos (1251,)
[0. 0. 0. ... 0. 0. 0.]
cvc_x_pos (1251,)
[0. 0. 0. ... 0. 0. 0.]
cvc_x_pos (1251,)
[0. 0. 0. ... 0. 0. 0.]
cvc_x_pos (1251,)
[0. 0. 0. ... 0. 0. 0.]
cvc_x_pos (1251,)
[0. 0. 0. ... 0. 0. 0.]
cvc_x_pos (1251,)
[0. 0. 0. ... 0. 0. 0.]
cvc_x_pos (1251,)
[0. 0. 0. ... 0. 0. 0.]
cvc_x_pos (1251,)
[0. 0. 0. ... 0. 0. 0.]
cvc_x_pos (1251,)
[0. 0. 0. ... 0. 0. 0.]
cvc_x_pos (1251,)
[0. 0. 0. ... 0. 0. 0.]
cvc_x_pos (1251,)
[0. 0. 0. ... 0. 0. 0.]
cvc_x_pos (1251,)
[0. 0. 0. ... 0. 0. 0.]
cvc_x_pos (1251,)
[0. 0. 0. ... 0. 0. 0.]
cvc_x_pos (1251,)
[0. 0. 0. ... 0. 0. 0.]
cvc_x_pos (1251,)
[0. 0. 0. ... 0. 0. 0.]
cvc_x_pos (1251,)
[0. 0. 0. ... 0. 0. 0.]
cvc_x_pos (1251,)
[0. 0. 0. ... 0. 0. 0.]
cvc_x_pos (1251,)
[0. 0. 0. ... 0. 0. 0.]
cvc_x_pos (1251,)
[0. 0. 0. ... 0. 0. 0.]
cvc_x_pos (1251,)
[0. 0. 0. ... 0. 0. 0.]
cvc_x_pos (1251,)
[0. 0. 0. ... 0. 0. 0.]
cvc_x_pos (1251,)
[0. 0. 0. ... 0. 0. 0.]
cvc_x_pos (1251,)
[0. 0. 0. ... 0. 0. 0.]
cvc_x_pos (1251,)
[0. 0. 0. ... 0. 0. 0.]
cvc_x_pos (1251,)
[0. 0. 0. ... 0. 0. 0.]
cvc_x_pos (1251,)
[0. 0. 0. ... 0. 0. 0.]
cvc_x_pos (1251,)
[0. 0. 0. ... 0. 0. 0.]
cvc_x_pos (1251,)
[0. 0. 0. ... 0. 0. 0.]
cvc_x_pos (1251,)
[0. 0. 0. ... 0. 0. 0.]
cvc_x_pos (1251,)
[0. 0. 0. ... 0. 0. 0.]
cvc_x_pos (1251,)
[0. 0. 0. ... 0. 0. 0.]
cvc_x_pos (1251,)
[0. 0. 0. ... 0. 0. 0.]
cvc_x_pos (1251,)
[0.00601983 0.00601889 0.00601792 ... 0.         0.         0.        ]
cvc_x_pos (1251,)
[0.00611416 0.00611376 0.00611335 ... 0.         0.         0.        ]
cvc_x_pos (1251,)
[0. 0. 0. ... 0. 0. 0.]
cvc_x_pos (1251,)
[0.0072325  0.00723403 0.00723553 ... 0.         0.         0.        ]
cvc_x_pos (1251,)
[0.00633738 0.00633594 0.00633447 ... 0.         0.         0.        ]
cvc_x_pos (1251,)
[0. 0. 0. ... 0. 0. 0.]
cvc_x_pos (1251,)
[0. 0. 0. ... 0. 0. 0.]
cvc_x_pos (1251,)
[0. 0. 0. ... 0. 0. 0.]
cvc_x_pos (1251,)
[0. 0. 0. ... 0. 0. 0.]
cvc_x_pos (1251,)
[0. 0. 0. ... 0. 0. 0.]
cvc_x_pos (1251,)
[0. 0. 0. ... 0. 0. 0.]
cvc_x_pos (1251,)
[0. 0. 0. ... 0. 0. 0.]
cvc_x_pos (1251,)
[0. 0. 0. ... 0. 0. 0.]
cvc_x_pos (1251,)
[0. 0. 0. ... 0. 0. 0.]
cvc_x_pos (1251,)
[0. 0. 0. ... 0. 0. 0.]
cvc_x_pos (1251,)
[0. 0. 0. ... 0. 0. 0.]
cvc_x_pos (1251,)
[0. 0. 0. ... 0. 0. 0.]
cvc_x_pos (1251,)
[0. 0. 0. ... 0. 0. 0.]
cvc_x_pos (1251,)
[0. 0. 0. ... 0. 0. 0.]
cvc_x_pos (1251,)
[0. 0. 0. ... 0. 0. 0.]
cvc_x_pos (1251,)
[0. 0. 0. ... 0. 0. 0.]
cvc_x_pos (1251,)
[0. 0. 0. ... 0. 0. 0.]
cvc_x_pos (1251,)
[0. 0. 0. ... 0. 0. 0.]
cvc_x_pos (1251,)
[0.00592191 0.0059206  0.00591928 ... 0.         0.         0.        ]
cvc_x_pos (1251,)
[0.00611805 0.00611795 0.00611784 ... 0.         0.         0.        ]
cvc_x_pos (1251,)
[0. 0. 0. ... 0. 0. 0.]
cvc_x_pos (1251,)
[0. 0. 0. ... 0. 0. 0.]
cvc_x_pos (1251,)
[0. 0. 0. ... 0. 0. 0.]
cvc_x_pos (1251,)
[0. 0. 0. ... 0. 0. 0.]
cvc_x_pos (1251,)
[0. 0. 0. ... 0. 0. 0.]
cvc_x_pos (1251,)
[0. 0. 0. ... 0. 0. 0.]
cvc_x_pos (1251,)
[0. 0. 0. ... 0. 0. 0.]
cvc_x_pos (1251,)
[0. 0. 0. ... 0. 0. 0.]
cvc_x_pos (1251,)
[0. 0. 0. ... 0. 0. 0.]
cvc_x_pos (1251,)
[0. 0. 0. ... 0. 0. 0.]
cvc_x_pos (1251,)
[0. 0. 0. ... 0. 0. 0.]
cvc_x_pos (1251,)
[0. 0. 0. ... 0. 0. 0.]
cvc_x_pos (1251,)
[0. 0. 0. ... 0. 0. 0.]
cvc_x_pos (1251,)
[0. 0. 0. ... 0. 0. 0.]
cvc_x_pos (1251,)
[0. 0. 0. ... 0. 0. 0.]
cvc_x_pos (1251,)
[0. 0. 0. ... 0. 0. 0.]
cvc_x_pos (1251,)
[0. 0. 0. ... 0. 0. 0.]
cvc_x_pos (1251,)
[0. 0. 0. ... 0. 0. 0.]
cvc_x_pos (1251,)
[0. 0. 0. ... 0. 0. 0.]
cvc_x_pos (1251,)
[0. 0. 0. ... 0. 0. 0.]
cvc_x_pos (1251,)
[0. 0. 0. ... 0. 0. 0.]
cvc_x_pos (1251,)
[0. 0. 0. ... 0. 0. 0.]
cvc_x_pos (1251,)
[0. 0. 0. ... 0. 0. 0.]
cvc_x_pos (1251,)
[0. 0. 0. ... 0. 0. 0.]
cvc_x_pos (1251,)
[0. 0. 0. ... 0. 0. 0.]
cvc_x_pos (1251,)
[0. 0. 0. ... 0. 0. 0.]
cvc_x_pos (1251,)
[0. 0. 0. ... 0. 0. 0.]
cvc_x_pos (1251,)
[0. 0. 0. ... 0. 0. 0.]
cvc_x_pos (1251,)
[0. 0. 0. ... 0. 0. 0.]
cvc_x_pos (1251,)
[0. 0. 0. ... 0. 0. 0.]
cvc_x_pos (1251,)
[0. 0. 0. ... 0. 0. 0.]
cvc_x_pos (1251,)
[0. 0. 0. ... 0. 0. 0.]
cvc_x_pos (1251,)
[0. 0. 0. ... 0. 0. 0.]
cvc_x_pos (1251,)
[0. 0. 0. ... 0. 0. 0.]
cvc_x_pos (1251,)
[0. 0. 0. ... 0. 0. 0.]
cvc_x_pos (1251,)
[0. 0. 0. ... 0. 0. 0.]
cvc_x_pos (1251,)
[0. 0. 0. ... 0. 0. 0.]
cvc_x_pos (1251,)
[0. 0. 0. ... 0. 0. 0.]
cvc_x_pos (1251,)
[0. 0. 0. ... 0. 0. 0.]
cvc_x_pos (1251,)
[0.00691944 0.00691926 0.00691905 ... 0.         0.         0.        ]
cvc_x_pos (1251,)
[0. 0. 0. ... 0. 0. 0.]
cvc_x_pos (1251,)
[0.00521434 0.0052138  0.00521325 ... 0.         0.         0.        ]
cvc_x_pos (1251,)
[0. 0. 0. ... 0. 0. 0.]
cvc_x_pos (1251,)
[0.00725488 0.00725386 0.0072528  ... 0.         0.         0.        ]
cvc_x_pos (1251,)
[0. 0. 0. ... 0. 0. 0.]
cvc_x_pos (1251,)
[0. 0. 0. ... 0. 0. 0.]
cvc_x_pos (1251,)
[0. 0. 0. ... 0. 0. 0.]
cvc_x_pos (1251,)
[0. 0. 0. ... 0. 0. 0.]
cvc_x_pos (1251,)
[0. 0. 0. ... 0. 0. 0.]
cvc_x_pos (1251,)
[0. 0. 0. ... 0. 0. 0.]
cvc_x_pos (1251,)
[0. 0. 0. ... 0. 0. 0.]
cvc_x_pos (1251,)
[0. 0. 0. ... 0. 0. 0.]
cvc_x_pos (1251,)
[0. 0. 0. ... 0. 0. 0.]
cvc_x_pos (1251,)
[0. 0. 0. ... 0. 0. 0.]
cvc_x_pos (1251,)
[0. 0. 0. ... 0. 0. 0.]
cvc_x_pos (1251,)
[0. 0. 0. ... 0. 0. 0.]
cvc_x_pos (1251,)
[0. 0. 0. ... 0. 0. 0.]
cvc_x_pos (1251,)
[0. 0. 0. ... 0. 0. 0.]
cvc_x_pos (1251,)
[0. 0. 0. ... 0. 0. 0.]
cvc_x_pos (1251,)
[0. 0. 0. ... 0. 0. 0.]
cvc_x_pos (1251,)
[0. 0. 0. ... 0. 0. 0.]
cvc_x_pos (1251,)
[0. 0. 0. ... 0. 0. 0.]
cvc_x_pos (1251,)
[0. 0. 0. ... 0. 0. 0.]
cvc_x_pos (1251,)
[0. 0. 0. ... 0. 0. 0.]
cvc_x_pos (1251,)
[0.00705775 0.00705705 0.00705633 ... 0.         0.         0.        ]
cvc_x_pos (1251,)
[0.00703638 0.00703765 0.00703889 ... 0.         0.         0.        ]
cvc_x_pos (1251,)
[0. 0. 0. ... 0. 0. 0.]
cvc_x_pos (1251,)
[0. 0. 0. ... 0. 0. 0.]
cvc_x_pos (1251,)
[0. 0. 0. ... 0. 0. 0.]
cvc_x_pos (1251,)
[0. 0. 0. ... 0. 0. 0.]
cvc_x_pos (1251,)
[0. 0. 0. ... 0. 0. 0.]
cvc_x_pos (1251,)
[0. 0. 0. ... 0. 0. 0.]
cvc_x_pos (1251,)
[0. 0. 0. ... 0. 0. 0.]
cvc_x_pos (1251,)
[0. 0. 0. ... 0. 0. 0.]
cvc_x_pos (1251,)
[0. 0. 0. ... 0. 0. 0.]
cvc_x_pos (1251,)
[0. 0. 0. ... 0. 0. 0.]
cvc_x_pos (1251,)
[0. 0. 0. ... 0. 0. 0.]
cvc_x_pos (1251,)
[0. 0. 0. ... 0. 0. 0.]
cvc_x_pos (1251,)
[0. 0. 0. ... 0. 0. 0.]
cvc_x_pos (1251,)
[0. 0. 0. ... 0. 0. 0.]
cvc_x_pos (1251,)
[0. 0. 0. ... 0. 0. 0.]
cvc_x_pos (1251,)
[0. 0. 0. ... 0. 0. 0.]
cvc_x_pos (1251,)
[0. 0. 0. ... 0. 0. 0.]
cvc_x_pos (1251,)
[0. 0. 0. ... 0. 0. 0.]
cvc_x_pos (1251,)
[0. 0. 0. ... 0. 0. 0.]
cvc_x_pos (1251,)
[0. 0. 0. ... 0. 0. 0.]
cvc_x_pos (1251,)
[0. 0. 0. ... 0. 0. 0.]
cvc_x_pos (1251,)
[0. 0. 0. ... 0. 0. 0.]
cvc_x_pos (1251,)
[0. 0. 0. ... 0. 0. 0.]
cvc_x_pos (1251,)
[0. 0. 0. ... 0. 0. 0.]
cvc_x_pos (1251,)
[0. 0. 0. ... 0. 0. 0.]
cvc_x_pos (1251,)
[0. 0. 0. ... 0. 0. 0.]
cvc_x_pos (1251,)
[0. 0. 0. ... 0. 0. 0.]
cvc_x_pos (1251,)
[0. 0. 0. ... 0. 0. 0.]
cvc_x_pos (1251,)
[0. 0. 0. ... 0. 0. 0.]
cvc_x_pos (1251,)
[0. 0. 0. ... 0. 0. 0.]
cvc_x_pos (1251,)
[0. 0. 0. ... 0. 0. 0.]
cvc_x_pos (1251,)
[0.00716397 0.00716579 0.00716758 ... 0.         0.         0.        ]
cvc_x_pos (1251,)
[0. 0. 0. ... 0. 0. 0.]
cvc_x_pos (1251,)
[0.00559224 0.00559286 0.00559347 ... 0.         0.         0.        ]
cvc_x_pos (1251,)
[0.00608108 0.0060811  0.00608111 ... 0.         0.         0.        ]
cvc_x_pos (1251,)
[0. 0. 0. ... 0. 0. 0.]
cvc_x_pos (1251,)
[0.00795241 0.00795145 0.00795045 ... 0.         0.         0.        ]
cvc_x_pos (1251,)
[0. 0. 0. ... 0. 0. 0.]
cvc_x_pos (1251,)
[0. 0. 0. ... 0. 0. 0.]
cvc_x_pos (1251,)
[0. 0. 0. ... 0. 0. 0.]
cvc_x_pos (1251,)
[0. 0. 0. ... 0. 0. 0.]
cvc_x_pos (1251,)
[0. 0. 0. ... 0. 0. 0.]
cvc_x_pos (1251,)
[0. 0. 0. ... 0. 0. 0.]
cvc_x_pos (1251,)
[0. 0. 0. ... 0. 0. 0.]
cvc_x_pos (1251,)
[0. 0. 0. ... 0. 0. 0.]
cvc_x_pos (1251,)
[0. 0. 0. ... 0. 0. 0.]
cvc_x_pos (1251,)
[0. 0. 0. ... 0. 0. 0.]
cvc_x_pos (1251,)
[0. 0. 0. ... 0. 0. 0.]
cvc_x_pos (1251,)
[0. 0. 0. ... 0. 0. 0.]
cvc_x_pos (1251,)
[0. 0. 0. ... 0. 0. 0.]
cvc_x_pos (1251,)
[0. 0. 0. ... 0. 0. 0.]
cvc_x_pos (1251,)
[0. 0. 0. ... 0. 0. 0.]
cvc_x_pos (1251,)
[0. 0. 0. ... 0. 0. 0.]
cvc_x_pos (1251,)
[0. 0. 0. ... 0. 0. 0.]
cvc_x_pos (1251,)
[0. 0. 0. ... 0. 0. 0.]
cvc_x_pos (1251,)
[0. 0. 0. ... 0. 0. 0.]
cvc_x_pos (1251,)
[0. 0. 0. ... 0. 0. 0.]
cvc_x_pos (1251,)
[0. 0. 0. ... 0. 0. 0.]
cvc_x_pos (1251,)
[0.00507796 0.00507739 0.00507681 ... 0.         0.         0.        ]
cvc_x_pos (1251,)
[0.00701302 0.00701347 0.00701389 ... 0.         0.         0.        ]
cvc_x_pos (1251,)
[0. 0. 0. ... 0. 0. 0.]
cvc_x_pos (1251,)
[0. 0. 0. ... 0. 0. 0.]
cvc_x_pos (1251,)
[0. 0. 0. ... 0. 0. 0.]
cvc_x_pos (1251,)
[0. 0. 0. ... 0. 0. 0.]
cvc_x_pos (1251,)
[0. 0. 0. ... 0. 0. 0.]
cvc_x_pos (1251,)
[0. 0. 0. ... 0. 0. 0.]
cvc_x_pos (1251,)
[0. 0. 0. ... 0. 0. 0.]
cvc_x_pos (1251,)
[0. 0. 0. ... 0. 0. 0.]
cvc_x_pos (1251,)
[0. 0. 0. ... 0. 0. 0.]
cvc_x_pos (1251,)
[0. 0. 0. ... 0. 0. 0.]
cvc_x_pos (1251,)
[0. 0. 0. ... 0. 0. 0.]
cvc_x_pos (1251,)
[0. 0. 0. ... 0. 0. 0.]
cvc_x_pos (1251,)
[0. 0. 0. ... 0. 0. 0.]
cvc_x_pos (1251,)
[0. 0. 0. ... 0. 0. 0.]
cvc_x_pos (1251,)
[0. 0. 0. ... 0. 0. 0.]
cvc_x_pos (1251,)
[0. 0. 0. ... 0. 0. 0.]
cvc_x_pos (1251,)
[0. 0. 0. ... 0. 0. 0.]
cvc_x_pos (1251,)
[0. 0. 0. ... 0. 0. 0.]
cvc_x_pos (1251,)
[0. 0. 0. ... 0. 0. 0.]
cvc_x_pos (1251,)
[0. 0. 0. ... 0. 0. 0.]
cvc_x_pos (1251,)
[0.00646278 0.00646127 0.00645973 ... 0.         0.         0.        ]
cvc_x_pos (1251,)
[0.00652794 0.00652912 0.00653028 ... 0.         0.         0.        ]
cvc_x_pos (1251,)
[0.00588568 0.00588441 0.00588311 ... 0.         0.         0.        ]
cvc_x_pos (1251,)
[0. 0. 0. ... 0. 0. 0.]
cvc_x_pos (1251,)
[0. 0. 0. ... 0. 0. 0.]
cvc_x_pos (1251,)
[0. 0. 0. ... 0. 0. 0.]
cvc_x_pos (1251,)
[0. 0. 0. ... 0. 0. 0.]
cvc_x_pos (1251,)
[0. 0. 0. ... 0. 0. 0.]
cvc_x_pos (1251,)
[0. 0. 0. ... 0. 0. 0.]
cvc_x_pos (1251,)
[0. 0. 0. ... 0. 0. 0.]
cvc_x_pos (1251,)
[0. 0. 0. ... 0. 0. 0.]
cvc_x_pos (1251,)
[0. 0. 0. ... 0. 0. 0.]
cvc_x_pos (1251,)
[0. 0. 0. ... 0. 0. 0.]
cvc_x_pos (1251,)
[0. 0. 0. ... 0. 0. 0.]
cvc_x_pos (1251,)
[0. 0. 0. ... 0. 0. 0.]
cvc_x_pos (1251,)
[0. 0. 0. ... 0. 0. 0.]
cvc_x_pos (1251,)
[0. 0. 0. ... 0. 0. 0.]
cvc_x_pos (1251,)
[0. 0. 0. ... 0. 0. 0.]
cvc_x_pos (1251,)
[0. 0. 0. ... 0. 0. 0.]
cvc_x_pos (1251,)
[0. 0. 0. ... 0. 0. 0.]
cvc_x_pos (1251,)
[0. 0. 0. ... 0. 0. 0.]
cvc_x_pos (1251,)
[0. 0. 0. ... 0. 0. 0.]
cvc_x_pos (1251,)
[0. 0. 0. ... 0. 0. 0.]
cvc_x_pos (1251,)
[0. 0. 0. ... 0. 0. 0.]
cvc_x_pos (1251,)
[0. 0. 0. ... 0. 0. 0.]
cvc_x_pos (1251,)
[0. 0. 0. ... 0. 0. 0.]
cvc_x_pos (1251,)
[0.00690545 0.00690458 0.00690367 ... 0.         0.         0.        ]
cvc_x_pos (1251,)
[0. 0. 0. ... 0. 0. 0.]
cvc_x_pos (1251,)
[0. 0. 0. ... 0. 0. 0.]
cvc_x_pos (1251,)
[0. 0. 0. ... 0. 0. 0.]
cvc_x_pos (1251,)
[0. 0. 0. ... 0. 0. 0.]
cvc_x_pos (1251,)
[0. 0. 0. ... 0. 0. 0.]
cvc_x_pos (1251,)
[0. 0. 0. ... 0. 0. 0.]
cvc_x_pos (1251,)
[0. 0. 0. ... 0. 0. 0.]
cvc_x_pos (1251,)
[0.00622066 0.00622203 0.00622338 ... 0.         0.         0.        ]
cvc_x_pos (1251,)
[0.         0.         0.00770236 ... 0.         0.         0.        ]
cvc_x_pos (1251,)
[0.00734098 0.00734249 0.00734398 ... 0.         0.         0.        ]
cvc_x_pos (1251,)
[0. 0. 0. ... 0. 0. 0.]
cvc_x_pos (1251,)
[0.00614533 0.00614595 0.00614656 ... 0.         0.         0.        ]
cvc_x_pos (1251,)
[0.0064015  0.00640258 0.00640365 ... 0.         0.         0.        ]
cvc_x_pos (1251,)
[0. 0. 0. ... 0. 0. 0.]
cvc_x_pos (1251,)
[0.00675095 0.00675214 0.00675331 ... 0.         0.         0.        ]
cvc_x_pos (1251,)
[0. 0. 0. ... 0. 0. 0.]
cvc_x_pos (1251,)
[0. 0. 0. ... 0. 0. 0.]
cvc_x_pos (1251,)
[0. 0. 0. ... 0. 0. 0.]
cvc_x_pos (1251,)
[0. 0. 0. ... 0. 0. 0.]
cvc_x_pos (1251,)
[0. 0. 0. ... 0. 0. 0.]
cvc_x_pos (1251,)
[0. 0. 0. ... 0. 0. 0.]
cvc_x_pos (1251,)
[0. 0. 0. ... 0. 0. 0.]
cvc_x_pos (1251,)
[0. 0. 0. ... 0. 0. 0.]
cvc_x_pos (1251,)
[0. 0. 0. ... 0. 0. 0.]
cvc_x_pos (1251,)
[0. 0. 0. ... 0. 0. 0.]
cvc_x_pos (1251,)
[0. 0. 0. ... 0. 0. 0.]
cvc_x_pos (1251,)
[0. 0. 0. ... 0. 0. 0.]
cvc_x_pos (1251,)
[0. 0. 0. ... 0. 0. 0.]
cvc_x_pos (1251,)
[0. 0. 0. ... 0. 0. 0.]
cvc_x_pos (1251,)
[0. 0. 0. ... 0. 0. 0.]
cvc_x_pos (1251,)
[0. 0. 0. ... 0. 0. 0.]
cvc_x_pos (1251,)
[0. 0. 0. ... 0. 0. 0.]
cvc_x_pos (1251,)
[0. 0. 0. ... 0. 0. 0.]
cvc_x_pos (1251,)
[0. 0. 0. ... 0. 0. 0.]
cvc_x_pos (1251,)
[0. 0. 0. ... 0. 0. 0.]
cvc_x_pos (1251,)
[0. 0. 0. ... 0. 0. 0.]
cvc_x_pos (1251,)
[0. 0. 0. ... 0. 0. 0.]
cvc_x_pos (1251,)
[0. 0. 0. ... 0. 0. 0.]
cvc_x_pos (1251,)
[0. 0. 0. ... 0. 0. 0.]
cvc_x_pos (1251,)
[0.00740254 0.00740112 0.00739967 ... 0.         0.         0.        ]
cvc_x_pos (1251,)
[0.00713571 0.00713709 0.00713844 ... 0.         0.         0.        ]
cvc_x_pos (1251,)
[0. 0. 0. ... 0. 0. 0.]
cvc_x_pos (1251,)
[0.00581919 0.00581986 0.00582051 ... 0.         0.         0.        ]
cvc_x_pos (1251,)
[0.00599016 0.00599093 0.0059917  ... 0.         0.         0.        ]
cvc_x_pos (1251,)
[0.00592635 0.00592511 0.00592386 ... 0.         0.         0.        ]
cvc_x_pos (1251,)
[0.00658691 0.00658854 0.00659015 ... 0.         0.         0.        ]
cvc_x_pos (1251,)
[0.00728285 0.00728123 0.00727957 ... 0.         0.         0.        ]
cvc_x_pos (1251,)
[0. 0. 0. ... 0. 0. 0.]
cvc_x_pos (1251,)
[0. 0. 0. ... 0. 0. 0.]
cvc_x_pos (1251,)
[0. 0. 0. ... 0. 0. 0.]
cvc_x_pos (1251,)
[0. 0. 0. ... 0. 0. 0.]
cvc_x_pos (1251,)
[0. 0. 0. ... 0. 0. 0.]
cvc_x_pos (1251,)
[0. 0. 0. ... 0. 0. 0.]
cvc_x_pos (1251,)
[0. 0. 0. ... 0. 0. 0.]
cvc_x_pos (1251,)
[0. 0. 0. ... 0. 0. 0.]
cvc_x_pos (1251,)
[0. 0. 0. ... 0. 0. 0.]
cvc_x_pos (1251,)
[0. 0. 0. ... 0. 0. 0.]
cvc_x_pos (1251,)
[0. 0. 0. ... 0. 0. 0.]
cvc_x_pos (1251,)
[0. 0. 0. ... 0. 0. 0.]
cvc_x_pos (1251,)
[0. 0. 0. ... 0. 0. 0.]
cvc_x_pos (1251,)
[0. 0. 0. ... 0. 0. 0.]
cvc_x_pos (1251,)
[0. 0. 0. ... 0. 0. 0.]
cvc_x_pos (1251,)
[0. 0. 0. ... 0. 0. 0.]
cvc_x_pos (1251,)
[0. 0. 0. ... 0. 0. 0.]
cvc_x_pos (1251,)
[0. 0. 0. ... 0. 0. 0.]
cvc_x_pos (1251,)
[0. 0. 0. ... 0. 0. 0.]
cvc_x_pos (1251,)
[0. 0. 0. ... 0. 0. 0.]
cvc_x_pos (1251,)
[0. 0. 0. ... 0. 0. 0.]
cvc_x_pos (1251,)
[0. 0. 0. ... 0. 0. 0.]
cvc_x_pos (1251,)
[0. 0. 0. ... 0. 0. 0.]
cvc_x_pos (1251,)
[0. 0. 0. ... 0. 0. 0.]
cvc_x_pos (1251,)
[0. 0. 0. ... 0. 0. 0.]
cvc_x_pos (1251,)
[0. 0. 0. ... 0. 0. 0.]
cvc_x_pos (1251,)
[0.00677348 0.00677291 0.00677231 ... 0.         0.         0.        ]
cvc_x_pos (1251,)
[0.00717247 0.00717079 0.00716908 ... 0.         0.         0.        ]
cvc_x_pos (1251,)
[0.0057634  0.00576371 0.005764   ... 0.         0.         0.        ]
cvc_x_pos (1251,)
[0. 0. 0. ... 0. 0. 0.]
cvc_x_pos (1251,)
[0.0062623  0.00626289 0.00626346 ... 0.         0.         0.        ]
cvc_x_pos (1251,)
[0. 0. 0. ... 0. 0. 0.]
cvc_x_pos (1251,)
[0. 0. 0. ... 0. 0. 0.]
cvc_x_pos (1251,)
[0. 0. 0. ... 0. 0. 0.]
cvc_x_pos (1251,)
[0. 0. 0. ... 0. 0. 0.]
cvc_x_pos (1251,)
[0. 0. 0. ... 0. 0. 0.]
cvc_x_pos (1251,)
[0. 0. 0. ... 0. 0. 0.]
cvc_x_pos (1251,)
[0. 0. 0. ... 0. 0. 0.]
cvc_x_pos (1251,)
[0. 0. 0. ... 0. 0. 0.]
cvc_x_pos (1251,)
[0. 0. 0. ... 0. 0. 0.]
cvc_x_pos (1251,)
[0. 0. 0. ... 0. 0. 0.]
cvc_x_pos (1251,)
[0. 0. 0. ... 0. 0. 0.]
cvc_x_pos (1251,)
[0. 0. 0. ... 0. 0. 0.]
cvc_x_pos (1251,)
[0. 0. 0. ... 0. 0. 0.]
cvc_x_pos (1251,)
[0. 0. 0. ... 0. 0. 0.]
cvc_x_pos (1251,)
[0. 0. 0. ... 0. 0. 0.]
cvc_x_pos (1251,)
[0. 0. 0. ... 0. 0. 0.]
cvc_x_pos (1251,)
[0. 0. 0. ... 0. 0. 0.]
cvc_x_pos (1251,)
[0. 0. 0. ... 0. 0. 0.]
cvc_x_pos (1251,)
[0. 0. 0. ... 0. 0. 0.]
cvc_x_pos (1251,)
[0. 0. 0. ... 0. 0. 0.]
cvc_x_pos (1251,)
[0. 0. 0. ... 0. 0. 0.]
cvc_x_pos (1251,)
[0. 0. 0. ... 0. 0. 0.]
cvc_x_pos (1251,)
[0. 0. 0. ... 0. 0. 0.]
cvc_x_pos (1251,)
[0. 0. 0. ... 0. 0. 0.]
cvc_x_pos (1251,)
[0. 0. 0. ... 0. 0. 0.]
cvc_x_pos (1251,)
[0. 0. 0. ... 0. 0. 0.]
cvc_x_pos (1251,)
[0. 0. 0. ... 0. 0. 0.]
cvc_x_pos (1251,)
[0. 0. 0. ... 0. 0. 0.]
cvc_x_pos (1251,)
[0. 0. 0. ... 0. 0. 0.]
cvc_x_pos (1251,)
[0. 0. 0. ... 0. 0. 0.]
cvc_x_pos (1251,)
[0. 0. 0. ... 0. 0. 0.]
cvc_x_pos (1251,)
[0. 0. 0. ... 0. 0. 0.]
cvc_x_pos (1251,)
[0.00753833 0.00753769 0.00753702 ... 0.         0.         0.        ]
cvc_x_pos (1251,)
[0. 0. 0. ... 0. 0. 0.]
cvc_x_pos (1251,)
[0.00586089 0.00586041 0.00585991 ... 0.         0.         0.        ]
cvc_x_pos (1251,)
[0. 0. 0. ... 0. 0. 0.]
cvc_x_pos (1251,)
[0.00511529 0.00511498 0.00511466 ... 0.         0.         0.        ]
cvc_x_pos (1251,)
[0.00655296 0.00655343 0.00655389 ... 0.         0.         0.        ]
cvc_x_pos (1251,)
[0.00639816 0.006397   0.00639582 ... 0.         0.         0.        ]
cvc_x_pos (1251,)
[0. 0. 0. ... 0. 0. 0.]
cvc_x_pos (1251,)
[0. 0. 0. ... 0. 0. 0.]
cvc_x_pos (1251,)
[0. 0. 0. ... 0. 0. 0.]
cvc_x_pos (1251,)
[0. 0. 0. ... 0. 0. 0.]
cvc_x_pos (1251,)
[0. 0. 0. ... 0. 0. 0.]
cvc_x_pos (1251,)
[0. 0. 0. ... 0. 0. 0.]
cvc_x_pos (1251,)
[0. 0. 0. ... 0. 0. 0.]
cvc_x_pos (1251,)
[0. 0. 0. ... 0. 0. 0.]
cvc_x_pos (1251,)
[0. 0. 0. ... 0. 0. 0.]
cvc_x_pos (1251,)
[0. 0. 0. ... 0. 0. 0.]
cvc_x_pos (1251,)
[0. 0. 0. ... 0. 0. 0.]
cvc_x_pos (1251,)
[0. 0. 0. ... 0. 0. 0.]
cvc_x_pos (1251,)
[0. 0. 0. ... 0. 0. 0.]
cvc_x_pos (1251,)
[0. 0. 0. ... 0. 0. 0.]
cvc_x_pos (1251,)
[0. 0. 0. ... 0. 0. 0.]
cvc_x_pos (1251,)
[0. 0. 0. ... 0. 0. 0.]
cvc_x_pos (1251,)
[0. 0. 0. ... 0. 0. 0.]
cvc_x_pos (1251,)
[0. 0. 0. ... 0. 0. 0.]
cvc_x_pos (1251,)
[0. 0. 0. ... 0. 0. 0.]
cvc_x_pos (1251,)
[0. 0. 0. ... 0. 0. 0.]
cvc_x_pos (1251,)
[0. 0. 0. ... 0. 0. 0.]
cvc_x_pos (1251,)
[0. 0. 0. ... 0. 0. 0.]
cvc_x_pos (1251,)
[0. 0. 0. ... 0. 0. 0.]
cvc_x_pos (1251,)
[0. 0. 0. ... 0. 0. 0.]
cvc_x_pos (1251,)
[0. 0. 0. ... 0. 0. 0.]
cvc_x_pos (1251,)
[0. 0. 0. ... 0. 0. 0.]
cvc_x_pos (1251,)
[0. 0. 0. ... 0. 0. 0.]
cvc_x_pos (1251,)
[0. 0. 0. ... 0. 0. 0.]
cvc_x_pos (1251,)
[0. 0. 0. ... 0. 0. 0.]
cvc_x_pos (1251,)
[0. 0. 0. ... 0. 0. 0.]
cvc_x_pos (1251,)
[0. 0. 0. ... 0. 0. 0.]
cvc_x_pos (1251,)
[0. 0. 0. ... 0. 0. 0.]
cvc_x_pos (1251,)
[0. 0. 0. ... 0. 0. 0.]
cvc_x_pos (1251,)
[0. 0. 0. ... 0. 0. 0.]
cvc_x_pos (1251,)
[0. 0. 0. ... 0. 0. 0.]
cvc_x_pos (1251,)
[0. 0. 0. ... 0. 0. 0.]
cvc_x_pos (1251,)
[0. 0. 0. ... 0. 0. 0.]
cvc_x_pos (1251,)
[0. 0. 0. ... 0. 0. 0.]
cvc_x_pos (1251,)
[0. 0. 0. ... 0. 0. 0.]
cvc_x_pos (1251,)
[0.00687227 0.00687073 0.00686917 ... 0.         0.         0.        ]
cvc_x_pos (1251,)
[0. 0. 0. ... 0. 0. 0.]
cvc_x_pos (1251,)
[0.00532469 0.00532414 0.00532357 ... 0.         0.         0.        ]
cvc_x_pos (1251,)
[0. 0. 0. ... 0. 0. 0.]
cvc_x_pos (1251,)
[0.00618566 0.00618511 0.00618454 ... 0.         0.         0.        ]
cvc_x_pos (1251,)
[0. 0. 0. ... 0. 0. 0.]
cvc_x_pos (1251,)
[0.00694855 0.0069475  0.00694642 ... 0.         0.         0.        ]
cvc_x_pos (1251,)
[0. 0. 0. ... 0. 0. 0.]
cvc_x_pos (1251,)
[0. 0. 0. ... 0. 0. 0.]
cvc_x_pos (1251,)
[0.00622709 0.00622578 0.00622446 ... 0.         0.         0.        ]
cvc_x_pos (1251,)
[0. 0. 0. ... 0. 0. 0.]
cvc_x_pos (1251,)
[0. 0. 0. ... 0. 0. 0.]
cvc_x_pos (1251,)
[0. 0. 0. ... 0. 0. 0.]
cvc_x_pos (1251,)
[0. 0. 0. ... 0. 0. 0.]
cvc_x_pos (1251,)
[0. 0. 0. ... 0. 0. 0.]
cvc_x_pos (1251,)
[0. 0. 0. ... 0. 0. 0.]
cvc_x_pos (1251,)
[0. 0. 0. ... 0. 0. 0.]
cvc_x_pos (1251,)
[0. 0. 0. ... 0. 0. 0.]
cvc_x_pos (1251,)
[0. 0. 0. ... 0. 0. 0.]
cvc_x_pos (1251,)
[0. 0. 0. ... 0. 0. 0.]
cvc_x_pos (1251,)
[0. 0. 0. ... 0. 0. 0.]
cvc_x_pos (1251,)
[0. 0. 0. ... 0. 0. 0.]
cvc_x_pos (1251,)
[0. 0. 0. ... 0. 0. 0.]
cvc_x_pos (1251,)
[0. 0. 0. ... 0. 0. 0.]
cvc_x_pos (1251,)
[0. 0. 0. ... 0. 0. 0.]
cvc_x_pos (1251,)
[0. 0. 0. ... 0. 0. 0.]
cvc_x_pos (1251,)
[0. 0. 0. ... 0. 0. 0.]
cvc_x_pos (1251,)
[0. 0. 0. ... 0. 0. 0.]
cvc_x_pos (1251,)
[0. 0. 0. ... 0. 0. 0.]
cvc_x_pos (1251,)
[0. 0. 0. ... 0. 0. 0.]
cvc_x_pos (1251,)
[0. 0. 0. ... 0. 0. 0.]
cvc_x_pos (1251,)
[0. 0. 0. ... 0. 0. 0.]
cvc_x_pos (1251,)
[0. 0. 0. ... 0. 0. 0.]
cvc_x_pos (1251,)
[0. 0. 0. ... 0. 0. 0.]
cvc_x_pos (1251,)
[0. 0. 0. ... 0. 0. 0.]
cvc_x_pos (1251,)
[0. 0. 0. ... 0. 0. 0.]
cvc_x_pos (1251,)
[0. 0. 0. ... 0. 0. 0.]
cvc_x_pos (1251,)
[0. 0. 0. ... 0. 0. 0.]
cvc_x_pos (1251,)
[0. 0. 0. ... 0. 0. 0.]
cvc_x_pos (1251,)
[0. 0. 0. ... 0. 0. 0.]
cvc_x_pos (1251,)
[0. 0. 0. ... 0. 0. 0.]
cvc_x_pos (1251,)
[0. 0. 0. ... 0. 0. 0.]
cvc_x_pos (1251,)
[0. 0. 0. ... 0. 0. 0.]
cvc_x_pos (1251,)
[0. 0. 0. ... 0. 0. 0.]
cvc_x_pos (1251,)
[0. 0. 0. ... 0. 0. 0.]
cvc_x_pos (1251,)
[0. 0. 0. ... 0. 0. 0.]
cvc_x_pos (1251,)
[0. 0. 0. ... 0. 0. 0.]
cvc_x_pos (1251,)
[0. 0. 0. ... 0. 0. 0.]
cvc_x_pos (1251,)
[0. 0. 0. ... 0. 0. 0.]
cvc_x_pos (1251,)
[0. 0. 0. ... 0. 0. 0.]
cvc_x_pos (1251,)
[0. 0. 0. ... 0. 0. 0.]
cvc_x_pos (1251,)
[0. 0. 0. ... 0. 0. 0.]
cvc_x_pos (1251,)
[0. 0. 0. ... 0. 0. 0.]
cvc_x_pos (1251,)
[0. 0. 0. ... 0. 0. 0.]
cvc_x_pos (1251,)
[0. 0. 0. ... 0. 0. 0.]
cvc_x_pos (1251,)
[0. 0. 0. ... 0. 0. 0.]
cvc_x_pos (1251,)
[0. 0. 0. ... 0. 0. 0.]
cvc_x_pos (1251,)
[0. 0. 0. ... 0. 0. 0.]
cvc_x_pos (1251,)
[0. 0. 0. ... 0. 0. 0.]
cvc_x_pos (1251,)
[0.00548505 0.00548419 0.00548332 ... 0.         0.         0.        ]
cvc_x_pos (1251,)
[0. 0. 0. ... 0. 0. 0.]
cvc_x_pos (1251,)
[0.00611518 0.00611395 0.00611269 ... 0.         0.         0.        ]
cvc_x_pos (1251,)
[0. 0. 0. ... 0. 0. 0.]
cvc_x_pos (1251,)
[0.00645164 0.00645066 0.00644966 ... 0.         0.         0.        ]
cvc_x_pos (1251,)
[0.00630614 0.00630655 0.00630695 ... 0.         0.         0.        ]
cvc_x_pos (1251,)
[0.0064707  0.00646929 0.00646787 ... 0.         0.         0.        ]
cvc_x_pos (1251,)
[0.00660723 0.00660858 0.0066099  ... 0.         0.         0.        ]
cvc_x_pos (1251,)
[0. 0. 0. ... 0. 0. 0.]
cvc_x_pos (1251,)
[0. 0. 0. ... 0. 0. 0.]
cvc_x_pos (1251,)
[0. 0. 0. ... 0. 0. 0.]
cvc_x_pos (1251,)
[0. 0. 0. ... 0. 0. 0.]
cvc_x_pos (1251,)
[0. 0. 0. ... 0. 0. 0.]
cvc_x_pos (1251,)
[0. 0. 0. ... 0. 0. 0.]
cvc_x_pos (1251,)
[0. 0. 0. ... 0. 0. 0.]
cvc_x_pos (1251,)
[0. 0. 0. ... 0. 0. 0.]
cvc_x_pos (1251,)
[0. 0. 0. ... 0. 0. 0.]
cvc_x_pos (1251,)
[0. 0. 0. ... 0. 0. 0.]
cvc_x_pos (1251,)
[0. 0. 0. ... 0. 0. 0.]
cvc_x_pos (1251,)
[0. 0. 0. ... 0. 0. 0.]
cvc_x_pos (1251,)
[0. 0. 0. ... 0. 0. 0.]
cvc_x_pos (1251,)
[0. 0. 0. ... 0. 0. 0.]
cvc_x_pos (1251,)
[0. 0. 0. ... 0. 0. 0.]
cvc_x_pos (1251,)
[0. 0. 0. ... 0. 0. 0.]
cvc_x_pos (1251,)
[0. 0. 0. ... 0. 0. 0.]
cvc_x_pos (1251,)
[0. 0. 0. ... 0. 0. 0.]
cvc_x_pos (1251,)
[0. 0. 0. ... 0. 0. 0.]
cvc_x_pos (1251,)
[0. 0. 0. ... 0. 0. 0.]
cvc_x_pos (1251,)
[0. 0. 0. ... 0. 0. 0.]
cvc_x_pos (1251,)
[0. 0. 0. ... 0. 0. 0.]
cvc_x_pos (1251,)
[0. 0. 0. ... 0. 0. 0.]
cvc_x_pos (1251,)
[0. 0. 0. ... 0. 0. 0.]
cvc_x_pos (1251,)
[0. 0. 0. ... 0. 0. 0.]
cvc_x_pos (1251,)
[0. 0. 0. ... 0. 0. 0.]
cvc_x_pos (1251,)
[0. 0. 0. ... 0. 0. 0.]
cvc_x_pos (1251,)
[0. 0. 0. ... 0. 0. 0.]
cvc_x_pos (1251,)
[0. 0. 0. ... 0. 0. 0.]
cvc_x_pos (1251,)
[0. 0. 0. ... 0. 0. 0.]
cvc_x_pos (1251,)
[0. 0. 0. ... 0. 0. 0.]
cvc_x_pos (1251,)
[0. 0. 0. ... 0. 0. 0.]
cvc_x_pos (1251,)
[0. 0. 0. ... 0. 0. 0.]
cvc_x_pos (1251,)
[0. 0. 0. ... 0. 0. 0.]
cvc_x_pos (1251,)
[0. 0. 0. ... 0. 0. 0.]
cvc_x_pos (1251,)
[0. 0. 0. ... 0. 0. 0.]
cvc_x_pos (1251,)
[0. 0. 0. ... 0. 0. 0.]
cvc_x_pos (1251,)
[0. 0. 0. ... 0. 0. 0.]
cvc_x_pos (1251,)
[0. 0. 0. ... 0. 0. 0.]
cvc_x_pos (1251,)
[0. 0. 0. ... 0. 0. 0.]
cvc_x_pos (1251,)
[0. 0. 0. ... 0. 0. 0.]
cvc_x_pos (1251,)
[0. 0. 0. ... 0. 0. 0.]
cvc_x_pos (1251,)
[0. 0. 0. ... 0. 0. 0.]
cvc_x_pos (1251,)
[0. 0. 0. ... 0. 0. 0.]
cvc_x_pos (1251,)
[0. 0. 0. ... 0. 0. 0.]
cvc_x_pos (1251,)
[0. 0. 0. ... 0. 0. 0.]
cvc_x_pos (1251,)
[0. 0. 0. ... 0. 0. 0.]
cvc_x_pos (1251,)
[0. 0. 0. ... 0. 0. 0.]
cvc_x_pos (1251,)
[0. 0. 0. ... 0. 0. 0.]
cvc_x_pos (1251,)
[0. 0. 0. ... 0. 0. 0.]
cvc_x_pos (1251,)
[0. 0. 0. ... 0. 0. 0.]
cvc_x_pos (1251,)
[0. 0. 0. ... 0. 0. 0.]
cvc_x_pos (1251,)
[0. 0. 0. ... 0. 0. 0.]
cvc_x_pos (1251,)
[0. 0. 0. ... 0. 0. 0.]
cvc_x_pos (1251,)
[0. 0. 0. ... 0. 0. 0.]
cvc_x_pos (1251,)
[0. 0. 0. ... 0. 0. 0.]
cvc_x_pos (1251,)
[0. 0. 0. ... 0. 0. 0.]
cvc_x_pos (1251,)
[0. 0. 0. ... 0. 0. 0.]
cvc_x_pos (1251,)
[0. 0. 0. ... 0. 0. 0.]
cvc_x_pos (1251,)
[0.00652309 0.00652181 0.00652052 ... 0.         0.         0.        ]
cvc_x_pos (1251,)
[0.00691959 0.00691953 0.00691945 ... 0.         0.         0.        ]
cvc_x_pos (1251,)
[0. 0. 0. ... 0. 0. 0.]
cvc_x_pos (1251,)
[0. 0. 0. ... 0. 0. 0.]
cvc_x_pos (1251,)
[0. 0. 0. ... 0. 0. 0.]
cvc_x_pos (1251,)
[0. 0. 0. ... 0. 0. 0.]
cvc_x_pos (1251,)
[0. 0. 0. ... 0. 0. 0.]
cvc_x_pos (1251,)
[0. 0. 0. ... 0. 0. 0.]
cvc_x_pos (1251,)
[0. 0. 0. ... 0. 0. 0.]
cvc_x_pos (1251,)
[0. 0. 0. ... 0. 0. 0.]
cvc_x_pos (1251,)
[0. 0. 0. ... 0. 0. 0.]
cvc_x_pos (1251,)
[0. 0. 0. ... 0. 0. 0.]
cvc_x_pos (1251,)
[0. 0. 0. ... 0. 0. 0.]
cvc_x_pos (1251,)
[0. 0. 0. ... 0. 0. 0.]
cvc_x_pos (1251,)
[0. 0. 0. ... 0. 0. 0.]
cvc_x_pos (1251,)
[0. 0. 0. ... 0. 0. 0.]
cvc_x_pos (1251,)
[0. 0. 0. ... 0. 0. 0.]
cvc_x_pos (1251,)
[0. 0. 0. ... 0. 0. 0.]
cvc_x_pos (1251,)
[0. 0. 0. ... 0. 0. 0.]
cvc_x_pos (1251,)
[0. 0. 0. ... 0. 0. 0.]
cvc_x_pos (1251,)
[0. 0. 0. ... 0. 0. 0.]
cvc_x_pos (1251,)
[0. 0. 0. ... 0. 0. 0.]
cvc_x_pos (1251,)
[0. 0. 0. ... 0. 0. 0.]
cvc_x_pos (1251,)
[0. 0. 0. ... 0. 0. 0.]
cvc_x_pos (1251,)
[0. 0. 0. ... 0. 0. 0.]
cvc_x_pos (1251,)
[0. 0. 0. ... 0. 0. 0.]
cvc_x_pos (1251,)
[0. 0. 0. ... 0. 0. 0.]
cvc_x_pos (1251,)
[0. 0. 0. ... 0. 0. 0.]
cvc_x_pos (1251,)
[0. 0. 0. ... 0. 0. 0.]
cvc_x_pos (1251,)
[0. 0. 0. ... 0. 0. 0.]
cvc_x_pos (1251,)
[0. 0. 0. ... 0. 0. 0.]
cvc_x_pos (1251,)
[0. 0. 0. ... 0. 0. 0.]
cvc_x_pos (1251,)
[0.006031   0.0060303  0.00602958 ... 0.         0.         0.        ]
cvc_x_pos (1251,)
[0. 0. 0. ... 0. 0. 0.]
cvc_x_pos (1251,)
[0. 0. 0. ... 0. 0. 0.]
cvc_x_pos (1251,)
[0. 0. 0. ... 0. 0. 0.]
cvc_x_pos (1251,)
[0. 0. 0. ... 0. 0. 0.]
cvc_x_pos (1251,)
[0. 0. 0. ... 0. 0. 0.]
cvc_x_pos (1251,)
[0. 0. 0. ... 0. 0. 0.]
cvc_x_pos (1251,)
[0. 0. 0. ... 0. 0. 0.]
cvc_x_pos (1251,)
[0. 0. 0. ... 0. 0. 0.]
cvc_x_pos (1251,)
[0. 0. 0. ... 0. 0. 0.]
cvc_x_pos (1251,)
[0. 0. 0. ... 0. 0. 0.]
cvc_x_pos (1251,)
[0. 0. 0. ... 0. 0. 0.]
cvc_x_pos (1251,)
[0. 0. 0. ... 0. 0. 0.]
cvc_x_pos (1251,)
[0. 0. 0. ... 0. 0. 0.]
cvc_x_pos (1251,)
[0. 0. 0. ... 0. 0. 0.]
cvc_x_pos (1251,)
[0. 0. 0. ... 0. 0. 0.]
cvc_x_pos (1251,)
[0. 0. 0. ... 0. 0. 0.]
cvc_x_pos (1251,)
[0. 0. 0. ... 0. 0. 0.]
cvc_x_pos (1251,)
[0. 0. 0. ... 0. 0. 0.]
cvc_x_pos (1251,)
[0. 0. 0. ... 0. 0. 0.]
cvc_x_pos (1251,)
[0. 0. 0. ... 0. 0. 0.]
cvc_x_pos (1251,)
[0. 0. 0. ... 0. 0. 0.]
cvc_x_pos (1251,)
[0. 0. 0. ... 0. 0. 0.]
cvc_x_pos (1251,)
[0. 0. 0. ... 0. 0. 0.]
cvc_x_pos (1251,)
[0. 0. 0. ... 0. 0. 0.]
cvc_x_pos (1251,)
[0. 0. 0. ... 0. 0. 0.]
cvc_x_pos (1251,)
[0. 0. 0. ... 0. 0. 0.]
cvc_x_pos (1251,)
[0. 0. 0. ... 0. 0. 0.]
cvc_x_pos (1251,)
[0. 0. 0. ... 0. 0. 0.]
cvc_x_pos (1251,)
[0. 0. 0. ... 0. 0. 0.]
cvc_x_pos (1251,)
[0. 0. 0. ... 0. 0. 0.]
cvc_x_pos (1251,)
[0. 0. 0. ... 0. 0. 0.]
cvc_x_pos (1251,)
[0. 0. 0. ... 0. 0. 0.]
cvc_x_pos (1251,)
[0. 0. 0. ... 0. 0. 0.]
cvc_x_pos (1251,)
[0. 0. 0. ... 0. 0. 0.]
cvc_x_pos (1251,)
[0. 0. 0. ... 0. 0. 0.]
cvc_x_pos (1251,)
[0. 0. 0. ... 0. 0. 0.]
cvc_x_pos (1251,)
[0.00710855 0.0071092  0.00710982 ... 0.         0.         0.        ]
cvc_x_pos (1251,)
[0. 0. 0. ... 0. 0. 0.]
cvc_x_pos (1251,)
[0.00551164 0.00551183 0.005512   ... 0.         0.         0.        ]
cvc_x_pos (1251,)
[0.00704825 0.00705015 0.00705203 ... 0.         0.         0.        ]
cvc_x_pos (1251,)
[0.00618712 0.00618762 0.00618811 ... 0.         0.         0.        ]
cvc_x_pos (1251,)
[0. 0. 0. ... 0. 0. 0.]
cvc_x_pos (1251,)
[0.00685153 0.00685259 0.00685362 ... 0.         0.         0.        ]
cvc_x_pos (1251,)
[0.00644844 0.00644735 0.00644625 ... 0.         0.         0.        ]
cvc_x_pos (1251,)
[0. 0. 0. ... 0. 0. 0.]
cvc_x_pos (1251,)
[0. 0. 0. ... 0. 0. 0.]
cvc_x_pos (1251,)
[0. 0. 0. ... 0. 0. 0.]
cvc_x_pos (1251,)
[0. 0. 0. ... 0. 0. 0.]
cvc_x_pos (1251,)
[0. 0. 0. ... 0. 0. 0.]
cvc_x_pos (1251,)
[0. 0. 0. ... 0. 0. 0.]
cvc_x_pos (1251,)
[0. 0. 0. ... 0. 0. 0.]
cvc_x_pos (1251,)
[0. 0. 0. ... 0. 0. 0.]
cvc_x_pos (1251,)
[0. 0. 0. ... 0. 0. 0.]
cvc_x_pos (1251,)
[0. 0. 0. ... 0. 0. 0.]
cvc_x_pos (1251,)
[0. 0. 0. ... 0. 0. 0.]
cvc_x_pos (1251,)
[0. 0. 0. ... 0. 0. 0.]
cvc_x_pos (1251,)
[0. 0. 0. ... 0. 0. 0.]
cvc_x_pos (1251,)
[0. 0. 0. ... 0. 0. 0.]
cvc_x_pos (1251,)
[0. 0. 0. ... 0. 0. 0.]
cvc_x_pos (1251,)
[0. 0. 0. ... 0. 0. 0.]
cvc_x_pos (1251,)
[0. 0. 0. ... 0. 0. 0.]
cvc_x_pos (1251,)
[0. 0. 0. ... 0. 0. 0.]
cvc_x_pos (1251,)
[0. 0. 0. ... 0. 0. 0.]
cvc_x_pos (1251,)
[0. 0. 0. ... 0. 0. 0.]
cvc_x_pos (1251,)
[0. 0. 0. ... 0. 0. 0.]
cvc_x_pos (1251,)
[0. 0. 0. ... 0. 0. 0.]
cvc_x_pos (1251,)
[0. 0. 0. ... 0. 0. 0.]
cvc_x_pos (1251,)
[0. 0. 0. ... 0. 0. 0.]
cvc_x_pos (1251,)
[0. 0. 0. ... 0. 0. 0.]
cvc_x_pos (1251,)
[0. 0. 0. ... 0. 0. 0.]
cvc_x_pos (1251,)
[0. 0. 0. ... 0. 0. 0.]
cvc_x_pos (1251,)
[0. 0. 0. ... 0. 0. 0.]
cvc_x_pos (1251,)
[0. 0. 0. ... 0. 0. 0.]
cvc_x_pos (1251,)
[0. 0. 0. ... 0. 0. 0.]
cvc_x_pos (1251,)
[0.0078347  0.00783245 0.00783016 ... 0.         0.         0.        ]
cvc_x_pos (1251,)
[0.00753435 0.00753518 0.00753597 ... 0.         0.         0.        ]
cvc_x_pos (1251,)
[0. 0. 0. ... 0. 0. 0.]
cvc_x_pos (1251,)
[0. 0. 0. ... 0. 0. 0.]
cvc_x_pos (1251,)
[0. 0. 0. ... 0. 0. 0.]
cvc_x_pos (1251,)
[0. 0. 0. ... 0. 0. 0.]
cvc_x_pos (1251,)
[0. 0. 0. ... 0. 0. 0.]
cvc_x_pos (1251,)
[0. 0. 0. ... 0. 0. 0.]
cvc_x_pos (1251,)
[0. 0. 0. ... 0. 0. 0.]
cvc_x_pos (1251,)
[0. 0. 0. ... 0. 0. 0.]
cvc_x_pos (1251,)
[0. 0. 0. ... 0. 0. 0.]
cvc_x_pos (1251,)
[0. 0. 0. ... 0. 0. 0.]
cvc_x_pos (1251,)
[0. 0. 0. ... 0. 0. 0.]
cvc_x_pos (1251,)
[0. 0. 0. ... 0. 0. 0.]
cvc_x_pos (1251,)
[0. 0. 0. ... 0. 0. 0.]
cvc_x_pos (1251,)
[0. 0. 0. ... 0. 0. 0.]
cvc_x_pos (1251,)
[0. 0. 0. ... 0. 0. 0.]
cvc_x_pos (1251,)
[0. 0. 0. ... 0. 0. 0.]
cvc_x_pos (1251,)
[0. 0. 0. ... 0. 0. 0.]
cvc_x_pos (1251,)
[0. 0. 0. ... 0. 0. 0.]
cvc_x_pos (1251,)
[0. 0. 0. ... 0. 0. 0.]
cvc_x_pos (1251,)
[0. 0. 0. ... 0. 0. 0.]
cvc_x_pos (1251,)
[0. 0. 0. ... 0. 0. 0.]
cvc_x_pos (1251,)
[0. 0. 0. ... 0. 0. 0.]
cvc_x_pos (1251,)
[0. 0. 0. ... 0. 0. 0.]
cvc_x_pos (1251,)
[0. 0. 0. ... 0. 0. 0.]
cvc_x_pos (1251,)
[0.00652849 0.00652961 0.00653071 ... 0.         0.         0.        ]
cvc_x_pos (1251,)
[0. 0. 0. ... 0. 0. 0.]
cvc_x_pos (1251,)
[0.00642394 0.00642455 0.00642513 ... 0.         0.         0.        ]
cvc_x_pos (1251,)
[0. 0. 0. ... 0. 0. 0.]
cvc_x_pos (1251,)
[0.00676741 0.00676661 0.00676579 ... 0.         0.         0.        ]
cvc_x_pos (1251,)
[0. 0. 0. ... 0. 0. 0.]
cvc_x_pos (1251,)
[0.00701428 0.00701251 0.00701071 ... 0.         0.         0.        ]
cvc_x_pos (1251,)
[0. 0. 0. ... 0. 0. 0.]
cvc_x_pos (1251,)
[0. 0. 0. ... 0. 0. 0.]
cvc_x_pos (1251,)
[0. 0. 0. ... 0. 0. 0.]
cvc_x_pos (1251,)
[0. 0. 0. ... 0. 0. 0.]
cvc_x_pos (1251,)
[0. 0. 0. ... 0. 0. 0.]
cvc_x_pos (1251,)
[0. 0. 0. ... 0. 0. 0.]
cvc_x_pos (1251,)
[0. 0. 0. ... 0. 0. 0.]
cvc_x_pos (1251,)
[0. 0. 0. ... 0. 0. 0.]
cvc_x_pos (1251,)
[0. 0. 0. ... 0. 0. 0.]
cvc_x_pos (1251,)
[0. 0. 0. ... 0. 0. 0.]
cvc_x_pos (1251,)
[0. 0. 0. ... 0. 0. 0.]
cvc_x_pos (1251,)
[0. 0. 0. ... 0. 0. 0.]
cvc_x_pos (1251,)
[0. 0. 0. ... 0. 0. 0.]
cvc_x_pos (1251,)
[0. 0. 0. ... 0. 0. 0.]
cvc_x_pos (1251,)
[0. 0. 0. ... 0. 0. 0.]
cvc_x_pos (1251,)
[0. 0. 0. ... 0. 0. 0.]
cvc_x_pos (1251,)
[0. 0. 0. ... 0. 0. 0.]
cvc_x_pos (1251,)
[0. 0. 0. ... 0. 0. 0.]
cvc_x_pos (1251,)
[0. 0. 0. ... 0. 0. 0.]
cvc_x_pos (1251,)
[0. 0. 0. ... 0. 0. 0.]
cvc_x_pos (1251,)
[0. 0. 0. ... 0. 0. 0.]
cvc_x_pos (1251,)
[0. 0. 0. ... 0. 0. 0.]
cvc_x_pos (1251,)
[0. 0. 0. ... 0. 0. 0.]
cvc_x_pos (1251,)
[0. 0. 0. ... 0. 0. 0.]
cvc_x_pos (1251,)
[0. 0. 0. ... 0. 0. 0.]
cvc_x_pos (1251,)
[0. 0. 0. ... 0. 0. 0.]
cvc_x_pos (1251,)
[0. 0. 0. ... 0. 0. 0.]
cvc_x_pos (1251,)
[0. 0. 0. ... 0. 0. 0.]
cvc_x_pos (1251,)
[0. 0. 0. ... 0. 0. 0.]
cvc_x_pos (1251,)
[0. 0. 0. ... 0. 0. 0.]
cvc_x_pos (1251,)
[0. 0. 0. ... 0. 0. 0.]
cvc_x_pos (1251,)
[0. 0. 0. ... 0. 0. 0.]
cvc_x_pos (1251,)
[0.0058672  0.00586733 0.00586745 ... 0.         0.         0.        ]
cvc_x_pos (1251,)
[0. 0. 0. ... 0. 0. 0.]
cvc_x_pos (1251,)
[0. 0. 0. ... 0. 0. 0.]
cvc_x_pos (1251,)
[0. 0. 0. ... 0. 0. 0.]
cvc_x_pos (1251,)
[0. 0. 0. ... 0. 0. 0.]
cvc_x_pos (1251,)
[0. 0. 0. ... 0. 0. 0.]
cvc_x_pos (1251,)
[0. 0. 0. ... 0. 0. 0.]
cvc_x_pos (1251,)
[0. 0. 0. ... 0. 0. 0.]
cvc_x_pos (1251,)
[0. 0. 0. ... 0. 0. 0.]
cvc_x_pos (1251,)
[0. 0. 0. ... 0. 0. 0.]
cvc_x_pos (1251,)
[0. 0. 0. ... 0. 0. 0.]
cvc_x_pos (1251,)
[0. 0. 0. ... 0. 0. 0.]
cvc_x_pos (1251,)
[0. 0. 0. ... 0. 0. 0.]
cvc_x_pos (1251,)
[0. 0. 0. ... 0. 0. 0.]
cvc_x_pos (1251,)
[0. 0. 0. ... 0. 0. 0.]
cvc_x_pos (1251,)
[0.00568764 0.00568876 0.00568987 ... 0.         0.         0.        ]
cvc_x_pos (1251,)
[0. 0. 0. ... 0. 0. 0.]
cvc_x_pos (1251,)
[0.00748367 0.00748417 0.00748464 ... 0.         0.         0.        ]
cvc_x_pos (1251,)
[0. 0. 0. ... 0. 0. 0.]
cvc_x_pos (1251,)
[0. 0. 0. ... 0. 0. 0.]
cvc_x_pos (1251,)
[0. 0. 0. ... 0. 0. 0.]
cvc_x_pos (1251,)
[0. 0. 0. ... 0. 0. 0.]
cvc_x_pos (1251,)
[0. 0. 0. ... 0. 0. 0.]
cvc_x_pos (1251,)
[0. 0. 0. ... 0. 0. 0.]
cvc_x_pos (1251,)
[0.00705584 0.00705399 0.00705212 ... 0.         0.         0.        ]
cvc_x_pos (1251,)
[0. 0. 0. ... 0. 0. 0.]
cvc_x_pos (1251,)
[0. 0. 0. ... 0. 0. 0.]
cvc_x_pos (1251,)
[0. 0. 0. ... 0. 0. 0.]
cvc_x_pos (1251,)
[0. 0. 0. ... 0. 0. 0.]
cvc_x_pos (1251,)
[0. 0. 0. ... 0. 0. 0.]
cvc_x_pos (1251,)
[0. 0. 0. ... 0. 0. 0.]
cvc_x_pos (1251,)
[0. 0. 0. ... 0. 0. 0.]
cvc_x_pos (1251,)
[0. 0. 0. ... 0. 0. 0.]
cvc_x_pos (1251,)
[0. 0. 0. ... 0. 0. 0.]
cvc_x_pos (1251,)
[0. 0. 0. ... 0. 0. 0.]
cvc_x_pos (1251,)
[0. 0. 0. ... 0. 0. 0.]
cvc_x_pos (1251,)
[0. 0. 0. ... 0. 0. 0.]
cvc_x_pos (1251,)
[0. 0. 0. ... 0. 0. 0.]
cvc_x_pos (1251,)
[0. 0. 0. ... 0. 0. 0.]
cvc_x_pos (1251,)
[0. 0. 0. ... 0. 0. 0.]
cvc_x_pos (1251,)
[0. 0. 0. ... 0. 0. 0.]
cvc_x_pos (1251,)
[0. 0. 0. ... 0. 0. 0.]
cvc_x_pos (1251,)
[0. 0. 0. ... 0. 0. 0.]
cvc_x_pos (1251,)
[0. 0. 0. ... 0. 0. 0.]
cvc_x_pos (1251,)
[0. 0. 0. ... 0. 0. 0.]
cvc_x_pos (1251,)
[0. 0. 0. ... 0. 0. 0.]
cvc_x_pos (1251,)
[0. 0. 0. ... 0. 0. 0.]
cvc_x_pos (1251,)
[0. 0. 0. ... 0. 0. 0.]
cvc_x_pos (1251,)
[0. 0. 0. ... 0. 0. 0.]
cvc_x_pos (1251,)
[0. 0. 0. ... 0. 0. 0.]
cvc_x_pos (1251,)
[0. 0. 0. ... 0. 0. 0.]
cvc_x_pos (1251,)
[0. 0. 0. ... 0. 0. 0.]
cvc_x_pos (1251,)
[0. 0. 0. ... 0. 0. 0.]
cvc_x_pos (1251,)
[0. 0. 0. ... 0. 0. 0.]
cvc_x_pos (1251,)
[0. 0. 0. ... 0. 0. 0.]
cvc_x_pos (1251,)
[0. 0. 0. ... 0. 0. 0.]
cvc_x_pos (1251,)
[0. 0. 0. ... 0. 0. 0.]
cvc_x_pos (1251,)
[0. 0. 0. ... 0. 0. 0.]
cvc_x_pos (1251,)
[0.00708534 0.00708399 0.00708262 ... 0.         0.         0.        ]
cvc_x_pos (1251,)
[0. 0. 0. ... 0. 0. 0.]
cvc_x_pos (1251,)
[0. 0. 0. ... 0. 0. 0.]
cvc_x_pos (1251,)
[0. 0. 0. ... 0. 0. 0.]
cvc_x_pos (1251,)
[0. 0. 0. ... 0. 0. 0.]
cvc_x_pos (1251,)
[0. 0. 0. ... 0. 0. 0.]
cvc_x_pos (1251,)
[0. 0. 0. ... 0. 0. 0.]
cvc_x_pos (1251,)
[0. 0. 0. ... 0. 0. 0.]
cvc_x_pos (1251,)
[0. 0. 0. ... 0. 0. 0.]
cvc_x_pos (1251,)
[0.00478942 0.00478896 0.00478848 ... 0.         0.         0.        ]
cvc_x_pos (1251,)
[0. 0. 0. ... 0. 0. 0.]
cvc_x_pos (1251,)
[0. 0. 0. ... 0. 0. 0.]
cvc_x_pos (1251,)
[0.00790556 0.00790773 0.00790985 ... 0.         0.         0.        ]
cvc_x_pos (1251,)
[0.0060857  0.00608678 0.00608784 ... 0.         0.         0.        ]
cvc_x_pos (1251,)
[0.00651849 0.00651711 0.00651571 ... 0.         0.         0.        ]
cvc_x_pos (1251,)
[0. 0. 0. ... 0. 0. 0.]
cvc_x_pos (1251,)
[0.00530301 0.00530338 0.00530374 ... 0.         0.         0.        ]
cvc_x_pos (1251,)
[0.00757151 0.00757296 0.00757438 ... 0.         0.         0.        ]
cvc_x_pos (1251,)
[0. 0. 0. ... 0. 0. 0.]
cvc_x_pos (1251,)
[0. 0. 0. ... 0. 0. 0.]
cvc_x_pos (1251,)
[0. 0. 0. ... 0. 0. 0.]
cvc_x_pos (1251,)
[0. 0. 0. ... 0. 0. 0.]
cvc_x_pos (1251,)
[0. 0. 0. ... 0. 0. 0.]
cvc_x_pos (1251,)
[0. 0. 0. ... 0. 0. 0.]
cvc_x_pos (1251,)
[0. 0. 0. ... 0. 0. 0.]
cvc_x_pos (1251,)
[0. 0. 0. ... 0. 0. 0.]
cvc_x_pos (1251,)
[0. 0. 0. ... 0. 0. 0.]
cvc_x_pos (1251,)
[0. 0. 0. ... 0. 0. 0.]
cvc_x_pos (1251,)
[0. 0. 0. ... 0. 0. 0.]
cvc_x_pos (1251,)
[0. 0. 0. ... 0. 0. 0.]
cvc_x_pos (1251,)
[0. 0. 0. ... 0. 0. 0.]
cvc_x_pos (1251,)
[0. 0. 0. ... 0. 0. 0.]
cvc_x_pos (1251,)
[0. 0. 0. ... 0. 0. 0.]
cvc_x_pos (1251,)
[0. 0. 0. ... 0. 0. 0.]
cvc_x_pos (1251,)
[0. 0. 0. ... 0. 0. 0.]
cvc_x_pos (1251,)
[0. 0. 0. ... 0. 0. 0.]
cvc_x_pos (1251,)
[0. 0. 0. ... 0. 0. 0.]
cvc_x_pos (1251,)
[0. 0. 0. ... 0. 0. 0.]
cvc_x_pos (1251,)
[0. 0. 0. ... 0. 0. 0.]
cvc_x_pos (1251,)
[0. 0. 0. ... 0. 0. 0.]
cvc_x_pos (1251,)
[0. 0. 0. ... 0. 0. 0.]
cvc_x_pos (1251,)
[0. 0. 0. ... 0. 0. 0.]
cvc_x_pos (1251,)
[0. 0. 0. ... 0. 0. 0.]
cvc_x_pos (1251,)
[0. 0. 0. ... 0. 0. 0.]
cvc_x_pos (1251,)
[0. 0. 0. ... 0. 0. 0.]
cvc_x_pos (1251,)
[0. 0. 0. ... 0. 0. 0.]
cvc_x_pos (1251,)
[0. 0. 0. ... 0. 0. 0.]
cvc_x_pos (1251,)
[0. 0. 0. ... 0. 0. 0.]
cvc_x_pos (1251,)
[0. 0. 0. ... 0. 0. 0.]
cvc_x_pos (1251,)
[0. 0. 0. ... 0. 0. 0.]
cvc_x_pos (1251,)
[0. 0. 0. ... 0. 0. 0.]
cvc_x_pos (1251,)
[0. 0. 0. ... 0. 0. 0.]
cvc_x_pos (1251,)
[0.00678609 0.00678469 0.00678327 ... 0.         0.         0.        ]
cvc_x_pos (1251,)
[0. 0. 0. ... 0. 0. 0.]
cvc_x_pos (1251,)
[0.00566831 0.00566816 0.005668   ... 0.         0.         0.        ]
cvc_x_pos (1251,)
[0. 0. 0. ... 0. 0. 0.]
cvc_x_pos (1251,)
[0.00716922 0.00716758 0.00716592 ... 0.         0.         0.        ]
cvc_x_pos (1251,)
[0. 0. 0. ... 0. 0. 0.]
cvc_x_pos (1251,)
[0.00585711 0.00585651 0.00585589 ... 0.         0.         0.        ]
cvc_x_pos (1251,)
[0. 0. 0. ... 0. 0. 0.]
cvc_x_pos (1251,)
[0. 0. 0. ... 0. 0. 0.]
cvc_x_pos (1251,)
[0. 0. 0. ... 0. 0. 0.]
cvc_x_pos (1251,)
[0. 0. 0. ... 0. 0. 0.]
cvc_x_pos (1251,)
[0. 0. 0. ... 0. 0. 0.]
cvc_x_pos (1251,)
[0. 0. 0. ... 0. 0. 0.]
cvc_x_pos (1251,)
[0. 0. 0. ... 0. 0. 0.]
cvc_x_pos (1251,)
[0. 0. 0. ... 0. 0. 0.]
cvc_x_pos (1251,)
[0. 0. 0. ... 0. 0. 0.]
cvc_x_pos (1251,)
[0. 0. 0. ... 0. 0. 0.]
cvc_x_pos (1251,)
[0. 0. 0. ... 0. 0. 0.]
cvc_x_pos (1251,)
[0. 0. 0. ... 0. 0. 0.]
cvc_x_pos (1251,)
[0. 0. 0. ... 0. 0. 0.]
cvc_x_pos (1251,)
[0. 0. 0. ... 0. 0. 0.]
cvc_x_pos (1251,)
[0. 0. 0. ... 0. 0. 0.]
cvc_x_pos (1251,)
[0. 0. 0. ... 0. 0. 0.]
cvc_x_pos (1251,)
[0. 0. 0. ... 0. 0. 0.]
cvc_x_pos (1251,)
[0. 0. 0. ... 0. 0. 0.]
cvc_x_pos (1251,)
[0. 0. 0. ... 0. 0. 0.]
cvc_x_pos (1251,)
[0. 0. 0. ... 0. 0. 0.]
cvc_x_pos (1251,)
[0. 0. 0. ... 0. 0. 0.]
cvc_x_pos (1251,)
[0. 0. 0. ... 0. 0. 0.]
cvc_x_pos (1251,)
[0. 0. 0. ... 0. 0. 0.]
cvc_x_pos (1251,)
[0. 0. 0. ... 0. 0. 0.]
cvc_x_pos (1251,)
[0. 0. 0. ... 0. 0. 0.]
cvc_x_pos (1251,)
[0. 0. 0. ... 0. 0. 0.]
cvc_x_pos (1251,)
[0. 0. 0. ... 0. 0. 0.]
cvc_x_pos (1251,)
[0. 0. 0. ... 0. 0. 0.]
cvc_x_pos (1251,)
[0. 0. 0. ... 0. 0. 0.]
cvc_x_pos (1251,)
[0. 0. 0. ... 0. 0. 0.]
cvc_x_pos (1251,)
[0. 0. 0. ... 0. 0. 0.]
cvc_x_pos (1251,)
[0. 0. 0. ... 0. 0. 0.]
cvc_x_pos (1251,)
[0. 0. 0. ... 0. 0. 0.]
cvc_x_pos (1251,)
[0. 0. 0. ... 0. 0. 0.]
cvc_x_pos (1251,)
[0. 0. 0. ... 0. 0. 0.]
cvc_x_pos (1251,)
[0. 0. 0. ... 0. 0. 0.]
cvc_x_pos (1251,)
[0.00715367 0.00715178 0.00714987 ... 0.         0.         0.        ]
cvc_x_pos (1251,)
[0. 0. 0. ... 0. 0. 0.]
cvc_x_pos (1251,)
[0.00557753 0.00557667 0.0055758  ... 0.         0.         0.        ]
cvc_x_pos (1251,)
[0.00710028 0.00709931 0.00709831 ... 0.         0.         0.        ]
cvc_x_pos (1251,)
[0.00569399 0.00569446 0.00569491 ... 0.         0.         0.        ]
cvc_x_pos (1251,)
[0. 0. 0. ... 0. 0. 0.]
cvc_x_pos (1251,)
[0. 0. 0. ... 0. 0. 0.]
cvc_x_pos (1251,)
[0. 0. 0. ... 0. 0. 0.]
cvc_x_pos (1251,)
[0. 0. 0. ... 0. 0. 0.]
cvc_x_pos (1251,)
[0. 0. 0. ... 0. 0. 0.]
cvc_x_pos (1251,)
[0. 0. 0. ... 0. 0. 0.]
cvc_x_pos (1251,)
[0. 0. 0. ... 0. 0. 0.]
cvc_x_pos (1251,)
[0. 0. 0. ... 0. 0. 0.]
cvc_x_pos (1251,)
[0. 0. 0. ... 0. 0. 0.]
cvc_x_pos (1251,)
[0. 0. 0. ... 0. 0. 0.]
cvc_x_pos (1251,)
[0. 0. 0. ... 0. 0. 0.]
cvc_x_pos (1251,)
[0. 0. 0. ... 0. 0. 0.]
cvc_x_pos (1251,)
[0. 0. 0. ... 0. 0. 0.]
cvc_x_pos (1251,)
[0. 0. 0. ... 0. 0. 0.]
cvc_x_pos (1251,)
[0. 0. 0. ... 0. 0. 0.]
cvc_x_pos (1251,)
[0. 0. 0. ... 0. 0. 0.]
cvc_x_pos (1251,)
[0. 0. 0. ... 0. 0. 0.]
cvc_x_pos (1251,)
[0. 0. 0. ... 0. 0. 0.]
cvc_x_pos (1251,)
[0. 0. 0. ... 0. 0. 0.]
cvc_x_pos (1251,)
[0. 0. 0. ... 0. 0. 0.]
cvc_x_pos (1251,)
[0. 0. 0. ... 0. 0. 0.]
cvc_x_pos (1251,)
[0. 0. 0. ... 0. 0. 0.]
cvc_x_pos (1251,)
[0. 0. 0. ... 0. 0. 0.]
cvc_x_pos (1251,)
[0. 0. 0. ... 0. 0. 0.]
cvc_x_pos (1251,)
[0. 0. 0. ... 0. 0. 0.]
cvc_x_pos (1251,)
[0. 0. 0. ... 0. 0. 0.]
cvc_x_pos (1251,)
[0. 0. 0. ... 0. 0. 0.]
cvc_x_pos (1251,)
[0. 0. 0. ... 0. 0. 0.]
cvc_x_pos (1251,)
[0. 0. 0. ... 0. 0. 0.]
cvc_x_pos (1251,)
[0. 0. 0. ... 0. 0. 0.]
cvc_x_pos (1251,)
[0. 0. 0. ... 0. 0. 0.]
cvc_x_pos (1251,)
[0. 0. 0. ... 0. 0. 0.]
cvc_x_pos (1251,)
[0. 0. 0. ... 0. 0. 0.]
cvc_x_pos (1251,)
[0. 0. 0. ... 0. 0. 0.]
cvc_x_pos (1251,)
[0. 0. 0. ... 0. 0. 0.]
cvc_x_pos (1251,)
[0. 0. 0. ... 0. 0. 0.]
cvc_x_pos (1251,)
[0. 0. 0. ... 0. 0. 0.]
cvc_x_pos (1251,)
[0. 0. 0. ... 0. 0. 0.]
cvc_x_pos (1251,)
[0. 0. 0. ... 0. 0. 0.]
cvc_x_pos (1251,)
[0. 0. 0. ... 0. 0. 0.]
cvc_x_pos (1251,)
[0. 0. 0. ... 0. 0. 0.]
cvc_x_pos (1251,)
[0. 0. 0. ... 0. 0. 0.]
cvc_x_pos (1251,)
[0. 0. 0. ... 0. 0. 0.]
cvc_x_pos (1251,)
[0.00690482 0.00690393 0.00690302 ... 0.         0.         0.        ]
cvc_x_pos (1251,)
[0. 0. 0. ... 0. 0. 0.]
cvc_x_pos (1251,)
[0.00639085 0.00639077 0.00639068 ... 0.         0.         0.        ]
cvc_x_pos (1251,)
[0. 0. 0. ... 0. 0. 0.]
cvc_x_pos (1251,)
[0.00721638 0.00721599 0.00721556 ... 0.         0.         0.        ]
cvc_x_pos (1251,)
[0.0062984  0.00629692 0.00629542 ... 0.         0.         0.        ]
cvc_x_pos (1251,)
[0. 0. 0. ... 0. 0. 0.]
cvc_x_pos (1251,)
[0. 0. 0. ... 0. 0. 0.]
cvc_x_pos (1251,)
[0. 0. 0. ... 0. 0. 0.]
cvc_x_pos (1251,)
[0. 0. 0. ... 0. 0. 0.]
cvc_x_pos (1251,)
[0. 0. 0. ... 0. 0. 0.]
cvc_x_pos (1251,)
[0. 0. 0. ... 0. 0. 0.]
cvc_x_pos (1251,)
[0. 0. 0. ... 0. 0. 0.]
cvc_x_pos (1251,)
[0. 0. 0. ... 0. 0. 0.]
cvc_x_pos (1251,)
[0. 0. 0. ... 0. 0. 0.]
cvc_x_pos (1251,)
[0. 0. 0. ... 0. 0. 0.]
cvc_x_pos (1251,)
[0. 0. 0. ... 0. 0. 0.]
cvc_x_pos (1251,)
[0. 0. 0. ... 0. 0. 0.]
cvc_x_pos (1251,)
[0. 0. 0. ... 0. 0. 0.]
cvc_x_pos (1251,)
[0. 0. 0. ... 0. 0. 0.]
cvc_x_pos (1251,)
[0. 0. 0. ... 0. 0. 0.]
cvc_x_pos (1251,)
[0. 0. 0. ... 0. 0. 0.]
cvc_x_pos (1251,)
[0. 0. 0. ... 0. 0. 0.]
cvc_x_pos (1251,)
[0. 0. 0. ... 0. 0. 0.]
cvc_x_pos (1251,)
[0. 0. 0. ... 0. 0. 0.]
cvc_x_pos (1251,)
[0. 0. 0. ... 0. 0. 0.]
cvc_x_pos (1251,)
[0. 0. 0. ... 0. 0. 0.]
cvc_x_pos (1251,)
[0. 0. 0. ... 0. 0. 0.]
cvc_x_pos (1251,)
[0. 0. 0. ... 0. 0. 0.]
cvc_x_pos (1251,)
[0. 0. 0. ... 0. 0. 0.]
cvc_x_pos (1251,)
[0. 0. 0. ... 0. 0. 0.]
cvc_x_pos (1251,)
[0. 0. 0. ... 0. 0. 0.]
cvc_x_pos (1251,)
[0. 0. 0. ... 0. 0. 0.]
cvc_x_pos (1251,)
[0. 0. 0. ... 0. 0. 0.]
cvc_x_pos (1251,)
[0. 0. 0. ... 0. 0. 0.]
cvc_x_pos (1251,)
[0. 0. 0. ... 0. 0. 0.]
cvc_x_pos (1251,)
[0. 0. 0. ... 0. 0. 0.]
cvc_x_pos (1251,)
[0. 0. 0. ... 0. 0. 0.]
cvc_x_pos (1251,)
[0. 0. 0. ... 0. 0. 0.]
cvc_x_pos (1251,)
[0. 0. 0. ... 0. 0. 0.]
cvc_x_pos (1251,)
[0. 0. 0. ... 0. 0. 0.]
cvc_x_pos (1251,)
[0. 0. 0. ... 0. 0. 0.]
cvc_x_pos (1251,)
[0. 0. 0. ... 0. 0. 0.]
cvc_x_pos (1251,)
[0. 0. 0. ... 0. 0. 0.]
cvc_x_pos (1251,)
[0. 0. 0. ... 0. 0. 0.]
cvc_x_pos (1251,)
[0. 0. 0. ... 0. 0. 0.]
cvc_x_pos (1251,)
[0. 0. 0. ... 0. 0. 0.]
cvc_x_pos (1251,)
[0. 0. 0. ... 0. 0. 0.]
cvc_x_pos (1251,)
[0. 0. 0. ... 0. 0. 0.]
cvc_x_pos (1251,)
[0. 0. 0. ... 0. 0. 0.]
cvc_x_pos (1251,)
[0. 0. 0. ... 0. 0. 0.]
cvc_x_pos (1251,)
[0. 0. 0. ... 0. 0. 0.]
cvc_x_pos (1251,)
[0. 0. 0. ... 0. 0. 0.]
cvc_x_pos (1251,)
[0. 0. 0. ... 0. 0. 0.]
cvc_x_pos (1251,)
[0. 0. 0. ... 0. 0. 0.]
cvc_x_pos (1251,)
[0. 0. 0. ... 0. 0. 0.]
cvc_x_pos (1251,)
[0.00610886 0.0061076  0.00610632 ... 0.         0.         0.        ]
cvc_x_pos (1251,)
[0. 0. 0. ... 0. 0. 0.]
cvc_x_pos (1251,)
[0.00658978 0.0065905  0.0065912  ... 0.         0.         0.        ]
cvc_x_pos (1251,)
[0. 0. 0. ... 0. 0. 0.]
cvc_x_pos (1251,)
[0.00668565 0.00668605 0.00668642 ... 0.         0.         0.        ]
cvc_x_pos (1251,)
[0. 0. 0. ... 0. 0. 0.]
cvc_x_pos (1251,)
[0. 0. 0. ... 0. 0. 0.]
cvc_x_pos (1251,)
[0. 0. 0. ... 0. 0. 0.]
cvc_x_pos (1251,)
[0. 0. 0. ... 0. 0. 0.]
cvc_x_pos (1251,)
[0. 0. 0. ... 0. 0. 0.]
cvc_x_pos (1251,)
[0. 0. 0. ... 0. 0. 0.]
cvc_x_pos (1251,)
[0. 0. 0. ... 0. 0. 0.]
cvc_x_pos (1251,)
[0. 0. 0. ... 0. 0. 0.]
cvc_x_pos (1251,)
[0. 0. 0. ... 0. 0. 0.]
cvc_x_pos (1251,)
[0. 0. 0. ... 0. 0. 0.]
cvc_x_pos (1251,)
[0. 0. 0. ... 0. 0. 0.]
cvc_x_pos (1251,)
[0. 0. 0. ... 0. 0. 0.]
cvc_x_pos (1251,)
[0. 0. 0. ... 0. 0. 0.]
cvc_x_pos (1251,)
[0. 0. 0. ... 0. 0. 0.]
cvc_x_pos (1251,)
[0. 0. 0. ... 0. 0. 0.]
cvc_x_pos (1251,)
[0. 0. 0. ... 0. 0. 0.]
cvc_x_pos (1251,)
[0. 0. 0. ... 0. 0. 0.]
cvc_x_pos (1251,)
[0. 0. 0. ... 0. 0. 0.]
cvc_x_pos (1251,)
[0. 0. 0. ... 0. 0. 0.]
cvc_x_pos (1251,)
[0. 0. 0. ... 0. 0. 0.]
cvc_x_pos (1251,)
[0. 0. 0. ... 0. 0. 0.]
cvc_x_pos (1251,)
[0. 0. 0. ... 0. 0. 0.]
cvc_x_pos (1251,)
[0. 0. 0. ... 0. 0. 0.]
cvc_x_pos (1251,)
[0. 0. 0. ... 0. 0. 0.]
cvc_x_pos (1251,)
[0. 0. 0. ... 0. 0. 0.]
cvc_x_pos (1251,)
[0. 0. 0. ... 0. 0. 0.]
cvc_x_pos (1251,)
[0. 0. 0. ... 0. 0. 0.]
cvc_x_pos (1251,)
[0. 0. 0. ... 0. 0. 0.]
cvc_x_pos (1251,)
[0. 0. 0. ... 0. 0. 0.]
cvc_x_pos (1251,)
[0. 0. 0. ... 0. 0. 0.]
cvc_x_pos (1251,)
[0. 0. 0. ... 0. 0. 0.]
cvc_x_pos (1251,)
[0. 0. 0. ... 0. 0. 0.]
cvc_x_pos (1251,)
[0. 0. 0. ... 0. 0. 0.]
cvc_x_pos (1251,)
[0. 0. 0. ... 0. 0. 0.]
cvc_x_pos (1251,)
[0. 0. 0. ... 0. 0. 0.]
cvc_x_pos (1251,)
[0. 0. 0. ... 0. 0. 0.]
cvc_x_pos (1251,)
[0. 0. 0. ... 0. 0. 0.]
cvc_x_pos (1251,)
[0. 0. 0. ... 0. 0. 0.]
cvc_x_pos (1251,)
[0. 0. 0. ... 0. 0. 0.]
cvc_x_pos (1251,)
[0. 0. 0. ... 0. 0. 0.]
cvc_x_pos (1251,)
[0. 0. 0. ... 0. 0. 0.]
cvc_x_pos (1251,)
[0. 0. 0. ... 0. 0. 0.]
cvc_x_pos (1251,)
[0. 0. 0. ... 0. 0. 0.]
cvc_x_pos (1251,)
[0. 0. 0. ... 0. 0. 0.]
cvc_x_pos (1251,)
[0. 0. 0. ... 0. 0. 0.]
cvc_x_pos (1251,)
[0. 0. 0. ... 0. 0. 0.]
cvc_x_pos (1251,)
[0. 0. 0. ... 0. 0. 0.]
cvc_x_pos (1251,)
[0. 0. 0. ... 0. 0. 0.]
cvc_x_pos (1251,)
[0. 0. 0. ... 0. 0. 0.]
cvc_x_pos (1251,)
[0. 0. 0. ... 0. 0. 0.]
cvc_x_pos (1251,)
[0. 0. 0. ... 0. 0. 0.]
cvc_x_pos (1251,)
[0. 0. 0. ... 0. 0. 0.]
cvc_x_pos (1251,)
[0. 0. 0. ... 0. 0. 0.]
cvc_x_pos (1251,)
[0. 0. 0. ... 0. 0. 0.]
cvc_x_pos (1251,)
[0. 0. 0. ... 0. 0. 0.]
cvc_x_pos (1251,)
[0. 0. 0. ... 0. 0. 0.]
cvc_x_pos (1251,)
[0. 0. 0. ... 0. 0. 0.]
cvc_x_pos (1251,)
[0. 0. 0. ... 0. 0. 0.]
cvc_x_pos (1251,)
[0.00637673 0.00637594 0.00637512 ... 0.         0.         0.        ]
cvc_x_pos (1251,)
[0.00726449 0.00726385 0.00726318 ... 0.         0.         0.        ]
cvc_x_pos (1251,)
[0. 0. 0. ... 0. 0. 0.]
cvc_x_pos (1251,)
[0.00682468 0.00682622 0.00682774 ... 0.         0.         0.        ]
cvc_x_pos (1251,)
[0. 0. 0. ... 0. 0. 0.]
cvc_x_pos (1251,)
[0. 0. 0. ... 0. 0. 0.]
cvc_x_pos (1251,)
[0. 0. 0. ... 0. 0. 0.]
cvc_x_pos (1251,)
[0. 0. 0. ... 0. 0. 0.]
cvc_x_pos (1251,)
[0. 0. 0. ... 0. 0. 0.]
cvc_x_pos (1251,)
[0. 0. 0. ... 0. 0. 0.]
cvc_x_pos (1251,)
[0. 0. 0. ... 0. 0. 0.]
cvc_x_pos (1251,)
[0. 0. 0. ... 0. 0. 0.]
cvc_x_pos (1251,)
[0. 0. 0. ... 0. 0. 0.]
cvc_x_pos (1251,)
[0. 0. 0. ... 0. 0. 0.]
cvc_x_pos (1251,)
[0. 0. 0. ... 0. 0. 0.]
cvc_x_pos (1251,)
[0. 0. 0. ... 0. 0. 0.]
cvc_x_pos (1251,)
[0. 0. 0. ... 0. 0. 0.]
cvc_x_pos (1251,)
[0. 0. 0. ... 0. 0. 0.]
cvc_x_pos (1251,)
[0. 0. 0. ... 0. 0. 0.]
cvc_x_pos (1251,)
[0. 0. 0. ... 0. 0. 0.]
cvc_x_pos (1251,)
[0. 0. 0. ... 0. 0. 0.]
cvc_x_pos (1251,)
[0. 0. 0. ... 0. 0. 0.]
cvc_x_pos (1251,)
[0. 0. 0. ... 0. 0. 0.]
cvc_x_pos (1251,)
[0. 0. 0. ... 0. 0. 0.]
cvc_x_pos (1251,)
[0. 0. 0. ... 0. 0. 0.]
cvc_x_pos (1251,)
[0. 0. 0. ... 0. 0. 0.]
cvc_x_pos (1251,)
[0. 0. 0. ... 0. 0. 0.]
cvc_x_pos (1251,)
[0. 0. 0. ... 0. 0. 0.]
cvc_x_pos (1251,)
[0. 0. 0. ... 0. 0. 0.]
cvc_x_pos (1251,)
[0. 0. 0. ... 0. 0. 0.]
cvc_x_pos (1251,)
[0. 0. 0. ... 0. 0. 0.]
cvc_x_pos (1251,)
[0. 0. 0. ... 0. 0. 0.]
cvc_x_pos (1251,)
[0. 0. 0. ... 0. 0. 0.]
cvc_x_pos (1251,)
[0. 0. 0. ... 0. 0. 0.]
cvc_x_pos (1251,)
[0. 0. 0. ... 0. 0. 0.]
cvc_x_pos (1251,)
[0. 0. 0. ... 0. 0. 0.]
cvc_x_pos (1251,)
[0. 0. 0. ... 0. 0. 0.]
cvc_x_pos (1251,)
[0. 0. 0. ... 0. 0. 0.]
cvc_x_pos (1251,)
[0. 0. 0. ... 0. 0. 0.]
cvc_x_pos (1251,)
[0. 0. 0. ... 0. 0. 0.]
cvc_x_pos (1251,)
[0. 0. 0. ... 0. 0. 0.]
cvc_x_pos (1251,)
[0. 0. 0. ... 0. 0. 0.]
cvc_x_pos (1251,)
[0. 0. 0. ... 0. 0. 0.]
cvc_x_pos (1251,)
[0. 0. 0. ... 0. 0. 0.]
cvc_x_pos (1251,)
[0. 0. 0. ... 0. 0. 0.]
cvc_x_pos (1251,)
[0. 0. 0. ... 0. 0. 0.]
cvc_x_pos (1251,)
[0. 0. 0. ... 0. 0. 0.]
cvc_x_pos (1251,)
[0. 0. 0. ... 0. 0. 0.]
cvc_x_pos (1251,)
[0. 0. 0. ... 0. 0. 0.]
cvc_x_pos (1251,)
[0. 0. 0. ... 0. 0. 0.]
cvc_x_pos (1251,)
[0. 0. 0. ... 0. 0. 0.]
cvc_x_pos (1251,)
[0. 0. 0. ... 0. 0. 0.]
cvc_x_pos (1251,)
[0. 0. 0. ... 0. 0. 0.]
cvc_x_pos (1251,)
[0. 0. 0. ... 0. 0. 0.]
cvc_x_pos (1251,)
[0. 0. 0. ... 0. 0. 0.]
cvc_x_pos (1251,)
[0. 0. 0. ... 0. 0. 0.]
cvc_x_pos (1251,)
[0. 0. 0. ... 0. 0. 0.]
cvc_x_pos (1251,)
[0. 0. 0. ... 0. 0. 0.]
cvc_x_pos (1251,)
[0. 0. 0. ... 0. 0. 0.]
cvc_x_pos (1251,)
[0. 0. 0. ... 0. 0. 0.]
cvc_x_pos (1251,)
[0. 0. 0. ... 0. 0. 0.]
cvc_x_pos (1251,)
[0. 0. 0. ... 0. 0. 0.]
cvc_x_pos (1251,)
[0. 0. 0. ... 0. 0. 0.]
cvc_x_pos (1251,)
[0. 0. 0. ... 0. 0. 0.]
cvc_x_pos (1251,)
[0. 0. 0. ... 0. 0. 0.]
cvc_x_pos (1251,)
[0. 0. 0. ... 0. 0. 0.]
cvc_x_pos (1251,)
[0. 0. 0. ... 0. 0. 0.]
cvc_x_pos (1251,)
[0. 0. 0. ... 0. 0. 0.]
cvc_x_pos (1251,)
[0. 0. 0. ... 0. 0. 0.]
cvc_x_pos (1251,)
[0. 0. 0. ... 0. 0. 0.]
cvc_x_pos (1251,)
[0. 0. 0. ... 0. 0. 0.]
cvc_x_pos (1251,)
[0. 0. 0. ... 0. 0. 0.]
cvc_x_pos (1251,)
[0.00682568 0.00682571 0.00682571 ... 0.         0.         0.        ]
cvc_x_pos (1251,)
[0. 0. 0. ... 0. 0. 0.]
cvc_x_pos (1251,)
[0.00656143 0.00656004 0.00655863 ... 0.         0.         0.        ]
cvc_x_pos (1251,)
[0.007164   0.00716355 0.00716307 ... 0.         0.         0.        ]
cvc_x_pos (1251,)
[0. 0. 0. ... 0. 0. 0.]
cvc_x_pos (1251,)
[0.00687004 0.00687037 0.00687068 ... 0.         0.         0.        ]
cvc_x_pos (1251,)
[0. 0. 0. ... 0. 0. 0.]
cvc_x_pos (1251,)
[0. 0. 0. ... 0. 0. 0.]
cvc_x_pos (1251,)
[0. 0. 0. ... 0. 0. 0.]
cvc_x_pos (1251,)
[0. 0. 0. ... 0. 0. 0.]
cvc_x_pos (1251,)
[0. 0. 0. ... 0. 0. 0.]
cvc_x_pos (1251,)
[0. 0. 0. ... 0. 0. 0.]
cvc_x_pos (1251,)
[0. 0. 0. ... 0. 0. 0.]
cvc_x_pos (1251,)
[0. 0. 0. ... 0. 0. 0.]
cvc_x_pos (1251,)
[0. 0. 0. ... 0. 0. 0.]
cvc_x_pos (1251,)
[0. 0. 0. ... 0. 0. 0.]
cvc_x_pos (1251,)
[0. 0. 0. ... 0. 0. 0.]
cvc_x_pos (1251,)
[0. 0. 0. ... 0. 0. 0.]
cvc_x_pos (1251,)
[0. 0. 0. ... 0. 0. 0.]
cvc_x_pos (1251,)
[0. 0. 0. ... 0. 0. 0.]
cvc_x_pos (1251,)
[0. 0. 0. ... 0. 0. 0.]
cvc_x_pos (1251,)
[0. 0. 0. ... 0. 0. 0.]
cvc_x_pos (1251,)
[0. 0. 0. ... 0. 0. 0.]
cvc_x_pos (1251,)
[0. 0. 0. ... 0. 0. 0.]
cvc_x_pos (1251,)
[0. 0. 0. ... 0. 0. 0.]
cvc_x_pos (1251,)
[0. 0. 0. ... 0. 0. 0.]
cvc_x_pos (1251,)
[0. 0. 0. ... 0. 0. 0.]
cvc_x_pos (1251,)
[0. 0. 0. ... 0. 0. 0.]
cvc_x_pos (1251,)
[0. 0. 0. ... 0. 0. 0.]
cvc_x_pos (1251,)
[0. 0. 0. ... 0. 0. 0.]
cvc_x_pos (1251,)
[0. 0. 0. ... 0. 0. 0.]
cvc_x_pos (1251,)
[0. 0. 0. ... 0. 0. 0.]
cvc_x_pos (1251,)
[0. 0. 0. ... 0. 0. 0.]
cvc_x_pos (1251,)
[0. 0. 0. ... 0. 0. 0.]
cvc_x_pos (1251,)
[0. 0. 0. ... 0. 0. 0.]
cvc_x_pos (1251,)
[0. 0. 0. ... 0. 0. 0.]
cvc_x_pos (1251,)
[0. 0. 0. ... 0. 0. 0.]
cvc_x_pos (1251,)
[0. 0. 0. ... 0. 0. 0.]
cvc_x_pos (1251,)
[0. 0. 0. ... 0. 0. 0.]
cvc_x_pos (1251,)
[0. 0. 0. ... 0. 0. 0.]
cvc_x_pos (1251,)
[0. 0. 0. ... 0. 0. 0.]
cvc_x_pos (1251,)
[0. 0. 0. ... 0. 0. 0.]
cvc_x_pos (1251,)
[0. 0. 0. ... 0. 0. 0.]
cvc_x_pos (1251,)
[0. 0. 0. ... 0. 0. 0.]
cvc_x_pos (1251,)
[0. 0. 0. ... 0. 0. 0.]
cvc_x_pos (1251,)
[0.00542127 0.00542039 0.0054195  ... 0.         0.         0.        ]
cvc_x_pos (1251,)
[0.00677063 0.00677226 0.00677387 ... 0.         0.         0.        ]
cvc_x_pos (1251,)
[0. 0. 0. ... 0. 0. 0.]
cvc_x_pos (1251,)
[0. 0. 0. ... 0. 0. 0.]
cvc_x_pos (1251,)
[0. 0. 0. ... 0. 0. 0.]
cvc_x_pos (1251,)
[0. 0. 0. ... 0. 0. 0.]
cvc_x_pos (1251,)
[0. 0. 0. ... 0. 0. 0.]
cvc_x_pos (1251,)
[0. 0. 0. ... 0. 0. 0.]
cvc_x_pos (1251,)
[0. 0. 0. ... 0. 0. 0.]
cvc_x_pos (1251,)
[0. 0. 0. ... 0. 0. 0.]
cvc_x_pos (1251,)
[0. 0. 0. ... 0. 0. 0.]
cvc_x_pos (1251,)
[0. 0. 0. ... 0. 0. 0.]
cvc_x_pos (1251,)
[0. 0. 0. ... 0. 0. 0.]
cvc_x_pos (1251,)
[0. 0. 0. ... 0. 0. 0.]
cvc_x_pos (1251,)
[0. 0. 0. ... 0. 0. 0.]
cvc_x_pos (1251,)
[0. 0. 0. ... 0. 0. 0.]
cvc_x_pos (1251,)
[0. 0. 0. ... 0. 0. 0.]
cvc_x_pos (1251,)
[0. 0. 0. ... 0. 0. 0.]
cvc_x_pos (1251,)
[0. 0. 0. ... 0. 0. 0.]
cvc_x_pos (1251,)
[0. 0. 0. ... 0. 0. 0.]
cvc_x_pos (1251,)
[0. 0. 0. ... 0. 0. 0.]
cvc_x_pos (1251,)
[0. 0. 0. ... 0. 0. 0.]
cvc_x_pos (1251,)
[0. 0. 0. ... 0. 0. 0.]
cvc_x_pos (1251,)
[0. 0. 0. ... 0. 0. 0.]
cvc_x_pos (1251,)
[0. 0. 0. ... 0. 0. 0.]
cvc_x_pos (1251,)
[0. 0. 0. ... 0. 0. 0.]
cvc_x_pos (1251,)
[0. 0. 0. ... 0. 0. 0.]
cvc_x_pos (1251,)
[0. 0. 0. ... 0. 0. 0.]
cvc_x_pos (1251,)
[0. 0. 0. ... 0. 0. 0.]
cvc_x_pos (1251,)
[0. 0. 0. ... 0. 0. 0.]
cvc_x_pos (1251,)
[0. 0. 0. ... 0. 0. 0.]
cvc_x_pos (1251,)
[0. 0. 0. ... 0. 0. 0.]
cvc_x_pos (1251,)
[0. 0. 0. ... 0. 0. 0.]
cvc_x_pos (1251,)
[0. 0. 0. ... 0. 0. 0.]
cvc_x_pos (1251,)
[0. 0. 0. ... 0. 0. 0.]
cvc_x_pos (1251,)
[0. 0. 0. ... 0. 0. 0.]
cvc_x_pos (1251,)
[0. 0. 0. ... 0. 0. 0.]
cvc_x_pos (1251,)
[0. 0. 0. ... 0. 0. 0.]
cvc_x_pos (1251,)
[0.00730627 0.00730729 0.00730829 ... 0.         0.         0.        ]
cvc_x_pos (1251,)
[0.00595632 0.0059576  0.00595886 ... 0.         0.         0.        ]
cvc_x_pos (1251,)
[0.00721328 0.0072127  0.00721209 ... 0.         0.         0.        ]
cvc_x_pos (1251,)
[0. 0. 0. ... 0. 0. 0.]
cvc_x_pos (1251,)
[0.00569426 0.00569471 0.00569515 ... 0.         0.         0.        ]
cvc_x_pos (1251,)
[0.0065601  0.00656144 0.00656275 ... 0.         0.         0.        ]
cvc_x_pos (1251,)
[0.0062482  0.00624725 0.00624629 ... 0.         0.         0.        ]
cvc_x_pos (1251,)
[0.00683809 0.00683941 0.00684071 ... 0.         0.         0.        ]
cvc_x_pos (1251,)
[0. 0. 0. ... 0. 0. 0.]
cvc_x_pos (1251,)
[0. 0. 0. ... 0. 0. 0.]
cvc_x_pos (1251,)
[0. 0. 0. ... 0. 0. 0.]
cvc_x_pos (1251,)
[0. 0. 0. ... 0. 0. 0.]
cvc_x_pos (1251,)
[0. 0. 0. ... 0. 0. 0.]
cvc_x_pos (1251,)
[0. 0. 0. ... 0. 0. 0.]
cvc_x_pos (1251,)
[0. 0. 0. ... 0. 0. 0.]
cvc_x_pos (1251,)
[0. 0. 0. ... 0. 0. 0.]
cvc_x_pos (1251,)
[0. 0. 0. ... 0. 0. 0.]
cvc_x_pos (1251,)
[0. 0. 0. ... 0. 0. 0.]
cvc_x_pos (1251,)
[0. 0. 0. ... 0. 0. 0.]
cvc_x_pos (1251,)
[0. 0. 0. ... 0. 0. 0.]
cvc_x_pos (1251,)
[0. 0. 0. ... 0. 0. 0.]
cvc_x_pos (1251,)
[0. 0. 0. ... 0. 0. 0.]
cvc_x_pos (1251,)
[0. 0. 0. ... 0. 0. 0.]
cvc_x_pos (1251,)
[0. 0. 0. ... 0. 0. 0.]
cvc_x_pos (1251,)
[0. 0. 0. ... 0. 0. 0.]
cvc_x_pos (1251,)
[0. 0. 0. ... 0. 0. 0.]
cvc_x_pos (1251,)
[0. 0. 0. ... 0. 0. 0.]
cvc_x_pos (1251,)
[0. 0. 0. ... 0. 0. 0.]
cvc_x_pos (1251,)
[0. 0. 0. ... 0. 0. 0.]
cvc_x_pos (1251,)
[0. 0. 0. ... 0. 0. 0.]
cvc_x_pos (1251,)
[0. 0. 0. ... 0. 0. 0.]
cvc_x_pos (1251,)
[0. 0. 0. ... 0. 0. 0.]
cvc_x_pos (1251,)
[0. 0. 0. ... 0. 0. 0.]
cvc_x_pos (1251,)
[0. 0. 0. ... 0. 0. 0.]
cvc_x_pos (1251,)
[0. 0. 0. ... 0. 0. 0.]
cvc_x_pos (1251,)
[0. 0. 0. ... 0. 0. 0.]
cvc_x_pos (1251,)
[0. 0. 0. ... 0. 0. 0.]
cvc_x_pos (1251,)
[0. 0. 0. ... 0. 0. 0.]
cvc_x_pos (1251,)
[0. 0. 0. ... 0. 0. 0.]
cvc_x_pos (1251,)
[0. 0. 0. ... 0. 0. 0.]
cvc_x_pos (1251,)
[0. 0. 0. ... 0. 0. 0.]
cvc_x_pos (1251,)
[0. 0. 0. ... 0. 0. 0.]
cvc_x_pos (1251,)
[0. 0. 0. ... 0. 0. 0.]
cvc_x_pos (1251,)
[0. 0. 0. ... 0. 0. 0.]
cvc_x_pos (1251,)
[0. 0. 0. ... 0. 0. 0.]
cvc_x_pos (1251,)
[0. 0. 0. ... 0. 0. 0.]
cvc_x_pos (1251,)
[0. 0. 0. ... 0. 0. 0.]
cvc_x_pos (1251,)
[0. 0. 0. ... 0. 0. 0.]
cvc_x_pos (1251,)
[0. 0. 0. ... 0. 0. 0.]
cvc_x_pos (1251,)
[0.00789737 0.00789683 0.00789626 ... 0.         0.         0.        ]
cvc_x_pos (1251,)
[0. 0. 0. ... 0. 0. 0.]
cvc_x_pos (1251,)
[0. 0. 0. ... 0. 0. 0.]
cvc_x_pos (1251,)
[0. 0. 0. ... 0. 0. 0.]
cvc_x_pos (1251,)
[0. 0. 0. ... 0. 0. 0.]
cvc_x_pos (1251,)
[0. 0. 0. ... 0. 0. 0.]
cvc_x_pos (1251,)
[0. 0. 0. ... 0. 0. 0.]
cvc_x_pos (1251,)
[0. 0. 0. ... 0. 0. 0.]
cvc_x_pos (1251,)
[0. 0. 0. ... 0. 0. 0.]
cvc_x_pos (1251,)
[0. 0. 0. ... 0. 0. 0.]
cvc_x_pos (1251,)
[0. 0. 0. ... 0. 0. 0.]
cvc_x_pos (1251,)
[0. 0. 0. ... 0. 0. 0.]
cvc_x_pos (1251,)
[0. 0. 0. ... 0. 0. 0.]
cvc_x_pos (1251,)
[0. 0. 0. ... 0. 0. 0.]
cvc_x_pos (1251,)
[0. 0. 0. ... 0. 0. 0.]
cvc_x_pos (1251,)
[0. 0. 0. ... 0. 0. 0.]
cvc_x_pos (1251,)
[0. 0. 0. ... 0. 0. 0.]
cvc_x_pos (1251,)
[0. 0. 0. ... 0. 0. 0.]
cvc_x_pos (1251,)
[0. 0. 0. ... 0. 0. 0.]
cvc_x_pos (1251,)
[0. 0. 0. ... 0. 0. 0.]
cvc_x_pos (1251,)
[0. 0. 0. ... 0. 0. 0.]
cvc_x_pos (1251,)
[0. 0. 0. ... 0. 0. 0.]
cvc_x_pos (1251,)
[0. 0. 0. ... 0. 0. 0.]
cvc_x_pos (1251,)
[0. 0. 0. ... 0. 0. 0.]
cvc_x_pos (1251,)
[0. 0. 0. ... 0. 0. 0.]
cvc_x_pos (1251,)
[0. 0. 0. ... 0. 0. 0.]
cvc_x_pos (1251,)
[0. 0. 0. ... 0. 0. 0.]
cvc_x_pos (1251,)
[0.00693591 0.00693723 0.00693852 ... 0.         0.         0.        ]
cvc_x_pos (1251,)
[0. 0. 0. ... 0. 0. 0.]
cvc_x_pos (1251,)
[0.0073741  0.00737361 0.00737309 ... 0.         0.         0.        ]
cvc_x_pos (1251,)
[0.00531561 0.00531669 0.00531776 ... 0.         0.         0.        ]
cvc_x_pos (1251,)
[0.00696717 0.00696734 0.00696748 ... 0.         0.         0.        ]
cvc_x_pos (1251,)
[0. 0. 0. ... 0. 0. 0.]
cvc_x_pos (1251,)
[0. 0. 0. ... 0. 0. 0.]
cvc_x_pos (1251,)
[0. 0. 0. ... 0. 0. 0.]
cvc_x_pos (1251,)
[0. 0. 0. ... 0. 0. 0.]
cvc_x_pos (1251,)
[0. 0. 0. ... 0. 0. 0.]
cvc_x_pos (1251,)
[0. 0. 0. ... 0. 0. 0.]
cvc_x_pos (1251,)
[0. 0. 0. ... 0. 0. 0.]
cvc_x_pos (1251,)
[0. 0. 0. ... 0. 0. 0.]
cvc_x_pos (1251,)
[0. 0. 0. ... 0. 0. 0.]
cvc_x_pos (1251,)
[0. 0. 0. ... 0. 0. 0.]
cvc_x_pos (1251,)
[0. 0. 0. ... 0. 0. 0.]
cvc_x_pos (1251,)
[0. 0. 0. ... 0. 0. 0.]
cvc_x_pos (1251,)
[0. 0. 0. ... 0. 0. 0.]
cvc_x_pos (1251,)
[0. 0. 0. ... 0. 0. 0.]
cvc_x_pos (1251,)
[0. 0. 0. ... 0. 0. 0.]
cvc_x_pos (1251,)
[0. 0. 0. ... 0. 0. 0.]
cvc_x_pos (1251,)
[0. 0. 0. ... 0. 0. 0.]
cvc_x_pos (1251,)
[0. 0. 0. ... 0. 0. 0.]
cvc_x_pos (1251,)
[0. 0. 0. ... 0. 0. 0.]
cvc_x_pos (1251,)
[0. 0. 0. ... 0. 0. 0.]
cvc_x_pos (1251,)
[0. 0. 0. ... 0. 0. 0.]
cvc_x_pos (1251,)
[0. 0. 0. ... 0. 0. 0.]
cvc_x_pos (1251,)
[0. 0. 0. ... 0. 0. 0.]
cvc_x_pos (1251,)
[0. 0. 0. ... 0. 0. 0.]
cvc_x_pos (1251,)
[0. 0. 0. ... 0. 0. 0.]
cvc_x_pos (1251,)
[0. 0. 0. ... 0. 0. 0.]
cvc_x_pos (1251,)
[0. 0. 0. ... 0. 0. 0.]
cvc_x_pos (1251,)
[0. 0. 0. ... 0. 0. 0.]
cvc_x_pos (1251,)
[0. 0. 0. ... 0. 0. 0.]
cvc_x_pos (1251,)
[0. 0. 0. ... 0. 0. 0.]
cvc_x_pos (1251,)
[0. 0. 0. ... 0. 0. 0.]
cvc_x_pos (1251,)
[0. 0. 0. ... 0. 0. 0.]
cvc_x_pos (1251,)
[0. 0. 0. ... 0. 0. 0.]
cvc_x_pos (1251,)
[0. 0. 0. ... 0. 0. 0.]
cvc_x_pos (1251,)
[0. 0. 0. ... 0. 0. 0.]
cvc_x_pos (1251,)
[0. 0. 0. ... 0. 0. 0.]
cvc_x_pos (1251,)
[0. 0. 0. ... 0. 0. 0.]
cvc_x_pos (1251,)
[0. 0. 0. ... 0. 0. 0.]
cvc_x_pos (1251,)
[0. 0. 0. ... 0. 0. 0.]
cvc_x_pos (1251,)
[0. 0. 0. ... 0. 0. 0.]
cvc_x_pos (1251,)
[0. 0. 0. ... 0. 0. 0.]
cvc_x_pos (1251,)
[0. 0. 0. ... 0. 0. 0.]
cvc_x_pos (1251,)
[0.0077745  0.00777395 0.00777337 ... 0.         0.         0.        ]
cvc_x_pos (1251,)
[0. 0. 0. ... 0. 0. 0.]
cvc_x_pos (1251,)
[0. 0. 0. ... 0. 0. 0.]
cvc_x_pos (1251,)
[0. 0. 0. ... 0. 0. 0.]
cvc_x_pos (1251,)
[0. 0. 0. ... 0. 0. 0.]
cvc_x_pos (1251,)
[0. 0. 0. ... 0. 0. 0.]
cvc_x_pos (1251,)
[0. 0. 0. ... 0. 0. 0.]
cvc_x_pos (1251,)
[0. 0. 0. ... 0. 0. 0.]
cvc_x_pos (1251,)
[0. 0. 0. ... 0. 0. 0.]
cvc_x_pos (1251,)
[0. 0. 0. ... 0. 0. 0.]
cvc_x_pos (1251,)
[0. 0. 0. ... 0. 0. 0.]
cvc_x_pos (1251,)
[0. 0. 0. ... 0. 0. 0.]
cvc_x_pos (1251,)
[0. 0. 0. ... 0. 0. 0.]
cvc_x_pos (1251,)
[0. 0. 0. ... 0. 0. 0.]
cvc_x_pos (1251,)
[0. 0. 0. ... 0. 0. 0.]
cvc_x_pos (1251,)
[0. 0. 0. ... 0. 0. 0.]
cvc_x_pos (1251,)
[0. 0. 0. ... 0. 0. 0.]
cvc_x_pos (1251,)
[0.00668502 0.00668547 0.0066859  ... 0.         0.         0.        ]
cvc_x_pos (1251,)
[0. 0. 0. ... 0. 0. 0.]
cvc_x_pos (1251,)
[0.00653588 0.00653763 0.00653936 ... 0.         0.         0.        ]
cvc_x_pos (1251,)
[0.00611883 0.00611998 0.00612112 ... 0.         0.         0.        ]
cvc_x_pos (1251,)
[0. 0. 0. ... 0. 0. 0.]
cvc_x_pos (1251,)
[0.00586194 0.00586306 0.00586416 ... 0.         0.         0.        ]
cvc_x_pos (1251,)
[0.00669748 0.00669615 0.0066948  ... 0.         0.         0.        ]
cvc_x_pos (1251,)
[0.00651322 0.00651463 0.00651601 ... 0.         0.         0.        ]
cvc_x_pos (1251,)
[0. 0. 0. ... 0. 0. 0.]
cvc_x_pos (1251,)
[0. 0. 0. ... 0. 0. 0.]
cvc_x_pos (1251,)
[0. 0. 0. ... 0. 0. 0.]
cvc_x_pos (1251,)
[0. 0. 0. ... 0. 0. 0.]
cvc_x_pos (1251,)
[0. 0. 0. ... 0. 0. 0.]
cvc_x_pos (1251,)
[0. 0. 0. ... 0. 0. 0.]
cvc_x_pos (1251,)
[0. 0. 0. ... 0. 0. 0.]
cvc_x_pos (1251,)
[0. 0. 0. ... 0. 0. 0.]
cvc_x_pos (1251,)
[0. 0. 0. ... 0. 0. 0.]
cvc_x_pos (1251,)
[0. 0. 0. ... 0. 0. 0.]
cvc_x_pos (1251,)
[0. 0. 0. ... 0. 0. 0.]
cvc_x_pos (1251,)
[0. 0. 0. ... 0. 0. 0.]
cvc_x_pos (1251,)
[0. 0. 0. ... 0. 0. 0.]
cvc_x_pos (1251,)
[0. 0. 0. ... 0. 0. 0.]
cvc_x_pos (1251,)
[0. 0. 0. ... 0. 0. 0.]
cvc_x_pos (1251,)
[0. 0. 0. ... 0. 0. 0.]
cvc_x_pos (1251,)
[0. 0. 0. ... 0. 0. 0.]
cvc_x_pos (1251,)
[0. 0. 0. ... 0. 0. 0.]
cvc_x_pos (1251,)
[0. 0. 0. ... 0. 0. 0.]
cvc_x_pos (1251,)
[0. 0. 0. ... 0. 0. 0.]
cvc_x_pos (1251,)
[0. 0. 0. ... 0. 0. 0.]
cvc_x_pos (1251,)
[0. 0. 0. ... 0. 0. 0.]
cvc_x_pos (1251,)
[0. 0. 0. ... 0. 0. 0.]
cvc_x_pos (1251,)
[0. 0. 0. ... 0. 0. 0.]
cvc_x_pos (1251,)
[0. 0. 0. ... 0. 0. 0.]
cvc_x_pos (1251,)
[0. 0. 0. ... 0. 0. 0.]
cvc_x_pos (1251,)
[0. 0. 0. ... 0. 0. 0.]
cvc_x_pos (1251,)
[0. 0. 0. ... 0. 0. 0.]
cvc_x_pos (1251,)
[0. 0. 0. ... 0. 0. 0.]
cvc_x_pos (1251,)
[0. 0. 0. ... 0. 0. 0.]
cvc_x_pos (1251,)
[0. 0. 0. ... 0. 0. 0.]
cvc_x_pos (1251,)
[0. 0. 0. ... 0. 0. 0.]
cvc_x_pos (1251,)
[0. 0. 0. ... 0. 0. 0.]
cvc_x_pos (1251,)
[0. 0. 0. ... 0. 0. 0.]
cvc_x_pos (1251,)
[0. 0. 0. ... 0. 0. 0.]
cvc_x_pos (1251,)
[0. 0. 0. ... 0. 0. 0.]
cvc_x_pos (1251,)
[0. 0. 0. ... 0. 0. 0.]
cvc_x_pos (1251,)
[0. 0. 0. ... 0. 0. 0.]
cvc_x_pos (1251,)
[0. 0. 0. ... 0. 0. 0.]
cvc_x_pos (1251,)
[0. 0. 0. ... 0. 0. 0.]
cvc_x_pos (1251,)
[0. 0. 0. ... 0. 0. 0.]
cvc_x_pos (1251,)
[0. 0. 0. ... 0. 0. 0.]
cvc_x_pos (1251,)
[0. 0. 0. ... 0. 0. 0.]
cvc_x_pos (1251,)
[0.00671082 0.00670973 0.00670863 ... 0.         0.         0.        ]
cvc_x_pos (1251,)
[0. 0. 0. ... 0. 0. 0.]
cvc_x_pos (1251,)
[0. 0. 0. ... 0. 0. 0.]
cvc_x_pos (1251,)
[0. 0. 0. ... 0. 0. 0.]
cvc_x_pos (1251,)
[0. 0. 0. ... 0. 0. 0.]
cvc_x_pos (1251,)
[0. 0. 0. ... 0. 0. 0.]
cvc_x_pos (1251,)
[0. 0. 0. ... 0. 0. 0.]
cvc_x_pos (1251,)
[0. 0. 0. ... 0. 0. 0.]
cvc_x_pos (1251,)
[0. 0. 0. ... 0. 0. 0.]
cvc_x_pos (1251,)
[0.00558978 0.00559092 0.00559204 ... 0.         0.         0.        ]
cvc_x_pos (1251,)
[0.00678549 0.00678688 0.00678824 ... 0.         0.         0.        ]
cvc_x_pos (1251,)
[0.00672831 0.00672883 0.00672933 ... 0.         0.         0.        ]
cvc_x_pos (1251,)
[0.00610421 0.00610554 0.00610685 ... 0.         0.         0.        ]
cvc_x_pos (1251,)
[0.00716665 0.00716651 0.00716635 ... 0.         0.         0.        ]
cvc_x_pos (1251,)
[0.00630053 0.00630194 0.00630334 ... 0.         0.         0.        ]
cvc_x_pos (1251,)
[0. 0. 0. ... 0. 0. 0.]
cvc_x_pos (1251,)
[0. 0. 0. ... 0. 0. 0.]
cvc_x_pos (1251,)
[0. 0. 0. ... 0. 0. 0.]
cvc_x_pos (1251,)
[0. 0. 0. ... 0. 0. 0.]
cvc_x_pos (1251,)
[0. 0. 0. ... 0. 0. 0.]
cvc_x_pos (1251,)
[0. 0. 0. ... 0. 0. 0.]
cvc_x_pos (1251,)
[0. 0. 0. ... 0. 0. 0.]
cvc_x_pos (1251,)
[0. 0. 0. ... 0. 0. 0.]
cvc_x_pos (1251,)
[0. 0. 0. ... 0. 0. 0.]
cvc_x_pos (1251,)
[0. 0. 0. ... 0. 0. 0.]
cvc_x_pos (1251,)
[0. 0. 0. ... 0. 0. 0.]
cvc_x_pos (1251,)
[0. 0. 0. ... 0. 0. 0.]
cvc_x_pos (1251,)
[0. 0. 0. ... 0. 0. 0.]
cvc_x_pos (1251,)
[0. 0. 0. ... 0. 0. 0.]
cvc_x_pos (1251,)
[0. 0. 0. ... 0. 0. 0.]
cvc_x_pos (1251,)
[0. 0. 0. ... 0. 0. 0.]
cvc_x_pos (1251,)
[0. 0. 0. ... 0. 0. 0.]
cvc_x_pos (1251,)
[0. 0. 0. ... 0. 0. 0.]
cvc_x_pos (1251,)
[0. 0. 0. ... 0. 0. 0.]
cvc_x_pos (1251,)
[0. 0. 0. ... 0. 0. 0.]
cvc_x_pos (1251,)
[0. 0. 0. ... 0. 0. 0.]
cvc_x_pos (1251,)
[0. 0. 0. ... 0. 0. 0.]
cvc_x_pos (1251,)
[0. 0. 0. ... 0. 0. 0.]
cvc_x_pos (1251,)
[0. 0. 0. ... 0. 0. 0.]
cvc_x_pos (1251,)
[0. 0. 0. ... 0. 0. 0.]
cvc_x_pos (1251,)
[0. 0. 0. ... 0. 0. 0.]
cvc_x_pos (1251,)
[0. 0. 0. ... 0. 0. 0.]
cvc_x_pos (1251,)
[0. 0. 0. ... 0. 0. 0.]
cvc_x_pos (1251,)
[0. 0. 0. ... 0. 0. 0.]
cvc_x_pos (1251,)
[0. 0. 0. ... 0. 0. 0.]
cvc_x_pos (1251,)
[0. 0. 0. ... 0. 0. 0.]
cvc_x_pos (1251,)
[0. 0. 0. ... 0. 0. 0.]
cvc_x_pos (1251,)
[0. 0. 0. ... 0. 0. 0.]
cvc_x_pos (1251,)
[0. 0. 0. ... 0. 0. 0.]
cvc_x_pos (1251,)
[0. 0. 0. ... 0. 0. 0.]
cvc_x_pos (1251,)
[0. 0. 0. ... 0. 0. 0.]
cvc_x_pos (1251,)
[0. 0. 0. ... 0. 0. 0.]
cvc_x_pos (1251,)
[0. 0. 0. ... 0. 0. 0.]
cvc_x_pos (1251,)
[0. 0. 0. ... 0. 0. 0.]
cvc_x_pos (1251,)
[0. 0. 0. ... 0. 0. 0.]
cvc_x_pos (1251,)
[0. 0. 0. ... 0. 0. 0.]
cvc_x_pos (1251,)
[0. 0. 0. ... 0. 0. 0.]
cvc_x_pos (1251,)
[0. 0. 0. ... 0. 0. 0.]
cvc_x_pos (1251,)
[0. 0. 0. ... 0. 0. 0.]
cvc_x_pos (1251,)
[0.00680373 0.00680265 0.00680155 ... 0.         0.         0.        ]
cvc_x_pos (1251,)
[0.00507927 0.00507981 0.00508034 ... 0.         0.         0.        ]
cvc_x_pos (1251,)
[0. 0. 0. ... 0. 0. 0.]
cvc_x_pos (1251,)
[0.0054231  0.00542322 0.00542333 ... 0.         0.         0.        ]
cvc_x_pos (1251,)
[0. 0. 0. ... 0. 0. 0.]
cvc_x_pos (1251,)
[0.00649771 0.0064968  0.00649586 ... 0.         0.         0.        ]
cvc_x_pos (1251,)
[0. 0. 0. ... 0. 0. 0.]
cvc_x_pos (1251,)
[0. 0. 0. ... 0. 0. 0.]
cvc_x_pos (1251,)
[0. 0. 0. ... 0. 0. 0.]
cvc_x_pos (1251,)
[0. 0. 0. ... 0. 0. 0.]
cvc_x_pos (1251,)
[0. 0. 0. ... 0. 0. 0.]
cvc_x_pos (1251,)
[0. 0. 0. ... 0. 0. 0.]
cvc_x_pos (1251,)
[0. 0. 0. ... 0. 0. 0.]
cvc_x_pos (1251,)
[0. 0. 0. ... 0. 0. 0.]
cvc_x_pos (1251,)
[0. 0. 0. ... 0. 0. 0.]
cvc_x_pos (1251,)
[0. 0. 0. ... 0. 0. 0.]
cvc_x_pos (1251,)
[0. 0. 0. ... 0. 0. 0.]
cvc_x_pos (1251,)
[0. 0. 0. ... 0. 0. 0.]
cvc_x_pos (1251,)
[0. 0. 0. ... 0. 0. 0.]
cvc_x_pos (1251,)
[0. 0. 0. ... 0. 0. 0.]
cvc_x_pos (1251,)
[0. 0. 0. ... 0. 0. 0.]
cvc_x_pos (1251,)
[0. 0. 0. ... 0. 0. 0.]
cvc_x_pos (1251,)
[0. 0. 0. ... 0. 0. 0.]
cvc_x_pos (1251,)
[0. 0. 0. ... 0. 0. 0.]
cvc_x_pos (1251,)
[0. 0. 0. ... 0. 0. 0.]
cvc_x_pos (1251,)
[0. 0. 0. ... 0. 0. 0.]
cvc_x_pos (1251,)
[0. 0. 0. ... 0. 0. 0.]
cvc_x_pos (1251,)
[0. 0. 0. ... 0. 0. 0.]
cvc_x_pos (1251,)
[0. 0. 0. ... 0. 0. 0.]
cvc_x_pos (1251,)
[0. 0. 0. ... 0. 0. 0.]
cvc_x_pos (1251,)
[0. 0. 0. ... 0. 0. 0.]
cvc_x_pos (1251,)
[0. 0. 0. ... 0. 0. 0.]
cvc_x_pos (1251,)
[0. 0. 0. ... 0. 0. 0.]
cvc_x_pos (1251,)
[0. 0. 0. ... 0. 0. 0.]
cvc_x_pos (1251,)
[0. 0. 0. ... 0. 0. 0.]
cvc_x_pos (1251,)
[0. 0. 0. ... 0. 0. 0.]
cvc_x_pos (1251,)
[0. 0. 0. ... 0. 0. 0.]
cvc_x_pos (1251,)
[0. 0. 0. ... 0. 0. 0.]
cvc_x_pos (1251,)
[0. 0. 0. ... 0. 0. 0.]
cvc_x_pos (1251,)
[0. 0. 0. ... 0. 0. 0.]
cvc_x_pos (1251,)
[0. 0. 0. ... 0. 0. 0.]
cvc_x_pos (1251,)
[0. 0. 0. ... 0. 0. 0.]
cvc_x_pos (1251,)
[0. 0. 0. ... 0. 0. 0.]
cvc_x_pos (1251,)
[0. 0. 0. ... 0. 0. 0.]
cvc_x_pos (1251,)
[0. 0. 0. ... 0. 0. 0.]
cvc_x_pos (1251,)
[0. 0. 0. ... 0. 0. 0.]
cvc_x_pos (1251,)
[0. 0. 0. ... 0. 0. 0.]
cvc_x_pos (1251,)
[0. 0. 0. ... 0. 0. 0.]
cvc_x_pos (1251,)
[0. 0. 0. ... 0. 0. 0.]
cvc_x_pos (1251,)
[0. 0. 0. ... 0. 0. 0.]
cvc_x_pos (1251,)
[0. 0. 0. ... 0. 0. 0.]
cvc_x_pos (1251,)
[0. 0. 0. ... 0. 0. 0.]
cvc_x_pos (1251,)
[0. 0. 0. ... 0. 0. 0.]
cvc_x_pos (1251,)
[0.00597165 0.00597181 0.00597196 ... 0.         0.         0.        ]
cvc_x_pos (1251,)
[0.00596066 0.00596201 0.00596334 ... 0.         0.         0.        ]
cvc_x_pos (1251,)
[0.00707168 0.00707006 0.00706841 ... 0.         0.         0.        ]
cvc_x_pos (1251,)
[0. 0. 0. ... 0. 0. 0.]
cvc_x_pos (1251,)
[0. 0. 0. ... 0. 0. 0.]
cvc_x_pos (1251,)
[0. 0. 0. ... 0. 0. 0.]
cvc_x_pos (1251,)
[0. 0. 0. ... 0. 0. 0.]
cvc_x_pos (1251,)
[0. 0. 0. ... 0. 0. 0.]
cvc_x_pos (1251,)
[0. 0. 0. ... 0. 0. 0.]
cvc_x_pos (1251,)
[0. 0. 0. ... 0. 0. 0.]
cvc_x_pos (1251,)
[0. 0. 0. ... 0. 0. 0.]
cvc_x_pos (1251,)
[0. 0. 0. ... 0. 0. 0.]
cvc_x_pos (1251,)
[0. 0. 0. ... 0. 0. 0.]
cvc_x_pos (1251,)
[0. 0. 0. ... 0. 0. 0.]
cvc_x_pos (1251,)
[0. 0. 0. ... 0. 0. 0.]
cvc_x_pos (1251,)
[0. 0. 0. ... 0. 0. 0.]
cvc_x_pos (1251,)
[0. 0. 0. ... 0. 0. 0.]
cvc_x_pos (1251,)
[0. 0. 0. ... 0. 0. 0.]
cvc_x_pos (1251,)
[0. 0. 0. ... 0. 0. 0.]
cvc_x_pos (1251,)
[0. 0. 0. ... 0. 0. 0.]
cvc_x_pos (1251,)
[0. 0. 0. ... 0. 0. 0.]
cvc_x_pos (1251,)
[0. 0. 0. ... 0. 0. 0.]
cvc_x_pos (1251,)
[0. 0. 0. ... 0. 0. 0.]
cvc_x_pos (1251,)
[0. 0. 0. ... 0. 0. 0.]
cvc_x_pos (1251,)
[0. 0. 0. ... 0. 0. 0.]
cvc_x_pos (1251,)
[0. 0. 0. ... 0. 0. 0.]
cvc_x_pos (1251,)
[0. 0. 0. ... 0. 0. 0.]
cvc_x_pos (1251,)
[0. 0. 0. ... 0. 0. 0.]
cvc_x_pos (1251,)
[0. 0. 0. ... 0. 0. 0.]
cvc_x_pos (1251,)
[0. 0. 0. ... 0. 0. 0.]
cvc_x_pos (1251,)
[0. 0. 0. ... 0. 0. 0.]
cvc_x_pos (1251,)
[0. 0. 0. ... 0. 0. 0.]
cvc_x_pos (1251,)
[0. 0. 0. ... 0. 0. 0.]
cvc_x_pos (1251,)
[0. 0. 0. ... 0. 0. 0.]
cvc_x_pos (1251,)
[0. 0. 0. ... 0. 0. 0.]
cvc_x_pos (1251,)
[0. 0. 0. ... 0. 0. 0.]
cvc_x_pos (1251,)
[0. 0. 0. ... 0. 0. 0.]
cvc_x_pos (1251,)
[0. 0. 0. ... 0. 0. 0.]
cvc_x_pos (1251,)
[0. 0. 0. ... 0. 0. 0.]
cvc_x_pos (1251,)
[0. 0. 0. ... 0. 0. 0.]
cvc_x_pos (1251,)
[0. 0. 0. ... 0. 0. 0.]
cvc_x_pos (1251,)
[0. 0. 0. ... 0. 0. 0.]
cvc_x_pos (1251,)
[0. 0. 0. ... 0. 0. 0.]
cvc_x_pos (1251,)
[0. 0. 0. ... 0. 0. 0.]
cvc_x_pos (1251,)
[0. 0. 0. ... 0. 0. 0.]
cvc_x_pos (1251,)
[0. 0. 0. ... 0. 0. 0.]
cvc_x_pos (1251,)
[0. 0. 0. ... 0. 0. 0.]
cvc_x_pos (1251,)
[0. 0. 0. ... 0. 0. 0.]
cvc_x_pos (1251,)
[0. 0. 0. ... 0. 0. 0.]
cvc_x_pos (1251,)
[0. 0. 0. ... 0. 0. 0.]
cvc_x_pos (1251,)
[0. 0. 0. ... 0. 0. 0.]
cvc_x_pos (1251,)
[0. 0. 0. ... 0. 0. 0.]
cvc_x_pos (1251,)
[0. 0. 0. ... 0. 0. 0.]
cvc_x_pos (1251,)
[0. 0. 0. ... 0. 0. 0.]
cvc_x_pos (1251,)
[0. 0. 0. ... 0. 0. 0.]
cvc_x_pos (1251,)
[0.00599629 0.00599564 0.00599497 ... 0.         0.         0.        ]
cvc_x_pos (1251,)
[0. 0. 0. ... 0. 0. 0.]
cvc_x_pos (1251,)
[0. 0. 0. ... 0. 0. 0.]
cvc_x_pos (1251,)
[0.00753594 0.00753667 0.00753736 ... 0.         0.         0.        ]
cvc_x_pos (1251,)
[0. 0. 0. ... 0. 0. 0.]
cvc_x_pos (1251,)
[0. 0. 0. ... 0. 0. 0.]
cvc_x_pos (1251,)
[0. 0. 0. ... 0. 0. 0.]
cvc_x_pos (1251,)
[0. 0. 0. ... 0. 0. 0.]
cvc_x_pos (1251,)
[0. 0. 0. ... 0. 0. 0.]
cvc_x_pos (1251,)
[0. 0. 0. ... 0. 0. 0.]
cvc_x_pos (1251,)
[0. 0. 0. ... 0. 0. 0.]
cvc_x_pos (1251,)
[0. 0. 0. ... 0. 0. 0.]
cvc_x_pos (1251,)
[0. 0. 0. ... 0. 0. 0.]
cvc_x_pos (1251,)
[0. 0. 0. ... 0. 0. 0.]
cvc_x_pos (1251,)
[0. 0. 0. ... 0. 0. 0.]
cvc_x_pos (1251,)
[0. 0. 0. ... 0. 0. 0.]
cvc_x_pos (1251,)
[0. 0. 0. ... 0. 0. 0.]
cvc_x_pos (1251,)
[0. 0. 0. ... 0. 0. 0.]
cvc_x_pos (1251,)
[0. 0. 0. ... 0. 0. 0.]
cvc_x_pos (1251,)
[0. 0. 0. ... 0. 0. 0.]
cvc_x_pos (1251,)
[0. 0. 0. ... 0. 0. 0.]
cvc_x_pos (1251,)
[0. 0. 0. ... 0. 0. 0.]
cvc_x_pos (1251,)
[0. 0. 0. ... 0. 0. 0.]
cvc_x_pos (1251,)
[0. 0. 0. ... 0. 0. 0.]
cvc_x_pos (1251,)
[0. 0. 0. ... 0. 0. 0.]
cvc_x_pos (1251,)
[0. 0. 0. ... 0. 0. 0.]
cvc_x_pos (1251,)
[0. 0. 0. ... 0. 0. 0.]
cvc_x_pos (1251,)
[0. 0. 0. ... 0. 0. 0.]
cvc_x_pos (1251,)
[0. 0. 0. ... 0. 0. 0.]
cvc_x_pos (1251,)
[0. 0. 0. ... 0. 0. 0.]
cvc_x_pos (1251,)
[0. 0. 0. ... 0. 0. 0.]
cvc_x_pos (1251,)
[0. 0. 0. ... 0. 0. 0.]
cvc_x_pos (1251,)
[0. 0. 0. ... 0. 0. 0.]
cvc_x_pos (1251,)
[0. 0. 0. ... 0. 0. 0.]
cvc_x_pos (1251,)
[0. 0. 0. ... 0. 0. 0.]
cvc_x_pos (1251,)
[0. 0. 0. ... 0. 0. 0.]
cvc_x_pos (1251,)
[0. 0. 0. ... 0. 0. 0.]
cvc_x_pos (1251,)
[0. 0. 0. ... 0. 0. 0.]
cvc_x_pos (1251,)
[0. 0. 0. ... 0. 0. 0.]
cvc_x_pos (1251,)
[0. 0. 0. ... 0. 0. 0.]
cvc_x_pos (1251,)
[0. 0. 0. ... 0. 0. 0.]
cvc_x_pos (1251,)
[0. 0. 0. ... 0. 0. 0.]
cvc_x_pos (1251,)
[0. 0. 0. ... 0. 0. 0.]
cvc_x_pos (1251,)
[0. 0. 0. ... 0. 0. 0.]
cvc_x_pos (1251,)
[0. 0. 0. ... 0. 0. 0.]
cvc_x_pos (1251,)
[0. 0. 0. ... 0. 0. 0.]
cvc_x_pos (1251,)
[0. 0. 0. ... 0. 0. 0.]
cvc_x_pos (1251,)
[0. 0. 0. ... 0. 0. 0.]
cvc_x_pos (1251,)
[0. 0. 0. ... 0. 0. 0.]
cvc_x_pos (1251,)
[0. 0. 0. ... 0. 0. 0.]
cvc_x_pos (1251,)
[0. 0. 0. ... 0. 0. 0.]
cvc_x_pos (1251,)
[0. 0. 0. ... 0. 0. 0.]
cvc_x_pos (1251,)
[0. 0. 0. ... 0. 0. 0.]
cvc_x_pos (1251,)
[0. 0. 0. ... 0. 0. 0.]
cvc_x_pos (1251,)
[0. 0. 0. ... 0. 0. 0.]
cvc_x_pos (1251,)
[0. 0. 0. ... 0. 0. 0.]
cvc_x_pos (1251,)
[0. 0. 0. ... 0. 0. 0.]
cvc_x_pos (1251,)
[0. 0. 0. ... 0. 0. 0.]
cvc_x_pos (1251,)
[0. 0. 0. ... 0. 0. 0.]
cvc_x_pos (1251,)
[0. 0. 0. ... 0. 0. 0.]
cvc_x_pos (1251,)
[0. 0. 0. ... 0. 0. 0.]
cvc_x_pos (1251,)
[0. 0. 0. ... 0. 0. 0.]
cvc_x_pos (1251,)
[0. 0. 0. ... 0. 0. 0.]
cvc_x_pos (1251,)
[0. 0. 0. ... 0. 0. 0.]
cvc_x_pos (1251,)
[0. 0. 0. ... 0. 0. 0.]
cvc_x_pos (1251,)
[0.00751188 0.00751038 0.00750885 ... 0.         0.         0.        ]
cvc_x_pos (1251,)
[0. 0. 0. ... 0. 0. 0.]
cvc_x_pos (1251,)
[0.0067788  0.00677896 0.0067791  ... 0.         0.         0.        ]
cvc_x_pos (1251,)
[0.00613271 0.         0.         ... 0.         0.         0.        ]
cvc_x_pos (1251,)
[0.00781372 0.00781511 0.00781645 ... 0.         0.         0.        ]
cvc_x_pos (1251,)
[0.00617915 0.00617777 0.00617638 ... 0.         0.         0.        ]
cvc_x_pos (1251,)
[0. 0. 0. ... 0. 0. 0.]
cvc_x_pos (1251,)
[0. 0. 0. ... 0. 0. 0.]
cvc_x_pos (1251,)
[0. 0. 0. ... 0. 0. 0.]
cvc_x_pos (1251,)
[0. 0. 0. ... 0. 0. 0.]
cvc_x_pos (1251,)
[0. 0. 0. ... 0. 0. 0.]
cvc_x_pos (1251,)
[0. 0. 0. ... 0. 0. 0.]
cvc_x_pos (1251,)
[0. 0. 0. ... 0. 0. 0.]
cvc_x_pos (1251,)
[0. 0. 0. ... 0. 0. 0.]
cvc_x_pos (1251,)
[0. 0. 0. ... 0. 0. 0.]
cvc_x_pos (1251,)
[0. 0. 0. ... 0. 0. 0.]
cvc_x_pos (1251,)
[0. 0. 0. ... 0. 0. 0.]
cvc_x_pos (1251,)
[0. 0. 0. ... 0. 0. 0.]
cvc_x_pos (1251,)
[0. 0. 0. ... 0. 0. 0.]
cvc_x_pos (1251,)
[0. 0. 0. ... 0. 0. 0.]
cvc_x_pos (1251,)
[0. 0. 0. ... 0. 0. 0.]
cvc_x_pos (1251,)
[0. 0. 0. ... 0. 0. 0.]
cvc_x_pos (1251,)
[0. 0. 0. ... 0. 0. 0.]
cvc_x_pos (1251,)
[0. 0. 0. ... 0. 0. 0.]
cvc_x_pos (1251,)
[0. 0. 0. ... 0. 0. 0.]
cvc_x_pos (1251,)
[0. 0. 0. ... 0. 0. 0.]
cvc_x_pos (1251,)
[0. 0. 0. ... 0. 0. 0.]
cvc_x_pos (1251,)
[0. 0. 0. ... 0. 0. 0.]
cvc_x_pos (1251,)
[0. 0. 0. ... 0. 0. 0.]
cvc_x_pos (1251,)
[0. 0. 0. ... 0. 0. 0.]
cvc_x_pos (1251,)
[0. 0. 0. ... 0. 0. 0.]
cvc_x_pos (1251,)
[0. 0. 0. ... 0. 0. 0.]
cvc_x_pos (1251,)
[0. 0. 0. ... 0. 0. 0.]
cvc_x_pos (1251,)
[0. 0. 0. ... 0. 0. 0.]
cvc_x_pos (1251,)
[0. 0. 0. ... 0. 0. 0.]
cvc_x_pos (1251,)
[0. 0. 0. ... 0. 0. 0.]
cvc_x_pos (1251,)
[0. 0. 0. ... 0. 0. 0.]
cvc_x_pos (1251,)
[0. 0. 0. ... 0. 0. 0.]
cvc_x_pos (1251,)
[0. 0. 0. ... 0. 0. 0.]
cvc_x_pos (1251,)
[0. 0. 0. ... 0. 0. 0.]
cvc_x_pos (1251,)
[0. 0. 0. ... 0. 0. 0.]
cvc_x_pos (1251,)
[0. 0. 0. ... 0. 0. 0.]
cvc_x_pos (1251,)
[0. 0. 0. ... 0. 0. 0.]
cvc_x_pos (1251,)
[0. 0. 0. ... 0. 0. 0.]
cvc_x_pos (1251,)
[0. 0. 0. ... 0. 0. 0.]
cvc_x_pos (1251,)
[0. 0. 0. ... 0. 0. 0.]
cvc_x_pos (1251,)
[0. 0. 0. ... 0. 0. 0.]
cvc_x_pos (1251,)
[0. 0. 0. ... 0. 0. 0.]
cvc_x_pos (1251,)
[0. 0. 0. ... 0. 0. 0.]
cvc_x_pos (1251,)
[0. 0. 0. ... 0. 0. 0.]
cvc_x_pos (1251,)
[0. 0. 0. ... 0. 0. 0.]
cvc_x_pos (1251,)
[0. 0. 0. ... 0. 0. 0.]
cvc_x_pos (1251,)
[0. 0. 0. ... 0. 0. 0.]
cvc_x_pos (1251,)
[0. 0. 0. ... 0. 0. 0.]
cvc_x_pos (1251,)
[0. 0. 0. ... 0. 0. 0.]
cvc_x_pos (1251,)
[0. 0. 0. ... 0. 0. 0.]
cvc_x_pos (1251,)
[0. 0. 0. ... 0. 0. 0.]
cvc_x_pos (1251,)
[0. 0. 0. ... 0. 0. 0.]
cvc_x_pos (1251,)
[0. 0. 0. ... 0. 0. 0.]
cvc_x_pos (1251,)
[0. 0. 0. ... 0. 0. 0.]
cvc_x_pos (1251,)
[0. 0. 0. ... 0. 0. 0.]
cvc_x_pos (1251,)
[0. 0. 0. ... 0. 0. 0.]
cvc_x_pos (1251,)
[0. 0. 0. ... 0. 0. 0.]
cvc_x_pos (1251,)
[0. 0. 0. ... 0. 0. 0.]
cvc_x_pos (1251,)
[0. 0. 0. ... 0. 0. 0.]
cvc_x_pos (1251,)
[0. 0. 0. ... 0. 0. 0.]
cvc_x_pos (1251,)
[0. 0. 0. ... 0. 0. 0.]
cvc_x_pos (1251,)
[0. 0. 0. ... 0. 0. 0.]
cvc_x_pos (1251,)
[0. 0. 0. ... 0. 0. 0.]
cvc_x_pos (1251,)
[0. 0. 0. ... 0. 0. 0.]
cvc_x_pos (1251,)
[0. 0. 0. ... 0. 0. 0.]
cvc_x_pos (1251,)
[0.00618557 0.00618499 0.0061844  ... 0.         0.         0.        ]
cvc_x_pos (1251,)
[0. 0. 0. ... 0. 0. 0.]
cvc_x_pos (1251,)
[0. 0. 0. ... 0. 0. 0.]
cvc_x_pos (1251,)
[0.00736547 0.00736457 0.00736363 ... 0.         0.         0.        ]
cvc_x_pos (1251,)
[0. 0. 0. ... 0. 0. 0.]
cvc_x_pos (1251,)
[0.00604156 0.00604188 0.00604218 ... 0.         0.         0.        ]
cvc_x_pos (1251,)
[0. 0. 0. ... 0. 0. 0.]
cvc_x_pos (1251,)
[0.00701332 0.00701374 0.00701414 ... 0.         0.         0.        ]
cvc_x_pos (1251,)
[0.00619327 0.00619203 0.00619077 ... 0.         0.         0.        ]
cvc_x_pos (1251,)
[0. 0. 0. ... 0. 0. 0.]
cvc_x_pos (1251,)
[0. 0. 0. ... 0. 0. 0.]
cvc_x_pos (1251,)
[0. 0. 0. ... 0. 0. 0.]
cvc_x_pos (1251,)
[0. 0. 0. ... 0. 0. 0.]
cvc_x_pos (1251,)
[0. 0. 0. ... 0. 0. 0.]
cvc_x_pos (1251,)
[0. 0. 0. ... 0. 0. 0.]
cvc_x_pos (1251,)
[0. 0. 0. ... 0. 0. 0.]
cvc_x_pos (1251,)
[0. 0. 0. ... 0. 0. 0.]
cvc_x_pos (1251,)
[0. 0. 0. ... 0. 0. 0.]
cvc_x_pos (1251,)
[0. 0. 0. ... 0. 0. 0.]
cvc_x_pos (1251,)
[0. 0. 0. ... 0. 0. 0.]
cvc_x_pos (1251,)
[0. 0. 0. ... 0. 0. 0.]
cvc_x_pos (1251,)
[0. 0. 0. ... 0. 0. 0.]
cvc_x_pos (1251,)
[0. 0. 0. ... 0. 0. 0.]
cvc_x_pos (1251,)
[0. 0. 0. ... 0. 0. 0.]
cvc_x_pos (1251,)
[0. 0. 0. ... 0. 0. 0.]
cvc_x_pos (1251,)
[0. 0. 0. ... 0. 0. 0.]
cvc_x_pos (1251,)
[0. 0. 0. ... 0. 0. 0.]
cvc_x_pos (1251,)
[0. 0. 0. ... 0. 0. 0.]
cvc_x_pos (1251,)
[0. 0. 0. ... 0. 0. 0.]
cvc_x_pos (1251,)
[0. 0. 0. ... 0. 0. 0.]
cvc_x_pos (1251,)
[0. 0. 0. ... 0. 0. 0.]
cvc_x_pos (1251,)
[0. 0. 0. ... 0. 0. 0.]
cvc_x_pos (1251,)
[0. 0. 0. ... 0. 0. 0.]
cvc_x_pos (1251,)
[0. 0. 0. ... 0. 0. 0.]
cvc_x_pos (1251,)
[0. 0. 0. ... 0. 0. 0.]
cvc_x_pos (1251,)
[0. 0. 0. ... 0. 0. 0.]
cvc_x_pos (1251,)
[0. 0. 0. ... 0. 0. 0.]
cvc_x_pos (1251,)
[0. 0. 0. ... 0. 0. 0.]
cvc_x_pos (1251,)
[0. 0. 0. ... 0. 0. 0.]
cvc_x_pos (1251,)
[0. 0. 0. ... 0. 0. 0.]
cvc_x_pos (1251,)
[0. 0. 0. ... 0. 0. 0.]
cvc_x_pos (1251,)
[0. 0. 0. ... 0. 0. 0.]
cvc_x_pos (1251,)
[0. 0. 0. ... 0. 0. 0.]
cvc_x_pos (1251,)
[0. 0. 0. ... 0. 0. 0.]
cvc_x_pos (1251,)
[0. 0. 0. ... 0. 0. 0.]
cvc_x_pos (1251,)
[0. 0. 0. ... 0. 0. 0.]
cvc_x_pos (1251,)
[0. 0. 0. ... 0. 0. 0.]
cvc_x_pos (1251,)
[0. 0. 0. ... 0. 0. 0.]
cvc_x_pos (1251,)
[0. 0. 0. ... 0. 0. 0.]
cvc_x_pos (1251,)
[0. 0. 0. ... 0. 0. 0.]
cvc_x_pos (1251,)
[0. 0. 0. ... 0. 0. 0.]
cvc_x_pos (1251,)
[0. 0. 0. ... 0. 0. 0.]
cvc_x_pos (1251,)
[0. 0. 0. ... 0. 0. 0.]
cvc_x_pos (1251,)
[0. 0. 0. ... 0. 0. 0.]
cvc_x_pos (1251,)
[0. 0. 0. ... 0. 0. 0.]
cvc_x_pos (1251,)
[0. 0. 0. ... 0. 0. 0.]
cvc_x_pos (1251,)
[0. 0. 0. ... 0. 0. 0.]
cvc_x_pos (1251,)
[0. 0. 0. ... 0. 0. 0.]
cvc_x_pos (1251,)
[0. 0. 0. ... 0. 0. 0.]
cvc_x_pos (1251,)
[0. 0. 0. ... 0. 0. 0.]
cvc_x_pos (1251,)
[0. 0. 0. ... 0. 0. 0.]
cvc_x_pos (1251,)
[0. 0. 0. ... 0. 0. 0.]
cvc_x_pos (1251,)
[0. 0. 0. ... 0. 0. 0.]
cvc_x_pos (1251,)
[0. 0. 0. ... 0. 0. 0.]
cvc_x_pos (1251,)
[0. 0. 0. ... 0. 0. 0.]
cvc_x_pos (1251,)
[0. 0. 0. ... 0. 0. 0.]
cvc_x_pos (1251,)
[0. 0. 0. ... 0. 0. 0.]
cvc_x_pos (1251,)
[0. 0. 0. ... 0. 0. 0.]
cvc_x_pos (1251,)
[0. 0. 0. ... 0. 0. 0.]
cvc_x_pos (1251,)
[0. 0. 0. ... 0. 0. 0.]
cvc_x_pos (1251,)
[0. 0. 0. ... 0. 0. 0.]
cvc_x_pos (1251,)
[0. 0. 0. ... 0. 0. 0.]
cvc_x_pos (1251,)
[0. 0. 0. ... 0. 0. 0.]
cvc_x_pos (1251,)
[0. 0. 0. ... 0. 0. 0.]
cvc_x_pos (1251,)
[0. 0. 0. ... 0. 0. 0.]
cvc_x_pos (1251,)
[0. 0. 0. ... 0. 0. 0.]
cvc_x_pos (1251,)
[0. 0. 0. ... 0. 0. 0.]
cvc_x_pos (1251,)
[0. 0. 0. ... 0. 0. 0.]
cvc_x_pos (1251,)
[0. 0. 0. ... 0. 0. 0.]
cvc_x_pos (1251,)
[0. 0. 0. ... 0. 0. 0.]
cvc_x_pos (1251,)
[0. 0. 0. ... 0. 0. 0.]
cvc_x_pos (1251,)
[0. 0. 0. ... 0. 0. 0.]
cvc_x_pos (1251,)
[0. 0. 0. ... 0. 0. 0.]
cvc_x_pos (1251,)
[0. 0. 0. ... 0. 0. 0.]
cvc_x_pos (1251,)
[0. 0. 0. ... 0. 0. 0.]
cvc_x_pos (1251,)
[0. 0. 0. ... 0. 0. 0.]
cvc_x_pos (1251,)
[0.00473687 0.00473629 0.00473569 ... 0.         0.         0.        ]
cvc_x_pos (1251,)
[0. 0. 0. ... 0. 0. 0.]
cvc_x_pos (1251,)
[0.00563017 0.00563062 0.00563105 ... 0.         0.         0.        ]
cvc_x_pos (1251,)
[0. 0. 0. ... 0. 0. 0.]
cvc_x_pos (1251,)
[0.00662368 0.         0.         ... 0.         0.         0.        ]
Saved simulation data to simulation_outputs/round-11/global/vcm_trials-100_stretch-global_a-1_b-0.1_Ndc-None_Nfvc-12500.pkl
====================================================================== 


 -+-+-+-+-+-+-+-+-+-+-+-+-+-+-+-+-+-+-+-+-+-+-+-+-+-+-+-+-+-+ RUNNING SIMULATIONS FOR DISTORTION=stretch-global-5 -+-+-+-+-+-+-+-+-+-+-+-+-+-+-+-+-+-+-+-+-+-+-+-+-+-+-+-+-+-+
======================================================================
Running new simulation for ***Vector Cell Model*** with distortion=stretch-global (a=1, b=0.1)...
PARAMETERS:
	M=10, min_scale=25, scale_ratio=1.5, m=20, r_max=30, poiss_time_w=0.1
	N_fvc=15000 (VCM)
	cvc_pos=[[0.         0.04411894 0.07343287],...,[497.74615748 498.87307874 500.        ]] (VCM)
	fvc_pos=[[0.         0.03333556 0.06667111],...,[499.93332889 499.96666444 500.        ]] (VCM)
	Scales=[25.0, 37.5, 56.25, 84.38, 126.56, 189.84, 284.77, 427.15, 640.72, 961.08]
OPEN FIELD: True
cvc_x_pos (1501,)
[0. 0. 0. ... 0. 0. 0.]
cvc_x_pos (1501,)
[0. 0. 0. ... 0. 0. 0.]
cvc_x_pos (1501,)
[0. 0. 0. ... 0. 0. 0.]
cvc_x_pos (1501,)
[0. 0. 0. ... 0. 0. 0.]
cvc_x_pos (1501,)
[0. 0. 0. ... 0. 0. 0.]
cvc_x_pos (1501,)
[0. 0. 0. ... 0. 0. 0.]
cvc_x_pos (1501,)
[0. 0. 0. ... 0. 0. 0.]
cvc_x_pos (1501,)
[0. 0. 0. ... 0. 0. 0.]
cvc_x_pos (1501,)
[0. 0. 0. ... 0. 0. 0.]
cvc_x_pos (1501,)
[0. 0. 0. ... 0. 0. 0.]
cvc_x_pos (1501,)
[0. 0. 0. ... 0. 0. 0.]
cvc_x_pos (1501,)
[0. 0. 0. ... 0. 0. 0.]
cvc_x_pos (1501,)
[0. 0. 0. ... 0. 0. 0.]
cvc_x_pos (1501,)
[0. 0. 0. ... 0. 0. 0.]
cvc_x_pos (1501,)
[0. 0. 0. ... 0. 0. 0.]
cvc_x_pos (1501,)
[0. 0. 0. ... 0. 0. 0.]
cvc_x_pos (1501,)
[0. 0. 0. ... 0. 0. 0.]
cvc_x_pos (1501,)
[0. 0. 0. ... 0. 0. 0.]
cvc_x_pos (1501,)
[0. 0. 0. ... 0. 0. 0.]
cvc_x_pos (1501,)
[0. 0. 0. ... 0. 0. 0.]
cvc_x_pos (1501,)
[0. 0. 0. ... 0. 0. 0.]
cvc_x_pos (1501,)
[0. 0. 0. ... 0. 0. 0.]
cvc_x_pos (1501,)
[0. 0. 0. ... 0. 0. 0.]
cvc_x_pos (1501,)
[0. 0. 0. ... 0. 0. 0.]
cvc_x_pos (1501,)
[0. 0. 0. ... 0. 0. 0.]
cvc_x_pos (1501,)
[0. 0. 0. ... 0. 0. 0.]
cvc_x_pos (1501,)
[0. 0. 0. ... 0. 0. 0.]
cvc_x_pos (1501,)
[0. 0. 0. ... 0. 0. 0.]
cvc_x_pos (1501,)
[0. 0. 0. ... 0. 0. 0.]
cvc_x_pos (1501,)
[0. 0. 0. ... 0. 0. 0.]
cvc_x_pos (1501,)
[0. 0. 0. ... 0. 0. 0.]
cvc_x_pos (1501,)
[0. 0. 0. ... 0. 0. 0.]
cvc_x_pos (1501,)
[0. 0. 0. ... 0. 0. 0.]
cvc_x_pos (1501,)
[0. 0. 0. ... 0. 0. 0.]
cvc_x_pos (1501,)
[0. 0. 0. ... 0. 0. 0.]
cvc_x_pos (1501,)
[0. 0. 0. ... 0. 0. 0.]
cvc_x_pos (1501,)
[0. 0. 0. ... 0. 0. 0.]
cvc_x_pos (1501,)
[0. 0. 0. ... 0. 0. 0.]
cvc_x_pos (1501,)
[0. 0. 0. ... 0. 0. 0.]
cvc_x_pos (1501,)
[0. 0. 0. ... 0. 0. 0.]
cvc_x_pos (1501,)
[0. 0. 0. ... 0. 0. 0.]
cvc_x_pos (1501,)
[0. 0. 0. ... 0. 0. 0.]
cvc_x_pos (1501,)
[0. 0. 0. ... 0. 0. 0.]
cvc_x_pos (1501,)
[0. 0. 0. ... 0. 0. 0.]
cvc_x_pos (1501,)
[0. 0. 0. ... 0. 0. 0.]
cvc_x_pos (1501,)
[0. 0. 0. ... 0. 0. 0.]
cvc_x_pos (1501,)
[0. 0. 0. ... 0. 0. 0.]
cvc_x_pos (1501,)
[0. 0. 0. ... 0. 0. 0.]
cvc_x_pos (1501,)
[0. 0. 0. ... 0. 0. 0.]
cvc_x_pos (1501,)
[0. 0. 0. ... 0. 0. 0.]
cvc_x_pos (1501,)
[0. 0. 0. ... 0. 0. 0.]
cvc_x_pos (1501,)
[0. 0. 0. ... 0. 0. 0.]
cvc_x_pos (1501,)
[0. 0. 0. ... 0. 0. 0.]
cvc_x_pos (1501,)
[0. 0. 0. ... 0. 0. 0.]
cvc_x_pos (1501,)
[0. 0. 0. ... 0. 0. 0.]
cvc_x_pos (1501,)
[0. 0. 0. ... 0. 0. 0.]
cvc_x_pos (1501,)
[0. 0. 0. ... 0. 0. 0.]
cvc_x_pos (1501,)
[0. 0. 0. ... 0. 0. 0.]
cvc_x_pos (1501,)
[0. 0. 0. ... 0. 0. 0.]
cvc_x_pos (1501,)
[0. 0. 0. ... 0. 0. 0.]
cvc_x_pos (1501,)
[0. 0. 0. ... 0. 0. 0.]
cvc_x_pos (1501,)
[0. 0. 0. ... 0. 0. 0.]
cvc_x_pos (1501,)
[0. 0. 0. ... 0. 0. 0.]
cvc_x_pos (1501,)
[0. 0. 0. ... 0. 0. 0.]
cvc_x_pos (1501,)
[0. 0. 0. ... 0. 0. 0.]
cvc_x_pos (1501,)
[0. 0. 0. ... 0. 0. 0.]
cvc_x_pos (1501,)
[0. 0. 0. ... 0. 0. 0.]
cvc_x_pos (1501,)
[0. 0. 0. ... 0. 0. 0.]
cvc_x_pos (1501,)
[0. 0. 0. ... 0. 0. 0.]
cvc_x_pos (1501,)
[0. 0. 0. ... 0. 0. 0.]
cvc_x_pos (1501,)
[0. 0. 0. ... 0. 0. 0.]
cvc_x_pos (1501,)
[0. 0. 0. ... 0. 0. 0.]
cvc_x_pos (1501,)
[0. 0. 0. ... 0. 0. 0.]
cvc_x_pos (1501,)
[0. 0. 0. ... 0. 0. 0.]
cvc_x_pos (1501,)
[0.00558718 0.00558789 0.00558859 ... 0.         0.         0.        ]
cvc_x_pos (1501,)
[0. 0. 0. ... 0. 0. 0.]
cvc_x_pos (1501,)
[0.00603877 0.00603922 0.00603964 ... 0.         0.         0.        ]
cvc_x_pos (1501,)
[0. 0. 0. ... 0. 0. 0.]
cvc_x_pos (1501,)
[0.00575712 0.00575657 0.005756   ... 0.         0.         0.        ]
cvc_x_pos (1501,)
[0. 0. 0. ... 0. 0. 0.]
cvc_x_pos (1501,)
[0.00600209 0.00600256 0.006003   ... 0.         0.         0.        ]
cvc_x_pos (1501,)
[0.00681567 0.00681638 0.00681705 ... 0.         0.         0.        ]
cvc_x_pos (1501,)
[0. 0. 0. ... 0. 0. 0.]
cvc_x_pos (1501,)
[0.00559842 0.00559886 0.00559928 ... 0.         0.         0.        ]
cvc_x_pos (1501,)
[0. 0. 0. ... 0. 0. 0.]
cvc_x_pos (1501,)
[0. 0. 0. ... 0. 0. 0.]
cvc_x_pos (1501,)
[0. 0. 0. ... 0. 0. 0.]
cvc_x_pos (1501,)
[0. 0. 0. ... 0. 0. 0.]
cvc_x_pos (1501,)
[0. 0. 0. ... 0. 0. 0.]
cvc_x_pos (1501,)
[0. 0. 0. ... 0. 0. 0.]
cvc_x_pos (1501,)
[0. 0. 0. ... 0. 0. 0.]
cvc_x_pos (1501,)
[0. 0. 0. ... 0. 0. 0.]
cvc_x_pos (1501,)
[0. 0. 0. ... 0. 0. 0.]
cvc_x_pos (1501,)
[0. 0. 0. ... 0. 0. 0.]
cvc_x_pos (1501,)
[0. 0. 0. ... 0. 0. 0.]
cvc_x_pos (1501,)
[0. 0. 0. ... 0. 0. 0.]
cvc_x_pos (1501,)
[0. 0. 0. ... 0. 0. 0.]
cvc_x_pos (1501,)
[0. 0. 0. ... 0. 0. 0.]
cvc_x_pos (1501,)
[0. 0. 0. ... 0. 0. 0.]
cvc_x_pos (1501,)
[0. 0. 0. ... 0. 0. 0.]
cvc_x_pos (1501,)
[0. 0. 0. ... 0. 0. 0.]
cvc_x_pos (1501,)
[0. 0. 0. ... 0. 0. 0.]
cvc_x_pos (1501,)
[0. 0. 0. ... 0. 0. 0.]
cvc_x_pos (1501,)
[0. 0. 0. ... 0. 0. 0.]
cvc_x_pos (1501,)
[0. 0. 0. ... 0. 0. 0.]
cvc_x_pos (1501,)
[0. 0. 0. ... 0. 0. 0.]
cvc_x_pos (1501,)
[0. 0. 0. ... 0. 0. 0.]
cvc_x_pos (1501,)
[0. 0. 0. ... 0. 0. 0.]
cvc_x_pos (1501,)
[0. 0. 0. ... 0. 0. 0.]
cvc_x_pos (1501,)
[0. 0. 0. ... 0. 0. 0.]
cvc_x_pos (1501,)
[0. 0. 0. ... 0. 0. 0.]
cvc_x_pos (1501,)
[0. 0. 0. ... 0. 0. 0.]
cvc_x_pos (1501,)
[0. 0. 0. ... 0. 0. 0.]
cvc_x_pos (1501,)
[0. 0. 0. ... 0. 0. 0.]
cvc_x_pos (1501,)
[0. 0. 0. ... 0. 0. 0.]
cvc_x_pos (1501,)
[0. 0. 0. ... 0. 0. 0.]
cvc_x_pos (1501,)
[0. 0. 0. ... 0. 0. 0.]
cvc_x_pos (1501,)
[0. 0. 0. ... 0. 0. 0.]
cvc_x_pos (1501,)
[0. 0. 0. ... 0. 0. 0.]
cvc_x_pos (1501,)
[0. 0. 0. ... 0. 0. 0.]
cvc_x_pos (1501,)
[0. 0. 0. ... 0. 0. 0.]
cvc_x_pos (1501,)
[0. 0. 0. ... 0. 0. 0.]
cvc_x_pos (1501,)
[0. 0. 0. ... 0. 0. 0.]
cvc_x_pos (1501,)
[0. 0. 0. ... 0. 0. 0.]
cvc_x_pos (1501,)
[0. 0. 0. ... 0. 0. 0.]
cvc_x_pos (1501,)
[0. 0. 0. ... 0. 0. 0.]
cvc_x_pos (1501,)
[0. 0. 0. ... 0. 0. 0.]
cvc_x_pos (1501,)
[0. 0. 0. ... 0. 0. 0.]
cvc_x_pos (1501,)
[0. 0. 0. ... 0. 0. 0.]
cvc_x_pos (1501,)
[0. 0. 0. ... 0. 0. 0.]
cvc_x_pos (1501,)
[0. 0. 0. ... 0. 0. 0.]
cvc_x_pos (1501,)
[0. 0. 0. ... 0. 0. 0.]
cvc_x_pos (1501,)
[0. 0. 0. ... 0. 0. 0.]
cvc_x_pos (1501,)
[0. 0. 0. ... 0. 0. 0.]
cvc_x_pos (1501,)
[0. 0. 0. ... 0. 0. 0.]
cvc_x_pos (1501,)
[0. 0. 0. ... 0. 0. 0.]
cvc_x_pos (1501,)
[0. 0. 0. ... 0. 0. 0.]
cvc_x_pos (1501,)
[0. 0. 0. ... 0. 0. 0.]
cvc_x_pos (1501,)
[0. 0. 0. ... 0. 0. 0.]
cvc_x_pos (1501,)
[0. 0. 0. ... 0. 0. 0.]
cvc_x_pos (1501,)
[0. 0. 0. ... 0. 0. 0.]
cvc_x_pos (1501,)
[0. 0. 0. ... 0. 0. 0.]
cvc_x_pos (1501,)
[0. 0. 0. ... 0. 0. 0.]
cvc_x_pos (1501,)
[0. 0. 0. ... 0. 0. 0.]
cvc_x_pos (1501,)
[0. 0. 0. ... 0. 0. 0.]
cvc_x_pos (1501,)
[0. 0. 0. ... 0. 0. 0.]
cvc_x_pos (1501,)
[0. 0. 0. ... 0. 0. 0.]
cvc_x_pos (1501,)
[0. 0. 0. ... 0. 0. 0.]
cvc_x_pos (1501,)
[0. 0. 0. ... 0. 0. 0.]
cvc_x_pos (1501,)
[0. 0. 0. ... 0. 0. 0.]
cvc_x_pos (1501,)
[0. 0. 0. ... 0. 0. 0.]
cvc_x_pos (1501,)
[0. 0. 0. ... 0. 0. 0.]
cvc_x_pos (1501,)
[0.00559758 0.00559805 0.0055985  ... 0.         0.         0.        ]
cvc_x_pos (1501,)
[0.00598872 0.00598954 0.00599034 ... 0.         0.         0.        ]
cvc_x_pos (1501,)
[0.00623214 0.0062321  0.00623204 ... 0.         0.         0.        ]
cvc_x_pos (1501,)
[0.00582031 0.00582151 0.00582269 ... 0.         0.         0.        ]
cvc_x_pos (1501,)
[0.00528966 0.00528858 0.00528749 ... 0.         0.         0.        ]
cvc_x_pos (1501,)
[0. 0. 0. ... 0. 0. 0.]
cvc_x_pos (1501,)
[0. 0. 0. ... 0. 0. 0.]
cvc_x_pos (1501,)
[0. 0. 0. ... 0. 0. 0.]
cvc_x_pos (1501,)
[0. 0. 0. ... 0. 0. 0.]
cvc_x_pos (1501,)
[0. 0. 0. ... 0. 0. 0.]
cvc_x_pos (1501,)
[0. 0. 0. ... 0. 0. 0.]
cvc_x_pos (1501,)
[0. 0. 0. ... 0. 0. 0.]
cvc_x_pos (1501,)
[0. 0. 0. ... 0. 0. 0.]
cvc_x_pos (1501,)
[0. 0. 0. ... 0. 0. 0.]
cvc_x_pos (1501,)
[0. 0. 0. ... 0. 0. 0.]
cvc_x_pos (1501,)
[0. 0. 0. ... 0. 0. 0.]
cvc_x_pos (1501,)
[0. 0. 0. ... 0. 0. 0.]
cvc_x_pos (1501,)
[0. 0. 0. ... 0. 0. 0.]
cvc_x_pos (1501,)
[0. 0. 0. ... 0. 0. 0.]
cvc_x_pos (1501,)
[0. 0. 0. ... 0. 0. 0.]
cvc_x_pos (1501,)
[0. 0. 0. ... 0. 0. 0.]
cvc_x_pos (1501,)
[0. 0. 0. ... 0. 0. 0.]
cvc_x_pos (1501,)
[0. 0. 0. ... 0. 0. 0.]
cvc_x_pos (1501,)
[0. 0. 0. ... 0. 0. 0.]
cvc_x_pos (1501,)
[0. 0. 0. ... 0. 0. 0.]
cvc_x_pos (1501,)
[0. 0. 0. ... 0. 0. 0.]
cvc_x_pos (1501,)
[0. 0. 0. ... 0. 0. 0.]
cvc_x_pos (1501,)
[0. 0. 0. ... 0. 0. 0.]
cvc_x_pos (1501,)
[0. 0. 0. ... 0. 0. 0.]
cvc_x_pos (1501,)
[0. 0. 0. ... 0. 0. 0.]
cvc_x_pos (1501,)
[0. 0. 0. ... 0. 0. 0.]
cvc_x_pos (1501,)
[0. 0. 0. ... 0. 0. 0.]
cvc_x_pos (1501,)
[0. 0. 0. ... 0. 0. 0.]
cvc_x_pos (1501,)
[0. 0. 0. ... 0. 0. 0.]
cvc_x_pos (1501,)
[0. 0. 0. ... 0. 0. 0.]
cvc_x_pos (1501,)
[0. 0. 0. ... 0. 0. 0.]
cvc_x_pos (1501,)
[0. 0. 0. ... 0. 0. 0.]
cvc_x_pos (1501,)
[0. 0. 0. ... 0. 0. 0.]
cvc_x_pos (1501,)
[0. 0. 0. ... 0. 0. 0.]
cvc_x_pos (1501,)
[0. 0. 0. ... 0. 0. 0.]
cvc_x_pos (1501,)
[0. 0. 0. ... 0. 0. 0.]
cvc_x_pos (1501,)
[0. 0. 0. ... 0. 0. 0.]
cvc_x_pos (1501,)
[0. 0. 0. ... 0. 0. 0.]
cvc_x_pos (1501,)
[0. 0. 0. ... 0. 0. 0.]
cvc_x_pos (1501,)
[0. 0. 0. ... 0. 0. 0.]
cvc_x_pos (1501,)
[0. 0. 0. ... 0. 0. 0.]
cvc_x_pos (1501,)
[0. 0. 0. ... 0. 0. 0.]
cvc_x_pos (1501,)
[0. 0. 0. ... 0. 0. 0.]
cvc_x_pos (1501,)
[0. 0. 0. ... 0. 0. 0.]
cvc_x_pos (1501,)
[0. 0. 0. ... 0. 0. 0.]
cvc_x_pos (1501,)
[0. 0. 0. ... 0. 0. 0.]
cvc_x_pos (1501,)
[0. 0. 0. ... 0. 0. 0.]
cvc_x_pos (1501,)
[0. 0. 0. ... 0. 0. 0.]
cvc_x_pos (1501,)
[0. 0. 0. ... 0. 0. 0.]
cvc_x_pos (1501,)
[0. 0. 0. ... 0. 0. 0.]
cvc_x_pos (1501,)
[0. 0. 0. ... 0. 0. 0.]
cvc_x_pos (1501,)
[0. 0. 0. ... 0. 0. 0.]
cvc_x_pos (1501,)
[0. 0. 0. ... 0. 0. 0.]
cvc_x_pos (1501,)
[0. 0. 0. ... 0. 0. 0.]
cvc_x_pos (1501,)
[0. 0. 0. ... 0. 0. 0.]
cvc_x_pos (1501,)
[0. 0. 0. ... 0. 0. 0.]
cvc_x_pos (1501,)
[0. 0. 0. ... 0. 0. 0.]
cvc_x_pos (1501,)
[0. 0. 0. ... 0. 0. 0.]
cvc_x_pos (1501,)
[0.00476697 0.0047677  0.00476843 ... 0.         0.         0.        ]
cvc_x_pos (1501,)
[0.0057516  0.00575228 0.00575294 ... 0.         0.         0.        ]
cvc_x_pos (1501,)
[0. 0. 0. ... 0. 0. 0.]
cvc_x_pos (1501,)
[0.00693851 0.00693976 0.00694098 ... 0.         0.         0.        ]
cvc_x_pos (1501,)
[0. 0. 0. ... 0. 0. 0.]
cvc_x_pos (1501,)
[0.00617943 0.00617867 0.0061779  ... 0.         0.         0.        ]
cvc_x_pos (1501,)
[0. 0. 0. ... 0. 0. 0.]
cvc_x_pos (1501,)
[0. 0. 0. ... 0. 0. 0.]
cvc_x_pos (1501,)
[0. 0. 0. ... 0. 0. 0.]
cvc_x_pos (1501,)
[0. 0. 0. ... 0. 0. 0.]
cvc_x_pos (1501,)
[0. 0. 0. ... 0. 0. 0.]
cvc_x_pos (1501,)
[0. 0. 0. ... 0. 0. 0.]
cvc_x_pos (1501,)
[0. 0. 0. ... 0. 0. 0.]
cvc_x_pos (1501,)
[0. 0. 0. ... 0. 0. 0.]
cvc_x_pos (1501,)
[0. 0. 0. ... 0. 0. 0.]
cvc_x_pos (1501,)
[0. 0. 0. ... 0. 0. 0.]
cvc_x_pos (1501,)
[0. 0. 0. ... 0. 0. 0.]
cvc_x_pos (1501,)
[0. 0. 0. ... 0. 0. 0.]
cvc_x_pos (1501,)
[0. 0. 0. ... 0. 0. 0.]
cvc_x_pos (1501,)
[0. 0. 0. ... 0. 0. 0.]
cvc_x_pos (1501,)
[0. 0. 0. ... 0. 0. 0.]
cvc_x_pos (1501,)
[0. 0. 0. ... 0. 0. 0.]
cvc_x_pos (1501,)
[0. 0. 0. ... 0. 0. 0.]
cvc_x_pos (1501,)
[0. 0. 0. ... 0. 0. 0.]
cvc_x_pos (1501,)
[0. 0. 0. ... 0. 0. 0.]
cvc_x_pos (1501,)
[0. 0. 0. ... 0. 0. 0.]
cvc_x_pos (1501,)
[0. 0. 0. ... 0. 0. 0.]
cvc_x_pos (1501,)
[0. 0. 0. ... 0. 0. 0.]
cvc_x_pos (1501,)
[0. 0. 0. ... 0. 0. 0.]
cvc_x_pos (1501,)
[0. 0. 0. ... 0. 0. 0.]
cvc_x_pos (1501,)
[0. 0. 0. ... 0. 0. 0.]
cvc_x_pos (1501,)
[0. 0. 0. ... 0. 0. 0.]
cvc_x_pos (1501,)
[0. 0. 0. ... 0. 0. 0.]
cvc_x_pos (1501,)
[0. 0. 0. ... 0. 0. 0.]
cvc_x_pos (1501,)
[0. 0. 0. ... 0. 0. 0.]
cvc_x_pos (1501,)
[0. 0. 0. ... 0. 0. 0.]
cvc_x_pos (1501,)
[0. 0. 0. ... 0. 0. 0.]
cvc_x_pos (1501,)
[0. 0. 0. ... 0. 0. 0.]
cvc_x_pos (1501,)
[0. 0. 0. ... 0. 0. 0.]
cvc_x_pos (1501,)
[0. 0. 0. ... 0. 0. 0.]
cvc_x_pos (1501,)
[0. 0. 0. ... 0. 0. 0.]
cvc_x_pos (1501,)
[0. 0. 0. ... 0. 0. 0.]
cvc_x_pos (1501,)
[0. 0. 0. ... 0. 0. 0.]
cvc_x_pos (1501,)
[0. 0. 0. ... 0. 0. 0.]
cvc_x_pos (1501,)
[0. 0. 0. ... 0. 0. 0.]
cvc_x_pos (1501,)
[0. 0. 0. ... 0. 0. 0.]
cvc_x_pos (1501,)
[0. 0. 0. ... 0. 0. 0.]
cvc_x_pos (1501,)
[0. 0. 0. ... 0. 0. 0.]
cvc_x_pos (1501,)
[0. 0. 0. ... 0. 0. 0.]
cvc_x_pos (1501,)
[0. 0. 0. ... 0. 0. 0.]
cvc_x_pos (1501,)
[0. 0. 0. ... 0. 0. 0.]
cvc_x_pos (1501,)
[0. 0. 0. ... 0. 0. 0.]
cvc_x_pos (1501,)
[0. 0. 0. ... 0. 0. 0.]
cvc_x_pos (1501,)
[0. 0. 0. ... 0. 0. 0.]
cvc_x_pos (1501,)
[0. 0. 0. ... 0. 0. 0.]
cvc_x_pos (1501,)
[0. 0. 0. ... 0. 0. 0.]
cvc_x_pos (1501,)
[0. 0. 0. ... 0. 0. 0.]
cvc_x_pos (1501,)
[0. 0. 0. ... 0. 0. 0.]
cvc_x_pos (1501,)
[0. 0. 0. ... 0. 0. 0.]
cvc_x_pos (1501,)
[0. 0. 0. ... 0. 0. 0.]
cvc_x_pos (1501,)
[0.00527982 0.00527998 0.00528013 ... 0.         0.         0.        ]
cvc_x_pos (1501,)
[0. 0. 0. ... 0. 0. 0.]
cvc_x_pos (1501,)
[0.00582255 0.00582315 0.00582373 ... 0.         0.         0.        ]
cvc_x_pos (1501,)
[0. 0. 0. ... 0. 0. 0.]
cvc_x_pos (1501,)
[0.00526911 0.00526856 0.005268   ... 0.         0.         0.        ]
cvc_x_pos (1501,)
[0. 0. 0. ... 0. 0. 0.]
cvc_x_pos (1501,)
[0.00501373 0.00501298 0.00501222 ... 0.         0.         0.        ]
cvc_x_pos (1501,)
[0. 0. 0. ... 0. 0. 0.]
cvc_x_pos (1501,)
[0. 0. 0. ... 0. 0. 0.]
cvc_x_pos (1501,)
[0. 0. 0. ... 0. 0. 0.]
cvc_x_pos (1501,)
[0. 0. 0. ... 0. 0. 0.]
cvc_x_pos (1501,)
[0. 0. 0. ... 0. 0. 0.]
cvc_x_pos (1501,)
[0. 0. 0. ... 0. 0. 0.]
cvc_x_pos (1501,)
[0. 0. 0. ... 0. 0. 0.]
cvc_x_pos (1501,)
[0. 0. 0. ... 0. 0. 0.]
cvc_x_pos (1501,)
[0. 0. 0. ... 0. 0. 0.]
cvc_x_pos (1501,)
[0. 0. 0. ... 0. 0. 0.]
cvc_x_pos (1501,)
[0. 0. 0. ... 0. 0. 0.]
cvc_x_pos (1501,)
[0. 0. 0. ... 0. 0. 0.]
cvc_x_pos (1501,)
[0. 0. 0. ... 0. 0. 0.]
cvc_x_pos (1501,)
[0. 0. 0. ... 0. 0. 0.]
cvc_x_pos (1501,)
[0. 0. 0. ... 0. 0. 0.]
cvc_x_pos (1501,)
[0. 0. 0. ... 0. 0. 0.]
cvc_x_pos (1501,)
[0. 0. 0. ... 0. 0. 0.]
cvc_x_pos (1501,)
[0. 0. 0. ... 0. 0. 0.]
cvc_x_pos (1501,)
[0. 0. 0. ... 0. 0. 0.]
cvc_x_pos (1501,)
[0. 0. 0. ... 0. 0. 0.]
cvc_x_pos (1501,)
[0. 0. 0. ... 0. 0. 0.]
cvc_x_pos (1501,)
[0. 0. 0. ... 0. 0. 0.]
cvc_x_pos (1501,)
[0. 0. 0. ... 0. 0. 0.]
cvc_x_pos (1501,)
[0. 0. 0. ... 0. 0. 0.]
cvc_x_pos (1501,)
[0. 0. 0. ... 0. 0. 0.]
cvc_x_pos (1501,)
[0. 0. 0. ... 0. 0. 0.]
cvc_x_pos (1501,)
[0. 0. 0. ... 0. 0. 0.]
cvc_x_pos (1501,)
[0. 0. 0. ... 0. 0. 0.]
cvc_x_pos (1501,)
[0. 0. 0. ... 0. 0. 0.]
cvc_x_pos (1501,)
[0. 0. 0. ... 0. 0. 0.]
cvc_x_pos (1501,)
[0. 0. 0. ... 0. 0. 0.]
cvc_x_pos (1501,)
[0. 0. 0. ... 0. 0. 0.]
cvc_x_pos (1501,)
[0. 0. 0. ... 0. 0. 0.]
cvc_x_pos (1501,)
[0. 0. 0. ... 0. 0. 0.]
cvc_x_pos (1501,)
[0. 0. 0. ... 0. 0. 0.]
cvc_x_pos (1501,)
[0. 0. 0. ... 0. 0. 0.]
cvc_x_pos (1501,)
[0. 0. 0. ... 0. 0. 0.]
cvc_x_pos (1501,)
[0. 0. 0. ... 0. 0. 0.]
cvc_x_pos (1501,)
[0. 0. 0. ... 0. 0. 0.]
cvc_x_pos (1501,)
[0. 0. 0. ... 0. 0. 0.]
cvc_x_pos (1501,)
[0. 0. 0. ... 0. 0. 0.]
cvc_x_pos (1501,)
[0. 0. 0. ... 0. 0. 0.]
cvc_x_pos (1501,)
[0. 0. 0. ... 0. 0. 0.]
cvc_x_pos (1501,)
[0. 0. 0. ... 0. 0. 0.]
cvc_x_pos (1501,)
[0. 0. 0. ... 0. 0. 0.]
cvc_x_pos (1501,)
[0. 0. 0. ... 0. 0. 0.]
cvc_x_pos (1501,)
[0.00484198 0.00484229 0.00484259 ... 0.         0.         0.        ]
cvc_x_pos (1501,)
[0. 0. 0. ... 0. 0. 0.]
cvc_x_pos (1501,)
[0.00524264 0.0052417  0.00524075 ... 0.         0.         0.        ]
cvc_x_pos (1501,)
[0. 0. 0. ... 0. 0. 0.]
cvc_x_pos (1501,)
[0. 0. 0. ... 0. 0. 0.]
cvc_x_pos (1501,)
[0. 0. 0. ... 0. 0. 0.]
cvc_x_pos (1501,)
[0. 0. 0. ... 0. 0. 0.]
cvc_x_pos (1501,)
[0. 0. 0. ... 0. 0. 0.]
cvc_x_pos (1501,)
[0. 0. 0. ... 0. 0. 0.]
cvc_x_pos (1501,)
[0. 0. 0. ... 0. 0. 0.]
cvc_x_pos (1501,)
[0. 0. 0. ... 0. 0. 0.]
cvc_x_pos (1501,)
[0. 0. 0. ... 0. 0. 0.]
cvc_x_pos (1501,)
[0. 0. 0. ... 0. 0. 0.]
cvc_x_pos (1501,)
[0. 0. 0. ... 0. 0. 0.]
cvc_x_pos (1501,)
[0. 0. 0. ... 0. 0. 0.]
cvc_x_pos (1501,)
[0. 0. 0. ... 0. 0. 0.]
cvc_x_pos (1501,)
[0. 0. 0. ... 0. 0. 0.]
cvc_x_pos (1501,)
[0. 0. 0. ... 0. 0. 0.]
cvc_x_pos (1501,)
[0. 0. 0. ... 0. 0. 0.]
cvc_x_pos (1501,)
[0. 0. 0. ... 0. 0. 0.]
cvc_x_pos (1501,)
[0. 0. 0. ... 0. 0. 0.]
cvc_x_pos (1501,)
[0. 0. 0. ... 0. 0. 0.]
cvc_x_pos (1501,)
[0. 0. 0. ... 0. 0. 0.]
cvc_x_pos (1501,)
[0. 0. 0. ... 0. 0. 0.]
cvc_x_pos (1501,)
[0. 0. 0. ... 0. 0. 0.]
cvc_x_pos (1501,)
[0. 0. 0. ... 0. 0. 0.]
cvc_x_pos (1501,)
[0. 0. 0. ... 0. 0. 0.]
cvc_x_pos (1501,)
[0. 0. 0. ... 0. 0. 0.]
cvc_x_pos (1501,)
[0. 0. 0. ... 0. 0. 0.]
cvc_x_pos (1501,)
[0. 0. 0. ... 0. 0. 0.]
cvc_x_pos (1501,)
[0. 0. 0. ... 0. 0. 0.]
cvc_x_pos (1501,)
[0. 0. 0. ... 0. 0. 0.]
cvc_x_pos (1501,)
[0. 0. 0. ... 0. 0. 0.]
cvc_x_pos (1501,)
[0. 0. 0. ... 0. 0. 0.]
cvc_x_pos (1501,)
[0. 0. 0. ... 0. 0. 0.]
cvc_x_pos (1501,)
[0. 0. 0. ... 0. 0. 0.]
cvc_x_pos (1501,)
[0. 0. 0. ... 0. 0. 0.]
cvc_x_pos (1501,)
[0. 0. 0. ... 0. 0. 0.]
cvc_x_pos (1501,)
[0. 0. 0. ... 0. 0. 0.]
cvc_x_pos (1501,)
[0. 0. 0. ... 0. 0. 0.]
cvc_x_pos (1501,)
[0. 0. 0. ... 0. 0. 0.]
cvc_x_pos (1501,)
[0. 0. 0. ... 0. 0. 0.]
cvc_x_pos (1501,)
[0. 0. 0. ... 0. 0. 0.]
cvc_x_pos (1501,)
[0. 0. 0. ... 0. 0. 0.]
cvc_x_pos (1501,)
[0. 0. 0. ... 0. 0. 0.]
cvc_x_pos (1501,)
[0. 0. 0. ... 0. 0. 0.]
cvc_x_pos (1501,)
[0. 0. 0. ... 0. 0. 0.]
cvc_x_pos (1501,)
[0. 0. 0. ... 0. 0. 0.]
cvc_x_pos (1501,)
[0.00494849 0.00494908 0.00494966 ... 0.         0.         0.        ]
cvc_x_pos (1501,)
[0.00523225 0.00523125 0.00523025 ... 0.         0.         0.        ]
cvc_x_pos (1501,)
[0.00531233 0.00531156 0.00531079 ... 0.         0.         0.        ]
cvc_x_pos (1501,)
[0.0061914  0.00619168 0.00619194 ... 0.         0.         0.        ]
cvc_x_pos (1501,)
[0. 0. 0. ... 0. 0. 0.]
cvc_x_pos (1501,)
[0.00481975 0.00481946 0.00481916 ... 0.         0.         0.        ]
cvc_x_pos (1501,)
[0. 0. 0. ... 0. 0. 0.]
cvc_x_pos (1501,)
[0. 0. 0. ... 0. 0. 0.]
cvc_x_pos (1501,)
[0. 0. 0. ... 0. 0. 0.]
cvc_x_pos (1501,)
[0. 0. 0. ... 0. 0. 0.]
cvc_x_pos (1501,)
[0. 0. 0. ... 0. 0. 0.]
cvc_x_pos (1501,)
[0. 0. 0. ... 0. 0. 0.]
cvc_x_pos (1501,)
[0. 0. 0. ... 0. 0. 0.]
cvc_x_pos (1501,)
[0. 0. 0. ... 0. 0. 0.]
cvc_x_pos (1501,)
[0. 0. 0. ... 0. 0. 0.]
cvc_x_pos (1501,)
[0. 0. 0. ... 0. 0. 0.]
cvc_x_pos (1501,)
[0. 0. 0. ... 0. 0. 0.]
cvc_x_pos (1501,)
[0. 0. 0. ... 0. 0. 0.]
cvc_x_pos (1501,)
[0. 0. 0. ... 0. 0. 0.]
cvc_x_pos (1501,)
[0. 0. 0. ... 0. 0. 0.]
cvc_x_pos (1501,)
[0. 0. 0. ... 0. 0. 0.]
cvc_x_pos (1501,)
[0. 0. 0. ... 0. 0. 0.]
cvc_x_pos (1501,)
[0. 0. 0. ... 0. 0. 0.]
cvc_x_pos (1501,)
[0. 0. 0. ... 0. 0. 0.]
cvc_x_pos (1501,)
[0. 0. 0. ... 0. 0. 0.]
cvc_x_pos (1501,)
[0. 0. 0. ... 0. 0. 0.]
cvc_x_pos (1501,)
[0. 0. 0. ... 0. 0. 0.]
cvc_x_pos (1501,)
[0. 0. 0. ... 0. 0. 0.]
cvc_x_pos (1501,)
[0. 0. 0. ... 0. 0. 0.]
cvc_x_pos (1501,)
[0. 0. 0. ... 0. 0. 0.]
cvc_x_pos (1501,)
[0. 0. 0. ... 0. 0. 0.]
cvc_x_pos (1501,)
[0. 0. 0. ... 0. 0. 0.]
cvc_x_pos (1501,)
[0. 0. 0. ... 0. 0. 0.]
cvc_x_pos (1501,)
[0. 0. 0. ... 0. 0. 0.]
cvc_x_pos (1501,)
[0. 0. 0. ... 0. 0. 0.]
cvc_x_pos (1501,)
[0. 0. 0. ... 0. 0. 0.]
cvc_x_pos (1501,)
[0. 0. 0. ... 0. 0. 0.]
cvc_x_pos (1501,)
[0. 0. 0. ... 0. 0. 0.]
cvc_x_pos (1501,)
[0. 0. 0. ... 0. 0. 0.]
cvc_x_pos (1501,)
[0. 0. 0. ... 0. 0. 0.]
cvc_x_pos (1501,)
[0. 0. 0. ... 0. 0. 0.]
cvc_x_pos (1501,)
[0. 0. 0. ... 0. 0. 0.]
cvc_x_pos (1501,)
[0. 0. 0. ... 0. 0. 0.]
cvc_x_pos (1501,)
[0. 0. 0. ... 0. 0. 0.]
cvc_x_pos (1501,)
[0. 0. 0. ... 0. 0. 0.]
cvc_x_pos (1501,)
[0. 0. 0. ... 0. 0. 0.]
cvc_x_pos (1501,)
[0. 0. 0. ... 0. 0. 0.]
cvc_x_pos (1501,)
[0. 0. 0. ... 0. 0. 0.]
cvc_x_pos (1501,)
[0. 0. 0. ... 0. 0. 0.]
cvc_x_pos (1501,)
[0. 0. 0. ... 0. 0. 0.]
cvc_x_pos (1501,)
[0.00541412 0.00541515 0.00541617 ... 0.         0.         0.        ]
cvc_x_pos (1501,)
[0. 0. 0. ... 0. 0. 0.]
cvc_x_pos (1501,)
[0. 0. 0. ... 0. 0. 0.]
cvc_x_pos (1501,)
[0. 0. 0. ... 0. 0. 0.]
cvc_x_pos (1501,)
[0. 0. 0. ... 0. 0. 0.]
cvc_x_pos (1501,)
[0. 0. 0. ... 0. 0. 0.]
cvc_x_pos (1501,)
[0. 0. 0. ... 0. 0. 0.]
cvc_x_pos (1501,)
[0. 0. 0. ... 0. 0. 0.]
cvc_x_pos (1501,)
[0.00566953 0.00566856 0.00566758 ... 0.         0.         0.        ]
cvc_x_pos (1501,)
[0. 0. 0. ... 0. 0. 0.]
cvc_x_pos (1501,)
[0.00603532 0.00603475 0.00603416 ... 0.         0.         0.        ]
cvc_x_pos (1501,)
[0.00541796 0.00541702 0.00541607 ... 0.         0.         0.        ]
cvc_x_pos (1501,)
[0.00559053 0.00559118 0.00559182 ... 0.         0.         0.        ]
cvc_x_pos (1501,)
[0. 0. 0. ... 0. 0. 0.]
cvc_x_pos (1501,)
[0.00540472 0.005404   0.00540327 ... 0.         0.         0.        ]
cvc_x_pos (1501,)
[0.00554339 0.00554338 0.00554336 ... 0.         0.         0.        ]
cvc_x_pos (1501,)
[0. 0. 0. ... 0. 0. 0.]
cvc_x_pos (1501,)
[0. 0. 0. ... 0. 0. 0.]
cvc_x_pos (1501,)
[0. 0. 0. ... 0. 0. 0.]
cvc_x_pos (1501,)
[0. 0. 0. ... 0. 0. 0.]
cvc_x_pos (1501,)
[0. 0. 0. ... 0. 0. 0.]
cvc_x_pos (1501,)
[0. 0. 0. ... 0. 0. 0.]
cvc_x_pos (1501,)
[0. 0. 0. ... 0. 0. 0.]
cvc_x_pos (1501,)
[0. 0. 0. ... 0. 0. 0.]
cvc_x_pos (1501,)
[0. 0. 0. ... 0. 0. 0.]
cvc_x_pos (1501,)
[0. 0. 0. ... 0. 0. 0.]
cvc_x_pos (1501,)
[0. 0. 0. ... 0. 0. 0.]
cvc_x_pos (1501,)
[0. 0. 0. ... 0. 0. 0.]
cvc_x_pos (1501,)
[0. 0. 0. ... 0. 0. 0.]
cvc_x_pos (1501,)
[0. 0. 0. ... 0. 0. 0.]
cvc_x_pos (1501,)
[0. 0. 0. ... 0. 0. 0.]
cvc_x_pos (1501,)
[0. 0. 0. ... 0. 0. 0.]
cvc_x_pos (1501,)
[0. 0. 0. ... 0. 0. 0.]
cvc_x_pos (1501,)
[0. 0. 0. ... 0. 0. 0.]
cvc_x_pos (1501,)
[0. 0. 0. ... 0. 0. 0.]
cvc_x_pos (1501,)
[0. 0. 0. ... 0. 0. 0.]
cvc_x_pos (1501,)
[0. 0. 0. ... 0. 0. 0.]
cvc_x_pos (1501,)
[0. 0. 0. ... 0. 0. 0.]
cvc_x_pos (1501,)
[0. 0. 0. ... 0. 0. 0.]
cvc_x_pos (1501,)
[0. 0. 0. ... 0. 0. 0.]
cvc_x_pos (1501,)
[0. 0. 0. ... 0. 0. 0.]
cvc_x_pos (1501,)
[0. 0. 0. ... 0. 0. 0.]
cvc_x_pos (1501,)
[0. 0. 0. ... 0. 0. 0.]
cvc_x_pos (1501,)
[0. 0. 0. ... 0. 0. 0.]
cvc_x_pos (1501,)
[0. 0. 0. ... 0. 0. 0.]
cvc_x_pos (1501,)
[0. 0. 0. ... 0. 0. 0.]
cvc_x_pos (1501,)
[0. 0. 0. ... 0. 0. 0.]
cvc_x_pos (1501,)
[0. 0. 0. ... 0. 0. 0.]
cvc_x_pos (1501,)
[0. 0. 0. ... 0. 0. 0.]
cvc_x_pos (1501,)
[0. 0. 0. ... 0. 0. 0.]
cvc_x_pos (1501,)
[0. 0. 0. ... 0. 0. 0.]
cvc_x_pos (1501,)
[0. 0. 0. ... 0. 0. 0.]
cvc_x_pos (1501,)
[0. 0. 0. ... 0. 0. 0.]
cvc_x_pos (1501,)
[0. 0. 0. ... 0. 0. 0.]
cvc_x_pos (1501,)
[0. 0. 0. ... 0. 0. 0.]
cvc_x_pos (1501,)
[0. 0. 0. ... 0. 0. 0.]
cvc_x_pos (1501,)
[0. 0. 0. ... 0. 0. 0.]
cvc_x_pos (1501,)
[0. 0. 0. ... 0. 0. 0.]
cvc_x_pos (1501,)
[0.00676761 0.00676838 0.00676912 ... 0.         0.         0.        ]
cvc_x_pos (1501,)
[0. 0. 0. ... 0. 0. 0.]
cvc_x_pos (1501,)
[0. 0. 0. ... 0. 0. 0.]
cvc_x_pos (1501,)
[0. 0. 0. ... 0. 0. 0.]
cvc_x_pos (1501,)
[0. 0. 0. ... 0. 0. 0.]
cvc_x_pos (1501,)
[0. 0. 0. ... 0. 0. 0.]
cvc_x_pos (1501,)
[0. 0. 0. ... 0. 0. 0.]
cvc_x_pos (1501,)
[0. 0. 0. ... 0. 0. 0.]
cvc_x_pos (1501,)
[0. 0. 0. ... 0. 0. 0.]
cvc_x_pos (1501,)
[0. 0. 0. ... 0. 0. 0.]
cvc_x_pos (1501,)
[0. 0. 0. ... 0. 0. 0.]
cvc_x_pos (1501,)
[0. 0. 0. ... 0. 0. 0.]
cvc_x_pos (1501,)
[0. 0. 0. ... 0. 0. 0.]
cvc_x_pos (1501,)
[0. 0. 0. ... 0. 0. 0.]
cvc_x_pos (1501,)
[0. 0. 0. ... 0. 0. 0.]
cvc_x_pos (1501,)
[0. 0. 0. ... 0. 0. 0.]
cvc_x_pos (1501,)
[0. 0. 0. ... 0. 0. 0.]
cvc_x_pos (1501,)
[0.00437183 0.00437116 0.00437048 ... 0.         0.         0.        ]
cvc_x_pos (1501,)
[0. 0. 0. ... 0. 0. 0.]
cvc_x_pos (1501,)
[0.00585657 0.00585595 0.00585531 ... 0.         0.         0.        ]
cvc_x_pos (1501,)
[0. 0. 0. ... 0. 0. 0.]
cvc_x_pos (1501,)
[0.0054113  0.00541186 0.0054124  ... 0.         0.         0.        ]
cvc_x_pos (1501,)
[0. 0. 0. ... 0. 0. 0.]
cvc_x_pos (1501,)
[0. 0. 0. ... 0. 0. 0.]
cvc_x_pos (1501,)
[0. 0. 0. ... 0. 0. 0.]
cvc_x_pos (1501,)
[0. 0. 0. ... 0. 0. 0.]
cvc_x_pos (1501,)
[0. 0. 0. ... 0. 0. 0.]
cvc_x_pos (1501,)
[0. 0. 0. ... 0. 0. 0.]
cvc_x_pos (1501,)
[0. 0. 0. ... 0. 0. 0.]
cvc_x_pos (1501,)
[0. 0. 0. ... 0. 0. 0.]
cvc_x_pos (1501,)
[0. 0. 0. ... 0. 0. 0.]
cvc_x_pos (1501,)
[0. 0. 0. ... 0. 0. 0.]
cvc_x_pos (1501,)
[0. 0. 0. ... 0. 0. 0.]
cvc_x_pos (1501,)
[0. 0. 0. ... 0. 0. 0.]
cvc_x_pos (1501,)
[0. 0. 0. ... 0. 0. 0.]
cvc_x_pos (1501,)
[0. 0. 0. ... 0. 0. 0.]
cvc_x_pos (1501,)
[0. 0. 0. ... 0. 0. 0.]
cvc_x_pos (1501,)
[0. 0. 0. ... 0. 0. 0.]
cvc_x_pos (1501,)
[0. 0. 0. ... 0. 0. 0.]
cvc_x_pos (1501,)
[0. 0. 0. ... 0. 0. 0.]
cvc_x_pos (1501,)
[0. 0. 0. ... 0. 0. 0.]
cvc_x_pos (1501,)
[0. 0. 0. ... 0. 0. 0.]
cvc_x_pos (1501,)
[0. 0. 0. ... 0. 0. 0.]
cvc_x_pos (1501,)
[0. 0. 0. ... 0. 0. 0.]
cvc_x_pos (1501,)
[0. 0. 0. ... 0. 0. 0.]
cvc_x_pos (1501,)
[0. 0. 0. ... 0. 0. 0.]
cvc_x_pos (1501,)
[0. 0. 0. ... 0. 0. 0.]
cvc_x_pos (1501,)
[0. 0. 0. ... 0. 0. 0.]
cvc_x_pos (1501,)
[0. 0. 0. ... 0. 0. 0.]
cvc_x_pos (1501,)
[0. 0. 0. ... 0. 0. 0.]
cvc_x_pos (1501,)
[0. 0. 0. ... 0. 0. 0.]
cvc_x_pos (1501,)
[0. 0. 0. ... 0. 0. 0.]
cvc_x_pos (1501,)
[0. 0. 0. ... 0. 0. 0.]
cvc_x_pos (1501,)
[0. 0. 0. ... 0. 0. 0.]
cvc_x_pos (1501,)
[0. 0. 0. ... 0. 0. 0.]
cvc_x_pos (1501,)
[0. 0. 0. ... 0. 0. 0.]
cvc_x_pos (1501,)
[0. 0. 0. ... 0. 0. 0.]
cvc_x_pos (1501,)
[0. 0. 0. ... 0. 0. 0.]
cvc_x_pos (1501,)
[0. 0. 0. ... 0. 0. 0.]
cvc_x_pos (1501,)
[0. 0. 0. ... 0. 0. 0.]
cvc_x_pos (1501,)
[0. 0. 0. ... 0. 0. 0.]
cvc_x_pos (1501,)
[0. 0. 0. ... 0. 0. 0.]
cvc_x_pos (1501,)
[0. 0. 0. ... 0. 0. 0.]
cvc_x_pos (1501,)
[0. 0. 0. ... 0. 0. 0.]
cvc_x_pos (1501,)
[0.00591933 0.00591855 0.00591775 ... 0.         0.         0.        ]
cvc_x_pos (1501,)
[0. 0. 0. ... 0. 0. 0.]
cvc_x_pos (1501,)
[0. 0. 0. ... 0. 0. 0.]
cvc_x_pos (1501,)
[0. 0. 0. ... 0. 0. 0.]
cvc_x_pos (1501,)
[0. 0. 0. ... 0. 0. 0.]
cvc_x_pos (1501,)
[0. 0. 0. ... 0. 0. 0.]
cvc_x_pos (1501,)
[0. 0. 0. ... 0. 0. 0.]
cvc_x_pos (1501,)
[0. 0. 0. ... 0. 0. 0.]
cvc_x_pos (1501,)
[0. 0. 0. ... 0. 0. 0.]
cvc_x_pos (1501,)
[0. 0. 0. ... 0. 0. 0.]
cvc_x_pos (1501,)
[0. 0. 0. ... 0. 0. 0.]
cvc_x_pos (1501,)
[0. 0. 0. ... 0. 0. 0.]
cvc_x_pos (1501,)
[0. 0. 0. ... 0. 0. 0.]
cvc_x_pos (1501,)
[0. 0. 0. ... 0. 0. 0.]
cvc_x_pos (1501,)
[0. 0. 0. ... 0. 0. 0.]
cvc_x_pos (1501,)
[0. 0. 0. ... 0. 0. 0.]
cvc_x_pos (1501,)
[0. 0. 0. ... 0. 0. 0.]
cvc_x_pos (1501,)
[0. 0. 0. ... 0. 0. 0.]
cvc_x_pos (1501,)
[0. 0. 0. ... 0. 0. 0.]
cvc_x_pos (1501,)
[0. 0. 0. ... 0. 0. 0.]
cvc_x_pos (1501,)
[0. 0. 0. ... 0. 0. 0.]
cvc_x_pos (1501,)
[0. 0. 0. ... 0. 0. 0.]
cvc_x_pos (1501,)
[0. 0. 0. ... 0. 0. 0.]
cvc_x_pos (1501,)
[0. 0. 0. ... 0. 0. 0.]
cvc_x_pos (1501,)
[0. 0. 0. ... 0. 0. 0.]
cvc_x_pos (1501,)
[0.00419856 0.00419808 0.00419759 ... 0.         0.         0.        ]
cvc_x_pos (1501,)
[0. 0. 0. ... 0. 0. 0.]
cvc_x_pos (1501,)
[0.00518771 0.00518673 0.00518574 ... 0.         0.         0.        ]
cvc_x_pos (1501,)
[0. 0. 0. ... 0. 0. 0.]
cvc_x_pos (1501,)
[0.00521786 0.00521743 0.00521698 ... 0.         0.         0.        ]
cvc_x_pos (1501,)
[0. 0. 0. ... 0. 0. 0.]
cvc_x_pos (1501,)
[0.0064841  0.00648526 0.0064864  ... 0.         0.         0.        ]
cvc_x_pos (1501,)
[0. 0. 0. ... 0. 0. 0.]
cvc_x_pos (1501,)
[0.00547906 0.00547937 0.00547967 ... 0.         0.         0.        ]
cvc_x_pos (1501,)
[0. 0. 0. ... 0. 0. 0.]
cvc_x_pos (1501,)
[0. 0. 0. ... 0. 0. 0.]
cvc_x_pos (1501,)
[0. 0. 0. ... 0. 0. 0.]
cvc_x_pos (1501,)
[0. 0. 0. ... 0. 0. 0.]
cvc_x_pos (1501,)
[0. 0. 0. ... 0. 0. 0.]
cvc_x_pos (1501,)
[0. 0. 0. ... 0. 0. 0.]
cvc_x_pos (1501,)
[0. 0. 0. ... 0. 0. 0.]
cvc_x_pos (1501,)
[0. 0. 0. ... 0. 0. 0.]
cvc_x_pos (1501,)
[0. 0. 0. ... 0. 0. 0.]
cvc_x_pos (1501,)
[0. 0. 0. ... 0. 0. 0.]
cvc_x_pos (1501,)
[0. 0. 0. ... 0. 0. 0.]
cvc_x_pos (1501,)
[0. 0. 0. ... 0. 0. 0.]
cvc_x_pos (1501,)
[0. 0. 0. ... 0. 0. 0.]
cvc_x_pos (1501,)
[0. 0. 0. ... 0. 0. 0.]
cvc_x_pos (1501,)
[0. 0. 0. ... 0. 0. 0.]
cvc_x_pos (1501,)
[0. 0. 0. ... 0. 0. 0.]
cvc_x_pos (1501,)
[0. 0. 0. ... 0. 0. 0.]
cvc_x_pos (1501,)
[0. 0. 0. ... 0. 0. 0.]
cvc_x_pos (1501,)
[0. 0. 0. ... 0. 0. 0.]
cvc_x_pos (1501,)
[0. 0. 0. ... 0. 0. 0.]
cvc_x_pos (1501,)
[0. 0. 0. ... 0. 0. 0.]
cvc_x_pos (1501,)
[0. 0. 0. ... 0. 0. 0.]
cvc_x_pos (1501,)
[0. 0. 0. ... 0. 0. 0.]
cvc_x_pos (1501,)
[0. 0. 0. ... 0. 0. 0.]
cvc_x_pos (1501,)
[0. 0. 0. ... 0. 0. 0.]
cvc_x_pos (1501,)
[0. 0. 0. ... 0. 0. 0.]
cvc_x_pos (1501,)
[0. 0. 0. ... 0. 0. 0.]
cvc_x_pos (1501,)
[0. 0. 0. ... 0. 0. 0.]
cvc_x_pos (1501,)
[0. 0. 0. ... 0. 0. 0.]
cvc_x_pos (1501,)
[0. 0. 0. ... 0. 0. 0.]
cvc_x_pos (1501,)
[0. 0. 0. ... 0. 0. 0.]
cvc_x_pos (1501,)
[0. 0. 0. ... 0. 0. 0.]
cvc_x_pos (1501,)
[0. 0. 0. ... 0. 0. 0.]
cvc_x_pos (1501,)
[0. 0. 0. ... 0. 0. 0.]
cvc_x_pos (1501,)
[0. 0. 0. ... 0. 0. 0.]
cvc_x_pos (1501,)
[0. 0. 0. ... 0. 0. 0.]
cvc_x_pos (1501,)
[0. 0. 0. ... 0. 0. 0.]
cvc_x_pos (1501,)
[0. 0. 0. ... 0. 0. 0.]
cvc_x_pos (1501,)
[0. 0. 0. ... 0. 0. 0.]
cvc_x_pos (1501,)
[0.00600321 0.00600277 0.00600232 ... 0.         0.         0.        ]
cvc_x_pos (1501,)
[0.00481124 0.00481075 0.00481025 ... 0.         0.         0.        ]
cvc_x_pos (1501,)
[0. 0. 0. ... 0. 0. 0.]
cvc_x_pos (1501,)
[0. 0. 0. ... 0. 0. 0.]
cvc_x_pos (1501,)
[0. 0. 0. ... 0. 0. 0.]
cvc_x_pos (1501,)
[0. 0. 0. ... 0. 0. 0.]
cvc_x_pos (1501,)
[0. 0. 0. ... 0. 0. 0.]
cvc_x_pos (1501,)
[0. 0. 0. ... 0. 0. 0.]
cvc_x_pos (1501,)
[0. 0. 0. ... 0. 0. 0.]
cvc_x_pos (1501,)
[0. 0. 0. ... 0. 0. 0.]
cvc_x_pos (1501,)
[0. 0. 0. ... 0. 0. 0.]
cvc_x_pos (1501,)
[0. 0. 0. ... 0. 0. 0.]
cvc_x_pos (1501,)
[0. 0. 0. ... 0. 0. 0.]
cvc_x_pos (1501,)
[0. 0. 0. ... 0. 0. 0.]
cvc_x_pos (1501,)
[0. 0. 0. ... 0. 0. 0.]
cvc_x_pos (1501,)
[0. 0. 0. ... 0. 0. 0.]
cvc_x_pos (1501,)
[0. 0. 0. ... 0. 0. 0.]
cvc_x_pos (1501,)
[0. 0. 0. ... 0. 0. 0.]
cvc_x_pos (1501,)
[0. 0. 0. ... 0. 0. 0.]
cvc_x_pos (1501,)
[0. 0. 0. ... 0. 0. 0.]
cvc_x_pos (1501,)
[0. 0. 0. ... 0. 0. 0.]
cvc_x_pos (1501,)
[0. 0. 0. ... 0. 0. 0.]
cvc_x_pos (1501,)
[0. 0. 0. ... 0. 0. 0.]
cvc_x_pos (1501,)
[0. 0. 0. ... 0. 0. 0.]
cvc_x_pos (1501,)
[0. 0. 0. ... 0. 0. 0.]
cvc_x_pos (1501,)
[0. 0. 0. ... 0. 0. 0.]
cvc_x_pos (1501,)
[0. 0. 0. ... 0. 0. 0.]
cvc_x_pos (1501,)
[0. 0. 0. ... 0. 0. 0.]
cvc_x_pos (1501,)
[0. 0. 0. ... 0. 0. 0.]
cvc_x_pos (1501,)
[0. 0. 0. ... 0. 0. 0.]
cvc_x_pos (1501,)
[0. 0. 0. ... 0. 0. 0.]
cvc_x_pos (1501,)
[0. 0. 0. ... 0. 0. 0.]
cvc_x_pos (1501,)
[0. 0. 0. ... 0. 0. 0.]
cvc_x_pos (1501,)
[0. 0. 0. ... 0. 0. 0.]
cvc_x_pos (1501,)
[0. 0. 0. ... 0. 0. 0.]
cvc_x_pos (1501,)
[0.00599438 0.00599307 0.00599175 ... 0.         0.         0.        ]
cvc_x_pos (1501,)
[0. 0. 0. ... 0. 0. 0.]
cvc_x_pos (1501,)
[0.00498098 0.00498144 0.0049819  ... 0.         0.         0.        ]
cvc_x_pos (1501,)
[0. 0. 0. ... 0. 0. 0.]
cvc_x_pos (1501,)
[0.00558725 0.00558652 0.00558577 ... 0.         0.         0.        ]
cvc_x_pos (1501,)
[0. 0. 0. ... 0. 0. 0.]
cvc_x_pos (1501,)
[0. 0. 0. ... 0. 0. 0.]
cvc_x_pos (1501,)
[0. 0. 0. ... 0. 0. 0.]
cvc_x_pos (1501,)
[0. 0. 0. ... 0. 0. 0.]
cvc_x_pos (1501,)
[0. 0. 0. ... 0. 0. 0.]
cvc_x_pos (1501,)
[0. 0. 0. ... 0. 0. 0.]
cvc_x_pos (1501,)
[0. 0. 0. ... 0. 0. 0.]
cvc_x_pos (1501,)
[0. 0. 0. ... 0. 0. 0.]
cvc_x_pos (1501,)
[0. 0. 0. ... 0. 0. 0.]
cvc_x_pos (1501,)
[0. 0. 0. ... 0. 0. 0.]
cvc_x_pos (1501,)
[0. 0. 0. ... 0. 0. 0.]
cvc_x_pos (1501,)
[0. 0. 0. ... 0. 0. 0.]
cvc_x_pos (1501,)
[0. 0. 0. ... 0. 0. 0.]
cvc_x_pos (1501,)
[0. 0. 0. ... 0. 0. 0.]
cvc_x_pos (1501,)
[0. 0. 0. ... 0. 0. 0.]
cvc_x_pos (1501,)
[0. 0. 0. ... 0. 0. 0.]
cvc_x_pos (1501,)
[0. 0. 0. ... 0. 0. 0.]
cvc_x_pos (1501,)
[0. 0. 0. ... 0. 0. 0.]
cvc_x_pos (1501,)
[0. 0. 0. ... 0. 0. 0.]
cvc_x_pos (1501,)
[0. 0. 0. ... 0. 0. 0.]
cvc_x_pos (1501,)
[0. 0. 0. ... 0. 0. 0.]
cvc_x_pos (1501,)
[0. 0. 0. ... 0. 0. 0.]
cvc_x_pos (1501,)
[0. 0. 0. ... 0. 0. 0.]
cvc_x_pos (1501,)
[0. 0. 0. ... 0. 0. 0.]
cvc_x_pos (1501,)
[0. 0. 0. ... 0. 0. 0.]
cvc_x_pos (1501,)
[0. 0. 0. ... 0. 0. 0.]
cvc_x_pos (1501,)
[0. 0. 0. ... 0. 0. 0.]
cvc_x_pos (1501,)
[0. 0. 0. ... 0. 0. 0.]
cvc_x_pos (1501,)
[0. 0. 0. ... 0. 0. 0.]
cvc_x_pos (1501,)
[0. 0. 0. ... 0. 0. 0.]
cvc_x_pos (1501,)
[0. 0. 0. ... 0. 0. 0.]
cvc_x_pos (1501,)
[0. 0. 0. ... 0. 0. 0.]
cvc_x_pos (1501,)
[0. 0. 0. ... 0. 0. 0.]
cvc_x_pos (1501,)
[0. 0. 0. ... 0. 0. 0.]
cvc_x_pos (1501,)
[0. 0. 0. ... 0. 0. 0.]
cvc_x_pos (1501,)
[0. 0. 0. ... 0. 0. 0.]
cvc_x_pos (1501,)
[0. 0. 0. ... 0. 0. 0.]
cvc_x_pos (1501,)
[0. 0. 0. ... 0. 0. 0.]
cvc_x_pos (1501,)
[0. 0. 0. ... 0. 0. 0.]
cvc_x_pos (1501,)
[0. 0. 0. ... 0. 0. 0.]
cvc_x_pos (1501,)
[0. 0. 0. ... 0. 0. 0.]
cvc_x_pos (1501,)
[0. 0. 0. ... 0. 0. 0.]
cvc_x_pos (1501,)
[0. 0. 0. ... 0. 0. 0.]
cvc_x_pos (1501,)
[0. 0. 0. ... 0. 0. 0.]
cvc_x_pos (1501,)
[0. 0. 0. ... 0. 0. 0.]
cvc_x_pos (1501,)
[0. 0. 0. ... 0. 0. 0.]
cvc_x_pos (1501,)
[0. 0. 0. ... 0. 0. 0.]
cvc_x_pos (1501,)
[0. 0. 0. ... 0. 0. 0.]
cvc_x_pos (1501,)
[0. 0. 0. ... 0. 0. 0.]
cvc_x_pos (1501,)
[0. 0. 0. ... 0. 0. 0.]
cvc_x_pos (1501,)
[0. 0. 0. ... 0. 0. 0.]
cvc_x_pos (1501,)
[0. 0. 0. ... 0. 0. 0.]
cvc_x_pos (1501,)
[0. 0. 0. ... 0. 0. 0.]
cvc_x_pos (1501,)
[0. 0. 0. ... 0. 0. 0.]
cvc_x_pos (1501,)
[0. 0. 0. ... 0. 0. 0.]
cvc_x_pos (1501,)
[0. 0. 0. ... 0. 0. 0.]
cvc_x_pos (1501,)
[0. 0. 0. ... 0. 0. 0.]
cvc_x_pos (1501,)
[0. 0. 0. ... 0. 0. 0.]
cvc_x_pos (1501,)
[0. 0. 0. ... 0. 0. 0.]
cvc_x_pos (1501,)
[0. 0. 0. ... 0. 0. 0.]
cvc_x_pos (1501,)
[0. 0. 0. ... 0. 0. 0.]
cvc_x_pos (1501,)
[0. 0. 0. ... 0. 0. 0.]
cvc_x_pos (1501,)
[0. 0. 0. ... 0. 0. 0.]
cvc_x_pos (1501,)
[0. 0. 0. ... 0. 0. 0.]
cvc_x_pos (1501,)
[0. 0. 0. ... 0. 0. 0.]
cvc_x_pos (1501,)
[0. 0. 0. ... 0. 0. 0.]
cvc_x_pos (1501,)
[0. 0. 0. ... 0. 0. 0.]
cvc_x_pos (1501,)
[0.00462924 0.00463001 0.00463078 ... 0.         0.         0.        ]
cvc_x_pos (1501,)
[0.         0.         0.00542918 ... 0.         0.         0.        ]
cvc_x_pos (1501,)
[0.00486633 0.00486705 0.00486777 ... 0.         0.         0.        ]
cvc_x_pos (1501,)
[0.00615228 0.00615191 0.00615153 ... 0.         0.         0.        ]
cvc_x_pos (1501,)
[0. 0. 0. ... 0. 0. 0.]
cvc_x_pos (1501,)
[0. 0. 0. ... 0. 0. 0.]
cvc_x_pos (1501,)
[0.00542836 0.00542753 0.00542669 ... 0.         0.         0.        ]
cvc_x_pos (1501,)
[0. 0. 0. ... 0. 0. 0.]
cvc_x_pos (1501,)
[0. 0. 0. ... 0. 0. 0.]
cvc_x_pos (1501,)
[0. 0. 0. ... 0. 0. 0.]
cvc_x_pos (1501,)
[0. 0. 0. ... 0. 0. 0.]
cvc_x_pos (1501,)
[0. 0. 0. ... 0. 0. 0.]
cvc_x_pos (1501,)
[0. 0. 0. ... 0. 0. 0.]
cvc_x_pos (1501,)
[0. 0. 0. ... 0. 0. 0.]
cvc_x_pos (1501,)
[0. 0. 0. ... 0. 0. 0.]
cvc_x_pos (1501,)
[0. 0. 0. ... 0. 0. 0.]
cvc_x_pos (1501,)
[0. 0. 0. ... 0. 0. 0.]
cvc_x_pos (1501,)
[0. 0. 0. ... 0. 0. 0.]
cvc_x_pos (1501,)
[0. 0. 0. ... 0. 0. 0.]
cvc_x_pos (1501,)
[0. 0. 0. ... 0. 0. 0.]
cvc_x_pos (1501,)
[0. 0. 0. ... 0. 0. 0.]
cvc_x_pos (1501,)
[0. 0. 0. ... 0. 0. 0.]
cvc_x_pos (1501,)
[0. 0. 0. ... 0. 0. 0.]
cvc_x_pos (1501,)
[0. 0. 0. ... 0. 0. 0.]
cvc_x_pos (1501,)
[0. 0. 0. ... 0. 0. 0.]
cvc_x_pos (1501,)
[0. 0. 0. ... 0. 0. 0.]
cvc_x_pos (1501,)
[0. 0. 0. ... 0. 0. 0.]
cvc_x_pos (1501,)
[0. 0. 0. ... 0. 0. 0.]
cvc_x_pos (1501,)
[0. 0. 0. ... 0. 0. 0.]
cvc_x_pos (1501,)
[0. 0. 0. ... 0. 0. 0.]
cvc_x_pos (1501,)
[0. 0. 0. ... 0. 0. 0.]
cvc_x_pos (1501,)
[0. 0. 0. ... 0. 0. 0.]
cvc_x_pos (1501,)
[0. 0. 0. ... 0. 0. 0.]
cvc_x_pos (1501,)
[0. 0. 0. ... 0. 0. 0.]
cvc_x_pos (1501,)
[0. 0. 0. ... 0. 0. 0.]
cvc_x_pos (1501,)
[0. 0. 0. ... 0. 0. 0.]
cvc_x_pos (1501,)
[0. 0. 0. ... 0. 0. 0.]
cvc_x_pos (1501,)
[0. 0. 0. ... 0. 0. 0.]
cvc_x_pos (1501,)
[0. 0. 0. ... 0. 0. 0.]
cvc_x_pos (1501,)
[0. 0. 0. ... 0. 0. 0.]
cvc_x_pos (1501,)
[0. 0. 0. ... 0. 0. 0.]
cvc_x_pos (1501,)
[0. 0. 0. ... 0. 0. 0.]
cvc_x_pos (1501,)
[0. 0. 0. ... 0. 0. 0.]
cvc_x_pos (1501,)
[0. 0. 0. ... 0. 0. 0.]
cvc_x_pos (1501,)
[0. 0. 0. ... 0. 0. 0.]
cvc_x_pos (1501,)
[0. 0. 0. ... 0. 0. 0.]
cvc_x_pos (1501,)
[0. 0. 0. ... 0. 0. 0.]
cvc_x_pos (1501,)
[0. 0. 0. ... 0. 0. 0.]
cvc_x_pos (1501,)
[0. 0. 0. ... 0. 0. 0.]
cvc_x_pos (1501,)
[0. 0. 0. ... 0. 0. 0.]
cvc_x_pos (1501,)
[0. 0. 0. ... 0. 0. 0.]
cvc_x_pos (1501,)
[0. 0. 0. ... 0. 0. 0.]
cvc_x_pos (1501,)
[0. 0. 0. ... 0. 0. 0.]
cvc_x_pos (1501,)
[0. 0. 0. ... 0. 0. 0.]
cvc_x_pos (1501,)
[0. 0. 0. ... 0. 0. 0.]
cvc_x_pos (1501,)
[0. 0. 0. ... 0. 0. 0.]
cvc_x_pos (1501,)
[0. 0. 0. ... 0. 0. 0.]
cvc_x_pos (1501,)
[0. 0. 0. ... 0. 0. 0.]
cvc_x_pos (1501,)
[0. 0. 0. ... 0. 0. 0.]
cvc_x_pos (1501,)
[0. 0. 0. ... 0. 0. 0.]
cvc_x_pos (1501,)
[0. 0. 0. ... 0. 0. 0.]
cvc_x_pos (1501,)
[0. 0. 0. ... 0. 0. 0.]
cvc_x_pos (1501,)
[0. 0. 0. ... 0. 0. 0.]
cvc_x_pos (1501,)
[0. 0. 0. ... 0. 0. 0.]
cvc_x_pos (1501,)
[0. 0. 0. ... 0. 0. 0.]
cvc_x_pos (1501,)
[0. 0. 0. ... 0. 0. 0.]
cvc_x_pos (1501,)
[0. 0. 0. ... 0. 0. 0.]
cvc_x_pos (1501,)
[0.00502642 0.00502698 0.00502754 ... 0.         0.         0.        ]
cvc_x_pos (1501,)
[0.00489439 0.00489444 0.00489448 ... 0.         0.         0.        ]
cvc_x_pos (1501,)
[0. 0. 0. ... 0. 0. 0.]
cvc_x_pos (1501,)
[0.00538038 0.00537978 0.00537916 ... 0.         0.         0.        ]
cvc_x_pos (1501,)
[0. 0. 0. ... 0. 0. 0.]
cvc_x_pos (1501,)
[0. 0. 0. ... 0. 0. 0.]
cvc_x_pos (1501,)
[0. 0. 0. ... 0. 0. 0.]
cvc_x_pos (1501,)
[0. 0. 0. ... 0. 0. 0.]
cvc_x_pos (1501,)
[0. 0. 0. ... 0. 0. 0.]
cvc_x_pos (1501,)
[0. 0. 0. ... 0. 0. 0.]
cvc_x_pos (1501,)
[0. 0. 0. ... 0. 0. 0.]
cvc_x_pos (1501,)
[0. 0. 0. ... 0. 0. 0.]
cvc_x_pos (1501,)
[0. 0. 0. ... 0. 0. 0.]
cvc_x_pos (1501,)
[0. 0. 0. ... 0. 0. 0.]
cvc_x_pos (1501,)
[0. 0. 0. ... 0. 0. 0.]
cvc_x_pos (1501,)
[0. 0. 0. ... 0. 0. 0.]
cvc_x_pos (1501,)
[0. 0. 0. ... 0. 0. 0.]
cvc_x_pos (1501,)
[0. 0. 0. ... 0. 0. 0.]
cvc_x_pos (1501,)
[0. 0. 0. ... 0. 0. 0.]
cvc_x_pos (1501,)
[0. 0. 0. ... 0. 0. 0.]
cvc_x_pos (1501,)
[0. 0. 0. ... 0. 0. 0.]
cvc_x_pos (1501,)
[0. 0. 0. ... 0. 0. 0.]
cvc_x_pos (1501,)
[0. 0. 0. ... 0. 0. 0.]
cvc_x_pos (1501,)
[0. 0. 0. ... 0. 0. 0.]
cvc_x_pos (1501,)
[0. 0. 0. ... 0. 0. 0.]
cvc_x_pos (1501,)
[0. 0. 0. ... 0. 0. 0.]
cvc_x_pos (1501,)
[0. 0. 0. ... 0. 0. 0.]
cvc_x_pos (1501,)
[0. 0. 0. ... 0. 0. 0.]
cvc_x_pos (1501,)
[0. 0. 0. ... 0. 0. 0.]
cvc_x_pos (1501,)
[0. 0. 0. ... 0. 0. 0.]
cvc_x_pos (1501,)
[0. 0. 0. ... 0. 0. 0.]
cvc_x_pos (1501,)
[0. 0. 0. ... 0. 0. 0.]
cvc_x_pos (1501,)
[0. 0. 0. ... 0. 0. 0.]
cvc_x_pos (1501,)
[0. 0. 0. ... 0. 0. 0.]
cvc_x_pos (1501,)
[0. 0. 0. ... 0. 0. 0.]
cvc_x_pos (1501,)
[0. 0. 0. ... 0. 0. 0.]
cvc_x_pos (1501,)
[0. 0. 0. ... 0. 0. 0.]
cvc_x_pos (1501,)
[0. 0. 0. ... 0. 0. 0.]
cvc_x_pos (1501,)
[0. 0. 0. ... 0. 0. 0.]
cvc_x_pos (1501,)
[0. 0. 0. ... 0. 0. 0.]
cvc_x_pos (1501,)
[0. 0. 0. ... 0. 0. 0.]
cvc_x_pos (1501,)
[0. 0. 0. ... 0. 0. 0.]
cvc_x_pos (1501,)
[0. 0. 0. ... 0. 0. 0.]
cvc_x_pos (1501,)
[0. 0. 0. ... 0. 0. 0.]
cvc_x_pos (1501,)
[0. 0. 0. ... 0. 0. 0.]
cvc_x_pos (1501,)
[0. 0. 0. ... 0. 0. 0.]
cvc_x_pos (1501,)
[0. 0. 0. ... 0. 0. 0.]
cvc_x_pos (1501,)
[0. 0. 0. ... 0. 0. 0.]
cvc_x_pos (1501,)
[0. 0. 0. ... 0. 0. 0.]
cvc_x_pos (1501,)
[0. 0. 0. ... 0. 0. 0.]
cvc_x_pos (1501,)
[0. 0. 0. ... 0. 0. 0.]
cvc_x_pos (1501,)
[0. 0. 0. ... 0. 0. 0.]
cvc_x_pos (1501,)
[0. 0. 0. ... 0. 0. 0.]
cvc_x_pos (1501,)
[0. 0. 0. ... 0. 0. 0.]
cvc_x_pos (1501,)
[0. 0. 0. ... 0. 0. 0.]
cvc_x_pos (1501,)
[0.00497199 0.00497261 0.00497323 ... 0.         0.         0.        ]
cvc_x_pos (1501,)
[0. 0. 0. ... 0. 0. 0.]
cvc_x_pos (1501,)
[0.00543752 0.00543815 0.00543878 ... 0.         0.         0.        ]
cvc_x_pos (1501,)
[0.00415417 0.0041545  0.00415483 ... 0.         0.         0.        ]
cvc_x_pos (1501,)
[0.00499715 0.0049965  0.00499585 ... 0.         0.         0.        ]
cvc_x_pos (1501,)
[0.00660575 0.00660711 0.00660844 ... 0.         0.         0.        ]
cvc_x_pos (1501,)
[0.00554731 0.00554642 0.00554552 ... 0.         0.         0.        ]
cvc_x_pos (1501,)
[0. 0. 0. ... 0. 0. 0.]
cvc_x_pos (1501,)
[0. 0. 0. ... 0. 0. 0.]
cvc_x_pos (1501,)
[0. 0. 0. ... 0. 0. 0.]
cvc_x_pos (1501,)
[0. 0. 0. ... 0. 0. 0.]
cvc_x_pos (1501,)
[0. 0. 0. ... 0. 0. 0.]
cvc_x_pos (1501,)
[0. 0. 0. ... 0. 0. 0.]
cvc_x_pos (1501,)
[0. 0. 0. ... 0. 0. 0.]
cvc_x_pos (1501,)
[0. 0. 0. ... 0. 0. 0.]
cvc_x_pos (1501,)
[0. 0. 0. ... 0. 0. 0.]
cvc_x_pos (1501,)
[0. 0. 0. ... 0. 0. 0.]
cvc_x_pos (1501,)
[0. 0. 0. ... 0. 0. 0.]
cvc_x_pos (1501,)
[0. 0. 0. ... 0. 0. 0.]
cvc_x_pos (1501,)
[0. 0. 0. ... 0. 0. 0.]
cvc_x_pos (1501,)
[0. 0. 0. ... 0. 0. 0.]
cvc_x_pos (1501,)
[0. 0. 0. ... 0. 0. 0.]
cvc_x_pos (1501,)
[0. 0. 0. ... 0. 0. 0.]
cvc_x_pos (1501,)
[0. 0. 0. ... 0. 0. 0.]
cvc_x_pos (1501,)
[0. 0. 0. ... 0. 0. 0.]
cvc_x_pos (1501,)
[0. 0. 0. ... 0. 0. 0.]
cvc_x_pos (1501,)
[0. 0. 0. ... 0. 0. 0.]
cvc_x_pos (1501,)
[0. 0. 0. ... 0. 0. 0.]
cvc_x_pos (1501,)
[0. 0. 0. ... 0. 0. 0.]
cvc_x_pos (1501,)
[0. 0. 0. ... 0. 0. 0.]
cvc_x_pos (1501,)
[0. 0. 0. ... 0. 0. 0.]
cvc_x_pos (1501,)
[0. 0. 0. ... 0. 0. 0.]
cvc_x_pos (1501,)
[0. 0. 0. ... 0. 0. 0.]
cvc_x_pos (1501,)
[0. 0. 0. ... 0. 0. 0.]
cvc_x_pos (1501,)
[0. 0. 0. ... 0. 0. 0.]
cvc_x_pos (1501,)
[0. 0. 0. ... 0. 0. 0.]
cvc_x_pos (1501,)
[0. 0. 0. ... 0. 0. 0.]
cvc_x_pos (1501,)
[0. 0. 0. ... 0. 0. 0.]
cvc_x_pos (1501,)
[0. 0. 0. ... 0. 0. 0.]
cvc_x_pos (1501,)
[0. 0. 0. ... 0. 0. 0.]
cvc_x_pos (1501,)
[0. 0. 0. ... 0. 0. 0.]
cvc_x_pos (1501,)
[0. 0. 0. ... 0. 0. 0.]
cvc_x_pos (1501,)
[0. 0. 0. ... 0. 0. 0.]
cvc_x_pos (1501,)
[0. 0. 0. ... 0. 0. 0.]
cvc_x_pos (1501,)
[0. 0. 0. ... 0. 0. 0.]
cvc_x_pos (1501,)
[0. 0. 0. ... 0. 0. 0.]
cvc_x_pos (1501,)
[0. 0. 0. ... 0. 0. 0.]
cvc_x_pos (1501,)
[0. 0. 0. ... 0. 0. 0.]
cvc_x_pos (1501,)
[0. 0. 0. ... 0. 0. 0.]
cvc_x_pos (1501,)
[0.0061455  0.00614687 0.00614822 ... 0.         0.         0.        ]
cvc_x_pos (1501,)
[0. 0. 0. ... 0. 0. 0.]
cvc_x_pos (1501,)
[0.00494283 0.00494283 0.00494281 ... 0.         0.         0.        ]
cvc_x_pos (1501,)
[0.00509592 0.00509696 0.00509799 ... 0.         0.         0.        ]
cvc_x_pos (1501,)
[0.00725813 0.00725722 0.00725628 ... 0.         0.         0.        ]
cvc_x_pos (1501,)
[0.00614036 0.00614174 0.00614311 ... 0.         0.         0.        ]
cvc_x_pos (1501,)
[0. 0. 0. ... 0. 0. 0.]
cvc_x_pos (1501,)
[0. 0. 0. ... 0. 0. 0.]
cvc_x_pos (1501,)
[0. 0. 0. ... 0. 0. 0.]
cvc_x_pos (1501,)
[0. 0. 0. ... 0. 0. 0.]
cvc_x_pos (1501,)
[0. 0. 0. ... 0. 0. 0.]
cvc_x_pos (1501,)
[0. 0. 0. ... 0. 0. 0.]
cvc_x_pos (1501,)
[0. 0. 0. ... 0. 0. 0.]
cvc_x_pos (1501,)
[0. 0. 0. ... 0. 0. 0.]
cvc_x_pos (1501,)
[0. 0. 0. ... 0. 0. 0.]
cvc_x_pos (1501,)
[0. 0. 0. ... 0. 0. 0.]
cvc_x_pos (1501,)
[0. 0. 0. ... 0. 0. 0.]
cvc_x_pos (1501,)
[0. 0. 0. ... 0. 0. 0.]
cvc_x_pos (1501,)
[0. 0. 0. ... 0. 0. 0.]
cvc_x_pos (1501,)
[0. 0. 0. ... 0. 0. 0.]
cvc_x_pos (1501,)
[0. 0. 0. ... 0. 0. 0.]
cvc_x_pos (1501,)
[0. 0. 0. ... 0. 0. 0.]
cvc_x_pos (1501,)
[0. 0. 0. ... 0. 0. 0.]
cvc_x_pos (1501,)
[0. 0. 0. ... 0. 0. 0.]
cvc_x_pos (1501,)
[0. 0. 0. ... 0. 0. 0.]
cvc_x_pos (1501,)
[0. 0. 0. ... 0. 0. 0.]
cvc_x_pos (1501,)
[0. 0. 0. ... 0. 0. 0.]
cvc_x_pos (1501,)
[0. 0. 0. ... 0. 0. 0.]
cvc_x_pos (1501,)
[0. 0. 0. ... 0. 0. 0.]
cvc_x_pos (1501,)
[0. 0. 0. ... 0. 0. 0.]
cvc_x_pos (1501,)
[0. 0. 0. ... 0. 0. 0.]
cvc_x_pos (1501,)
[0. 0. 0. ... 0. 0. 0.]
cvc_x_pos (1501,)
[0. 0. 0. ... 0. 0. 0.]
cvc_x_pos (1501,)
[0. 0. 0. ... 0. 0. 0.]
cvc_x_pos (1501,)
[0. 0. 0. ... 0. 0. 0.]
cvc_x_pos (1501,)
[0. 0. 0. ... 0. 0. 0.]
cvc_x_pos (1501,)
[0. 0. 0. ... 0. 0. 0.]
cvc_x_pos (1501,)
[0. 0. 0. ... 0. 0. 0.]
cvc_x_pos (1501,)
[0. 0. 0. ... 0. 0. 0.]
cvc_x_pos (1501,)
[0. 0. 0. ... 0. 0. 0.]
cvc_x_pos (1501,)
[0. 0. 0. ... 0. 0. 0.]
cvc_x_pos (1501,)
[0.00626702 0.0062683  0.00626956 ... 0.         0.         0.        ]
cvc_x_pos (1501,)
[0.00565447 0.00565381 0.00565313 ... 0.         0.         0.        ]
cvc_x_pos (1501,)
[0. 0. 0. ... 0. 0. 0.]
cvc_x_pos (1501,)
[0.00537619 0.00537548 0.00537475 ... 0.         0.         0.        ]
cvc_x_pos (1501,)
[0. 0. 0. ... 0. 0. 0.]
cvc_x_pos (1501,)
[0. 0. 0. ... 0. 0. 0.]
cvc_x_pos (1501,)
[0. 0. 0. ... 0. 0. 0.]
cvc_x_pos (1501,)
[0. 0. 0. ... 0. 0. 0.]
cvc_x_pos (1501,)
[0. 0. 0. ... 0. 0. 0.]
cvc_x_pos (1501,)
[0. 0. 0. ... 0. 0. 0.]
cvc_x_pos (1501,)
[0. 0. 0. ... 0. 0. 0.]
cvc_x_pos (1501,)
[0. 0. 0. ... 0. 0. 0.]
cvc_x_pos (1501,)
[0. 0. 0. ... 0. 0. 0.]
cvc_x_pos (1501,)
[0. 0. 0. ... 0. 0. 0.]
cvc_x_pos (1501,)
[0. 0. 0. ... 0. 0. 0.]
cvc_x_pos (1501,)
[0. 0. 0. ... 0. 0. 0.]
cvc_x_pos (1501,)
[0. 0. 0. ... 0. 0. 0.]
cvc_x_pos (1501,)
[0. 0. 0. ... 0. 0. 0.]
cvc_x_pos (1501,)
[0. 0. 0. ... 0. 0. 0.]
cvc_x_pos (1501,)
[0. 0. 0. ... 0. 0. 0.]
cvc_x_pos (1501,)
[0. 0. 0. ... 0. 0. 0.]
cvc_x_pos (1501,)
[0. 0. 0. ... 0. 0. 0.]
cvc_x_pos (1501,)
[0. 0. 0. ... 0. 0. 0.]
cvc_x_pos (1501,)
[0. 0. 0. ... 0. 0. 0.]
cvc_x_pos (1501,)
[0. 0. 0. ... 0. 0. 0.]
cvc_x_pos (1501,)
[0. 0. 0. ... 0. 0. 0.]
cvc_x_pos (1501,)
[0. 0. 0. ... 0. 0. 0.]
cvc_x_pos (1501,)
[0. 0. 0. ... 0. 0. 0.]
cvc_x_pos (1501,)
[0. 0. 0. ... 0. 0. 0.]
cvc_x_pos (1501,)
[0. 0. 0. ... 0. 0. 0.]
cvc_x_pos (1501,)
[0. 0. 0. ... 0. 0. 0.]
cvc_x_pos (1501,)
[0. 0. 0. ... 0. 0. 0.]
cvc_x_pos (1501,)
[0. 0. 0. ... 0. 0. 0.]
cvc_x_pos (1501,)
[0. 0. 0. ... 0. 0. 0.]
cvc_x_pos (1501,)
[0. 0. 0. ... 0. 0. 0.]
cvc_x_pos (1501,)
[0. 0. 0. ... 0. 0. 0.]
cvc_x_pos (1501,)
[0. 0. 0. ... 0. 0. 0.]
cvc_x_pos (1501,)
[0. 0. 0. ... 0. 0. 0.]
cvc_x_pos (1501,)
[0.00524202 0.00524295 0.00524387 ... 0.         0.         0.        ]
cvc_x_pos (1501,)
[0.00536357 0.00536265 0.00536172 ... 0.         0.         0.        ]
cvc_x_pos (1501,)
[0.00551295 0.00551295 0.00551294 ... 0.         0.         0.        ]
cvc_x_pos (1501,)
[0. 0. 0. ... 0. 0. 0.]
cvc_x_pos (1501,)
[0.00464507 0.00464513 0.00464519 ... 0.         0.         0.        ]
cvc_x_pos (1501,)
[0. 0. 0. ... 0. 0. 0.]
cvc_x_pos (1501,)
[0. 0. 0. ... 0. 0. 0.]
cvc_x_pos (1501,)
[0. 0. 0. ... 0. 0. 0.]
cvc_x_pos (1501,)
[0. 0. 0. ... 0. 0. 0.]
cvc_x_pos (1501,)
[0. 0. 0. ... 0. 0. 0.]
cvc_x_pos (1501,)
[0. 0. 0. ... 0. 0. 0.]
cvc_x_pos (1501,)
[0. 0. 0. ... 0. 0. 0.]
cvc_x_pos (1501,)
[0. 0. 0. ... 0. 0. 0.]
cvc_x_pos (1501,)
[0. 0. 0. ... 0. 0. 0.]
cvc_x_pos (1501,)
[0. 0. 0. ... 0. 0. 0.]
cvc_x_pos (1501,)
[0. 0. 0. ... 0. 0. 0.]
cvc_x_pos (1501,)
[0. 0. 0. ... 0. 0. 0.]
cvc_x_pos (1501,)
[0. 0. 0. ... 0. 0. 0.]
cvc_x_pos (1501,)
[0. 0. 0. ... 0. 0. 0.]
cvc_x_pos (1501,)
[0. 0. 0. ... 0. 0. 0.]
cvc_x_pos (1501,)
[0. 0. 0. ... 0. 0. 0.]
cvc_x_pos (1501,)
[0. 0. 0. ... 0. 0. 0.]
cvc_x_pos (1501,)
[0. 0. 0. ... 0. 0. 0.]
cvc_x_pos (1501,)
[0. 0. 0. ... 0. 0. 0.]
cvc_x_pos (1501,)
[0. 0. 0. ... 0. 0. 0.]
cvc_x_pos (1501,)
[0. 0. 0. ... 0. 0. 0.]
cvc_x_pos (1501,)
[0. 0. 0. ... 0. 0. 0.]
cvc_x_pos (1501,)
[0. 0. 0. ... 0. 0. 0.]
cvc_x_pos (1501,)
[0. 0. 0. ... 0. 0. 0.]
cvc_x_pos (1501,)
[0. 0. 0. ... 0. 0. 0.]
cvc_x_pos (1501,)
[0. 0. 0. ... 0. 0. 0.]
cvc_x_pos (1501,)
[0. 0. 0. ... 0. 0. 0.]
cvc_x_pos (1501,)
[0. 0. 0. ... 0. 0. 0.]
cvc_x_pos (1501,)
[0. 0. 0. ... 0. 0. 0.]
cvc_x_pos (1501,)
[0. 0. 0. ... 0. 0. 0.]
cvc_x_pos (1501,)
[0. 0. 0. ... 0. 0. 0.]
cvc_x_pos (1501,)
[0. 0. 0. ... 0. 0. 0.]
cvc_x_pos (1501,)
[0. 0. 0. ... 0. 0. 0.]
cvc_x_pos (1501,)
[0. 0. 0. ... 0. 0. 0.]
cvc_x_pos (1501,)
[0. 0. 0. ... 0. 0. 0.]
cvc_x_pos (1501,)
[0.00532949 0.00532992 0.00533034 ... 0.         0.         0.        ]
cvc_x_pos (1501,)
[0.00611424 0.00611385 0.00611345 ... 0.         0.         0.        ]
cvc_x_pos (1501,)
[0. 0. 0. ... 0. 0. 0.]
cvc_x_pos (1501,)
[0. 0. 0. ... 0. 0. 0.]
cvc_x_pos (1501,)
[0. 0. 0. ... 0. 0. 0.]
cvc_x_pos (1501,)
[0. 0. 0. ... 0. 0. 0.]
cvc_x_pos (1501,)
[0. 0. 0. ... 0. 0. 0.]
cvc_x_pos (1501,)
[0. 0. 0. ... 0. 0. 0.]
cvc_x_pos (1501,)
[0. 0. 0. ... 0. 0. 0.]
cvc_x_pos (1501,)
[0.00505181 0.00505084 0.00504986 ... 0.         0.         0.        ]
cvc_x_pos (1501,)
[0. 0. 0. ... 0. 0. 0.]
cvc_x_pos (1501,)
[0.00538988 0.00538952 0.00538914 ... 0.         0.         0.        ]
cvc_x_pos (1501,)
[0. 0. 0. ... 0. 0. 0.]
cvc_x_pos (1501,)
[0.00589972 0.00589999 0.00590025 ... 0.         0.         0.        ]
cvc_x_pos (1501,)
[0. 0. 0. ... 0. 0. 0.]
cvc_x_pos (1501,)
[0.00468859 0.00468918 0.00468975 ... 0.         0.         0.        ]
cvc_x_pos (1501,)
[0. 0. 0. ... 0. 0. 0.]
cvc_x_pos (1501,)
[0. 0. 0. ... 0. 0. 0.]
cvc_x_pos (1501,)
[0. 0. 0. ... 0. 0. 0.]
cvc_x_pos (1501,)
[0. 0. 0. ... 0. 0. 0.]
cvc_x_pos (1501,)
[0. 0. 0. ... 0. 0. 0.]
cvc_x_pos (1501,)
[0. 0. 0. ... 0. 0. 0.]
cvc_x_pos (1501,)
[0. 0. 0. ... 0. 0. 0.]
cvc_x_pos (1501,)
[0. 0. 0. ... 0. 0. 0.]
cvc_x_pos (1501,)
[0. 0. 0. ... 0. 0. 0.]
cvc_x_pos (1501,)
[0. 0. 0. ... 0. 0. 0.]
cvc_x_pos (1501,)
[0. 0. 0. ... 0. 0. 0.]
cvc_x_pos (1501,)
[0. 0. 0. ... 0. 0. 0.]
cvc_x_pos (1501,)
[0. 0. 0. ... 0. 0. 0.]
cvc_x_pos (1501,)
[0. 0. 0. ... 0. 0. 0.]
cvc_x_pos (1501,)
[0. 0. 0. ... 0. 0. 0.]
cvc_x_pos (1501,)
[0. 0. 0. ... 0. 0. 0.]
cvc_x_pos (1501,)
[0. 0. 0. ... 0. 0. 0.]
cvc_x_pos (1501,)
[0. 0. 0. ... 0. 0. 0.]
cvc_x_pos (1501,)
[0. 0. 0. ... 0. 0. 0.]
cvc_x_pos (1501,)
[0. 0. 0. ... 0. 0. 0.]
cvc_x_pos (1501,)
[0. 0. 0. ... 0. 0. 0.]
cvc_x_pos (1501,)
[0. 0. 0. ... 0. 0. 0.]
cvc_x_pos (1501,)
[0. 0. 0. ... 0. 0. 0.]
cvc_x_pos (1501,)
[0. 0. 0. ... 0. 0. 0.]
cvc_x_pos (1501,)
[0. 0. 0. ... 0. 0. 0.]
cvc_x_pos (1501,)
[0. 0. 0. ... 0. 0. 0.]
cvc_x_pos (1501,)
[0. 0. 0. ... 0. 0. 0.]
cvc_x_pos (1501,)
[0. 0. 0. ... 0. 0. 0.]
cvc_x_pos (1501,)
[0. 0. 0. ... 0. 0. 0.]
cvc_x_pos (1501,)
[0. 0. 0. ... 0. 0. 0.]
cvc_x_pos (1501,)
[0. 0. 0. ... 0. 0. 0.]
cvc_x_pos (1501,)
[0. 0. 0. ... 0. 0. 0.]
cvc_x_pos (1501,)
[0.00579879 0.00579897 0.00579913 ... 0.         0.         0.        ]
cvc_x_pos (1501,)
[0.00477264 0.00477193 0.0047712  ... 0.         0.         0.        ]
cvc_x_pos (1501,)
[0. 0. 0. ... 0. 0. 0.]
cvc_x_pos (1501,)
[0. 0. 0. ... 0. 0. 0.]
cvc_x_pos (1501,)
[0. 0. 0. ... 0. 0. 0.]
cvc_x_pos (1501,)
[0. 0. 0. ... 0. 0. 0.]
cvc_x_pos (1501,)
[0. 0. 0. ... 0. 0. 0.]
cvc_x_pos (1501,)
[0. 0. 0. ... 0. 0. 0.]
cvc_x_pos (1501,)
[0. 0. 0. ... 0. 0. 0.]
cvc_x_pos (1501,)
[0. 0. 0. ... 0. 0. 0.]
cvc_x_pos (1501,)
[0. 0. 0. ... 0. 0. 0.]
cvc_x_pos (1501,)
[0. 0. 0. ... 0. 0. 0.]
cvc_x_pos (1501,)
[0. 0. 0. ... 0. 0. 0.]
cvc_x_pos (1501,)
[0. 0. 0. ... 0. 0. 0.]
cvc_x_pos (1501,)
[0. 0. 0. ... 0. 0. 0.]
cvc_x_pos (1501,)
[0. 0. 0. ... 0. 0. 0.]
cvc_x_pos (1501,)
[0. 0. 0. ... 0. 0. 0.]
cvc_x_pos (1501,)
[0.00410918 0.00410899 0.0041088  ... 0.         0.         0.        ]
cvc_x_pos (1501,)
[0. 0. 0. ... 0. 0. 0.]
cvc_x_pos (1501,)
[0.0053652  0.00536528 0.00536536 ... 0.         0.         0.        ]
cvc_x_pos (1501,)
[0. 0. 0. ... 0. 0. 0.]
cvc_x_pos (1501,)
[0.00454123 0.00454067 0.0045401  ... 0.         0.         0.        ]
cvc_x_pos (1501,)
[0.00662533 0.00662357 0.         ... 0.         0.         0.        ]
cvc_x_pos (1501,)
[0. 0. 0. ... 0. 0. 0.]
cvc_x_pos (1501,)
[0.00583337 0.00583338 0.00583337 ... 0.         0.         0.        ]
cvc_x_pos (1501,)
[0. 0. 0. ... 0. 0. 0.]
cvc_x_pos (1501,)
[0. 0. 0. ... 0. 0. 0.]
cvc_x_pos (1501,)
[0. 0. 0. ... 0. 0. 0.]
cvc_x_pos (1501,)
[0. 0. 0. ... 0. 0. 0.]
cvc_x_pos (1501,)
[0. 0. 0. ... 0. 0. 0.]
cvc_x_pos (1501,)
[0. 0. 0. ... 0. 0. 0.]
cvc_x_pos (1501,)
[0. 0. 0. ... 0. 0. 0.]
cvc_x_pos (1501,)
[0. 0. 0. ... 0. 0. 0.]
cvc_x_pos (1501,)
[0. 0. 0. ... 0. 0. 0.]
cvc_x_pos (1501,)
[0. 0. 0. ... 0. 0. 0.]
cvc_x_pos (1501,)
[0. 0. 0. ... 0. 0. 0.]
cvc_x_pos (1501,)
[0. 0. 0. ... 0. 0. 0.]
cvc_x_pos (1501,)
[0. 0. 0. ... 0. 0. 0.]
cvc_x_pos (1501,)
[0. 0. 0. ... 0. 0. 0.]
cvc_x_pos (1501,)
[0. 0. 0. ... 0. 0. 0.]
cvc_x_pos (1501,)
[0. 0. 0. ... 0. 0. 0.]
cvc_x_pos (1501,)
[0. 0. 0. ... 0. 0. 0.]
cvc_x_pos (1501,)
[0. 0. 0. ... 0. 0. 0.]
cvc_x_pos (1501,)
[0. 0. 0. ... 0. 0. 0.]
cvc_x_pos (1501,)
[0. 0. 0. ... 0. 0. 0.]
cvc_x_pos (1501,)
[0. 0. 0. ... 0. 0. 0.]
cvc_x_pos (1501,)
[0. 0. 0. ... 0. 0. 0.]
cvc_x_pos (1501,)
[0. 0. 0. ... 0. 0. 0.]
cvc_x_pos (1501,)
[0. 0. 0. ... 0. 0. 0.]
cvc_x_pos (1501,)
[0. 0. 0. ... 0. 0. 0.]
cvc_x_pos (1501,)
[0. 0. 0. ... 0. 0. 0.]
cvc_x_pos (1501,)
[0. 0. 0. ... 0. 0. 0.]
cvc_x_pos (1501,)
[0. 0. 0. ... 0. 0. 0.]
cvc_x_pos (1501,)
[0. 0. 0. ... 0. 0. 0.]
cvc_x_pos (1501,)
[0. 0. 0. ... 0. 0. 0.]
cvc_x_pos (1501,)
[0. 0. 0. ... 0. 0. 0.]
cvc_x_pos (1501,)
[0.00579697 0.00579666 0.00579632 ... 0.         0.         0.        ]
cvc_x_pos (1501,)
[0. 0. 0. ... 0. 0. 0.]
cvc_x_pos (1501,)
[0. 0. 0. ... 0. 0. 0.]
cvc_x_pos (1501,)
[0. 0. 0. ... 0. 0. 0.]
cvc_x_pos (1501,)
[0. 0. 0. ... 0. 0. 0.]
cvc_x_pos (1501,)
[0. 0. 0. ... 0. 0. 0.]
cvc_x_pos (1501,)
[0. 0. 0. ... 0. 0. 0.]
cvc_x_pos (1501,)
[0. 0. 0. ... 0. 0. 0.]
cvc_x_pos (1501,)
[0. 0. 0. ... 0. 0. 0.]
cvc_x_pos (1501,)
[0. 0. 0. ... 0. 0. 0.]
cvc_x_pos (1501,)
[0. 0. 0. ... 0. 0. 0.]
cvc_x_pos (1501,)
[0. 0. 0. ... 0. 0. 0.]
cvc_x_pos (1501,)
[0. 0. 0. ... 0. 0. 0.]
cvc_x_pos (1501,)
[0. 0. 0. ... 0. 0. 0.]
cvc_x_pos (1501,)
[0. 0. 0. ... 0. 0. 0.]
cvc_x_pos (1501,)
[0. 0. 0. ... 0. 0. 0.]
cvc_x_pos (1501,)
[0. 0. 0. ... 0. 0. 0.]
cvc_x_pos (1501,)
[0. 0. 0. ... 0. 0. 0.]
cvc_x_pos (1501,)
[0. 0. 0. ... 0. 0. 0.]
cvc_x_pos (1501,)
[0. 0. 0. ... 0. 0. 0.]
cvc_x_pos (1501,)
[0. 0. 0. ... 0. 0. 0.]
cvc_x_pos (1501,)
[0. 0. 0. ... 0. 0. 0.]
cvc_x_pos (1501,)
[0. 0. 0. ... 0. 0. 0.]
cvc_x_pos (1501,)
[0. 0. 0. ... 0. 0. 0.]
cvc_x_pos (1501,)
[0. 0. 0. ... 0. 0. 0.]
cvc_x_pos (1501,)
[0. 0. 0. ... 0. 0. 0.]
cvc_x_pos (1501,)
[0.00430163 0.00430091 0.         ... 0.         0.         0.        ]
cvc_x_pos (1501,)
[0. 0. 0. ... 0. 0. 0.]
cvc_x_pos (1501,)
[0.00547878 0.00547911 0.00547943 ... 0.         0.         0.        ]
cvc_x_pos (1501,)
[0.00561459 0.00561341 0.         ... 0.         0.         0.        ]
cvc_x_pos (1501,)
[0.00548272 0.00548276 0.00548278 ... 0.         0.         0.        ]
cvc_x_pos (1501,)
[0. 0. 0. ... 0. 0. 0.]
cvc_x_pos (1501,)
[0.00550804 0.00550841 0.00550876 ... 0.         0.         0.        ]
cvc_x_pos (1501,)
[0. 0. 0. ... 0. 0. 0.]
cvc_x_pos (1501,)
[0. 0. 0. ... 0. 0. 0.]
cvc_x_pos (1501,)
[0. 0. 0. ... 0. 0. 0.]
cvc_x_pos (1501,)
[0. 0. 0. ... 0. 0. 0.]
cvc_x_pos (1501,)
[0. 0. 0. ... 0. 0. 0.]
cvc_x_pos (1501,)
[0. 0. 0. ... 0. 0. 0.]
cvc_x_pos (1501,)
[0. 0. 0. ... 0. 0. 0.]
cvc_x_pos (1501,)
[0. 0. 0. ... 0. 0. 0.]
cvc_x_pos (1501,)
[0. 0. 0. ... 0. 0. 0.]
cvc_x_pos (1501,)
[0. 0. 0. ... 0. 0. 0.]
cvc_x_pos (1501,)
[0. 0. 0. ... 0. 0. 0.]
cvc_x_pos (1501,)
[0. 0. 0. ... 0. 0. 0.]
cvc_x_pos (1501,)
[0. 0. 0. ... 0. 0. 0.]
cvc_x_pos (1501,)
[0. 0. 0. ... 0. 0. 0.]
cvc_x_pos (1501,)
[0. 0. 0. ... 0. 0. 0.]
cvc_x_pos (1501,)
[0. 0. 0. ... 0. 0. 0.]
cvc_x_pos (1501,)
[0. 0. 0. ... 0. 0. 0.]
cvc_x_pos (1501,)
[0. 0. 0. ... 0. 0. 0.]
cvc_x_pos (1501,)
[0. 0. 0. ... 0. 0. 0.]
cvc_x_pos (1501,)
[0. 0. 0. ... 0. 0. 0.]
cvc_x_pos (1501,)
[0. 0. 0. ... 0. 0. 0.]
cvc_x_pos (1501,)
[0. 0. 0. ... 0. 0. 0.]
cvc_x_pos (1501,)
[0. 0. 0. ... 0. 0. 0.]
cvc_x_pos (1501,)
[0. 0. 0. ... 0. 0. 0.]
cvc_x_pos (1501,)
[0. 0. 0. ... 0. 0. 0.]
cvc_x_pos (1501,)
[0. 0. 0. ... 0. 0. 0.]
cvc_x_pos (1501,)
[0. 0. 0. ... 0. 0. 0.]
cvc_x_pos (1501,)
[0. 0. 0. ... 0. 0. 0.]
cvc_x_pos (1501,)
[0. 0. 0. ... 0. 0. 0.]
cvc_x_pos (1501,)
[0. 0. 0. ... 0. 0. 0.]
cvc_x_pos (1501,)
[0. 0. 0. ... 0. 0. 0.]
cvc_x_pos (1501,)
[0.00611482 0.00611446 0.00611408 ... 0.         0.         0.        ]
cvc_x_pos (1501,)
[0.00551506 0.00551424 0.00551341 ... 0.         0.         0.        ]
cvc_x_pos (1501,)
[0. 0. 0. ... 0. 0. 0.]
cvc_x_pos (1501,)
[0. 0. 0. ... 0. 0. 0.]
cvc_x_pos (1501,)
[0. 0. 0. ... 0. 0. 0.]
cvc_x_pos (1501,)
[0. 0. 0. ... 0. 0. 0.]
cvc_x_pos (1501,)
[0. 0. 0. ... 0. 0. 0.]
cvc_x_pos (1501,)
[0. 0. 0. ... 0. 0. 0.]
cvc_x_pos (1501,)
[0. 0. 0. ... 0. 0. 0.]
cvc_x_pos (1501,)
[0. 0. 0. ... 0. 0. 0.]
cvc_x_pos (1501,)
[0. 0. 0. ... 0. 0. 0.]
cvc_x_pos (1501,)
[0. 0. 0. ... 0. 0. 0.]
cvc_x_pos (1501,)
[0. 0. 0. ... 0. 0. 0.]
cvc_x_pos (1501,)
[0. 0. 0. ... 0. 0. 0.]
cvc_x_pos (1501,)
[0. 0. 0. ... 0. 0. 0.]
cvc_x_pos (1501,)
[0. 0. 0. ... 0. 0. 0.]
cvc_x_pos (1501,)
[0. 0. 0. ... 0. 0. 0.]
cvc_x_pos (1501,)
[0. 0. 0. ... 0. 0. 0.]
cvc_x_pos (1501,)
[0. 0. 0. ... 0. 0. 0.]
cvc_x_pos (1501,)
[0. 0. 0. ... 0. 0. 0.]
cvc_x_pos (1501,)
[0. 0. 0. ... 0. 0. 0.]
cvc_x_pos (1501,)
[0. 0. 0. ... 0. 0. 0.]
cvc_x_pos (1501,)
[0. 0. 0. ... 0. 0. 0.]
cvc_x_pos (1501,)
[0. 0. 0. ... 0. 0. 0.]
cvc_x_pos (1501,)
[0. 0. 0. ... 0. 0. 0.]
cvc_x_pos (1501,)
[0. 0. 0. ... 0. 0. 0.]
cvc_x_pos (1501,)
[0. 0. 0. ... 0. 0. 0.]
cvc_x_pos (1501,)
[0. 0. 0. ... 0. 0. 0.]
cvc_x_pos (1501,)
[0. 0. 0. ... 0. 0. 0.]
cvc_x_pos (1501,)
[0. 0. 0. ... 0. 0. 0.]
cvc_x_pos (1501,)
[0. 0. 0. ... 0. 0. 0.]
cvc_x_pos (1501,)
[0. 0. 0. ... 0. 0. 0.]
cvc_x_pos (1501,)
[0. 0. 0. ... 0. 0. 0.]
cvc_x_pos (1501,)
[0. 0. 0. ... 0. 0. 0.]
cvc_x_pos (1501,)
[0. 0. 0. ... 0. 0. 0.]
cvc_x_pos (1501,)
[0. 0. 0. ... 0. 0. 0.]
cvc_x_pos (1501,)
[0. 0. 0. ... 0. 0. 0.]
cvc_x_pos (1501,)
[0.00489028 0.0048895  0.00488871 ... 0.         0.         0.        ]
cvc_x_pos (1501,)
[0. 0. 0. ... 0. 0. 0.]
cvc_x_pos (1501,)
[0. 0. 0. ... 0. 0. 0.]
cvc_x_pos (1501,)
[0.00516172 0.00516221 0.0051627  ... 0.         0.         0.        ]
cvc_x_pos (1501,)
[0.00608076 0.00608083 0.00608088 ... 0.         0.         0.        ]
cvc_x_pos (1501,)
[0. 0. 0. ... 0. 0. 0.]
cvc_x_pos (1501,)
[0. 0. 0. ... 0. 0. 0.]
cvc_x_pos (1501,)
[0. 0. 0. ... 0. 0. 0.]
cvc_x_pos (1501,)
[0. 0. 0. ... 0. 0. 0.]
cvc_x_pos (1501,)
[0. 0. 0. ... 0. 0. 0.]
cvc_x_pos (1501,)
[0. 0. 0. ... 0. 0. 0.]
cvc_x_pos (1501,)
[0. 0. 0. ... 0. 0. 0.]
cvc_x_pos (1501,)
[0. 0. 0. ... 0. 0. 0.]
cvc_x_pos (1501,)
[0. 0. 0. ... 0. 0. 0.]
cvc_x_pos (1501,)
[0. 0. 0. ... 0. 0. 0.]
cvc_x_pos (1501,)
[0. 0. 0. ... 0. 0. 0.]
cvc_x_pos (1501,)
[0. 0. 0. ... 0. 0. 0.]
cvc_x_pos (1501,)
[0. 0. 0. ... 0. 0. 0.]
cvc_x_pos (1501,)
[0. 0. 0. ... 0. 0. 0.]
cvc_x_pos (1501,)
[0. 0. 0. ... 0. 0. 0.]
cvc_x_pos (1501,)
[0. 0. 0. ... 0. 0. 0.]
cvc_x_pos (1501,)
[0. 0. 0. ... 0. 0. 0.]
cvc_x_pos (1501,)
[0. 0. 0. ... 0. 0. 0.]
cvc_x_pos (1501,)
[0. 0. 0. ... 0. 0. 0.]
cvc_x_pos (1501,)
[0. 0. 0. ... 0. 0. 0.]
cvc_x_pos (1501,)
[0. 0. 0. ... 0. 0. 0.]
cvc_x_pos (1501,)
[0. 0. 0. ... 0. 0. 0.]
cvc_x_pos (1501,)
[0. 0. 0. ... 0. 0. 0.]
cvc_x_pos (1501,)
[0. 0. 0. ... 0. 0. 0.]
cvc_x_pos (1501,)
[0. 0. 0. ... 0. 0. 0.]
cvc_x_pos (1501,)
[0. 0. 0. ... 0. 0. 0.]
cvc_x_pos (1501,)
[0. 0. 0. ... 0. 0. 0.]
cvc_x_pos (1501,)
[0. 0. 0. ... 0. 0. 0.]
cvc_x_pos (1501,)
[0. 0. 0. ... 0. 0. 0.]
cvc_x_pos (1501,)
[0. 0. 0. ... 0. 0. 0.]
cvc_x_pos (1501,)
[0. 0. 0. ... 0. 0. 0.]
cvc_x_pos (1501,)
[0. 0. 0. ... 0. 0. 0.]
cvc_x_pos (1501,)
[0. 0. 0. ... 0. 0. 0.]
cvc_x_pos (1501,)
[0. 0. 0. ... 0. 0. 0.]
cvc_x_pos (1501,)
[0. 0. 0. ... 0. 0. 0.]
cvc_x_pos (1501,)
[0. 0. 0. ... 0. 0. 0.]
cvc_x_pos (1501,)
[0. 0. 0. ... 0. 0. 0.]
cvc_x_pos (1501,)
[0. 0. 0. ... 0. 0. 0.]
cvc_x_pos (1501,)
[0. 0. 0. ... 0. 0. 0.]
cvc_x_pos (1501,)
[0. 0. 0. ... 0. 0. 0.]
cvc_x_pos (1501,)
[0. 0. 0. ... 0. 0. 0.]
cvc_x_pos (1501,)
[0. 0. 0. ... 0. 0. 0.]
cvc_x_pos (1501,)
[0. 0. 0. ... 0. 0. 0.]
cvc_x_pos (1501,)
[0. 0. 0. ... 0. 0. 0.]
cvc_x_pos (1501,)
[0. 0. 0. ... 0. 0. 0.]
cvc_x_pos (1501,)
[0. 0. 0. ... 0. 0. 0.]
cvc_x_pos (1501,)
[0. 0. 0. ... 0. 0. 0.]
cvc_x_pos (1501,)
[0. 0. 0. ... 0. 0. 0.]
cvc_x_pos (1501,)
[0. 0. 0. ... 0. 0. 0.]
cvc_x_pos (1501,)
[0. 0. 0. ... 0. 0. 0.]
cvc_x_pos (1501,)
[0. 0. 0. ... 0. 0. 0.]
cvc_x_pos (1501,)
[0. 0. 0. ... 0. 0. 0.]
cvc_x_pos (1501,)
[0. 0. 0. ... 0. 0. 0.]
cvc_x_pos (1501,)
[0. 0. 0. ... 0. 0. 0.]
cvc_x_pos (1501,)
[0. 0. 0. ... 0. 0. 0.]
cvc_x_pos (1501,)
[0. 0. 0. ... 0. 0. 0.]
cvc_x_pos (1501,)
[0. 0. 0. ... 0. 0. 0.]
cvc_x_pos (1501,)
[0. 0. 0. ... 0. 0. 0.]
cvc_x_pos (1501,)
[0. 0. 0. ... 0. 0. 0.]
cvc_x_pos (1501,)
[0.00557335 0.00557351 0.00557364 ... 0.         0.         0.        ]
cvc_x_pos (1501,)
[0. 0. 0. ... 0. 0. 0.]
cvc_x_pos (1501,)
[0.00518485 0.0051843  0.00518373 ... 0.         0.         0.        ]
cvc_x_pos (1501,)
[0. 0. 0. ... 0. 0. 0.]
cvc_x_pos (1501,)
[0.00530863 0.00530868 0.00530871 ... 0.         0.         0.        ]
cvc_x_pos (1501,)
[0. 0. 0. ... 0. 0. 0.]
cvc_x_pos (1501,)
[0. 0. 0. ... 0. 0. 0.]
cvc_x_pos (1501,)
[0. 0. 0. ... 0. 0. 0.]
cvc_x_pos (1501,)
[0. 0. 0. ... 0. 0. 0.]
cvc_x_pos (1501,)
[0. 0. 0. ... 0. 0. 0.]
cvc_x_pos (1501,)
[0. 0. 0. ... 0. 0. 0.]
cvc_x_pos (1501,)
[0. 0. 0. ... 0. 0. 0.]
cvc_x_pos (1501,)
[0. 0. 0. ... 0. 0. 0.]
cvc_x_pos (1501,)
[0. 0. 0. ... 0. 0. 0.]
cvc_x_pos (1501,)
[0. 0. 0. ... 0. 0. 0.]
cvc_x_pos (1501,)
[0. 0. 0. ... 0. 0. 0.]
cvc_x_pos (1501,)
[0. 0. 0. ... 0. 0. 0.]
cvc_x_pos (1501,)
[0. 0. 0. ... 0. 0. 0.]
cvc_x_pos (1501,)
[0. 0. 0. ... 0. 0. 0.]
cvc_x_pos (1501,)
[0. 0. 0. ... 0. 0. 0.]
cvc_x_pos (1501,)
[0. 0. 0. ... 0. 0. 0.]
cvc_x_pos (1501,)
[0. 0. 0. ... 0. 0. 0.]
cvc_x_pos (1501,)
[0. 0. 0. ... 0. 0. 0.]
cvc_x_pos (1501,)
[0. 0. 0. ... 0. 0. 0.]
cvc_x_pos (1501,)
[0. 0. 0. ... 0. 0. 0.]
cvc_x_pos (1501,)
[0. 0. 0. ... 0. 0. 0.]
cvc_x_pos (1501,)
[0. 0. 0. ... 0. 0. 0.]
cvc_x_pos (1501,)
[0. 0. 0. ... 0. 0. 0.]
cvc_x_pos (1501,)
[0. 0. 0. ... 0. 0. 0.]
cvc_x_pos (1501,)
[0. 0. 0. ... 0. 0. 0.]
cvc_x_pos (1501,)
[0. 0. 0. ... 0. 0. 0.]
cvc_x_pos (1501,)
[0. 0. 0. ... 0. 0. 0.]
cvc_x_pos (1501,)
[0. 0. 0. ... 0. 0. 0.]
cvc_x_pos (1501,)
[0. 0. 0. ... 0. 0. 0.]
cvc_x_pos (1501,)
[0. 0. 0. ... 0. 0. 0.]
cvc_x_pos (1501,)
[0. 0. 0. ... 0. 0. 0.]
cvc_x_pos (1501,)
[0. 0. 0. ... 0. 0. 0.]
cvc_x_pos (1501,)
[0. 0. 0. ... 0. 0. 0.]
cvc_x_pos (1501,)
[0. 0. 0. ... 0. 0. 0.]
cvc_x_pos (1501,)
[0. 0. 0. ... 0. 0. 0.]
cvc_x_pos (1501,)
[0. 0. 0. ... 0. 0. 0.]
cvc_x_pos (1501,)
[0. 0. 0. ... 0. 0. 0.]
cvc_x_pos (1501,)
[0. 0. 0. ... 0. 0. 0.]
cvc_x_pos (1501,)
[0. 0. 0. ... 0. 0. 0.]
cvc_x_pos (1501,)
[0. 0. 0. ... 0. 0. 0.]
cvc_x_pos (1501,)
[0. 0. 0. ... 0. 0. 0.]
cvc_x_pos (1501,)
[0. 0. 0. ... 0. 0. 0.]
cvc_x_pos (1501,)
[0. 0. 0. ... 0. 0. 0.]
cvc_x_pos (1501,)
[0. 0. 0. ... 0. 0. 0.]
cvc_x_pos (1501,)
[0. 0. 0. ... 0. 0. 0.]
cvc_x_pos (1501,)
[0. 0. 0. ... 0. 0. 0.]
cvc_x_pos (1501,)
[0. 0. 0. ... 0. 0. 0.]
cvc_x_pos (1501,)
[0. 0. 0. ... 0. 0. 0.]
cvc_x_pos (1501,)
[0. 0. 0. ... 0. 0. 0.]
cvc_x_pos (1501,)
[0. 0. 0. ... 0. 0. 0.]
cvc_x_pos (1501,)
[0.00477651 0.00477667 0.00477683 ... 0.         0.         0.        ]
cvc_x_pos (1501,)
[0. 0. 0. ... 0. 0. 0.]
cvc_x_pos (1501,)
[0.00482006 0.00481936 0.00481865 ... 0.         0.         0.        ]
cvc_x_pos (1501,)
[0. 0. 0. ... 0. 0. 0.]
cvc_x_pos (1501,)
[0. 0. 0. ... 0. 0. 0.]
cvc_x_pos (1501,)
[0. 0. 0. ... 0. 0. 0.]
cvc_x_pos (1501,)
[0. 0. 0. ... 0. 0. 0.]
cvc_x_pos (1501,)
[0. 0. 0. ... 0. 0. 0.]
cvc_x_pos (1501,)
[0. 0. 0. ... 0. 0. 0.]
cvc_x_pos (1501,)
[0. 0. 0. ... 0. 0. 0.]
cvc_x_pos (1501,)
[0. 0. 0. ... 0. 0. 0.]
cvc_x_pos (1501,)
[0. 0. 0. ... 0. 0. 0.]
cvc_x_pos (1501,)
[0. 0. 0. ... 0. 0. 0.]
cvc_x_pos (1501,)
[0. 0. 0. ... 0. 0. 0.]
cvc_x_pos (1501,)
[0. 0. 0. ... 0. 0. 0.]
cvc_x_pos (1501,)
[0. 0. 0. ... 0. 0. 0.]
cvc_x_pos (1501,)
[0. 0. 0. ... 0. 0. 0.]
cvc_x_pos (1501,)
[0. 0. 0. ... 0. 0. 0.]
cvc_x_pos (1501,)
[0. 0. 0. ... 0. 0. 0.]
cvc_x_pos (1501,)
[0. 0. 0. ... 0. 0. 0.]
cvc_x_pos (1501,)
[0. 0. 0. ... 0. 0. 0.]
cvc_x_pos (1501,)
[0. 0. 0. ... 0. 0. 0.]
cvc_x_pos (1501,)
[0. 0. 0. ... 0. 0. 0.]
cvc_x_pos (1501,)
[0. 0. 0. ... 0. 0. 0.]
cvc_x_pos (1501,)
[0. 0. 0. ... 0. 0. 0.]
cvc_x_pos (1501,)
[0. 0. 0. ... 0. 0. 0.]
cvc_x_pos (1501,)
[0. 0. 0. ... 0. 0. 0.]
cvc_x_pos (1501,)
[0. 0. 0. ... 0. 0. 0.]
cvc_x_pos (1501,)
[0. 0. 0. ... 0. 0. 0.]
cvc_x_pos (1501,)
[0. 0. 0. ... 0. 0. 0.]
cvc_x_pos (1501,)
[0. 0. 0. ... 0. 0. 0.]
cvc_x_pos (1501,)
[0. 0. 0. ... 0. 0. 0.]
cvc_x_pos (1501,)
[0. 0. 0. ... 0. 0. 0.]
cvc_x_pos (1501,)
[0. 0. 0. ... 0. 0. 0.]
cvc_x_pos (1501,)
[0. 0. 0. ... 0. 0. 0.]
cvc_x_pos (1501,)
[0. 0. 0. ... 0. 0. 0.]
cvc_x_pos (1501,)
[0. 0. 0. ... 0. 0. 0.]
cvc_x_pos (1501,)
[0. 0. 0. ... 0. 0. 0.]
cvc_x_pos (1501,)
[0. 0. 0. ... 0. 0. 0.]
cvc_x_pos (1501,)
[0. 0. 0. ... 0. 0. 0.]
cvc_x_pos (1501,)
[0. 0. 0. ... 0. 0. 0.]
cvc_x_pos (1501,)
[0. 0. 0. ... 0. 0. 0.]
cvc_x_pos (1501,)
[0. 0. 0. ... 0. 0. 0.]
cvc_x_pos (1501,)
[0.00531988 0.00532094 0.00532198 ... 0.         0.         0.        ]
cvc_x_pos (1501,)
[0. 0. 0. ... 0. 0. 0.]
cvc_x_pos (1501,)
[0.00491795 0.00491805 0.00491814 ... 0.         0.         0.        ]
cvc_x_pos (1501,)
[0. 0. 0. ... 0. 0. 0.]
cvc_x_pos (1501,)
[0.0044914  0.00449105 0.0044907  ... 0.         0.         0.        ]
cvc_x_pos (1501,)
[0. 0. 0. ... 0. 0. 0.]
cvc_x_pos (1501,)
[0. 0. 0. ... 0. 0. 0.]
cvc_x_pos (1501,)
[0. 0. 0. ... 0. 0. 0.]
cvc_x_pos (1501,)
[0. 0. 0. ... 0. 0. 0.]
cvc_x_pos (1501,)
[0. 0. 0. ... 0. 0. 0.]
cvc_x_pos (1501,)
[0. 0. 0. ... 0. 0. 0.]
cvc_x_pos (1501,)
[0. 0. 0. ... 0. 0. 0.]
cvc_x_pos (1501,)
[0. 0. 0. ... 0. 0. 0.]
cvc_x_pos (1501,)
[0. 0. 0. ... 0. 0. 0.]
cvc_x_pos (1501,)
[0. 0. 0. ... 0. 0. 0.]
cvc_x_pos (1501,)
[0. 0. 0. ... 0. 0. 0.]
cvc_x_pos (1501,)
[0. 0. 0. ... 0. 0. 0.]
cvc_x_pos (1501,)
[0. 0. 0. ... 0. 0. 0.]
cvc_x_pos (1501,)
[0. 0. 0. ... 0. 0. 0.]
cvc_x_pos (1501,)
[0. 0. 0. ... 0. 0. 0.]
cvc_x_pos (1501,)
[0. 0. 0. ... 0. 0. 0.]
cvc_x_pos (1501,)
[0. 0. 0. ... 0. 0. 0.]
cvc_x_pos (1501,)
[0. 0. 0. ... 0. 0. 0.]
cvc_x_pos (1501,)
[0. 0. 0. ... 0. 0. 0.]
cvc_x_pos (1501,)
[0. 0. 0. ... 0. 0. 0.]
cvc_x_pos (1501,)
[0. 0. 0. ... 0. 0. 0.]
cvc_x_pos (1501,)
[0. 0. 0. ... 0. 0. 0.]
cvc_x_pos (1501,)
[0. 0. 0. ... 0. 0. 0.]
cvc_x_pos (1501,)
[0. 0. 0. ... 0. 0. 0.]
cvc_x_pos (1501,)
[0. 0. 0. ... 0. 0. 0.]
cvc_x_pos (1501,)
[0. 0. 0. ... 0. 0. 0.]
cvc_x_pos (1501,)
[0. 0. 0. ... 0. 0. 0.]
cvc_x_pos (1501,)
[0. 0. 0. ... 0. 0. 0.]
cvc_x_pos (1501,)
[0. 0. 0. ... 0. 0. 0.]
cvc_x_pos (1501,)
[0. 0. 0. ... 0. 0. 0.]
cvc_x_pos (1501,)
[0. 0. 0. ... 0. 0. 0.]
cvc_x_pos (1501,)
[0. 0. 0. ... 0. 0. 0.]
cvc_x_pos (1501,)
[0. 0. 0. ... 0. 0. 0.]
cvc_x_pos (1501,)
[0.0050974  0.00509842 0.00509943 ... 0.         0.         0.        ]
cvc_x_pos (1501,)
[0. 0. 0. ... 0. 0. 0.]
cvc_x_pos (1501,)
[0.00504122 0.00504107 0.00504091 ... 0.         0.         0.        ]
cvc_x_pos (1501,)
[0. 0. 0. ... 0. 0. 0.]
cvc_x_pos (1501,)
[0.0058607  0.00586117 0.00586163 ... 0.         0.         0.        ]
cvc_x_pos (1501,)
[0. 0. 0. ... 0. 0. 0.]
cvc_x_pos (1501,)
[0.00590184 0.00590174 0.00590163 ... 0.         0.         0.        ]
cvc_x_pos (1501,)
[0.00601788 0.00601883 0.00601977 ... 0.         0.         0.        ]
cvc_x_pos (1501,)
[0.00586723 0.0058671  0.00586696 ... 0.         0.         0.        ]
cvc_x_pos (1501,)
[0. 0. 0. ... 0. 0. 0.]
cvc_x_pos (1501,)
[0. 0. 0. ... 0. 0. 0.]
cvc_x_pos (1501,)
[0. 0. 0. ... 0. 0. 0.]
cvc_x_pos (1501,)
[0. 0. 0. ... 0. 0. 0.]
cvc_x_pos (1501,)
[0. 0. 0. ... 0. 0. 0.]
cvc_x_pos (1501,)
[0. 0. 0. ... 0. 0. 0.]
cvc_x_pos (1501,)
[0. 0. 0. ... 0. 0. 0.]
cvc_x_pos (1501,)
[0. 0. 0. ... 0. 0. 0.]
cvc_x_pos (1501,)
[0. 0. 0. ... 0. 0. 0.]
cvc_x_pos (1501,)
[0. 0. 0. ... 0. 0. 0.]
cvc_x_pos (1501,)
[0. 0. 0. ... 0. 0. 0.]
cvc_x_pos (1501,)
[0. 0. 0. ... 0. 0. 0.]
cvc_x_pos (1501,)
[0. 0. 0. ... 0. 0. 0.]
cvc_x_pos (1501,)
[0. 0. 0. ... 0. 0. 0.]
cvc_x_pos (1501,)
[0. 0. 0. ... 0. 0. 0.]
cvc_x_pos (1501,)
[0. 0. 0. ... 0. 0. 0.]
cvc_x_pos (1501,)
[0. 0. 0. ... 0. 0. 0.]
cvc_x_pos (1501,)
[0. 0. 0. ... 0. 0. 0.]
cvc_x_pos (1501,)
[0. 0. 0. ... 0. 0. 0.]
cvc_x_pos (1501,)
[0. 0. 0. ... 0. 0. 0.]
cvc_x_pos (1501,)
[0. 0. 0. ... 0. 0. 0.]
cvc_x_pos (1501,)
[0. 0. 0. ... 0. 0. 0.]
cvc_x_pos (1501,)
[0. 0. 0. ... 0. 0. 0.]
cvc_x_pos (1501,)
[0. 0. 0. ... 0. 0. 0.]
cvc_x_pos (1501,)
[0. 0. 0. ... 0. 0. 0.]
cvc_x_pos (1501,)
[0.00504857 0.00504949 0.0050504  ... 0.         0.         0.        ]
cvc_x_pos (1501,)
[0.00593391 0.00593423 0.00593453 ... 0.         0.         0.        ]
cvc_x_pos (1501,)
[0.00626607 0.00626739 0.00626869 ... 0.         0.         0.        ]
cvc_x_pos (1501,)
[0.00581833 0.00581762 0.00581689 ... 0.         0.         0.        ]
cvc_x_pos (1501,)
[0. 0. 0. ... 0. 0. 0.]
cvc_x_pos (1501,)
[0. 0. 0. ... 0. 0. 0.]
cvc_x_pos (1501,)
[0. 0. 0. ... 0. 0. 0.]
cvc_x_pos (1501,)
[0. 0. 0. ... 0. 0. 0.]
cvc_x_pos (1501,)
[0. 0. 0. ... 0. 0. 0.]
cvc_x_pos (1501,)
[0. 0. 0. ... 0. 0. 0.]
cvc_x_pos (1501,)
[0. 0. 0. ... 0. 0. 0.]
cvc_x_pos (1501,)
[0. 0. 0. ... 0. 0. 0.]
cvc_x_pos (1501,)
[0. 0. 0. ... 0. 0. 0.]
cvc_x_pos (1501,)
[0. 0. 0. ... 0. 0. 0.]
cvc_x_pos (1501,)
[0. 0. 0. ... 0. 0. 0.]
cvc_x_pos (1501,)
[0. 0. 0. ... 0. 0. 0.]
cvc_x_pos (1501,)
[0. 0. 0. ... 0. 0. 0.]
cvc_x_pos (1501,)
[0. 0. 0. ... 0. 0. 0.]
cvc_x_pos (1501,)
[0. 0. 0. ... 0. 0. 0.]
cvc_x_pos (1501,)
[0. 0. 0. ... 0. 0. 0.]
cvc_x_pos (1501,)
[0. 0. 0. ... 0. 0. 0.]
cvc_x_pos (1501,)
[0. 0. 0. ... 0. 0. 0.]
cvc_x_pos (1501,)
[0. 0. 0. ... 0. 0. 0.]
cvc_x_pos (1501,)
[0. 0. 0. ... 0. 0. 0.]
cvc_x_pos (1501,)
[0. 0. 0. ... 0. 0. 0.]
cvc_x_pos (1501,)
[0. 0. 0. ... 0. 0. 0.]
cvc_x_pos (1501,)
[0. 0. 0. ... 0. 0. 0.]
cvc_x_pos (1501,)
[0. 0. 0. ... 0. 0. 0.]
cvc_x_pos (1501,)
[0. 0. 0. ... 0. 0. 0.]
cvc_x_pos (1501,)
[0. 0. 0. ... 0. 0. 0.]
cvc_x_pos (1501,)
[0.00484885 0.00484794 0.00484702 ... 0.         0.         0.        ]
cvc_x_pos (1501,)
[0. 0. 0. ... 0. 0. 0.]
cvc_x_pos (1501,)
[0.00556909 0.00556946 0.00556983 ... 0.         0.         0.        ]
cvc_x_pos (1501,)
[0. 0. 0. ... 0. 0. 0.]
cvc_x_pos (1501,)
[0.00538949 0.00538912 0.00538874 ... 0.         0.         0.        ]
cvc_x_pos (1501,)
[0.00466547 0.00466531 0.00466515 ... 0.         0.         0.        ]
cvc_x_pos (1501,)
[0. 0. 0. ... 0. 0. 0.]
cvc_x_pos (1501,)
[0.00509263 0.00509251 0.00509237 ... 0.         0.         0.        ]
cvc_x_pos (1501,)
[0. 0. 0. ... 0. 0. 0.]
cvc_x_pos (1501,)
[0. 0. 0. ... 0. 0. 0.]
cvc_x_pos (1501,)
[0. 0. 0. ... 0. 0. 0.]
cvc_x_pos (1501,)
[0. 0. 0. ... 0. 0. 0.]
cvc_x_pos (1501,)
[0. 0. 0. ... 0. 0. 0.]
cvc_x_pos (1501,)
[0. 0. 0. ... 0. 0. 0.]
cvc_x_pos (1501,)
[0. 0. 0. ... 0. 0. 0.]
cvc_x_pos (1501,)
[0. 0. 0. ... 0. 0. 0.]
cvc_x_pos (1501,)
[0. 0. 0. ... 0. 0. 0.]
cvc_x_pos (1501,)
[0. 0. 0. ... 0. 0. 0.]
cvc_x_pos (1501,)
[0. 0. 0. ... 0. 0. 0.]
cvc_x_pos (1501,)
[0. 0. 0. ... 0. 0. 0.]
cvc_x_pos (1501,)
[0. 0. 0. ... 0. 0. 0.]
cvc_x_pos (1501,)
[0. 0. 0. ... 0. 0. 0.]
cvc_x_pos (1501,)
[0. 0. 0. ... 0. 0. 0.]
cvc_x_pos (1501,)
[0. 0. 0. ... 0. 0. 0.]
cvc_x_pos (1501,)
[0. 0. 0. ... 0. 0. 0.]
cvc_x_pos (1501,)
[0. 0. 0. ... 0. 0. 0.]
cvc_x_pos (1501,)
[0. 0. 0. ... 0. 0. 0.]
cvc_x_pos (1501,)
[0. 0. 0. ... 0. 0. 0.]
cvc_x_pos (1501,)
[0. 0. 0. ... 0. 0. 0.]
cvc_x_pos (1501,)
[0. 0. 0. ... 0. 0. 0.]
cvc_x_pos (1501,)
[0. 0. 0. ... 0. 0. 0.]
cvc_x_pos (1501,)
[0.00551279 0.00551288 0.00551295 ... 0.         0.         0.        ]
cvc_x_pos (1501,)
[0.00595283 0.00595151 0.00595018 ... 0.         0.         0.        ]
cvc_x_pos (1501,)
[0. 0. 0. ... 0. 0. 0.]
cvc_x_pos (1501,)
[0. 0. 0. ... 0. 0. 0.]
cvc_x_pos (1501,)
[0. 0. 0. ... 0. 0. 0.]
cvc_x_pos (1501,)
[0. 0. 0. ... 0. 0. 0.]
cvc_x_pos (1501,)
[0. 0. 0. ... 0. 0. 0.]
cvc_x_pos (1501,)
[0. 0. 0. ... 0. 0. 0.]
cvc_x_pos (1501,)
[0. 0. 0. ... 0. 0. 0.]
cvc_x_pos (1501,)
[0.00559962 0.00559861 0.00559759 ... 0.         0.         0.        ]
cvc_x_pos (1501,)
[0. 0. 0. ... 0. 0. 0.]
cvc_x_pos (1501,)
[0.00538743 0.00538841 0.00538937 ... 0.         0.         0.        ]
cvc_x_pos (1501,)
[0. 0. 0. ... 0. 0. 0.]
cvc_x_pos (1501,)
[0.00596975 0.00596862 0.00596747 ... 0.         0.         0.        ]
cvc_x_pos (1501,)
[0.00526818 0.00526721 0.00526622 ... 0.         0.         0.        ]
cvc_x_pos (1501,)
[0.00703638 0.00703766 0.00703891 ... 0.         0.         0.        ]
cvc_x_pos (1501,)
[0.00533507 0.00533421 0.00533334 ... 0.         0.         0.        ]
cvc_x_pos (1501,)
[0.00642488 0.00642542 0.00642595 ... 0.         0.         0.        ]
cvc_x_pos (1501,)
[0. 0. 0. ... 0. 0. 0.]
cvc_x_pos (1501,)
[0. 0. 0. ... 0. 0. 0.]
cvc_x_pos (1501,)
[0. 0. 0. ... 0. 0. 0.]
cvc_x_pos (1501,)
[0. 0. 0. ... 0. 0. 0.]
cvc_x_pos (1501,)
[0. 0. 0. ... 0. 0. 0.]
cvc_x_pos (1501,)
[0. 0. 0. ... 0. 0. 0.]
cvc_x_pos (1501,)
[0. 0. 0. ... 0. 0. 0.]
cvc_x_pos (1501,)
[0. 0. 0. ... 0. 0. 0.]
cvc_x_pos (1501,)
[0. 0. 0. ... 0. 0. 0.]
cvc_x_pos (1501,)
[0. 0. 0. ... 0. 0. 0.]
cvc_x_pos (1501,)
[0. 0. 0. ... 0. 0. 0.]
cvc_x_pos (1501,)
[0. 0. 0. ... 0. 0. 0.]
cvc_x_pos (1501,)
[0. 0. 0. ... 0. 0. 0.]
cvc_x_pos (1501,)
[0. 0. 0. ... 0. 0. 0.]
cvc_x_pos (1501,)
[0. 0. 0. ... 0. 0. 0.]
cvc_x_pos (1501,)
[0. 0. 0. ... 0. 0. 0.]
cvc_x_pos (1501,)
[0. 0. 0. ... 0. 0. 0.]
cvc_x_pos (1501,)
[0. 0. 0. ... 0. 0. 0.]
cvc_x_pos (1501,)
[0. 0. 0. ... 0. 0. 0.]
cvc_x_pos (1501,)
[0. 0. 0. ... 0. 0. 0.]
cvc_x_pos (1501,)
[0. 0. 0. ... 0. 0. 0.]
cvc_x_pos (1501,)
[0. 0. 0. ... 0. 0. 0.]
cvc_x_pos (1501,)
[0.00574758 0.00574832 0.00574904 ... 0.         0.         0.        ]
cvc_x_pos (1501,)
[0.00540896 0.0054079  0.00540683 ... 0.         0.         0.        ]
cvc_x_pos (1501,)
[0. 0. 0. ... 0. 0. 0.]
cvc_x_pos (1501,)
[0. 0. 0. ... 0. 0. 0.]
cvc_x_pos (1501,)
[0. 0. 0. ... 0. 0. 0.]
cvc_x_pos (1501,)
[0. 0. 0. ... 0. 0. 0.]
cvc_x_pos (1501,)
[0. 0. 0. ... 0. 0. 0.]
cvc_x_pos (1501,)
[0. 0. 0. ... 0. 0. 0.]
cvc_x_pos (1501,)
[0. 0. 0. ... 0. 0. 0.]
cvc_x_pos (1501,)
[0. 0. 0. ... 0. 0. 0.]
cvc_x_pos (1501,)
[0. 0. 0. ... 0. 0. 0.]
cvc_x_pos (1501,)
[0. 0. 0. ... 0. 0. 0.]
cvc_x_pos (1501,)
[0. 0. 0. ... 0. 0. 0.]
cvc_x_pos (1501,)
[0. 0. 0. ... 0. 0. 0.]
cvc_x_pos (1501,)
[0. 0. 0. ... 0. 0. 0.]
cvc_x_pos (1501,)
[0. 0. 0. ... 0. 0. 0.]
cvc_x_pos (1501,)
[0. 0. 0. ... 0. 0. 0.]
cvc_x_pos (1501,)
[0.00437669 0.         0.         ... 0.         0.         0.        ]
cvc_x_pos (1501,)
[0.00550777 0.00550677 0.00550576 ... 0.         0.         0.        ]
cvc_x_pos (1501,)
[0.00522395 0.00522372 0.00522348 ... 0.         0.         0.        ]
cvc_x_pos (1501,)
[0.00664215 0.00664179 0.0066414  ... 0.         0.         0.        ]
cvc_x_pos (1501,)
[0. 0. 0. ... 0. 0. 0.]
cvc_x_pos (1501,)
[0.00480157 0.0048022  0.00480282 ... 0.         0.         0.        ]
cvc_x_pos (1501,)
[0. 0. 0. ... 0. 0. 0.]
cvc_x_pos (1501,)
[0. 0. 0. ... 0. 0. 0.]
cvc_x_pos (1501,)
[0. 0. 0. ... 0. 0. 0.]
cvc_x_pos (1501,)
[0. 0. 0. ... 0. 0. 0.]
cvc_x_pos (1501,)
[0. 0. 0. ... 0. 0. 0.]
cvc_x_pos (1501,)
[0. 0. 0. ... 0. 0. 0.]
cvc_x_pos (1501,)
[0. 0. 0. ... 0. 0. 0.]
cvc_x_pos (1501,)
[0. 0. 0. ... 0. 0. 0.]
cvc_x_pos (1501,)
[0. 0. 0. ... 0. 0. 0.]
cvc_x_pos (1501,)
[0. 0. 0. ... 0. 0. 0.]
cvc_x_pos (1501,)
[0. 0. 0. ... 0. 0. 0.]
cvc_x_pos (1501,)
[0. 0. 0. ... 0. 0. 0.]
cvc_x_pos (1501,)
[0. 0. 0. ... 0. 0. 0.]
cvc_x_pos (1501,)
[0. 0. 0. ... 0. 0. 0.]
cvc_x_pos (1501,)
[0. 0. 0. ... 0. 0. 0.]
cvc_x_pos (1501,)
[0. 0. 0. ... 0. 0. 0.]
cvc_x_pos (1501,)
[0. 0. 0. ... 0. 0. 0.]
cvc_x_pos (1501,)
[0. 0. 0. ... 0. 0. 0.]
cvc_x_pos (1501,)
[0. 0. 0. ... 0. 0. 0.]
cvc_x_pos (1501,)
[0. 0. 0. ... 0. 0. 0.]
cvc_x_pos (1501,)
[0. 0. 0. ... 0. 0. 0.]
cvc_x_pos (1501,)
[0.00614184 0.00614255 0.00614325 ... 0.         0.         0.        ]
cvc_x_pos (1501,)
[0.00520445 0.00520343 0.00520241 ... 0.         0.         0.        ]
cvc_x_pos (1501,)
[0. 0. 0. ... 0. 0. 0.]
cvc_x_pos (1501,)
[0. 0. 0. ... 0. 0. 0.]
cvc_x_pos (1501,)
[0. 0. 0. ... 0. 0. 0.]
cvc_x_pos (1501,)
[0. 0. 0. ... 0. 0. 0.]
cvc_x_pos (1501,)
[0. 0. 0. ... 0. 0. 0.]
cvc_x_pos (1501,)
[0. 0. 0. ... 0. 0. 0.]
cvc_x_pos (1501,)
[0. 0. 0. ... 0. 0. 0.]
cvc_x_pos (1501,)
[0. 0. 0. ... 0. 0. 0.]
cvc_x_pos (1501,)
[0. 0. 0. ... 0. 0. 0.]
cvc_x_pos (1501,)
[0. 0. 0. ... 0. 0. 0.]
cvc_x_pos (1501,)
[0. 0. 0. ... 0. 0. 0.]
cvc_x_pos (1501,)
[0. 0. 0. ... 0. 0. 0.]
cvc_x_pos (1501,)
[0. 0. 0. ... 0. 0. 0.]
cvc_x_pos (1501,)
[0. 0. 0. ... 0. 0. 0.]
cvc_x_pos (1501,)
[0. 0. 0. ... 0. 0. 0.]
cvc_x_pos (1501,)
[0. 0. 0. ... 0. 0. 0.]
cvc_x_pos (1501,)
[0. 0. 0. ... 0. 0. 0.]
cvc_x_pos (1501,)
[0. 0. 0. ... 0. 0. 0.]
cvc_x_pos (1501,)
[0. 0. 0. ... 0. 0. 0.]
cvc_x_pos (1501,)
[0. 0. 0. ... 0. 0. 0.]
cvc_x_pos (1501,)
[0. 0. 0. ... 0. 0. 0.]
cvc_x_pos (1501,)
[0. 0. 0. ... 0. 0. 0.]
cvc_x_pos (1501,)
[0. 0. 0. ... 0. 0. 0.]
cvc_x_pos (1501,)
[0. 0. 0. ... 0. 0. 0.]
cvc_x_pos (1501,)
[0. 0. 0. ... 0. 0. 0.]
cvc_x_pos (1501,)
[0.00562704 0.00562651 0.00562596 ... 0.         0.         0.        ]
cvc_x_pos (1501,)
[0. 0. 0. ... 0. 0. 0.]
cvc_x_pos (1501,)
[0. 0. 0. ... 0. 0. 0.]
cvc_x_pos (1501,)
[0. 0. 0. ... 0. 0. 0.]
cvc_x_pos (1501,)
[0.0047554  0.00475476 0.0047541  ... 0.         0.         0.        ]
cvc_x_pos (1501,)
[0.00529365 0.00529305 0.00529245 ... 0.         0.         0.        ]
cvc_x_pos (1501,)
[0.00569719 0.00569752 0.00569784 ... 0.         0.         0.        ]
cvc_x_pos (1501,)
[0.0044655  0.00446504 0.00446457 ... 0.         0.         0.        ]
cvc_x_pos (1501,)
[0. 0. 0. ... 0. 0. 0.]
cvc_x_pos (1501,)
[0. 0. 0. ... 0. 0. 0.]
cvc_x_pos (1501,)
[0. 0. 0. ... 0. 0. 0.]
cvc_x_pos (1501,)
[0. 0. 0. ... 0. 0. 0.]
cvc_x_pos (1501,)
[0. 0. 0. ... 0. 0. 0.]
cvc_x_pos (1501,)
[0. 0. 0. ... 0. 0. 0.]
cvc_x_pos (1501,)
[0. 0. 0. ... 0. 0. 0.]
cvc_x_pos (1501,)
[0. 0. 0. ... 0. 0. 0.]
cvc_x_pos (1501,)
[0. 0. 0. ... 0. 0. 0.]
cvc_x_pos (1501,)
[0. 0. 0. ... 0. 0. 0.]
cvc_x_pos (1501,)
[0. 0. 0. ... 0. 0. 0.]
cvc_x_pos (1501,)
[0. 0. 0. ... 0. 0. 0.]
cvc_x_pos (1501,)
[0. 0. 0. ... 0. 0. 0.]
cvc_x_pos (1501,)
[0. 0. 0. ... 0. 0. 0.]
cvc_x_pos (1501,)
[0. 0. 0. ... 0. 0. 0.]
cvc_x_pos (1501,)
[0. 0. 0. ... 0. 0. 0.]
cvc_x_pos (1501,)
[0. 0. 0. ... 0. 0. 0.]
cvc_x_pos (1501,)
[0. 0. 0. ... 0. 0. 0.]
cvc_x_pos (1501,)
[0. 0. 0. ... 0. 0. 0.]
cvc_x_pos (1501,)
[0. 0. 0. ... 0. 0. 0.]
cvc_x_pos (1501,)
[0.00526708 0.00526649 0.0052659  ... 0.         0.         0.        ]
cvc_x_pos (1501,)
[0. 0. 0. ... 0. 0. 0.]
cvc_x_pos (1501,)
[0. 0. 0. ... 0. 0. 0.]
cvc_x_pos (1501,)
[0. 0. 0. ... 0. 0. 0.]
cvc_x_pos (1501,)
[0. 0. 0. ... 0. 0. 0.]
cvc_x_pos (1501,)
[0. 0. 0. ... 0. 0. 0.]
cvc_x_pos (1501,)
[0. 0. 0. ... 0. 0. 0.]
cvc_x_pos (1501,)
[0. 0. 0. ... 0. 0. 0.]
cvc_x_pos (1501,)
[0. 0. 0. ... 0. 0. 0.]
cvc_x_pos (1501,)
[0. 0. 0. ... 0. 0. 0.]
cvc_x_pos (1501,)
[0. 0. 0. ... 0. 0. 0.]
cvc_x_pos (1501,)
[0. 0. 0. ... 0. 0. 0.]
cvc_x_pos (1501,)
[0. 0. 0. ... 0. 0. 0.]
cvc_x_pos (1501,)
[0. 0. 0. ... 0. 0. 0.]
cvc_x_pos (1501,)
[0. 0. 0. ... 0. 0. 0.]
cvc_x_pos (1501,)
[0. 0. 0. ... 0. 0. 0.]
cvc_x_pos (1501,)
[0. 0. 0. ... 0. 0. 0.]
cvc_x_pos (1501,)
[0. 0. 0. ... 0. 0. 0.]
cvc_x_pos (1501,)
[0. 0. 0. ... 0. 0. 0.]
cvc_x_pos (1501,)
[0. 0. 0. ... 0. 0. 0.]
cvc_x_pos (1501,)
[0. 0. 0. ... 0. 0. 0.]
cvc_x_pos (1501,)
[0. 0. 0. ... 0. 0. 0.]
cvc_x_pos (1501,)
[0. 0. 0. ... 0. 0. 0.]
cvc_x_pos (1501,)
[0. 0. 0. ... 0. 0. 0.]
cvc_x_pos (1501,)
[0. 0. 0. ... 0. 0. 0.]
cvc_x_pos (1501,)
[0. 0. 0. ... 0. 0. 0.]
cvc_x_pos (1501,)
[0. 0. 0. ... 0. 0. 0.]
cvc_x_pos (1501,)
[0. 0. 0. ... 0. 0. 0.]
cvc_x_pos (1501,)
[0. 0. 0. ... 0. 0. 0.]
cvc_x_pos (1501,)
[0. 0. 0. ... 0. 0. 0.]
cvc_x_pos (1501,)
[0. 0. 0. ... 0. 0. 0.]
cvc_x_pos (1501,)
[0. 0. 0. ... 0. 0. 0.]
cvc_x_pos (1501,)
[0. 0. 0. ... 0. 0. 0.]
cvc_x_pos (1501,)
[0. 0. 0. ... 0. 0. 0.]
cvc_x_pos (1501,)
[0. 0. 0. ... 0. 0. 0.]
cvc_x_pos (1501,)
[0. 0. 0. ... 0. 0. 0.]
cvc_x_pos (1501,)
[0. 0. 0. ... 0. 0. 0.]
cvc_x_pos (1501,)
[0. 0. 0. ... 0. 0. 0.]
cvc_x_pos (1501,)
[0.00546741 0.00546633 0.00546523 ... 0.         0.         0.        ]
cvc_x_pos (1501,)
[0.00553934 0.00553836 0.00553736 ... 0.         0.         0.        ]
cvc_x_pos (1501,)
[0.00561766 0.00561646 0.00561524 ... 0.         0.         0.        ]
cvc_x_pos (1501,)
[0.00527155 0.00527202 0.00527249 ... 0.         0.         0.        ]
cvc_x_pos (1501,)
[0.0053416 0.        0.        ... 0.        0.        0.       ]
cvc_x_pos (1501,)
[0.00464202 0.00464224 0.00464246 ... 0.         0.         0.        ]
cvc_x_pos (1501,)
[0. 0. 0. ... 0. 0. 0.]
cvc_x_pos (1501,)
[0.00559874 0.00559829 0.00559783 ... 0.         0.         0.        ]
cvc_x_pos (1501,)
[0.00601101 0.00600993 0.00600884 ... 0.         0.         0.        ]
cvc_x_pos (1501,)
[0.00528893 0.00528961 0.00529029 ... 0.         0.         0.        ]
cvc_x_pos (1501,)
[0.00623184 0.00623175 0.00623163 ... 0.         0.         0.        ]
cvc_x_pos (1501,)
[0. 0. 0. ... 0. 0. 0.]
cvc_x_pos (1501,)
[0. 0. 0. ... 0. 0. 0.]
cvc_x_pos (1501,)
[0. 0. 0. ... 0. 0. 0.]
cvc_x_pos (1501,)
[0. 0. 0. ... 0. 0. 0.]
cvc_x_pos (1501,)
[0. 0. 0. ... 0. 0. 0.]
cvc_x_pos (1501,)
[0. 0. 0. ... 0. 0. 0.]
cvc_x_pos (1501,)
[0. 0. 0. ... 0. 0. 0.]
cvc_x_pos (1501,)
[0. 0. 0. ... 0. 0. 0.]
cvc_x_pos (1501,)
[0. 0. 0. ... 0. 0. 0.]
cvc_x_pos (1501,)
[0. 0. 0. ... 0. 0. 0.]
cvc_x_pos (1501,)
[0. 0. 0. ... 0. 0. 0.]
cvc_x_pos (1501,)
[0. 0. 0. ... 0. 0. 0.]
cvc_x_pos (1501,)
[0. 0. 0. ... 0. 0. 0.]
cvc_x_pos (1501,)
[0. 0. 0. ... 0. 0. 0.]
cvc_x_pos (1501,)
[0. 0. 0. ... 0. 0. 0.]
cvc_x_pos (1501,)
[0. 0. 0. ... 0. 0. 0.]
cvc_x_pos (1501,)
[0. 0. 0. ... 0. 0. 0.]
cvc_x_pos (1501,)
[0. 0. 0. ... 0. 0. 0.]
cvc_x_pos (1501,)
[0. 0. 0. ... 0. 0. 0.]
cvc_x_pos (1501,)
[0. 0. 0. ... 0. 0. 0.]
cvc_x_pos (1501,)
[0. 0. 0. ... 0. 0. 0.]
cvc_x_pos (1501,)
[0. 0. 0. ... 0. 0. 0.]
cvc_x_pos (1501,)
[0. 0. 0. ... 0. 0. 0.]
cvc_x_pos (1501,)
[0. 0. 0. ... 0. 0. 0.]
cvc_x_pos (1501,)
[0. 0. 0. ... 0. 0. 0.]
cvc_x_pos (1501,)
[0. 0. 0. ... 0. 0. 0.]
cvc_x_pos (1501,)
[0. 0. 0. ... 0. 0. 0.]
cvc_x_pos (1501,)
[0. 0. 0. ... 0. 0. 0.]
cvc_x_pos (1501,)
[0. 0. 0. ... 0. 0. 0.]
cvc_x_pos (1501,)
[0. 0. 0. ... 0. 0. 0.]
cvc_x_pos (1501,)
[0. 0. 0. ... 0. 0. 0.]
cvc_x_pos (1501,)
[0. 0. 0. ... 0. 0. 0.]
cvc_x_pos (1501,)
[0. 0. 0. ... 0. 0. 0.]
cvc_x_pos (1501,)
[0. 0. 0. ... 0. 0. 0.]
cvc_x_pos (1501,)
[0. 0. 0. ... 0. 0. 0.]
cvc_x_pos (1501,)
[0. 0. 0. ... 0. 0. 0.]
cvc_x_pos (1501,)
[0. 0. 0. ... 0. 0. 0.]
cvc_x_pos (1501,)
[0. 0. 0. ... 0. 0. 0.]
cvc_x_pos (1501,)
[0. 0. 0. ... 0. 0. 0.]
cvc_x_pos (1501,)
[0. 0. 0. ... 0. 0. 0.]
cvc_x_pos (1501,)
[0. 0. 0. ... 0. 0. 0.]
cvc_x_pos (1501,)
[0. 0. 0. ... 0. 0. 0.]
cvc_x_pos (1501,)
[0. 0. 0. ... 0. 0. 0.]
cvc_x_pos (1501,)
[0. 0. 0. ... 0. 0. 0.]
cvc_x_pos (1501,)
[0. 0. 0. ... 0. 0. 0.]
cvc_x_pos (1501,)
[0. 0. 0. ... 0. 0. 0.]
cvc_x_pos (1501,)
[0. 0. 0. ... 0. 0. 0.]
cvc_x_pos (1501,)
[0. 0. 0. ... 0. 0. 0.]
cvc_x_pos (1501,)
[0. 0. 0. ... 0. 0. 0.]
cvc_x_pos (1501,)
[0. 0. 0. ... 0. 0. 0.]
cvc_x_pos (1501,)
[0.00500868 0.00500948 0.00501027 ... 0.         0.         0.        ]
cvc_x_pos (1501,)
[0.00659948 0.0065992  0.00659889 ... 0.         0.         0.        ]
cvc_x_pos (1501,)
[0.00611947 0.0061206  0.00612172 ... 0.         0.         0.        ]
cvc_x_pos (1501,)
[0.00487077 0.00487074 0.0048707  ... 0.         0.         0.        ]
cvc_x_pos (1501,)
[0.00519546 0.0051963  0.00519713 ... 0.         0.         0.        ]
cvc_x_pos (1501,)
[0.00615057 0.00615012 0.00614964 ... 0.         0.         0.        ]
cvc_x_pos (1501,)
[0. 0. 0. ... 0. 0. 0.]
cvc_x_pos (1501,)
[0. 0. 0. ... 0. 0. 0.]
cvc_x_pos (1501,)
[0. 0. 0. ... 0. 0. 0.]
cvc_x_pos (1501,)
[0. 0. 0. ... 0. 0. 0.]
cvc_x_pos (1501,)
[0. 0. 0. ... 0. 0. 0.]
cvc_x_pos (1501,)
[0. 0. 0. ... 0. 0. 0.]
cvc_x_pos (1501,)
[0. 0. 0. ... 0. 0. 0.]
cvc_x_pos (1501,)
[0. 0. 0. ... 0. 0. 0.]
cvc_x_pos (1501,)
[0. 0. 0. ... 0. 0. 0.]
cvc_x_pos (1501,)
[0. 0. 0. ... 0. 0. 0.]
cvc_x_pos (1501,)
[0. 0. 0. ... 0. 0. 0.]
cvc_x_pos (1501,)
[0. 0. 0. ... 0. 0. 0.]
cvc_x_pos (1501,)
[0. 0. 0. ... 0. 0. 0.]
cvc_x_pos (1501,)
[0. 0. 0. ... 0. 0. 0.]
cvc_x_pos (1501,)
[0. 0. 0. ... 0. 0. 0.]
cvc_x_pos (1501,)
[0. 0. 0. ... 0. 0. 0.]
cvc_x_pos (1501,)
[0. 0. 0. ... 0. 0. 0.]
cvc_x_pos (1501,)
[0. 0. 0. ... 0. 0. 0.]
cvc_x_pos (1501,)
[0. 0. 0. ... 0. 0. 0.]
cvc_x_pos (1501,)
[0. 0. 0. ... 0. 0. 0.]
cvc_x_pos (1501,)
[0. 0. 0. ... 0. 0. 0.]
cvc_x_pos (1501,)
[0. 0. 0. ... 0. 0. 0.]
cvc_x_pos (1501,)
[0. 0. 0. ... 0. 0. 0.]
cvc_x_pos (1501,)
[0. 0. 0. ... 0. 0. 0.]
cvc_x_pos (1501,)
[0. 0. 0. ... 0. 0. 0.]
cvc_x_pos (1501,)
[0. 0. 0. ... 0. 0. 0.]
cvc_x_pos (1501,)
[0. 0. 0. ... 0. 0. 0.]
cvc_x_pos (1501,)
[0. 0. 0. ... 0. 0. 0.]
cvc_x_pos (1501,)
[0. 0. 0. ... 0. 0. 0.]
cvc_x_pos (1501,)
[0. 0. 0. ... 0. 0. 0.]
cvc_x_pos (1501,)
[0. 0. 0. ... 0. 0. 0.]
cvc_x_pos (1501,)
[0. 0. 0. ... 0. 0. 0.]
cvc_x_pos (1501,)
[0. 0. 0. ... 0. 0. 0.]
cvc_x_pos (1501,)
[0. 0. 0. ... 0. 0. 0.]
cvc_x_pos (1501,)
[0. 0. 0. ... 0. 0. 0.]
cvc_x_pos (1501,)
[0. 0. 0. ... 0. 0. 0.]
cvc_x_pos (1501,)
[0. 0. 0. ... 0. 0. 0.]
cvc_x_pos (1501,)
[0. 0. 0. ... 0. 0. 0.]
cvc_x_pos (1501,)
[0. 0. 0. ... 0. 0. 0.]
cvc_x_pos (1501,)
[0. 0. 0. ... 0. 0. 0.]
cvc_x_pos (1501,)
[0.00582007 0.00582125 0.00582242 ... 0.         0.         0.        ]
cvc_x_pos (1501,)
[0.00530669 0.00530645 0.00530621 ... 0.         0.         0.        ]
cvc_x_pos (1501,)
[0.00664111 0.00664262 0.00664411 ... 0.         0.         0.        ]
cvc_x_pos (1501,)
[0.00565109 0.00564987 0.00564865 ... 0.         0.         0.        ]
cvc_x_pos (1501,)
[0.         0.         0.00525612 ... 0.         0.         0.        ]
cvc_x_pos (1501,)
[0.00566377 0.00566338 0.00566297 ... 0.         0.         0.        ]
cvc_x_pos (1501,)
[0. 0. 0. ... 0. 0. 0.]
cvc_x_pos (1501,)
[0.00509323 0.0050932  0.00509316 ... 0.         0.         0.        ]
cvc_x_pos (1501,)
[0.00481241 0.00481318 0.00481394 ... 0.         0.         0.        ]
cvc_x_pos (1501,)
[0.00544751 0.00544712 0.00544672 ... 0.         0.         0.        ]
cvc_x_pos (1501,)
[0.00600801 0.00600803 0.00600803 ... 0.         0.         0.        ]
cvc_x_pos (1501,)
[0. 0. 0. ... 0. 0. 0.]
cvc_x_pos (1501,)
[0. 0. 0. ... 0. 0. 0.]
cvc_x_pos (1501,)
[0. 0. 0. ... 0. 0. 0.]
cvc_x_pos (1501,)
[0. 0. 0. ... 0. 0. 0.]
cvc_x_pos (1501,)
[0. 0. 0. ... 0. 0. 0.]
cvc_x_pos (1501,)
[0. 0. 0. ... 0. 0. 0.]
cvc_x_pos (1501,)
[0. 0. 0. ... 0. 0. 0.]
cvc_x_pos (1501,)
[0. 0. 0. ... 0. 0. 0.]
cvc_x_pos (1501,)
[0. 0. 0. ... 0. 0. 0.]
cvc_x_pos (1501,)
[0. 0. 0. ... 0. 0. 0.]
cvc_x_pos (1501,)
[0. 0. 0. ... 0. 0. 0.]
cvc_x_pos (1501,)
[0. 0. 0. ... 0. 0. 0.]
cvc_x_pos (1501,)
[0. 0. 0. ... 0. 0. 0.]
cvc_x_pos (1501,)
[0. 0. 0. ... 0. 0. 0.]
cvc_x_pos (1501,)
[0. 0. 0. ... 0. 0. 0.]
cvc_x_pos (1501,)
[0. 0. 0. ... 0. 0. 0.]
cvc_x_pos (1501,)
[0. 0. 0. ... 0. 0. 0.]
cvc_x_pos (1501,)
[0. 0. 0. ... 0. 0. 0.]
cvc_x_pos (1501,)
[0. 0. 0. ... 0. 0. 0.]
cvc_x_pos (1501,)
[0. 0. 0. ... 0. 0. 0.]
cvc_x_pos (1501,)
[0. 0. 0. ... 0. 0. 0.]
cvc_x_pos (1501,)
[0. 0. 0. ... 0. 0. 0.]
cvc_x_pos (1501,)
[0. 0. 0. ... 0. 0. 0.]
cvc_x_pos (1501,)
[0. 0. 0. ... 0. 0. 0.]
cvc_x_pos (1501,)
[0. 0. 0. ... 0. 0. 0.]
cvc_x_pos (1501,)
[0. 0. 0. ... 0. 0. 0.]
cvc_x_pos (1501,)
[0. 0. 0. ... 0. 0. 0.]
cvc_x_pos (1501,)
[0. 0. 0. ... 0. 0. 0.]
cvc_x_pos (1501,)
[0. 0. 0. ... 0. 0. 0.]
cvc_x_pos (1501,)
[0. 0. 0. ... 0. 0. 0.]
cvc_x_pos (1501,)
[0. 0. 0. ... 0. 0. 0.]
cvc_x_pos (1501,)
[0. 0. 0. ... 0. 0. 0.]
cvc_x_pos (1501,)
[0.00613491 0.00613577 0.00613662 ... 0.         0.         0.        ]
cvc_x_pos (1501,)
[0. 0. 0. ... 0. 0. 0.]
cvc_x_pos (1501,)
[0.00646265 0.00646333 0.00646398 ... 0.         0.         0.        ]
cvc_x_pos (1501,)
[0.00471905 0.00471954 0.00472002 ... 0.         0.         0.        ]
cvc_x_pos (1501,)
[0. 0. 0. ... 0. 0. 0.]
cvc_x_pos (1501,)
[0.00613449 0.00613538 0.00613626 ... 0.         0.         0.        ]
cvc_x_pos (1501,)
[0. 0. 0. ... 0. 0. 0.]
cvc_x_pos (1501,)
[0. 0. 0. ... 0. 0. 0.]
cvc_x_pos (1501,)
[0. 0. 0. ... 0. 0. 0.]
cvc_x_pos (1501,)
[0. 0. 0. ... 0. 0. 0.]
cvc_x_pos (1501,)
[0. 0. 0. ... 0. 0. 0.]
cvc_x_pos (1501,)
[0. 0. 0. ... 0. 0. 0.]
cvc_x_pos (1501,)
[0. 0. 0. ... 0. 0. 0.]
cvc_x_pos (1501,)
[0. 0. 0. ... 0. 0. 0.]
cvc_x_pos (1501,)
[0. 0. 0. ... 0. 0. 0.]
cvc_x_pos (1501,)
[0. 0. 0. ... 0. 0. 0.]
cvc_x_pos (1501,)
[0. 0. 0. ... 0. 0. 0.]
cvc_x_pos (1501,)
[0. 0. 0. ... 0. 0. 0.]
cvc_x_pos (1501,)
[0. 0. 0. ... 0. 0. 0.]
cvc_x_pos (1501,)
[0. 0. 0. ... 0. 0. 0.]
cvc_x_pos (1501,)
[0. 0. 0. ... 0. 0. 0.]
cvc_x_pos (1501,)
[0. 0. 0. ... 0. 0. 0.]
cvc_x_pos (1501,)
[0. 0. 0. ... 0. 0. 0.]
cvc_x_pos (1501,)
[0. 0. 0. ... 0. 0. 0.]
cvc_x_pos (1501,)
[0. 0. 0. ... 0. 0. 0.]
cvc_x_pos (1501,)
[0. 0. 0. ... 0. 0. 0.]
cvc_x_pos (1501,)
[0. 0. 0. ... 0. 0. 0.]
cvc_x_pos (1501,)
[0. 0. 0. ... 0. 0. 0.]
cvc_x_pos (1501,)
[0.00588919 0.00588985 0.00589049 ... 0.         0.         0.        ]
cvc_x_pos (1501,)
[0. 0. 0. ... 0. 0. 0.]
cvc_x_pos (1501,)
[0.00489011 0.00489041 0.0048907  ... 0.         0.         0.        ]
cvc_x_pos (1501,)
[0. 0. 0. ... 0. 0. 0.]
cvc_x_pos (1501,)
[0.00582871 0.00582832 0.00582791 ... 0.         0.         0.        ]
cvc_x_pos (1501,)
[0.0045095  0.00451013 0.00451076 ... 0.         0.         0.        ]
cvc_x_pos (1501,)
[0.00503371 0.00503328 0.00503284 ... 0.         0.         0.        ]
cvc_x_pos (1501,)
[0. 0. 0. ... 0. 0. 0.]
cvc_x_pos (1501,)
[0. 0. 0. ... 0. 0. 0.]
cvc_x_pos (1501,)
[0. 0. 0. ... 0. 0. 0.]
cvc_x_pos (1501,)
[0. 0. 0. ... 0. 0. 0.]
cvc_x_pos (1501,)
[0. 0. 0. ... 0. 0. 0.]
cvc_x_pos (1501,)
[0. 0. 0. ... 0. 0. 0.]
cvc_x_pos (1501,)
[0. 0. 0. ... 0. 0. 0.]
cvc_x_pos (1501,)
[0. 0. 0. ... 0. 0. 0.]
cvc_x_pos (1501,)
[0. 0. 0. ... 0. 0. 0.]
cvc_x_pos (1501,)
[0. 0. 0. ... 0. 0. 0.]
cvc_x_pos (1501,)
[0. 0. 0. ... 0. 0. 0.]
cvc_x_pos (1501,)
[0. 0. 0. ... 0. 0. 0.]
cvc_x_pos (1501,)
[0. 0. 0. ... 0. 0. 0.]
cvc_x_pos (1501,)
[0. 0. 0. ... 0. 0. 0.]
cvc_x_pos (1501,)
[0. 0. 0. ... 0. 0. 0.]
cvc_x_pos (1501,)
[0. 0. 0. ... 0. 0. 0.]
cvc_x_pos (1501,)
[0.00476844 0.00476916 0.00476988 ... 0.         0.         0.        ]
cvc_x_pos (1501,)
[0.00428787 0.00428783 0.00428778 ... 0.         0.         0.        ]
cvc_x_pos (1501,)
[0. 0. 0. ... 0. 0. 0.]
cvc_x_pos (1501,)
[0.00565836 0.0056589  0.00565943 ... 0.         0.         0.        ]
cvc_x_pos (1501,)
[0.00556826 0.00556867 0.00556905 ... 0.         0.         0.        ]
cvc_x_pos (1501,)
[0. 0. 0. ... 0. 0. 0.]
cvc_x_pos (1501,)
[0. 0. 0. ... 0. 0. 0.]
cvc_x_pos (1501,)
[0. 0. 0. ... 0. 0. 0.]
cvc_x_pos (1501,)
[0. 0. 0. ... 0. 0. 0.]
cvc_x_pos (1501,)
[0. 0. 0. ... 0. 0. 0.]
cvc_x_pos (1501,)
[0. 0. 0. ... 0. 0. 0.]
cvc_x_pos (1501,)
[0. 0. 0. ... 0. 0. 0.]
cvc_x_pos (1501,)
[0. 0. 0. ... 0. 0. 0.]
cvc_x_pos (1501,)
[0. 0. 0. ... 0. 0. 0.]
cvc_x_pos (1501,)
[0. 0. 0. ... 0. 0. 0.]
cvc_x_pos (1501,)
[0. 0. 0. ... 0. 0. 0.]
cvc_x_pos (1501,)
[0. 0. 0. ... 0. 0. 0.]
cvc_x_pos (1501,)
[0. 0. 0. ... 0. 0. 0.]
cvc_x_pos (1501,)
[0. 0. 0. ... 0. 0. 0.]
cvc_x_pos (1501,)
[0.00619104 0.00619135 0.00619164 ... 0.         0.         0.        ]
cvc_x_pos (1501,)
[0. 0. 0. ... 0. 0. 0.]
cvc_x_pos (1501,)
[0.00437875 0.00437822 0.00437769 ... 0.         0.         0.        ]
cvc_x_pos (1501,)
[0.00637571 0.00637651 0.00637728 ... 0.         0.         0.        ]
cvc_x_pos (1501,)
[0. 0. 0. ... 0. 0. 0.]
cvc_x_pos (1501,)
[0.00549106 0.00549181 0.00549255 ... 0.         0.         0.        ]
cvc_x_pos (1501,)
[0. 0. 0. ... 0. 0. 0.]
cvc_x_pos (1501,)
[0. 0. 0. ... 0. 0. 0.]
cvc_x_pos (1501,)
[0. 0. 0. ... 0. 0. 0.]
cvc_x_pos (1501,)
[0. 0. 0. ... 0. 0. 0.]
cvc_x_pos (1501,)
[0. 0. 0. ... 0. 0. 0.]
cvc_x_pos (1501,)
[0. 0. 0. ... 0. 0. 0.]
cvc_x_pos (1501,)
[0. 0. 0. ... 0. 0. 0.]
cvc_x_pos (1501,)
[0. 0. 0. ... 0. 0. 0.]
cvc_x_pos (1501,)
[0. 0. 0. ... 0. 0. 0.]
cvc_x_pos (1501,)
[0. 0. 0. ... 0. 0. 0.]
cvc_x_pos (1501,)
[0. 0. 0. ... 0. 0. 0.]
cvc_x_pos (1501,)
[0. 0. 0. ... 0. 0. 0.]
cvc_x_pos (1501,)
[0. 0. 0. ... 0. 0. 0.]
cvc_x_pos (1501,)
[0. 0. 0. ... 0. 0. 0.]
cvc_x_pos (1501,)
[0.00662146 0.00662251 0.00662353 ... 0.         0.         0.        ]
cvc_x_pos (1501,)
[0. 0. 0. ... 0. 0. 0.]
cvc_x_pos (1501,)
[0. 0. 0. ... 0. 0. 0.]
cvc_x_pos (1501,)
[0. 0. 0. ... 0. 0. 0.]
cvc_x_pos (1501,)
[0. 0. 0. ... 0. 0. 0.]
cvc_x_pos (1501,)
[0. 0. 0. ... 0. 0. 0.]
cvc_x_pos (1501,)
[0. 0. 0. ... 0. 0. 0.]
cvc_x_pos (1501,)
[0. 0. 0. ... 0. 0. 0.]
cvc_x_pos (1501,)
[0. 0. 0. ... 0. 0. 0.]
cvc_x_pos (1501,)
[0.00644173 0.00644054 0.00643933 ... 0.         0.         0.        ]
cvc_x_pos (1501,)
[0. 0. 0. ... 0. 0. 0.]
cvc_x_pos (1501,)
[0.0061849  0.00618431 0.0061837  ... 0.         0.         0.        ]
cvc_x_pos (1501,)
[0.00581352 0.00581224 0.00581095 ... 0.         0.         0.        ]
cvc_x_pos (1501,)
[0.0052724  0.00527286 0.00527331 ... 0.         0.         0.        ]
cvc_x_pos (1501,)
[0. 0. 0. ... 0. 0. 0.]
cvc_x_pos (1501,)
[0.00533721 0.00533723 0.00533724 ... 0.         0.         0.        ]
cvc_x_pos (1501,)
[0. 0. 0. ... 0. 0. 0.]
cvc_x_pos (1501,)
[0. 0. 0. ... 0. 0. 0.]
cvc_x_pos (1501,)
[0. 0. 0. ... 0. 0. 0.]
cvc_x_pos (1501,)
[0. 0. 0. ... 0. 0. 0.]
cvc_x_pos (1501,)
[0. 0. 0. ... 0. 0. 0.]
cvc_x_pos (1501,)
[0. 0. 0. ... 0. 0. 0.]
cvc_x_pos (1501,)
[0. 0. 0. ... 0. 0. 0.]
cvc_x_pos (1501,)
[0. 0. 0. ... 0. 0. 0.]
cvc_x_pos (1501,)
[0. 0. 0. ... 0. 0. 0.]
cvc_x_pos (1501,)
[0. 0. 0. ... 0. 0. 0.]
cvc_x_pos (1501,)
[0. 0. 0. ... 0. 0. 0.]
cvc_x_pos (1501,)
[0.00579643 0.00579752 0.00579859 ... 0.         0.         0.        ]
cvc_x_pos (1501,)
[0.00635004 0.0063487  0.00634735 ... 0.         0.         0.        ]
cvc_x_pos (1501,)
[0. 0. 0. ... 0. 0. 0.]
cvc_x_pos (1501,)
[0. 0. 0. ... 0. 0. 0.]
cvc_x_pos (1501,)
[0. 0. 0. ... 0. 0. 0.]
cvc_x_pos (1501,)
[0. 0. 0. ... 0. 0. 0.]
cvc_x_pos (1501,)
[0. 0. 0. ... 0. 0. 0.]
cvc_x_pos (1501,)
[0. 0. 0. ... 0. 0. 0.]
cvc_x_pos (1501,)
[0. 0. 0. ... 0. 0. 0.]
cvc_x_pos (1501,)
[0. 0. 0. ... 0. 0. 0.]
cvc_x_pos (1501,)
[0. 0. 0. ... 0. 0. 0.]
cvc_x_pos (1501,)
[0. 0. 0. ... 0. 0. 0.]
cvc_x_pos (1501,)
[0. 0. 0. ... 0. 0. 0.]
cvc_x_pos (1501,)
[0. 0. 0. ... 0. 0. 0.]
cvc_x_pos (1501,)
[0. 0. 0. ... 0. 0. 0.]
cvc_x_pos (1501,)
[0. 0. 0. ... 0. 0. 0.]
cvc_x_pos (1501,)
[0. 0. 0. ... 0. 0. 0.]
cvc_x_pos (1501,)
[0. 0. 0. ... 0. 0. 0.]
cvc_x_pos (1501,)
[0. 0. 0. ... 0. 0. 0.]
cvc_x_pos (1501,)
[0. 0. 0. ... 0. 0. 0.]
cvc_x_pos (1501,)
[0. 0. 0. ... 0. 0. 0.]
cvc_x_pos (1501,)
[0.00517128 0.00517115 0.00517102 ... 0.         0.         0.        ]
cvc_x_pos (1501,)
[0. 0. 0. ... 0. 0. 0.]
cvc_x_pos (1501,)
[0.00560239 0.00560208 0.00560175 ... 0.         0.         0.        ]
cvc_x_pos (1501,)
[0.00557981 0.00557898 0.00557815 ... 0.         0.         0.        ]
cvc_x_pos (1501,)
[0. 0. 0. ... 0. 0. 0.]
cvc_x_pos (1501,)
[0. 0. 0. ... 0. 0. 0.]
cvc_x_pos (1501,)
[0. 0. 0. ... 0. 0. 0.]
cvc_x_pos (1501,)
[0. 0. 0. ... 0. 0. 0.]
cvc_x_pos (1501,)
[0. 0. 0. ... 0. 0. 0.]
cvc_x_pos (1501,)
[0. 0. 0. ... 0. 0. 0.]
cvc_x_pos (1501,)
[0. 0. 0. ... 0. 0. 0.]
cvc_x_pos (1501,)
[0. 0. 0. ... 0. 0. 0.]
cvc_x_pos (1501,)
[0. 0. 0. ... 0. 0. 0.]
cvc_x_pos (1501,)
[0. 0. 0. ... 0. 0. 0.]
cvc_x_pos (1501,)
[0. 0. 0. ... 0. 0. 0.]
cvc_x_pos (1501,)
[0.00643188 0.00643191 0.00643192 ... 0.         0.         0.        ]
cvc_x_pos (1501,)
[0. 0. 0. ... 0. 0. 0.]
cvc_x_pos (1501,)
[0. 0. 0. ... 0. 0. 0.]
cvc_x_pos (1501,)
[0. 0. 0. ... 0. 0. 0.]
cvc_x_pos (1501,)
[0. 0. 0. ... 0. 0. 0.]
cvc_x_pos (1501,)
[0. 0. 0. ... 0. 0. 0.]
cvc_x_pos (1501,)
[0. 0. 0. ... 0. 0. 0.]
cvc_x_pos (1501,)
[0. 0. 0. ... 0. 0. 0.]
cvc_x_pos (1501,)
[0. 0. 0. ... 0. 0. 0.]
cvc_x_pos (1501,)
[0. 0. 0. ... 0. 0. 0.]
cvc_x_pos (1501,)
[0. 0. 0. ... 0. 0. 0.]
cvc_x_pos (1501,)
[0. 0. 0. ... 0. 0. 0.]
cvc_x_pos (1501,)
[0. 0. 0. ... 0. 0. 0.]
cvc_x_pos (1501,)
[0. 0. 0. ... 0. 0. 0.]
cvc_x_pos (1501,)
[0. 0. 0. ... 0. 0. 0.]
cvc_x_pos (1501,)
[0. 0. 0. ... 0. 0. 0.]
cvc_x_pos (1501,)
[0. 0. 0. ... 0. 0. 0.]
cvc_x_pos (1501,)
[0. 0. 0. ... 0. 0. 0.]
cvc_x_pos (1501,)
[0. 0. 0. ... 0. 0. 0.]
cvc_x_pos (1501,)
[0. 0. 0. ... 0. 0. 0.]
cvc_x_pos (1501,)
[0. 0. 0. ... 0. 0. 0.]
cvc_x_pos (1501,)
[0. 0. 0. ... 0. 0. 0.]
cvc_x_pos (1501,)
[0. 0. 0. ... 0. 0. 0.]
cvc_x_pos (1501,)
[0. 0. 0. ... 0. 0. 0.]
cvc_x_pos (1501,)
[0. 0. 0. ... 0. 0. 0.]
cvc_x_pos (1501,)
[0. 0. 0. ... 0. 0. 0.]
cvc_x_pos (1501,)
[0. 0. 0. ... 0. 0. 0.]
cvc_x_pos (1501,)
[0. 0. 0. ... 0. 0. 0.]
cvc_x_pos (1501,)
[0. 0. 0. ... 0. 0. 0.]
cvc_x_pos (1501,)
[0. 0. 0. ... 0. 0. 0.]
cvc_x_pos (1501,)
[0.00533133 0.00533039 0.00532944 ... 0.         0.         0.        ]
cvc_x_pos (1501,)
[0.00642783 0.0064274  0.00642695 ... 0.         0.         0.        ]
cvc_x_pos (1501,)
[0. 0. 0. ... 0. 0. 0.]
cvc_x_pos (1501,)
[0.00495707 0.00495753 0.00495797 ... 0.         0.         0.        ]
cvc_x_pos (1501,)
[0.00553866 0.00553767 0.00553667 ... 0.         0.         0.        ]
cvc_x_pos (1501,)
[0. 0. 0. ... 0. 0. 0.]
cvc_x_pos (1501,)
[0. 0. 0. ... 0. 0. 0.]
cvc_x_pos (1501,)
[0. 0. 0. ... 0. 0. 0.]
cvc_x_pos (1501,)
[0. 0. 0. ... 0. 0. 0.]
cvc_x_pos (1501,)
[0. 0. 0. ... 0. 0. 0.]
cvc_x_pos (1501,)
[0. 0. 0. ... 0. 0. 0.]
cvc_x_pos (1501,)
[0. 0. 0. ... 0. 0. 0.]
cvc_x_pos (1501,)
[0. 0. 0. ... 0. 0. 0.]
cvc_x_pos (1501,)
[0.0054829  0.00548291 0.00548291 ... 0.         0.         0.        ]
cvc_x_pos (1501,)
[0. 0. 0. ... 0. 0. 0.]
cvc_x_pos (1501,)
[0. 0. 0. ... 0. 0. 0.]
cvc_x_pos (1501,)
[0. 0. 0. ... 0. 0. 0.]
cvc_x_pos (1501,)
[0. 0. 0. ... 0. 0. 0.]
cvc_x_pos (1501,)
[0. 0. 0. ... 0. 0. 0.]
cvc_x_pos (1501,)
[0. 0. 0. ... 0. 0. 0.]
cvc_x_pos (1501,)
[0. 0. 0. ... 0. 0. 0.]
cvc_x_pos (1501,)
[0. 0. 0. ... 0. 0. 0.]
cvc_x_pos (1501,)
[0. 0. 0. ... 0. 0. 0.]
cvc_x_pos (1501,)
[0. 0. 0. ... 0. 0. 0.]
cvc_x_pos (1501,)
[0. 0. 0. ... 0. 0. 0.]
cvc_x_pos (1501,)
[0. 0. 0. ... 0. 0. 0.]
cvc_x_pos (1501,)
[0. 0. 0. ... 0. 0. 0.]
cvc_x_pos (1501,)
[0. 0. 0. ... 0. 0. 0.]
cvc_x_pos (1501,)
[0. 0. 0. ... 0. 0. 0.]
cvc_x_pos (1501,)
[0. 0. 0. ... 0. 0. 0.]
cvc_x_pos (1501,)
[0. 0. 0. ... 0. 0. 0.]
cvc_x_pos (1501,)
[0. 0. 0. ... 0. 0. 0.]
cvc_x_pos (1501,)
[0. 0. 0. ... 0. 0. 0.]
cvc_x_pos (1501,)
[0. 0. 0. ... 0. 0. 0.]
cvc_x_pos (1501,)
[0. 0. 0. ... 0. 0. 0.]
cvc_x_pos (1501,)
[0. 0. 0. ... 0. 0. 0.]
cvc_x_pos (1501,)
[0. 0. 0. ... 0. 0. 0.]
cvc_x_pos (1501,)
[0. 0. 0. ... 0. 0. 0.]
cvc_x_pos (1501,)
[0. 0. 0. ... 0. 0. 0.]
cvc_x_pos (1501,)
[0. 0. 0. ... 0. 0. 0.]
cvc_x_pos (1501,)
[0. 0. 0. ... 0. 0. 0.]
cvc_x_pos (1501,)
[0. 0. 0. ... 0. 0. 0.]
cvc_x_pos (1501,)
[0. 0. 0. ... 0. 0. 0.]
cvc_x_pos (1501,)
[0. 0. 0. ... 0. 0. 0.]
cvc_x_pos (1501,)
[0. 0. 0. ... 0. 0. 0.]
cvc_x_pos (1501,)
[0. 0. 0. ... 0. 0. 0.]
cvc_x_pos (1501,)
[0. 0. 0. ... 0. 0. 0.]
cvc_x_pos (1501,)
[0. 0. 0. ... 0. 0. 0.]
cvc_x_pos (1501,)
[0. 0. 0. ... 0. 0. 0.]
cvc_x_pos (1501,)
[0. 0. 0. ... 0. 0. 0.]
cvc_x_pos (1501,)
[0. 0. 0. ... 0. 0. 0.]
cvc_x_pos (1501,)
[0. 0. 0. ... 0. 0. 0.]
cvc_x_pos (1501,)
[0. 0. 0. ... 0. 0. 0.]
cvc_x_pos (1501,)
[0.00646313 0.00646163 0.00646011 ... 0.         0.         0.        ]
cvc_x_pos (1501,)
[0. 0. 0. ... 0. 0. 0.]
cvc_x_pos (1501,)
[0.0059317  0.00593053 0.00592936 ... 0.         0.         0.        ]
cvc_x_pos (1501,)
[0.00554334 0.00554329 0.00554323 ... 0.         0.         0.        ]
cvc_x_pos (1501,)
[0.00578599 0.00578534 0.00578467 ... 0.         0.         0.        ]
cvc_x_pos (1501,)
[0. 0. 0. ... 0. 0. 0.]
cvc_x_pos (1501,)
[0.00645264 0.00645358 0.0064545  ... 0.         0.         0.        ]
cvc_x_pos (1501,)
[0. 0. 0. ... 0. 0. 0.]
cvc_x_pos (1501,)
[0.00481673 0.00481709 0.00481745 ... 0.         0.         0.        ]
cvc_x_pos (1501,)
[0. 0. 0. ... 0. 0. 0.]
cvc_x_pos (1501,)
[0. 0. 0. ... 0. 0. 0.]
cvc_x_pos (1501,)
[0. 0. 0. ... 0. 0. 0.]
cvc_x_pos (1501,)
[0. 0. 0. ... 0. 0. 0.]
cvc_x_pos (1501,)
[0. 0. 0. ... 0. 0. 0.]
cvc_x_pos (1501,)
[0. 0. 0. ... 0. 0. 0.]
cvc_x_pos (1501,)
[0. 0. 0. ... 0. 0. 0.]
cvc_x_pos (1501,)
[0. 0. 0. ... 0. 0. 0.]
cvc_x_pos (1501,)
[0. 0. 0. ... 0. 0. 0.]
cvc_x_pos (1501,)
[0. 0. 0. ... 0. 0. 0.]
cvc_x_pos (1501,)
[0. 0. 0. ... 0. 0. 0.]
cvc_x_pos (1501,)
[0. 0. 0. ... 0. 0. 0.]
cvc_x_pos (1501,)
[0. 0. 0. ... 0. 0. 0.]
cvc_x_pos (1501,)
[0. 0. 0. ... 0. 0. 0.]
cvc_x_pos (1501,)
[0. 0. 0. ... 0. 0. 0.]
cvc_x_pos (1501,)
[0. 0. 0. ... 0. 0. 0.]
cvc_x_pos (1501,)
[0. 0. 0. ... 0. 0. 0.]
cvc_x_pos (1501,)
[0. 0. 0. ... 0. 0. 0.]
cvc_x_pos (1501,)
[0. 0. 0. ... 0. 0. 0.]
cvc_x_pos (1501,)
[0. 0. 0. ... 0. 0. 0.]
cvc_x_pos (1501,)
[0. 0. 0. ... 0. 0. 0.]
cvc_x_pos (1501,)
[0. 0. 0. ... 0. 0. 0.]
cvc_x_pos (1501,)
[0. 0. 0. ... 0. 0. 0.]
cvc_x_pos (1501,)
[0. 0. 0. ... 0. 0. 0.]
cvc_x_pos (1501,)
[0. 0. 0. ... 0. 0. 0.]
cvc_x_pos (1501,)
[0. 0. 0. ... 0. 0. 0.]
cvc_x_pos (1501,)
[0. 0. 0. ... 0. 0. 0.]
cvc_x_pos (1501,)
[0. 0. 0. ... 0. 0. 0.]
cvc_x_pos (1501,)
[0. 0. 0. ... 0. 0. 0.]
cvc_x_pos (1501,)
[0. 0. 0. ... 0. 0. 0.]
cvc_x_pos (1501,)
[0. 0. 0. ... 0. 0. 0.]
cvc_x_pos (1501,)
[0. 0. 0. ... 0. 0. 0.]
cvc_x_pos (1501,)
[0. 0. 0. ... 0. 0. 0.]
cvc_x_pos (1501,)
[0. 0. 0. ... 0. 0. 0.]
cvc_x_pos (1501,)
[0. 0. 0. ... 0. 0. 0.]
cvc_x_pos (1501,)
[0. 0. 0. ... 0. 0. 0.]
cvc_x_pos (1501,)
[0. 0. 0. ... 0. 0. 0.]
cvc_x_pos (1501,)
[0. 0. 0. ... 0. 0. 0.]
cvc_x_pos (1501,)
[0. 0. 0. ... 0. 0. 0.]
cvc_x_pos (1501,)
[0. 0. 0. ... 0. 0. 0.]
cvc_x_pos (1501,)
[0. 0. 0. ... 0. 0. 0.]
cvc_x_pos (1501,)
[0. 0. 0. ... 0. 0. 0.]
cvc_x_pos (1501,)
[0. 0. 0. ... 0. 0. 0.]
cvc_x_pos (1501,)
[0.00574357 0.00574485 0.00574611 ... 0.         0.         0.        ]
cvc_x_pos (1501,)
[0.00634633 0.0063459  0.00634545 ... 0.         0.         0.        ]
cvc_x_pos (1501,)
[0.00437732 0.00437756 0.0043778  ... 0.         0.         0.        ]
cvc_x_pos (1501,)
[0.00555861 0.00555742 0.00555621 ... 0.         0.         0.        ]
cvc_x_pos (1501,)
[0. 0. 0. ... 0. 0. 0.]
cvc_x_pos (1501,)
[0. 0. 0. ... 0. 0. 0.]
cvc_x_pos (1501,)
[0. 0. 0. ... 0. 0. 0.]
cvc_x_pos (1501,)
[0. 0. 0. ... 0. 0. 0.]
cvc_x_pos (1501,)
[0. 0. 0. ... 0. 0. 0.]
cvc_x_pos (1501,)
[0. 0. 0. ... 0. 0. 0.]
cvc_x_pos (1501,)
[0. 0. 0. ... 0. 0. 0.]
cvc_x_pos (1501,)
[0. 0. 0. ... 0. 0. 0.]
cvc_x_pos (1501,)
[0. 0. 0. ... 0. 0. 0.]
cvc_x_pos (1501,)
[0. 0. 0. ... 0. 0. 0.]
cvc_x_pos (1501,)
[0. 0. 0. ... 0. 0. 0.]
cvc_x_pos (1501,)
[0. 0. 0. ... 0. 0. 0.]
cvc_x_pos (1501,)
[0. 0. 0. ... 0. 0. 0.]
cvc_x_pos (1501,)
[0. 0. 0. ... 0. 0. 0.]
cvc_x_pos (1501,)
[0. 0. 0. ... 0. 0. 0.]
cvc_x_pos (1501,)
[0. 0. 0. ... 0. 0. 0.]
cvc_x_pos (1501,)
[0. 0. 0. ... 0. 0. 0.]
cvc_x_pos (1501,)
[0. 0. 0. ... 0. 0. 0.]
cvc_x_pos (1501,)
[0. 0. 0. ... 0. 0. 0.]
cvc_x_pos (1501,)
[0. 0. 0. ... 0. 0. 0.]
cvc_x_pos (1501,)
[0. 0. 0. ... 0. 0. 0.]
cvc_x_pos (1501,)
[0. 0. 0. ... 0. 0. 0.]
cvc_x_pos (1501,)
[0. 0. 0. ... 0. 0. 0.]
cvc_x_pos (1501,)
[0. 0. 0. ... 0. 0. 0.]
cvc_x_pos (1501,)
[0. 0. 0. ... 0. 0. 0.]
cvc_x_pos (1501,)
[0. 0. 0. ... 0. 0. 0.]
cvc_x_pos (1501,)
[0. 0. 0. ... 0. 0. 0.]
cvc_x_pos (1501,)
[0. 0. 0. ... 0. 0. 0.]
cvc_x_pos (1501,)
[0. 0. 0. ... 0. 0. 0.]
cvc_x_pos (1501,)
[0. 0. 0. ... 0. 0. 0.]
cvc_x_pos (1501,)
[0. 0. 0. ... 0. 0. 0.]
cvc_x_pos (1501,)
[0. 0. 0. ... 0. 0. 0.]
cvc_x_pos (1501,)
[0. 0. 0. ... 0. 0. 0.]
cvc_x_pos (1501,)
[0. 0. 0. ... 0. 0. 0.]
cvc_x_pos (1501,)
[0.00625471 0.00625617 0.00625761 ... 0.         0.         0.        ]
cvc_x_pos (1501,)
[0.00637088 0.0063693  0.         ... 0.         0.         0.        ]
cvc_x_pos (1501,)
[0. 0. 0. ... 0. 0. 0.]
cvc_x_pos (1501,)
[0.00633974 0.0063404  0.00634104 ... 0.         0.         0.        ]
cvc_x_pos (1501,)
[0.00518497 0.0051859  0.00518682 ... 0.         0.         0.        ]
cvc_x_pos (1501,)
[0.00532717 0.00532667 0.00532617 ... 0.         0.         0.        ]
cvc_x_pos (1501,)
[0. 0. 0. ... 0. 0. 0.]
cvc_x_pos (1501,)
[0. 0. 0. ... 0. 0. 0.]
cvc_x_pos (1501,)
[0. 0. 0. ... 0. 0. 0.]
cvc_x_pos (1501,)
[0. 0. 0. ... 0. 0. 0.]
cvc_x_pos (1501,)
[0. 0. 0. ... 0. 0. 0.]
cvc_x_pos (1501,)
[0. 0. 0. ... 0. 0. 0.]
cvc_x_pos (1501,)
[0. 0. 0. ... 0. 0. 0.]
cvc_x_pos (1501,)
[0. 0. 0. ... 0. 0. 0.]
cvc_x_pos (1501,)
[0. 0. 0. ... 0. 0. 0.]
cvc_x_pos (1501,)
[0. 0. 0. ... 0. 0. 0.]
cvc_x_pos (1501,)
[0. 0. 0. ... 0. 0. 0.]
cvc_x_pos (1501,)
[0. 0. 0. ... 0. 0. 0.]
cvc_x_pos (1501,)
[0. 0. 0. ... 0. 0. 0.]
cvc_x_pos (1501,)
[0. 0. 0. ... 0. 0. 0.]
cvc_x_pos (1501,)
[0. 0. 0. ... 0. 0. 0.]
cvc_x_pos (1501,)
[0. 0. 0. ... 0. 0. 0.]
cvc_x_pos (1501,)
[0. 0. 0. ... 0. 0. 0.]
cvc_x_pos (1501,)
[0. 0. 0. ... 0. 0. 0.]
cvc_x_pos (1501,)
[0. 0. 0. ... 0. 0. 0.]
cvc_x_pos (1501,)
[0. 0. 0. ... 0. 0. 0.]
cvc_x_pos (1501,)
[0. 0. 0. ... 0. 0. 0.]
cvc_x_pos (1501,)
[0. 0. 0. ... 0. 0. 0.]
cvc_x_pos (1501,)
[0. 0. 0. ... 0. 0. 0.]
cvc_x_pos (1501,)
[0. 0. 0. ... 0. 0. 0.]
cvc_x_pos (1501,)
[0. 0. 0. ... 0. 0. 0.]
cvc_x_pos (1501,)
[0. 0. 0. ... 0. 0. 0.]
cvc_x_pos (1501,)
[0. 0. 0. ... 0. 0. 0.]
cvc_x_pos (1501,)
[0.00506085 0.00506123 0.0050616  ... 0.         0.         0.        ]
cvc_x_pos (1501,)
[0.00571126 0.00571207 0.00571288 ... 0.         0.         0.        ]
cvc_x_pos (1501,)
[0.00606543 0.00606466 0.00606386 ... 0.         0.         0.        ]
cvc_x_pos (1501,)
[0.0048944  0.00489444 0.00489447 ... 0.         0.         0.        ]
cvc_x_pos (1501,)
[0. 0. 0. ... 0. 0. 0.]
cvc_x_pos (1501,)
[0. 0. 0. ... 0. 0. 0.]
cvc_x_pos (1501,)
[0. 0. 0. ... 0. 0. 0.]
cvc_x_pos (1501,)
[0. 0. 0. ... 0. 0. 0.]
cvc_x_pos (1501,)
[0. 0. 0. ... 0. 0. 0.]
cvc_x_pos (1501,)
[0. 0. 0. ... 0. 0. 0.]
cvc_x_pos (1501,)
[0. 0. 0. ... 0. 0. 0.]
cvc_x_pos (1501,)
[0. 0. 0. ... 0. 0. 0.]
cvc_x_pos (1501,)
[0. 0. 0. ... 0. 0. 0.]
cvc_x_pos (1501,)
[0. 0. 0. ... 0. 0. 0.]
cvc_x_pos (1501,)
[0. 0. 0. ... 0. 0. 0.]
cvc_x_pos (1501,)
[0. 0. 0. ... 0. 0. 0.]
cvc_x_pos (1501,)
[0. 0. 0. ... 0. 0. 0.]
cvc_x_pos (1501,)
[0. 0. 0. ... 0. 0. 0.]
cvc_x_pos (1501,)
[0. 0. 0. ... 0. 0. 0.]
cvc_x_pos (1501,)
[0.00470152 0.00470112 0.00470071 ... 0.         0.         0.        ]
cvc_x_pos (1501,)
[0. 0. 0. ... 0. 0. 0.]
cvc_x_pos (1501,)
[0.00536569 0.00536569 0.00536568 ... 0.         0.         0.        ]
cvc_x_pos (1501,)
[0.00507276 0.00507367 0.00507458 ... 0.         0.         0.        ]
cvc_x_pos (1501,)
[0.00507926 0.00507871 0.00507814 ... 0.         0.         0.        ]
cvc_x_pos (1501,)
[0.00425809 0.00425869 0.00425928 ... 0.         0.         0.        ]
cvc_x_pos (1501,)
[0.00673199 0.0067323  0.00673259 ... 0.         0.         0.        ]
cvc_x_pos (1501,)
[0. 0. 0. ... 0. 0. 0.]
cvc_x_pos (1501,)
[0. 0. 0. ... 0. 0. 0.]
cvc_x_pos (1501,)
[0. 0. 0. ... 0. 0. 0.]
cvc_x_pos (1501,)
[0. 0. 0. ... 0. 0. 0.]
cvc_x_pos (1501,)
[0. 0. 0. ... 0. 0. 0.]
cvc_x_pos (1501,)
[0. 0. 0. ... 0. 0. 0.]
cvc_x_pos (1501,)
[0. 0. 0. ... 0. 0. 0.]
cvc_x_pos (1501,)
[0.00527776 0.00527803 0.00527829 ... 0.         0.         0.        ]
cvc_x_pos (1501,)
[0. 0. 0. ... 0. 0. 0.]
cvc_x_pos (1501,)
[0.0055413  0.00554154 0.00554177 ... 0.         0.         0.        ]
cvc_x_pos (1501,)
[0. 0. 0. ... 0. 0. 0.]
cvc_x_pos (1501,)
[0.00635028 0.00635017 0.00635005 ... 0.         0.         0.        ]
cvc_x_pos (1501,)
[0.00535565 0.00535615 0.00535663 ... 0.         0.         0.        ]
cvc_x_pos (1501,)
[0. 0. 0. ... 0. 0. 0.]
cvc_x_pos (1501,)
[0. 0. 0. ... 0. 0. 0.]
cvc_x_pos (1501,)
[0. 0. 0. ... 0. 0. 0.]
cvc_x_pos (1501,)
[0. 0. 0. ... 0. 0. 0.]
cvc_x_pos (1501,)
[0.00543324 0.00543398 0.0054347  ... 0.         0.         0.        ]
cvc_x_pos (1501,)
[0. 0. 0. ... 0. 0. 0.]
cvc_x_pos (1501,)
[0.00515575 0.00515516 0.00515456 ... 0.         0.         0.        ]
cvc_x_pos (1501,)
[0.00481974 0.00481945 0.00481915 ... 0.         0.         0.        ]
cvc_x_pos (1501,)
[0.00524048 0.00523992 0.00523935 ... 0.         0.         0.        ]
cvc_x_pos (1501,)
[0. 0. 0. ... 0. 0. 0.]
cvc_x_pos (1501,)
[0.00591796 0.00591714 0.00591631 ... 0.         0.         0.        ]
cvc_x_pos (1501,)
[0.00603665 0.00603718 0.00603768 ... 0.         0.         0.        ]
cvc_x_pos (1501,)
[0. 0. 0. ... 0. 0. 0.]
cvc_x_pos (1501,)
[0. 0. 0. ... 0. 0. 0.]
cvc_x_pos (1501,)
[0.00437233 0.00437294 0.00437354 ... 0.         0.         0.        ]
cvc_x_pos (1501,)
[0.00521874 0.00521832 0.00521789 ... 0.         0.         0.        ]
cvc_x_pos (1501,)
[0.00564944 0.00564822 0.00564698 ... 0.         0.         0.        ]
cvc_x_pos (1501,)
[0. 0. 0. ... 0. 0. 0.]
cvc_x_pos (1501,)
[0. 0. 0. ... 0. 0. 0.]
cvc_x_pos (1501,)
[0. 0. 0. ... 0. 0. 0.]
cvc_x_pos (1501,)
[0. 0. 0. ... 0. 0. 0.]
cvc_x_pos (1501,)
[0. 0. 0. ... 0. 0. 0.]
cvc_x_pos (1501,)
[0. 0. 0. ... 0. 0. 0.]
cvc_x_pos (1501,)
[0. 0. 0. ... 0. 0. 0.]
cvc_x_pos (1501,)
[0. 0. 0. ... 0. 0. 0.]
cvc_x_pos (1501,)
[0.00562747 0.00562635 0.00562523 ... 0.         0.         0.        ]
cvc_x_pos (1501,)
[0. 0. 0. ... 0. 0. 0.]
cvc_x_pos (1501,)
[0. 0. 0. ... 0. 0. 0.]
cvc_x_pos (1501,)
[0.00528041 0.00528029 0.00528016 ... 0.         0.         0.        ]
cvc_x_pos (1501,)
[0. 0. 0. ... 0. 0. 0.]
cvc_x_pos (1501,)
[0.00589156 0.00589216 0.00589274 ... 0.         0.         0.        ]
cvc_x_pos (1501,)
[0. 0. 0. ... 0. 0. 0.]
cvc_x_pos (1501,)
[0.00522491 0.00522475 0.00522459 ... 0.         0.         0.        ]
cvc_x_pos (1501,)
[0.00552415 0.00552342 0.00552268 ... 0.         0.         0.        ]
cvc_x_pos (1501,)
[0. 0. 0. ... 0. 0. 0.]
cvc_x_pos (1501,)
[0.00573266 0.00573281 0.00573295 ... 0.         0.         0.        ]
cvc_x_pos (1501,)
[0. 0. 0. ... 0. 0. 0.]
cvc_x_pos (1501,)
[0. 0. 0. ... 0. 0. 0.]
cvc_x_pos (1501,)
[0. 0. 0. ... 0. 0. 0.]
cvc_x_pos (1501,)
[0. 0. 0. ... 0. 0. 0.]
cvc_x_pos (1501,)
[0. 0. 0. ... 0. 0. 0.]
cvc_x_pos (1501,)
[0. 0. 0. ... 0. 0. 0.]
cvc_x_pos (1501,)
[0. 0. 0. ... 0. 0. 0.]
cvc_x_pos (1501,)
[0. 0. 0. ... 0. 0. 0.]
cvc_x_pos (1501,)
[0. 0. 0. ... 0. 0. 0.]
cvc_x_pos (1501,)
[0. 0. 0. ... 0. 0. 0.]
cvc_x_pos (1501,)
[0. 0. 0. ... 0. 0. 0.]
cvc_x_pos (1501,)
[0. 0. 0. ... 0. 0. 0.]
cvc_x_pos (1501,)
[0. 0. 0. ... 0. 0. 0.]
cvc_x_pos (1501,)
[0. 0. 0. ... 0. 0. 0.]
cvc_x_pos (1501,)
[0. 0. 0. ... 0. 0. 0.]
cvc_x_pos (1501,)
[0. 0. 0. ... 0. 0. 0.]
cvc_x_pos (1501,)
[0. 0. 0. ... 0. 0. 0.]
cvc_x_pos (1501,)
[0. 0. 0. ... 0. 0. 0.]
cvc_x_pos (1501,)
[0. 0. 0. ... 0. 0. 0.]
cvc_x_pos (1501,)
[0.00543222 0.00543107 0.0054299  ... 0.         0.         0.        ]
cvc_x_pos (1501,)
[0. 0. 0. ... 0. 0. 0.]
cvc_x_pos (1501,)
[0.00622261 0.0062212  0.00621978 ... 0.         0.         0.        ]
cvc_x_pos (1501,)
[0. 0. 0. ... 0. 0. 0.]
cvc_x_pos (1501,)
[0.00559457 0.005594   0.00559342 ... 0.         0.         0.        ]
cvc_x_pos (1501,)
[0. 0. 0. ... 0. 0. 0.]
cvc_x_pos (1501,)
[0.00546521 0.00546453 0.00546383 ... 0.         0.         0.        ]
cvc_x_pos (1501,)
[0.00552233 0.00552156 0.00552078 ... 0.         0.         0.        ]
cvc_x_pos (1501,)
[0.00539911 0.0053999  0.00540068 ... 0.         0.         0.        ]
cvc_x_pos (1501,)
[0.00556273 0.00556163 0.00556052 ... 0.         0.         0.        ]
cvc_x_pos (1501,)
[0. 0. 0. ... 0. 0. 0.]
cvc_x_pos (1501,)
[0. 0. 0. ... 0. 0. 0.]
cvc_x_pos (1501,)
[0. 0. 0. ... 0. 0. 0.]
cvc_x_pos (1501,)
[0. 0. 0. ... 0. 0. 0.]
cvc_x_pos (1501,)
[0. 0. 0. ... 0. 0. 0.]
cvc_x_pos (1501,)
[0. 0. 0. ... 0. 0. 0.]
cvc_x_pos (1501,)
[0. 0. 0. ... 0. 0. 0.]
cvc_x_pos (1501,)
[0. 0. 0. ... 0. 0. 0.]
cvc_x_pos (1501,)
[0. 0. 0. ... 0. 0. 0.]
cvc_x_pos (1501,)
[0. 0. 0. ... 0. 0. 0.]
cvc_x_pos (1501,)
[0. 0. 0. ... 0. 0. 0.]
cvc_x_pos (1501,)
[0. 0. 0. ... 0. 0. 0.]
cvc_x_pos (1501,)
[0. 0. 0. ... 0. 0. 0.]
cvc_x_pos (1501,)
[0. 0. 0. ... 0. 0. 0.]
cvc_x_pos (1501,)
[0. 0. 0. ... 0. 0. 0.]
cvc_x_pos (1501,)
[0. 0. 0. ... 0. 0. 0.]
cvc_x_pos (1501,)
[0. 0. 0. ... 0. 0. 0.]
cvc_x_pos (1501,)
[0. 0. 0. ... 0. 0. 0.]
cvc_x_pos (1501,)
[0. 0. 0. ... 0. 0. 0.]
cvc_x_pos (1501,)
[0. 0. 0. ... 0. 0. 0.]
cvc_x_pos (1501,)
[0. 0. 0. ... 0. 0. 0.]
cvc_x_pos (1501,)
[0. 0. 0. ... 0. 0. 0.]
cvc_x_pos (1501,)
[0. 0. 0. ... 0. 0. 0.]
cvc_x_pos (1501,)
[0. 0. 0. ... 0. 0. 0.]
cvc_x_pos (1501,)
[0. 0. 0. ... 0. 0. 0.]
cvc_x_pos (1501,)
[0. 0. 0. ... 0. 0. 0.]
cvc_x_pos (1501,)
[0. 0. 0. ... 0. 0. 0.]
cvc_x_pos (1501,)
[0. 0. 0. ... 0. 0. 0.]
cvc_x_pos (1501,)
[0. 0. 0. ... 0. 0. 0.]
cvc_x_pos (1501,)
[0. 0. 0. ... 0. 0. 0.]
cvc_x_pos (1501,)
[0. 0. 0. ... 0. 0. 0.]
cvc_x_pos (1501,)
[0. 0. 0. ... 0. 0. 0.]
cvc_x_pos (1501,)
[0. 0. 0. ... 0. 0. 0.]
cvc_x_pos (1501,)
[0.00490145 0.00490089 0.00490032 ... 0.         0.         0.        ]
cvc_x_pos (1501,)
[0.00511884 0.00511874 0.00511862 ... 0.         0.         0.        ]
cvc_x_pos (1501,)
[0. 0. 0. ... 0. 0. 0.]
cvc_x_pos (1501,)
[0.00496052 0.00496089 0.00496125 ... 0.         0.         0.        ]
cvc_x_pos (1501,)
[0. 0. 0. ... 0. 0. 0.]
cvc_x_pos (1501,)
[0. 0. 0. ... 0. 0. 0.]
cvc_x_pos (1501,)
[0. 0. 0. ... 0. 0. 0.]
cvc_x_pos (1501,)
[0. 0. 0. ... 0. 0. 0.]
cvc_x_pos (1501,)
[0. 0. 0. ... 0. 0. 0.]
cvc_x_pos (1501,)
[0. 0. 0. ... 0. 0. 0.]
cvc_x_pos (1501,)
[0. 0. 0. ... 0. 0. 0.]
cvc_x_pos (1501,)
[0. 0. 0. ... 0. 0. 0.]
cvc_x_pos (1501,)
[0. 0. 0. ... 0. 0. 0.]
cvc_x_pos (1501,)
[0. 0. 0. ... 0. 0. 0.]
cvc_x_pos (1501,)
[0. 0. 0. ... 0. 0. 0.]
cvc_x_pos (1501,)
[0. 0. 0. ... 0. 0. 0.]
cvc_x_pos (1501,)
[0. 0. 0. ... 0. 0. 0.]
cvc_x_pos (1501,)
[0. 0. 0. ... 0. 0. 0.]
cvc_x_pos (1501,)
[0. 0. 0. ... 0. 0. 0.]
cvc_x_pos (1501,)
[0. 0. 0. ... 0. 0. 0.]
cvc_x_pos (1501,)
[0. 0. 0. ... 0. 0. 0.]
cvc_x_pos (1501,)
[0. 0. 0. ... 0. 0. 0.]
cvc_x_pos (1501,)
[0. 0. 0. ... 0. 0. 0.]
cvc_x_pos (1501,)
[0. 0. 0. ... 0. 0. 0.]
cvc_x_pos (1501,)
[0. 0. 0. ... 0. 0. 0.]
cvc_x_pos (1501,)
[0. 0. 0. ... 0. 0. 0.]
cvc_x_pos (1501,)
[0. 0. 0. ... 0. 0. 0.]
cvc_x_pos (1501,)
[0. 0. 0. ... 0. 0. 0.]
cvc_x_pos (1501,)
[0. 0. 0. ... 0. 0. 0.]
cvc_x_pos (1501,)
[0. 0. 0. ... 0. 0. 0.]
cvc_x_pos (1501,)
[0. 0. 0. ... 0. 0. 0.]
cvc_x_pos (1501,)
[0. 0. 0. ... 0. 0. 0.]
cvc_x_pos (1501,)
[0. 0. 0. ... 0. 0. 0.]
cvc_x_pos (1501,)
[0. 0. 0. ... 0. 0. 0.]
cvc_x_pos (1501,)
[0. 0. 0. ... 0. 0. 0.]
cvc_x_pos (1501,)
[0. 0. 0. ... 0. 0. 0.]
cvc_x_pos (1501,)
[0. 0. 0. ... 0. 0. 0.]
cvc_x_pos (1501,)
[0. 0. 0. ... 0. 0. 0.]
cvc_x_pos (1501,)
[0. 0. 0. ... 0. 0. 0.]
cvc_x_pos (1501,)
[0. 0. 0. ... 0. 0. 0.]
cvc_x_pos (1501,)
[0. 0. 0. ... 0. 0. 0.]
cvc_x_pos (1501,)
[0. 0. 0. ... 0. 0. 0.]
cvc_x_pos (1501,)
[0. 0. 0. ... 0. 0. 0.]
cvc_x_pos (1501,)
[0. 0. 0. ... 0. 0. 0.]
cvc_x_pos (1501,)
[0. 0. 0. ... 0. 0. 0.]
cvc_x_pos (1501,)
[0. 0. 0. ... 0. 0. 0.]
cvc_x_pos (1501,)
[0. 0. 0. ... 0. 0. 0.]
cvc_x_pos (1501,)
[0.00507352 0.00507262 0.0050717  ... 0.         0.         0.        ]
cvc_x_pos (1501,)
[0.00529355 0.00529254 0.00529152 ... 0.         0.         0.        ]
cvc_x_pos (1501,)
[0.00622806 0.00622676 0.00622544 ... 0.         0.         0.        ]
cvc_x_pos (1501,)
[0.00574867 0.00574792 0.00574715 ... 0.         0.         0.        ]
cvc_x_pos (1501,)
[0. 0. 0. ... 0. 0. 0.]
cvc_x_pos (1501,)
[0.00590555 0.00590655 0.00590753 ... 0.         0.         0.        ]
cvc_x_pos (1501,)
[0. 0. 0. ... 0. 0. 0.]
cvc_x_pos (1501,)
[0.0054234  0.00542343 0.00542346 ... 0.         0.         0.        ]
cvc_x_pos (1501,)
[0. 0. 0. ... 0. 0. 0.]
cvc_x_pos (1501,)
[0. 0. 0. ... 0. 0. 0.]
cvc_x_pos (1501,)
[0. 0. 0. ... 0. 0. 0.]
cvc_x_pos (1501,)
[0. 0. 0. ... 0. 0. 0.]
cvc_x_pos (1501,)
[0. 0. 0. ... 0. 0. 0.]
cvc_x_pos (1501,)
[0. 0. 0. ... 0. 0. 0.]
cvc_x_pos (1501,)
[0. 0. 0. ... 0. 0. 0.]
cvc_x_pos (1501,)
[0. 0. 0. ... 0. 0. 0.]
cvc_x_pos (1501,)
[0. 0. 0. ... 0. 0. 0.]
cvc_x_pos (1501,)
[0. 0. 0. ... 0. 0. 0.]
cvc_x_pos (1501,)
[0. 0. 0. ... 0. 0. 0.]
cvc_x_pos (1501,)
[0. 0. 0. ... 0. 0. 0.]
cvc_x_pos (1501,)
[0. 0. 0. ... 0. 0. 0.]
cvc_x_pos (1501,)
[0. 0. 0. ... 0. 0. 0.]
cvc_x_pos (1501,)
[0. 0. 0. ... 0. 0. 0.]
cvc_x_pos (1501,)
[0. 0. 0. ... 0. 0. 0.]
cvc_x_pos (1501,)
[0. 0. 0. ... 0. 0. 0.]
cvc_x_pos (1501,)
[0. 0. 0. ... 0. 0. 0.]
cvc_x_pos (1501,)
[0. 0. 0. ... 0. 0. 0.]
cvc_x_pos (1501,)
[0. 0. 0. ... 0. 0. 0.]
cvc_x_pos (1501,)
[0. 0. 0. ... 0. 0. 0.]
cvc_x_pos (1501,)
[0. 0. 0. ... 0. 0. 0.]
cvc_x_pos (1501,)
[0. 0. 0. ... 0. 0. 0.]
cvc_x_pos (1501,)
[0. 0. 0. ... 0. 0. 0.]
cvc_x_pos (1501,)
[0. 0. 0. ... 0. 0. 0.]
cvc_x_pos (1501,)
[0. 0. 0. ... 0. 0. 0.]
cvc_x_pos (1501,)
[0. 0. 0. ... 0. 0. 0.]
cvc_x_pos (1501,)
[0. 0. 0. ... 0. 0. 0.]
cvc_x_pos (1501,)
[0. 0. 0. ... 0. 0. 0.]
cvc_x_pos (1501,)
[0. 0. 0. ... 0. 0. 0.]
cvc_x_pos (1501,)
[0. 0. 0. ... 0. 0. 0.]
cvc_x_pos (1501,)
[0. 0. 0. ... 0. 0. 0.]
cvc_x_pos (1501,)
[0. 0. 0. ... 0. 0. 0.]
cvc_x_pos (1501,)
[0. 0. 0. ... 0. 0. 0.]
cvc_x_pos (1501,)
[0. 0. 0. ... 0. 0. 0.]
cvc_x_pos (1501,)
[0. 0. 0. ... 0. 0. 0.]
cvc_x_pos (1501,)
[0. 0. 0. ... 0. 0. 0.]
cvc_x_pos (1501,)
[0. 0. 0. ... 0. 0. 0.]
cvc_x_pos (1501,)
[0. 0. 0. ... 0. 0. 0.]
cvc_x_pos (1501,)
[0. 0. 0. ... 0. 0. 0.]
cvc_x_pos (1501,)
[0. 0. 0. ... 0. 0. 0.]
cvc_x_pos (1501,)
[0.         0.0064935  0.00649516 ... 0.         0.         0.        ]
cvc_x_pos (1501,)
[0.00526367 0.00526467 0.00526566 ... 0.         0.         0.        ]
cvc_x_pos (1501,)
[0.00492396 0.00492458 0.00492519 ... 0.         0.         0.        ]
cvc_x_pos (1501,)
[0.0053192  0.00531986 0.00532051 ... 0.         0.         0.        ]
cvc_x_pos (1501,)
[0.00573717 0.00573811 0.00573904 ... 0.         0.         0.        ]
cvc_x_pos (1501,)
[0.00573106 0.00573133 0.00573157 ... 0.         0.         0.        ]
cvc_x_pos (1501,)
[0.00568865 0.00568926 0.00568986 ... 0.         0.         0.        ]
cvc_x_pos (1501,)
[0. 0. 0. ... 0. 0. 0.]
cvc_x_pos (1501,)
[0. 0. 0. ... 0. 0. 0.]
cvc_x_pos (1501,)
[0. 0. 0. ... 0. 0. 0.]
cvc_x_pos (1501,)
[0. 0. 0. ... 0. 0. 0.]
cvc_x_pos (1501,)
[0. 0. 0. ... 0. 0. 0.]
cvc_x_pos (1501,)
[0. 0. 0. ... 0. 0. 0.]
cvc_x_pos (1501,)
[0. 0. 0. ... 0. 0. 0.]
cvc_x_pos (1501,)
[0. 0. 0. ... 0. 0. 0.]
cvc_x_pos (1501,)
[0. 0. 0. ... 0. 0. 0.]
cvc_x_pos (1501,)
[0. 0. 0. ... 0. 0. 0.]
cvc_x_pos (1501,)
[0. 0. 0. ... 0. 0. 0.]
cvc_x_pos (1501,)
[0. 0. 0. ... 0. 0. 0.]
cvc_x_pos (1501,)
[0. 0. 0. ... 0. 0. 0.]
cvc_x_pos (1501,)
[0. 0. 0. ... 0. 0. 0.]
cvc_x_pos (1501,)
[0. 0. 0. ... 0. 0. 0.]
cvc_x_pos (1501,)
[0. 0. 0. ... 0. 0. 0.]
cvc_x_pos (1501,)
[0. 0. 0. ... 0. 0. 0.]
cvc_x_pos (1501,)
[0. 0. 0. ... 0. 0. 0.]
cvc_x_pos (1501,)
[0. 0. 0. ... 0. 0. 0.]
cvc_x_pos (1501,)
[0. 0. 0. ... 0. 0. 0.]
cvc_x_pos (1501,)
[0. 0. 0. ... 0. 0. 0.]
cvc_x_pos (1501,)
[0. 0. 0. ... 0. 0. 0.]
cvc_x_pos (1501,)
[0. 0. 0. ... 0. 0. 0.]
cvc_x_pos (1501,)
[0. 0. 0. ... 0. 0. 0.]
cvc_x_pos (1501,)
[0. 0. 0. ... 0. 0. 0.]
cvc_x_pos (1501,)
[0. 0. 0. ... 0. 0. 0.]
cvc_x_pos (1501,)
[0. 0. 0. ... 0. 0. 0.]
cvc_x_pos (1501,)
[0. 0. 0. ... 0. 0. 0.]
cvc_x_pos (1501,)
[0. 0. 0. ... 0. 0. 0.]
cvc_x_pos (1501,)
[0. 0. 0. ... 0. 0. 0.]
cvc_x_pos (1501,)
[0. 0. 0. ... 0. 0. 0.]
cvc_x_pos (1501,)
[0. 0. 0. ... 0. 0. 0.]
cvc_x_pos (1501,)
[0. 0. 0. ... 0. 0. 0.]
cvc_x_pos (1501,)
[0. 0. 0. ... 0. 0. 0.]
cvc_x_pos (1501,)
[0. 0. 0. ... 0. 0. 0.]
cvc_x_pos (1501,)
[0.00543965 0.00544024 0.00544081 ... 0.         0.         0.        ]
cvc_x_pos (1501,)
[0.00525254 0.00525266 0.00525277 ... 0.         0.         0.        ]
cvc_x_pos (1501,)
[0.00669672 0.00669807 0.0066994  ... 0.         0.         0.        ]
cvc_x_pos (1501,)
[0.00486808 0.0048683  0.00486851 ... 0.         0.         0.        ]
cvc_x_pos (1501,)
[0.00594345 0.00594245 0.00594142 ... 0.         0.         0.        ]
cvc_x_pos (1501,)
[0.00540079 0.00540157 0.00540235 ... 0.         0.         0.        ]
cvc_x_pos (1501,)
[0.00520862 0.00520764 0.00520666 ... 0.         0.         0.        ]
cvc_x_pos (1501,)
[0.00521429 0.00521335 0.00521241 ... 0.         0.         0.        ]
cvc_x_pos (1501,)
[0.00749463 0.00749644 0.00749822 ... 0.         0.         0.        ]
cvc_x_pos (1501,)
[0.00470899 0.00470959 0.00471017 ... 0.         0.         0.        ]
cvc_x_pos (1501,)
[0. 0. 0. ... 0. 0. 0.]
cvc_x_pos (1501,)
[0. 0. 0. ... 0. 0. 0.]
cvc_x_pos (1501,)
[0. 0. 0. ... 0. 0. 0.]
cvc_x_pos (1501,)
[0. 0. 0. ... 0. 0. 0.]
cvc_x_pos (1501,)
[0. 0. 0. ... 0. 0. 0.]
cvc_x_pos (1501,)
[0. 0. 0. ... 0. 0. 0.]
cvc_x_pos (1501,)
[0. 0. 0. ... 0. 0. 0.]
cvc_x_pos (1501,)
[0. 0. 0. ... 0. 0. 0.]
cvc_x_pos (1501,)
[0. 0. 0. ... 0. 0. 0.]
cvc_x_pos (1501,)
[0. 0. 0. ... 0. 0. 0.]
cvc_x_pos (1501,)
[0. 0. 0. ... 0. 0. 0.]
cvc_x_pos (1501,)
[0. 0. 0. ... 0. 0. 0.]
cvc_x_pos (1501,)
[0. 0. 0. ... 0. 0. 0.]
cvc_x_pos (1501,)
[0. 0. 0. ... 0. 0. 0.]
cvc_x_pos (1501,)
[0. 0. 0. ... 0. 0. 0.]
cvc_x_pos (1501,)
[0. 0. 0. ... 0. 0. 0.]
cvc_x_pos (1501,)
[0. 0. 0. ... 0. 0. 0.]
cvc_x_pos (1501,)
[0. 0. 0. ... 0. 0. 0.]
cvc_x_pos (1501,)
[0. 0. 0. ... 0. 0. 0.]
cvc_x_pos (1501,)
[0. 0. 0. ... 0. 0. 0.]
cvc_x_pos (1501,)
[0. 0. 0. ... 0. 0. 0.]
cvc_x_pos (1501,)
[0. 0. 0. ... 0. 0. 0.]
cvc_x_pos (1501,)
[0. 0. 0. ... 0. 0. 0.]
cvc_x_pos (1501,)
[0.00496424 0.00496398 0.00496372 ... 0.         0.         0.        ]
cvc_x_pos (1501,)
[0. 0. 0. ... 0. 0. 0.]
cvc_x_pos (1501,)
[0.0052443  0.00524382 0.00524333 ... 0.         0.         0.        ]
cvc_x_pos (1501,)
[0. 0. 0. ... 0. 0. 0.]
cvc_x_pos (1501,)
[0. 0. 0. ... 0. 0. 0.]
cvc_x_pos (1501,)
[0.00522739 0.00522662 0.00522584 ... 0.         0.         0.        ]
cvc_x_pos (1501,)
[0.00573243 0.00573223 0.00573201 ... 0.         0.         0.        ]
cvc_x_pos (1501,)
[0. 0. 0. ... 0. 0. 0.]
cvc_x_pos (1501,)
[0. 0. 0. ... 0. 0. 0.]
cvc_x_pos (1501,)
[0. 0. 0. ... 0. 0. 0.]
cvc_x_pos (1501,)
[0. 0. 0. ... 0. 0. 0.]
cvc_x_pos (1501,)
[0. 0. 0. ... 0. 0. 0.]
cvc_x_pos (1501,)
[0. 0. 0. ... 0. 0. 0.]
cvc_x_pos (1501,)
[0. 0. 0. ... 0. 0. 0.]
cvc_x_pos (1501,)
[0. 0. 0. ... 0. 0. 0.]
cvc_x_pos (1501,)
[0. 0. 0. ... 0. 0. 0.]
cvc_x_pos (1501,)
[0. 0. 0. ... 0. 0. 0.]
cvc_x_pos (1501,)
[0.00630203 0.0063034  0.00630476 ... 0.         0.         0.        ]
cvc_x_pos (1501,)
[0.00611777 0.00611765 0.00611751 ... 0.         0.         0.        ]
cvc_x_pos (1501,)
[0. 0. 0. ... 0. 0. 0.]
cvc_x_pos (1501,)
[0.00499099 0.00499168 0.00499236 ... 0.         0.         0.        ]
cvc_x_pos (1501,)
[0.00570041 0.00570055 0.00570067 ... 0.         0.         0.        ]
cvc_x_pos (1501,)
[0. 0. 0. ... 0. 0. 0.]
cvc_x_pos (1501,)
[0.00611751 0.0061187  0.00611987 ... 0.         0.         0.        ]
cvc_x_pos (1501,)
[0. 0. 0. ... 0. 0. 0.]
cvc_x_pos (1501,)
[0. 0. 0. ... 0. 0. 0.]
cvc_x_pos (1501,)
[0. 0. 0. ... 0. 0. 0.]
cvc_x_pos (1501,)
[0. 0. 0. ... 0. 0. 0.]
cvc_x_pos (1501,)
[0.00664178 0.0066414  0.006641   ... 0.         0.         0.        ]
cvc_x_pos (1501,)
[0. 0. 0. ... 0. 0. 0.]
cvc_x_pos (1501,)
[0.0056864  0.00568754 0.00568866 ... 0.         0.         0.        ]
cvc_x_pos (1501,)
[0.00530672 0.00530756 0.0053084  ... 0.         0.         0.        ]
cvc_x_pos (1501,)
[0.00535819 0.00535775 0.0053573  ... 0.         0.         0.        ]
cvc_x_pos (1501,)
[0. 0. 0. ... 0. 0. 0.]
cvc_x_pos (1501,)
[0.00535123 0.00535061 0.00534998 ... 0.         0.         0.        ]
cvc_x_pos (1501,)
[0. 0. 0. ... 0. 0. 0.]
cvc_x_pos (1501,)
[0. 0. 0. ... 0. 0. 0.]
cvc_x_pos (1501,)
[0. 0. 0. ... 0. 0. 0.]
cvc_x_pos (1501,)
[0. 0. 0. ... 0. 0. 0.]
cvc_x_pos (1501,)
[0. 0. 0. ... 0. 0. 0.]
cvc_x_pos (1501,)
[0. 0. 0. ... 0. 0. 0.]
cvc_x_pos (1501,)
[0.00551106 0.00551128 0.00551149 ... 0.         0.         0.        ]
cvc_x_pos (1501,)
[0.0057321  0.0057323  0.00573248 ... 0.         0.         0.        ]
cvc_x_pos (1501,)
[0. 0. 0. ... 0. 0. 0.]
cvc_x_pos (1501,)
[0. 0. 0. ... 0. 0. 0.]
cvc_x_pos (1501,)
[0. 0. 0. ... 0. 0. 0.]
cvc_x_pos (1501,)
[0. 0. 0. ... 0. 0. 0.]
cvc_x_pos (1501,)
[0. 0. 0. ... 0. 0. 0.]
cvc_x_pos (1501,)
[0. 0. 0. ... 0. 0. 0.]
cvc_x_pos (1501,)
[0. 0. 0. ... 0. 0. 0.]
cvc_x_pos (1501,)
[0. 0. 0. ... 0. 0. 0.]
cvc_x_pos (1501,)
[0. 0. 0. ... 0. 0. 0.]
cvc_x_pos (1501,)
[0. 0. 0. ... 0. 0. 0.]
cvc_x_pos (1501,)
[0. 0. 0. ... 0. 0. 0.]
cvc_x_pos (1501,)
[0. 0. 0. ... 0. 0. 0.]
cvc_x_pos (1501,)
[0. 0. 0. ... 0. 0. 0.]
cvc_x_pos (1501,)
[0. 0. 0. ... 0. 0. 0.]
cvc_x_pos (1501,)
[0.00534004 0.00533924 0.00533843 ... 0.         0.         0.        ]
cvc_x_pos (1501,)
[0.00461105 0.00461058 0.0046101  ... 0.         0.         0.        ]
cvc_x_pos (1501,)
[0. 0. 0. ... 0. 0. 0.]
cvc_x_pos (1501,)
[0.00451941 0.00451935 0.00451928 ... 0.         0.         0.        ]
cvc_x_pos (1501,)
[0. 0. 0. ... 0. 0. 0.]
cvc_x_pos (1501,)
[0.00642767 0.00642807 0.00642846 ... 0.         0.         0.        ]
cvc_x_pos (1501,)
[0.00535095 0.00534994 0.00534893 ... 0.         0.         0.        ]
cvc_x_pos (1501,)
[0. 0. 0. ... 0. 0. 0.]
cvc_x_pos (1501,)
[0. 0. 0. ... 0. 0. 0.]
cvc_x_pos (1501,)
[0. 0. 0. ... 0. 0. 0.]
cvc_x_pos (1501,)
[0. 0. 0. ... 0. 0. 0.]
cvc_x_pos (1501,)
[0. 0. 0. ... 0. 0. 0.]
cvc_x_pos (1501,)
[0. 0. 0. ... 0. 0. 0.]
cvc_x_pos (1501,)
[0. 0. 0. ... 0. 0. 0.]
cvc_x_pos (1501,)
[0. 0. 0. ... 0. 0. 0.]
cvc_x_pos (1501,)
[0. 0. 0. ... 0. 0. 0.]
cvc_x_pos (1501,)
[0. 0. 0. ... 0. 0. 0.]
cvc_x_pos (1501,)
[0. 0. 0. ... 0. 0. 0.]
cvc_x_pos (1501,)
[0. 0. 0. ... 0. 0. 0.]
cvc_x_pos (1501,)
[0. 0. 0. ... 0. 0. 0.]
cvc_x_pos (1501,)
[0. 0. 0. ... 0. 0. 0.]
cvc_x_pos (1501,)
[0. 0. 0. ... 0. 0. 0.]
cvc_x_pos (1501,)
[0. 0. 0. ... 0. 0. 0.]
cvc_x_pos (1501,)
[0. 0. 0. ... 0. 0. 0.]
cvc_x_pos (1501,)
[0. 0. 0. ... 0. 0. 0.]
cvc_x_pos (1501,)
[0. 0. 0. ... 0. 0. 0.]
cvc_x_pos (1501,)
[0. 0. 0. ... 0. 0. 0.]
cvc_x_pos (1501,)
[0. 0. 0. ... 0. 0. 0.]
cvc_x_pos (1501,)
[0.00578577 0.00578511 0.00578442 ... 0.         0.         0.        ]
cvc_x_pos (1501,)
[0. 0. 0. ... 0. 0. 0.]
cvc_x_pos (1501,)
[0. 0. 0. ... 0. 0. 0.]
cvc_x_pos (1501,)
[0.00595288 0.00595205 0.00595119 ... 0.         0.         0.        ]
cvc_x_pos (1501,)
[0.0051037  0.00510274 0.00510177 ... 0.         0.         0.        ]
cvc_x_pos (1501,)
[0.00548276 0.00548267 0.00548257 ... 0.         0.         0.        ]
cvc_x_pos (1501,)
[0.00521215 0.0052112  0.00521025 ... 0.         0.         0.        ]
cvc_x_pos (1501,)
[0.00553486 0.00553588 0.00553689 ... 0.         0.         0.        ]
cvc_x_pos (1501,)
[0.00546158 0.00546039 0.00545918 ... 0.         0.         0.        ]
cvc_x_pos (1501,)
[0. 0. 0. ... 0. 0. 0.]
cvc_x_pos (1501,)
[0. 0. 0. ... 0. 0. 0.]
cvc_x_pos (1501,)
[0. 0. 0. ... 0. 0. 0.]
cvc_x_pos (1501,)
[0. 0. 0. ... 0. 0. 0.]
cvc_x_pos (1501,)
[0. 0. 0. ... 0. 0. 0.]
cvc_x_pos (1501,)
[0. 0. 0. ... 0. 0. 0.]
cvc_x_pos (1501,)
[0. 0. 0. ... 0. 0. 0.]
cvc_x_pos (1501,)
[0. 0. 0. ... 0. 0. 0.]
cvc_x_pos (1501,)
[0. 0. 0. ... 0. 0. 0.]
cvc_x_pos (1501,)
[0. 0. 0. ... 0. 0. 0.]
cvc_x_pos (1501,)
[0. 0. 0. ... 0. 0. 0.]
cvc_x_pos (1501,)
[0. 0. 0. ... 0. 0. 0.]
cvc_x_pos (1501,)
[0. 0. 0. ... 0. 0. 0.]
cvc_x_pos (1501,)
[0. 0. 0. ... 0. 0. 0.]
cvc_x_pos (1501,)
[0. 0. 0. ... 0. 0. 0.]
cvc_x_pos (1501,)
[0. 0. 0. ... 0. 0. 0.]
cvc_x_pos (1501,)
[0. 0. 0. ... 0. 0. 0.]
cvc_x_pos (1501,)
[0. 0. 0. ... 0. 0. 0.]
cvc_x_pos (1501,)
[0. 0. 0. ... 0. 0. 0.]
cvc_x_pos (1501,)
[0. 0. 0. ... 0. 0. 0.]
cvc_x_pos (1501,)
[0. 0. 0. ... 0. 0. 0.]
cvc_x_pos (1501,)
[0. 0. 0. ... 0. 0. 0.]
cvc_x_pos (1501,)
[0. 0. 0. ... 0. 0. 0.]
cvc_x_pos (1501,)
[0. 0. 0. ... 0. 0. 0.]
cvc_x_pos (1501,)
[0. 0. 0. ... 0. 0. 0.]
cvc_x_pos (1501,)
[0. 0. 0. ... 0. 0. 0.]
cvc_x_pos (1501,)
[0. 0. 0. ... 0. 0. 0.]
cvc_x_pos (1501,)
[0. 0. 0. ... 0. 0. 0.]
cvc_x_pos (1501,)
[0. 0. 0. ... 0. 0. 0.]
cvc_x_pos (1501,)
[0. 0. 0. ... 0. 0. 0.]
cvc_x_pos (1501,)
[0. 0. 0. ... 0. 0. 0.]
cvc_x_pos (1501,)
[0. 0. 0. ... 0. 0. 0.]
cvc_x_pos (1501,)
[0. 0. 0. ... 0. 0. 0.]
cvc_x_pos (1501,)
[0. 0. 0. ... 0. 0. 0.]
cvc_x_pos (1501,)
[0. 0. 0. ... 0. 0. 0.]
cvc_x_pos (1501,)
[0.00542057 0.00542028 0.00541997 ... 0.         0.         0.        ]
cvc_x_pos (1501,)
[0. 0. 0. ... 0. 0. 0.]
cvc_x_pos (1501,)
[0.0058931  0.00589429 0.00589547 ... 0.         0.         0.        ]
cvc_x_pos (1501,)
[0. 0. 0. ... 0. 0. 0.]
cvc_x_pos (1501,)
[0.00539258 0.00539279 0.00539298 ... 0.         0.         0.        ]
cvc_x_pos (1501,)
[0. 0. 0. ... 0. 0. 0.]
cvc_x_pos (1501,)
[0. 0. 0. ... 0. 0. 0.]
cvc_x_pos (1501,)
[0. 0. 0. ... 0. 0. 0.]
cvc_x_pos (1501,)
[0. 0. 0. ... 0. 0. 0.]
cvc_x_pos (1501,)
[0. 0. 0. ... 0. 0. 0.]
cvc_x_pos (1501,)
[0. 0. 0. ... 0. 0. 0.]
cvc_x_pos (1501,)
[0. 0. 0. ... 0. 0. 0.]
cvc_x_pos (1501,)
[0. 0. 0. ... 0. 0. 0.]
cvc_x_pos (1501,)
[0. 0. 0. ... 0. 0. 0.]
cvc_x_pos (1501,)
[0. 0. 0. ... 0. 0. 0.]
cvc_x_pos (1501,)
[0. 0. 0. ... 0. 0. 0.]
cvc_x_pos (1501,)
[0. 0. 0. ... 0. 0. 0.]
cvc_x_pos (1501,)
[0. 0. 0. ... 0. 0. 0.]
cvc_x_pos (1501,)
[0. 0. 0. ... 0. 0. 0.]
cvc_x_pos (1501,)
[0. 0. 0. ... 0. 0. 0.]
cvc_x_pos (1501,)
[0. 0. 0. ... 0. 0. 0.]
cvc_x_pos (1501,)
[0. 0. 0. ... 0. 0. 0.]
cvc_x_pos (1501,)
[0. 0. 0. ... 0. 0. 0.]
cvc_x_pos (1501,)
[0. 0. 0. ... 0. 0. 0.]
cvc_x_pos (1501,)
[0. 0. 0. ... 0. 0. 0.]
cvc_x_pos (1501,)
[0. 0. 0. ... 0. 0. 0.]
cvc_x_pos (1501,)
[0. 0. 0. ... 0. 0. 0.]
cvc_x_pos (1501,)
[0. 0. 0. ... 0. 0. 0.]
cvc_x_pos (1501,)
[0. 0. 0. ... 0. 0. 0.]
cvc_x_pos (1501,)
[0. 0. 0. ... 0. 0. 0.]
cvc_x_pos (1501,)
[0. 0. 0. ... 0. 0. 0.]
cvc_x_pos (1501,)
[0. 0. 0. ... 0. 0. 0.]
cvc_x_pos (1501,)
[0. 0. 0. ... 0. 0. 0.]
cvc_x_pos (1501,)
[0. 0. 0. ... 0. 0. 0.]
cvc_x_pos (1501,)
[0. 0. 0. ... 0. 0. 0.]
cvc_x_pos (1501,)
[0. 0. 0. ... 0. 0. 0.]
cvc_x_pos (1501,)
[0. 0. 0. ... 0. 0. 0.]
cvc_x_pos (1501,)
[0. 0. 0. ... 0. 0. 0.]
cvc_x_pos (1501,)
[0. 0. 0. ... 0. 0. 0.]
cvc_x_pos (1501,)
[0. 0. 0. ... 0. 0. 0.]
cvc_x_pos (1501,)
[0. 0. 0. ... 0. 0. 0.]
cvc_x_pos (1501,)
[0. 0. 0. ... 0. 0. 0.]
cvc_x_pos (1501,)
[0. 0. 0. ... 0. 0. 0.]
cvc_x_pos (1501,)
[0. 0. 0. ... 0. 0. 0.]
cvc_x_pos (1501,)
[0. 0. 0. ... 0. 0. 0.]
cvc_x_pos (1501,)
[0. 0. 0. ... 0. 0. 0.]
cvc_x_pos (1501,)
[0. 0. 0. ... 0. 0. 0.]
cvc_x_pos (1501,)
[0. 0. 0. ... 0. 0. 0.]
cvc_x_pos (1501,)
[0. 0. 0. ... 0. 0. 0.]
cvc_x_pos (1501,)
[0.00599308 0.00599234 0.00599158 ... 0.         0.         0.        ]
cvc_x_pos (1501,)
[0. 0. 0. ... 0. 0. 0.]
cvc_x_pos (1501,)
[0.0054796  0.00547862 0.00547762 ... 0.         0.         0.        ]
cvc_x_pos (1501,)
[0.00492753 0.00492699 0.00492643 ... 0.         0.         0.        ]
cvc_x_pos (1501,)
[0.00592954 0.00593072 0.00593187 ... 0.         0.         0.        ]
cvc_x_pos (1501,)
[0.00505452 0.00505401 0.00505349 ... 0.         0.         0.        ]
cvc_x_pos (1501,)
[0. 0. 0. ... 0. 0. 0.]
cvc_x_pos (1501,)
[0. 0. 0. ... 0. 0. 0.]
cvc_x_pos (1501,)
[0. 0. 0. ... 0. 0. 0.]
cvc_x_pos (1501,)
[0. 0. 0. ... 0. 0. 0.]
cvc_x_pos (1501,)
[0. 0. 0. ... 0. 0. 0.]
cvc_x_pos (1501,)
[0. 0. 0. ... 0. 0. 0.]
cvc_x_pos (1501,)
[0. 0. 0. ... 0. 0. 0.]
cvc_x_pos (1501,)
[0. 0. 0. ... 0. 0. 0.]
cvc_x_pos (1501,)
[0.00546834 0.00546772 0.00546707 ... 0.         0.         0.        ]
cvc_x_pos (1501,)
[0. 0. 0. ... 0. 0. 0.]
cvc_x_pos (1501,)
[0. 0. 0. ... 0. 0. 0.]
cvc_x_pos (1501,)
[0. 0. 0. ... 0. 0. 0.]
cvc_x_pos (1501,)
[0. 0. 0. ... 0. 0. 0.]
cvc_x_pos (1501,)
[0. 0. 0. ... 0. 0. 0.]
cvc_x_pos (1501,)
[0. 0. 0. ... 0. 0. 0.]
cvc_x_pos (1501,)
[0. 0. 0. ... 0. 0. 0.]
cvc_x_pos (1501,)
[0. 0. 0. ... 0. 0. 0.]
cvc_x_pos (1501,)
[0. 0. 0. ... 0. 0. 0.]
cvc_x_pos (1501,)
[0. 0. 0. ... 0. 0. 0.]
cvc_x_pos (1501,)
[0. 0. 0. ... 0. 0. 0.]
cvc_x_pos (1501,)
[0. 0. 0. ... 0. 0. 0.]
cvc_x_pos (1501,)
[0. 0. 0. ... 0. 0. 0.]
cvc_x_pos (1501,)
[0. 0. 0. ... 0. 0. 0.]
cvc_x_pos (1501,)
[0. 0. 0. ... 0. 0. 0.]
cvc_x_pos (1501,)
[0. 0. 0. ... 0. 0. 0.]
cvc_x_pos (1501,)
[0. 0. 0. ... 0. 0. 0.]
cvc_x_pos (1501,)
[0. 0. 0. ... 0. 0. 0.]
cvc_x_pos (1501,)
[0. 0. 0. ... 0. 0. 0.]
cvc_x_pos (1501,)
[0. 0. 0. ... 0. 0. 0.]
cvc_x_pos (1501,)
[0. 0. 0. ... 0. 0. 0.]
cvc_x_pos (1501,)
[0. 0. 0. ... 0. 0. 0.]
cvc_x_pos (1501,)
[0. 0. 0. ... 0. 0. 0.]
cvc_x_pos (1501,)
[0. 0. 0. ... 0. 0. 0.]
cvc_x_pos (1501,)
[0. 0. 0. ... 0. 0. 0.]
cvc_x_pos (1501,)
[0. 0. 0. ... 0. 0. 0.]
cvc_x_pos (1501,)
[0. 0. 0. ... 0. 0. 0.]
cvc_x_pos (1501,)
[0. 0. 0. ... 0. 0. 0.]
cvc_x_pos (1501,)
[0. 0. 0. ... 0. 0. 0.]
cvc_x_pos (1501,)
[0. 0. 0. ... 0. 0. 0.]
cvc_x_pos (1501,)
[0. 0. 0. ... 0. 0. 0.]
cvc_x_pos (1501,)
[0. 0. 0. ... 0. 0. 0.]
cvc_x_pos (1501,)
[0. 0. 0. ... 0. 0. 0.]
cvc_x_pos (1501,)
[0. 0. 0. ... 0. 0. 0.]
cvc_x_pos (1501,)
[0. 0. 0. ... 0. 0. 0.]
cvc_x_pos (1501,)
[0. 0. 0. ... 0. 0. 0.]
cvc_x_pos (1501,)
[0. 0. 0. ... 0. 0. 0.]
cvc_x_pos (1501,)
[0. 0. 0. ... 0. 0. 0.]
cvc_x_pos (1501,)
[0. 0. 0. ... 0. 0. 0.]
cvc_x_pos (1501,)
[0.00573494 0.00573592 0.00573688 ... 0.         0.         0.        ]
cvc_x_pos (1501,)
[0. 0. 0. ... 0. 0. 0.]
cvc_x_pos (1501,)
[0.00566774 0.00566791 0.00566806 ... 0.         0.         0.        ]
cvc_x_pos (1501,)
[0. 0. 0. ... 0. 0. 0.]
cvc_x_pos (1501,)
[0.00528496 0.00528571 0.00528645 ... 0.         0.         0.        ]
cvc_x_pos (1501,)
[0. 0. 0. ... 0. 0. 0.]
cvc_x_pos (1501,)
[0.00615543 0.00615553 0.00615561 ... 0.         0.         0.        ]
cvc_x_pos (1501,)
[0. 0. 0. ... 0. 0. 0.]
cvc_x_pos (1501,)
[0.00554814 0.00554729 0.00554643 ... 0.         0.         0.        ]
cvc_x_pos (1501,)
[0. 0. 0. ... 0. 0. 0.]
cvc_x_pos (1501,)
[0. 0. 0. ... 0. 0. 0.]
cvc_x_pos (1501,)
[0. 0. 0. ... 0. 0. 0.]
cvc_x_pos (1501,)
[0. 0. 0. ... 0. 0. 0.]
cvc_x_pos (1501,)
[0. 0. 0. ... 0. 0. 0.]
cvc_x_pos (1501,)
[0. 0. 0. ... 0. 0. 0.]
cvc_x_pos (1501,)
[0. 0. 0. ... 0. 0. 0.]
cvc_x_pos (1501,)
[0. 0. 0. ... 0. 0. 0.]
cvc_x_pos (1501,)
[0. 0. 0. ... 0. 0. 0.]
cvc_x_pos (1501,)
[0. 0. 0. ... 0. 0. 0.]
cvc_x_pos (1501,)
[0.00533933 0.00534011 0.00534087 ... 0.         0.         0.        ]
cvc_x_pos (1501,)
[0. 0. 0. ... 0. 0. 0.]
cvc_x_pos (1501,)
[0. 0. 0. ... 0. 0. 0.]
cvc_x_pos (1501,)
[0. 0. 0. ... 0. 0. 0.]
cvc_x_pos (1501,)
[0. 0. 0. ... 0. 0. 0.]
cvc_x_pos (1501,)
[0. 0. 0. ... 0. 0. 0.]
cvc_x_pos (1501,)
[0. 0. 0. ... 0. 0. 0.]
cvc_x_pos (1501,)
[0. 0. 0. ... 0. 0. 0.]
cvc_x_pos (1501,)
[0. 0. 0. ... 0. 0. 0.]
cvc_x_pos (1501,)
[0. 0. 0. ... 0. 0. 0.]
cvc_x_pos (1501,)
[0. 0. 0. ... 0. 0. 0.]
cvc_x_pos (1501,)
[0. 0. 0. ... 0. 0. 0.]
cvc_x_pos (1501,)
[0. 0. 0. ... 0. 0. 0.]
cvc_x_pos (1501,)
[0. 0. 0. ... 0. 0. 0.]
cvc_x_pos (1501,)
[0. 0. 0. ... 0. 0. 0.]
cvc_x_pos (1501,)
[0. 0. 0. ... 0. 0. 0.]
cvc_x_pos (1501,)
[0. 0. 0. ... 0. 0. 0.]
cvc_x_pos (1501,)
[0. 0. 0. ... 0. 0. 0.]
cvc_x_pos (1501,)
[0. 0. 0. ... 0. 0. 0.]
cvc_x_pos (1501,)
[0. 0. 0. ... 0. 0. 0.]
cvc_x_pos (1501,)
[0. 0. 0. ... 0. 0. 0.]
cvc_x_pos (1501,)
[0. 0. 0. ... 0. 0. 0.]
cvc_x_pos (1501,)
[0. 0. 0. ... 0. 0. 0.]
cvc_x_pos (1501,)
[0. 0. 0. ... 0. 0. 0.]
cvc_x_pos (1501,)
[0. 0. 0. ... 0. 0. 0.]
cvc_x_pos (1501,)
[0. 0. 0. ... 0. 0. 0.]
cvc_x_pos (1501,)
[0. 0. 0. ... 0. 0. 0.]
cvc_x_pos (1501,)
[0. 0. 0. ... 0. 0. 0.]
cvc_x_pos (1501,)
[0. 0. 0. ... 0. 0. 0.]
cvc_x_pos (1501,)
[0. 0. 0. ... 0. 0. 0.]
cvc_x_pos (1501,)
[0.00472648 0.00472718 0.00472788 ... 0.         0.         0.        ]
cvc_x_pos (1501,)
[0.00387277 0.00387327 0.00387377 ... 0.         0.         0.        ]
cvc_x_pos (1501,)
[0.00551997 0.00552078 0.00552157 ... 0.         0.         0.        ]
cvc_x_pos (1501,)
[0. 0. 0. ... 0. 0. 0.]
cvc_x_pos (1501,)
[0.00654682 0.0065461  0.00654535 ... 0.         0.         0.        ]
cvc_x_pos (1501,)
[0.00569616 0.00569653 0.00569688 ... 0.         0.         0.        ]
cvc_x_pos (1501,)
[0. 0. 0. ... 0. 0. 0.]
cvc_x_pos (1501,)
[0. 0. 0. ... 0. 0. 0.]
cvc_x_pos (1501,)
[0. 0. 0. ... 0. 0. 0.]
cvc_x_pos (1501,)
[0. 0. 0. ... 0. 0. 0.]
cvc_x_pos (1501,)
[0. 0. 0. ... 0. 0. 0.]
cvc_x_pos (1501,)
[0. 0. 0. ... 0. 0. 0.]
cvc_x_pos (1501,)
[0. 0. 0. ... 0. 0. 0.]
cvc_x_pos (1501,)
[0. 0. 0. ... 0. 0. 0.]
cvc_x_pos (1501,)
[0. 0. 0. ... 0. 0. 0.]
cvc_x_pos (1501,)
[0. 0. 0. ... 0. 0. 0.]
cvc_x_pos (1501,)
[0. 0. 0. ... 0. 0. 0.]
cvc_x_pos (1501,)
[0. 0. 0. ... 0. 0. 0.]
cvc_x_pos (1501,)
[0.00498722 0.00498752 0.00498781 ... 0.         0.         0.        ]
cvc_x_pos (1501,)
[0. 0. 0. ... 0. 0. 0.]
cvc_x_pos (1501,)
[0. 0. 0. ... 0. 0. 0.]
cvc_x_pos (1501,)
[0. 0. 0. ... 0. 0. 0.]
cvc_x_pos (1501,)
[0. 0. 0. ... 0. 0. 0.]
cvc_x_pos (1501,)
[0. 0. 0. ... 0. 0. 0.]
cvc_x_pos (1501,)
[0. 0. 0. ... 0. 0. 0.]
cvc_x_pos (1501,)
[0. 0. 0. ... 0. 0. 0.]
cvc_x_pos (1501,)
[0. 0. 0. ... 0. 0. 0.]
cvc_x_pos (1501,)
[0. 0. 0. ... 0. 0. 0.]
cvc_x_pos (1501,)
[0. 0. 0. ... 0. 0. 0.]
cvc_x_pos (1501,)
[0. 0. 0. ... 0. 0. 0.]
cvc_x_pos (1501,)
[0. 0. 0. ... 0. 0. 0.]
cvc_x_pos (1501,)
[0. 0. 0. ... 0. 0. 0.]
cvc_x_pos (1501,)
[0. 0. 0. ... 0. 0. 0.]
cvc_x_pos (1501,)
[0. 0. 0. ... 0. 0. 0.]
cvc_x_pos (1501,)
[0. 0. 0. ... 0. 0. 0.]
cvc_x_pos (1501,)
[0. 0. 0. ... 0. 0. 0.]
cvc_x_pos (1501,)
[0.00430234 0.00430304 0.00430372 ... 0.         0.         0.        ]
cvc_x_pos (1501,)
[0.00676409 0.00676578 0.00676744 ... 0.         0.         0.        ]
cvc_x_pos (1501,)
[0.00647261 0.00647275 0.00647287 ... 0.         0.         0.        ]
cvc_x_pos (1501,)
[0. 0. 0. ... 0. 0. 0.]
cvc_x_pos (1501,)
[0.00570084 0.00570078 0.0057007  ... 0.         0.         0.        ]
cvc_x_pos (1501,)
[0. 0. 0. ... 0. 0. 0.]
cvc_x_pos (1501,)
[0.00532808 0.00532855 0.00532901 ... 0.         0.         0.        ]
cvc_x_pos (1501,)
[0. 0. 0. ... 0. 0. 0.]
cvc_x_pos (1501,)
[0.00427518 0.00427458 0.00427397 ... 0.         0.         0.        ]
cvc_x_pos (1501,)
[0.00563663 0.00563756 0.00563848 ... 0.         0.         0.        ]
cvc_x_pos (1501,)
[0. 0. 0. ... 0. 0. 0.]
cvc_x_pos (1501,)
[0. 0. 0. ... 0. 0. 0.]
cvc_x_pos (1501,)
[0. 0. 0. ... 0. 0. 0.]
cvc_x_pos (1501,)
[0. 0. 0. ... 0. 0. 0.]
cvc_x_pos (1501,)
[0. 0. 0. ... 0. 0. 0.]
cvc_x_pos (1501,)
[0. 0. 0. ... 0. 0. 0.]
cvc_x_pos (1501,)
[0. 0. 0. ... 0. 0. 0.]
cvc_x_pos (1501,)
[0. 0. 0. ... 0. 0. 0.]
cvc_x_pos (1501,)
[0. 0. 0. ... 0. 0. 0.]
cvc_x_pos (1501,)
[0. 0. 0. ... 0. 0. 0.]
cvc_x_pos (1501,)
[0. 0. 0. ... 0. 0. 0.]
cvc_x_pos (1501,)
[0. 0. 0. ... 0. 0. 0.]
cvc_x_pos (1501,)
[0. 0. 0. ... 0. 0. 0.]
cvc_x_pos (1501,)
[0.00573356 0.0057336  0.00573362 ... 0.         0.         0.        ]
cvc_x_pos (1501,)
[0.00478375 0.0047843  0.00478485 ... 0.         0.         0.        ]
cvc_x_pos (1501,)
[0. 0. 0. ... 0. 0. 0.]
cvc_x_pos (1501,)
[0. 0. 0. ... 0. 0. 0.]
cvc_x_pos (1501,)
[0. 0. 0. ... 0. 0. 0.]
cvc_x_pos (1501,)
[0. 0. 0. ... 0. 0. 0.]
cvc_x_pos (1501,)
[0. 0. 0. ... 0. 0. 0.]
cvc_x_pos (1501,)
[0. 0. 0. ... 0. 0. 0.]
cvc_x_pos (1501,)
[0. 0. 0. ... 0. 0. 0.]
cvc_x_pos (1501,)
[0. 0. 0. ... 0. 0. 0.]
cvc_x_pos (1501,)
[0. 0. 0. ... 0. 0. 0.]
cvc_x_pos (1501,)
[0.00491399 0.00491429 0.00491457 ... 0.         0.         0.        ]
cvc_x_pos (1501,)
[0. 0. 0. ... 0. 0. 0.]
cvc_x_pos (1501,)
[0.0057305  0.0057308  0.00573109 ... 0.         0.         0.        ]
cvc_x_pos (1501,)
[0.0056271  0.00562763 0.00562814 ... 0.         0.         0.        ]
cvc_x_pos (1501,)
[0.00595786 0.00595656 0.00595525 ... 0.         0.         0.        ]
cvc_x_pos (1501,)
[0. 0. 0. ... 0. 0. 0.]
cvc_x_pos (1501,)
[0. 0. 0. ... 0. 0. 0.]
cvc_x_pos (1501,)
[0. 0. 0. ... 0. 0. 0.]
cvc_x_pos (1501,)
[0. 0. 0. ... 0. 0. 0.]
cvc_x_pos (1501,)
[0. 0. 0. ... 0. 0. 0.]
cvc_x_pos (1501,)
[0. 0. 0. ... 0. 0. 0.]
cvc_x_pos (1501,)
[0. 0. 0. ... 0. 0. 0.]
cvc_x_pos (1501,)
[0. 0. 0. ... 0. 0. 0.]
cvc_x_pos (1501,)
[0. 0. 0. ... 0. 0. 0.]
cvc_x_pos (1501,)
[0. 0. 0. ... 0. 0. 0.]
cvc_x_pos (1501,)
[0. 0. 0. ... 0. 0. 0.]
cvc_x_pos (1501,)
[0. 0. 0. ... 0. 0. 0.]
cvc_x_pos (1501,)
[0. 0. 0. ... 0. 0. 0.]
cvc_x_pos (1501,)
[0. 0. 0. ... 0. 0. 0.]
cvc_x_pos (1501,)
[0. 0. 0. ... 0. 0. 0.]
cvc_x_pos (1501,)
[0. 0. 0. ... 0. 0. 0.]
cvc_x_pos (1501,)
[0. 0. 0. ... 0. 0. 0.]
cvc_x_pos (1501,)
[0.00516555 0.00516593 0.00516629 ... 0.         0.         0.        ]
cvc_x_pos (1501,)
[0.00524354 0.0052444  0.00524525 ... 0.         0.         0.        ]
cvc_x_pos (1501,)
[0.00650467 0.00650396 0.00650323 ... 0.         0.         0.        ]
cvc_x_pos (1501,)
[0.00619159 0.00619187 0.00619213 ... 0.         0.         0.        ]
cvc_x_pos (1501,)
[0. 0. 0. ... 0. 0. 0.]
cvc_x_pos (1501,)
[0. 0. 0. ... 0. 0. 0.]
cvc_x_pos (1501,)
[0. 0. 0. ... 0. 0. 0.]
cvc_x_pos (1501,)
[0. 0. 0. ... 0. 0. 0.]
cvc_x_pos (1501,)
[0. 0. 0. ... 0. 0. 0.]
cvc_x_pos (1501,)
[0. 0. 0. ... 0. 0. 0.]
cvc_x_pos (1501,)
[0. 0. 0. ... 0. 0. 0.]
cvc_x_pos (1501,)
[0. 0. 0. ... 0. 0. 0.]
cvc_x_pos (1501,)
[0. 0. 0. ... 0. 0. 0.]
cvc_x_pos (1501,)
[0. 0. 0. ... 0. 0. 0.]
cvc_x_pos (1501,)
[0. 0. 0. ... 0. 0. 0.]
cvc_x_pos (1501,)
[0. 0. 0. ... 0. 0. 0.]
cvc_x_pos (1501,)
[0. 0. 0. ... 0. 0. 0.]
cvc_x_pos (1501,)
[0. 0. 0. ... 0. 0. 0.]
cvc_x_pos (1501,)
[0. 0. 0. ... 0. 0. 0.]
cvc_x_pos (1501,)
[0. 0. 0. ... 0. 0. 0.]
cvc_x_pos (1501,)
[0.00582408 0.00582351 0.00582294 ... 0.         0.         0.        ]
cvc_x_pos (1501,)
[0. 0. 0. ... 0. 0. 0.]
cvc_x_pos (1501,)
[0.00672129 0.00672049 0.00671966 ... 0.         0.         0.        ]
cvc_x_pos (1501,)
[0.00554473 0.00554381 0.00554289 ... 0.         0.         0.        ]
cvc_x_pos (1501,)
[0.00550964 0.00551056 0.00551146 ... 0.         0.         0.        ]
cvc_x_pos (1501,)
[0.00588712 0.00588584 0.00588454 ... 0.         0.         0.        ]
cvc_x_pos (1501,)
[0. 0. 0. ... 0. 0. 0.]
cvc_x_pos (1501,)
[0. 0. 0. ... 0. 0. 0.]
cvc_x_pos (1501,)
[0. 0. 0. ... 0. 0. 0.]
cvc_x_pos (1501,)
[0. 0. 0. ... 0. 0. 0.]
cvc_x_pos (1501,)
[0. 0. 0. ... 0. 0. 0.]
cvc_x_pos (1501,)
[0. 0. 0. ... 0. 0. 0.]
cvc_x_pos (1501,)
[0. 0. 0. ... 0. 0. 0.]
cvc_x_pos (1501,)
[0. 0. 0. ... 0. 0. 0.]
cvc_x_pos (1501,)
[0. 0. 0. ... 0. 0. 0.]
cvc_x_pos (1501,)
[0. 0. 0. ... 0. 0. 0.]
cvc_x_pos (1501,)
[0. 0. 0. ... 0. 0. 0.]
cvc_x_pos (1501,)
[0. 0. 0. ... 0. 0. 0.]
cvc_x_pos (1501,)
[0. 0. 0. ... 0. 0. 0.]
cvc_x_pos (1501,)
[0. 0. 0. ... 0. 0. 0.]
cvc_x_pos (1501,)
[0. 0. 0. ... 0. 0. 0.]
cvc_x_pos (1501,)
[0. 0. 0. ... 0. 0. 0.]
cvc_x_pos (1501,)
[0. 0. 0. ... 0. 0. 0.]
cvc_x_pos (1501,)
[0. 0. 0. ... 0. 0. 0.]
cvc_x_pos (1501,)
[0. 0. 0. ... 0. 0. 0.]
cvc_x_pos (1501,)
[0. 0. 0. ... 0. 0. 0.]
cvc_x_pos (1501,)
[0. 0. 0. ... 0. 0. 0.]
cvc_x_pos (1501,)
[0. 0. 0. ... 0. 0. 0.]
cvc_x_pos (1501,)
[0. 0. 0. ... 0. 0. 0.]
cvc_x_pos (1501,)
[0.00486916 0.00486848 0.0048678  ... 0.         0.         0.        ]
cvc_x_pos (1501,)
[0.00523966 0.00524023 0.00524078 ... 0.         0.         0.        ]
cvc_x_pos (1501,)
[0. 0. 0. ... 0. 0. 0.]
cvc_x_pos (1501,)
[0.00467679 0.00467724 0.00467768 ... 0.         0.         0.        ]
cvc_x_pos (1501,)
[0.00561236 0.00561149 0.00561062 ... 0.         0.         0.        ]
cvc_x_pos (1501,)
[0. 0. 0. ... 0. 0. 0.]
cvc_x_pos (1501,)
[0. 0. 0. ... 0. 0. 0.]
cvc_x_pos (1501,)
[0. 0. 0. ... 0. 0. 0.]
cvc_x_pos (1501,)
[0. 0. 0. ... 0. 0. 0.]
cvc_x_pos (1501,)
[0. 0. 0. ... 0. 0. 0.]
cvc_x_pos (1501,)
[0. 0. 0. ... 0. 0. 0.]
cvc_x_pos (1501,)
[0. 0. 0. ... 0. 0. 0.]
cvc_x_pos (1501,)
[0. 0. 0. ... 0. 0. 0.]
cvc_x_pos (1501,)
[0. 0. 0. ... 0. 0. 0.]
cvc_x_pos (1501,)
[0. 0. 0. ... 0. 0. 0.]
cvc_x_pos (1501,)
[0. 0. 0. ... 0. 0. 0.]
cvc_x_pos (1501,)
[0. 0. 0. ... 0. 0. 0.]
cvc_x_pos (1501,)
[0. 0. 0. ... 0. 0. 0.]
cvc_x_pos (1501,)
[0. 0. 0. ... 0. 0. 0.]
cvc_x_pos (1501,)
[0. 0. 0. ... 0. 0. 0.]
cvc_x_pos (1501,)
[0. 0. 0. ... 0. 0. 0.]
cvc_x_pos (1501,)
[0. 0. 0. ... 0. 0. 0.]
cvc_x_pos (1501,)
[0. 0. 0. ... 0. 0. 0.]
cvc_x_pos (1501,)
[0. 0. 0. ... 0. 0. 0.]
cvc_x_pos (1501,)
[0. 0. 0. ... 0. 0. 0.]
cvc_x_pos (1501,)
[0. 0. 0. ... 0. 0. 0.]
cvc_x_pos (1501,)
[0. 0. 0. ... 0. 0. 0.]
cvc_x_pos (1501,)
[0. 0. 0. ... 0. 0. 0.]
cvc_x_pos (1501,)
[0. 0. 0. ... 0. 0. 0.]
cvc_x_pos (1501,)
[0. 0. 0. ... 0. 0. 0.]
cvc_x_pos (1501,)
[0. 0. 0. ... 0. 0. 0.]
cvc_x_pos (1501,)
[0. 0. 0. ... 0. 0. 0.]
cvc_x_pos (1501,)
[0. 0. 0. ... 0. 0. 0.]
cvc_x_pos (1501,)
[0. 0. 0. ... 0. 0. 0.]
cvc_x_pos (1501,)
[0. 0. 0. ... 0. 0. 0.]
cvc_x_pos (1501,)
[0. 0. 0. ... 0. 0. 0.]
cvc_x_pos (1501,)
[0. 0. 0. ... 0. 0. 0.]
cvc_x_pos (1501,)
[0. 0. 0. ... 0. 0. 0.]
cvc_x_pos (1501,)
[0.00611464 0.00611428 0.00611391 ... 0.         0.         0.        ]
cvc_x_pos (1501,)
[0.00492043 0.00491947 0.0049185  ... 0.         0.         0.        ]
cvc_x_pos (1501,)
[0.00596867 0.00596903 0.00596938 ... 0.         0.         0.        ]
cvc_x_pos (1501,)
[0.0051508  0.00515009 0.00514937 ... 0.         0.         0.        ]
cvc_x_pos (1501,)
[0.00457875 0.00457935 0.00457995 ... 0.         0.         0.        ]
cvc_x_pos (1501,)
[0. 0. 0. ... 0. 0. 0.]
cvc_x_pos (1501,)
[0. 0. 0. ... 0. 0. 0.]
cvc_x_pos (1501,)
[0. 0. 0. ... 0. 0. 0.]
cvc_x_pos (1501,)
[0. 0. 0. ... 0. 0. 0.]
cvc_x_pos (1501,)
[0. 0. 0. ... 0. 0. 0.]
cvc_x_pos (1501,)
[0. 0. 0. ... 0. 0. 0.]
cvc_x_pos (1501,)
[0. 0. 0. ... 0. 0. 0.]
cvc_x_pos (1501,)
[0. 0. 0. ... 0. 0. 0.]
cvc_x_pos (1501,)
[0. 0. 0. ... 0. 0. 0.]
cvc_x_pos (1501,)
[0. 0. 0. ... 0. 0. 0.]
cvc_x_pos (1501,)
[0. 0. 0. ... 0. 0. 0.]
cvc_x_pos (1501,)
[0. 0. 0. ... 0. 0. 0.]
cvc_x_pos (1501,)
[0. 0. 0. ... 0. 0. 0.]
cvc_x_pos (1501,)
[0. 0. 0. ... 0. 0. 0.]
cvc_x_pos (1501,)
[0. 0. 0. ... 0. 0. 0.]
cvc_x_pos (1501,)
[0. 0. 0. ... 0. 0. 0.]
cvc_x_pos (1501,)
[0. 0. 0. ... 0. 0. 0.]
cvc_x_pos (1501,)
[0. 0. 0. ... 0. 0. 0.]
cvc_x_pos (1501,)
[0. 0. 0. ... 0. 0. 0.]
cvc_x_pos (1501,)
[0. 0. 0. ... 0. 0. 0.]
cvc_x_pos (1501,)
[0. 0. 0. ... 0. 0. 0.]
cvc_x_pos (1501,)
[0. 0. 0. ... 0. 0. 0.]
cvc_x_pos (1501,)
[0. 0. 0. ... 0. 0. 0.]
cvc_x_pos (1501,)
[0. 0. 0. ... 0. 0. 0.]
cvc_x_pos (1501,)
[0. 0. 0. ... 0. 0. 0.]
cvc_x_pos (1501,)
[0. 0. 0. ... 0. 0. 0.]
cvc_x_pos (1501,)
[0. 0. 0. ... 0. 0. 0.]
cvc_x_pos (1501,)
[0. 0. 0. ... 0. 0. 0.]
cvc_x_pos (1501,)
[0. 0. 0. ... 0. 0. 0.]
cvc_x_pos (1501,)
[0. 0. 0. ... 0. 0. 0.]
cvc_x_pos (1501,)
[0. 0. 0. ... 0. 0. 0.]
cvc_x_pos (1501,)
[0. 0. 0. ... 0. 0. 0.]
cvc_x_pos (1501,)
[0. 0. 0. ... 0. 0. 0.]
cvc_x_pos (1501,)
[0. 0. 0. ... 0. 0. 0.]
cvc_x_pos (1501,)
[0. 0. 0. ... 0. 0. 0.]
cvc_x_pos (1501,)
[0. 0. 0. ... 0. 0. 0.]
cvc_x_pos (1501,)
[0. 0. 0. ... 0. 0. 0.]
cvc_x_pos (1501,)
[0. 0. 0. ... 0. 0. 0.]
cvc_x_pos (1501,)
[0. 0. 0. ... 0. 0. 0.]
cvc_x_pos (1501,)
[0. 0. 0. ... 0. 0. 0.]
cvc_x_pos (1501,)
[0. 0. 0. ... 0. 0. 0.]
cvc_x_pos (1501,)
[0. 0. 0. ... 0. 0. 0.]
cvc_x_pos (1501,)
[0.00593291 0.00593329 0.00593365 ... 0.         0.         0.        ]
cvc_x_pos (1501,)
[0. 0. 0. ... 0. 0. 0.]
cvc_x_pos (1501,)
[0.00682485 0.00682502 0.00682517 ... 0.         0.         0.        ]
cvc_x_pos (1501,)
[0. 0. 0. ... 0. 0. 0.]
cvc_x_pos (1501,)
[0.00515594 0.00515653 0.00515711 ... 0.         0.         0.        ]
cvc_x_pos (1501,)
[0. 0. 0. ... 0. 0. 0.]
cvc_x_pos (1501,)
[0. 0. 0. ... 0. 0. 0.]
cvc_x_pos (1501,)
[0. 0. 0. ... 0. 0. 0.]
cvc_x_pos (1501,)
[0. 0. 0. ... 0. 0. 0.]
cvc_x_pos (1501,)
[0. 0. 0. ... 0. 0. 0.]
cvc_x_pos (1501,)
[0. 0. 0. ... 0. 0. 0.]
cvc_x_pos (1501,)
[0. 0. 0. ... 0. 0. 0.]
cvc_x_pos (1501,)
[0. 0. 0. ... 0. 0. 0.]
cvc_x_pos (1501,)
[0. 0. 0. ... 0. 0. 0.]
cvc_x_pos (1501,)
[0. 0. 0. ... 0. 0. 0.]
cvc_x_pos (1501,)
[0. 0. 0. ... 0. 0. 0.]
cvc_x_pos (1501,)
[0. 0. 0. ... 0. 0. 0.]
cvc_x_pos (1501,)
[0. 0. 0. ... 0. 0. 0.]
cvc_x_pos (1501,)
[0. 0. 0. ... 0. 0. 0.]
cvc_x_pos (1501,)
[0. 0. 0. ... 0. 0. 0.]
cvc_x_pos (1501,)
[0. 0. 0. ... 0. 0. 0.]
cvc_x_pos (1501,)
[0. 0. 0. ... 0. 0. 0.]
cvc_x_pos (1501,)
[0. 0. 0. ... 0. 0. 0.]
cvc_x_pos (1501,)
[0. 0. 0. ... 0. 0. 0.]
cvc_x_pos (1501,)
[0. 0. 0. ... 0. 0. 0.]
cvc_x_pos (1501,)
[0. 0. 0. ... 0. 0. 0.]
cvc_x_pos (1501,)
[0. 0. 0. ... 0. 0. 0.]
cvc_x_pos (1501,)
[0. 0. 0. ... 0. 0. 0.]
cvc_x_pos (1501,)
[0. 0. 0. ... 0. 0. 0.]
cvc_x_pos (1501,)
[0. 0. 0. ... 0. 0. 0.]
cvc_x_pos (1501,)
[0. 0. 0. ... 0. 0. 0.]
cvc_x_pos (1501,)
[0. 0. 0. ... 0. 0. 0.]
cvc_x_pos (1501,)
[0. 0. 0. ... 0. 0. 0.]
cvc_x_pos (1501,)
[0. 0. 0. ... 0. 0. 0.]
cvc_x_pos (1501,)
[0. 0. 0. ... 0. 0. 0.]
cvc_x_pos (1501,)
[0. 0. 0. ... 0. 0. 0.]
cvc_x_pos (1501,)
[0. 0. 0. ... 0. 0. 0.]
cvc_x_pos (1501,)
[0. 0. 0. ... 0. 0. 0.]
cvc_x_pos (1501,)
[0. 0. 0. ... 0. 0. 0.]
cvc_x_pos (1501,)
[0. 0. 0. ... 0. 0. 0.]
cvc_x_pos (1501,)
[0. 0. 0. ... 0. 0. 0.]
cvc_x_pos (1501,)
[0. 0. 0. ... 0. 0. 0.]
cvc_x_pos (1501,)
[0. 0. 0. ... 0. 0. 0.]
cvc_x_pos (1501,)
[0. 0. 0. ... 0. 0. 0.]
cvc_x_pos (1501,)
[0. 0. 0. ... 0. 0. 0.]
cvc_x_pos (1501,)
[0. 0. 0. ... 0. 0. 0.]
cvc_x_pos (1501,)
[0. 0. 0. ... 0. 0. 0.]
cvc_x_pos (1501,)
[0. 0. 0. ... 0. 0. 0.]
cvc_x_pos (1501,)
[0. 0. 0. ... 0. 0. 0.]
cvc_x_pos (1501,)
[0. 0. 0. ... 0. 0. 0.]
cvc_x_pos (1501,)
[0. 0. 0. ... 0. 0. 0.]
cvc_x_pos (1501,)
[0. 0. 0. ... 0. 0. 0.]
cvc_x_pos (1501,)
[0. 0. 0. ... 0. 0. 0.]
cvc_x_pos (1501,)
[0. 0. 0. ... 0. 0. 0.]
cvc_x_pos (1501,)
[0.00570919 0.00570832 0.00570743 ... 0.         0.         0.        ]
cvc_x_pos (1501,)
[0. 0. 0. ... 0. 0. 0.]
cvc_x_pos (1501,)
[0.00458109 0.00458118 0.00458127 ... 0.         0.         0.        ]
cvc_x_pos (1501,)
[0.00572289 0.00572231 0.00572171 ... 0.         0.         0.        ]
cvc_x_pos (1501,)
[0.00542682 0.00542765 0.00542847 ... 0.         0.         0.        ]
cvc_x_pos (1501,)
[0. 0. 0. ... 0. 0. 0.]
cvc_x_pos (1501,)
[0. 0. 0. ... 0. 0. 0.]
cvc_x_pos (1501,)
[0. 0. 0. ... 0. 0. 0.]
cvc_x_pos (1501,)
[0. 0. 0. ... 0. 0. 0.]
cvc_x_pos (1501,)
[0. 0. 0. ... 0. 0. 0.]
cvc_x_pos (1501,)
[0. 0. 0. ... 0. 0. 0.]
cvc_x_pos (1501,)
[0. 0. 0. ... 0. 0. 0.]
cvc_x_pos (1501,)
[0. 0. 0. ... 0. 0. 0.]
cvc_x_pos (1501,)
[0. 0. 0. ... 0. 0. 0.]
cvc_x_pos (1501,)
[0. 0. 0. ... 0. 0. 0.]
cvc_x_pos (1501,)
[0. 0. 0. ... 0. 0. 0.]
cvc_x_pos (1501,)
[0. 0. 0. ... 0. 0. 0.]
cvc_x_pos (1501,)
[0. 0. 0. ... 0. 0. 0.]
cvc_x_pos (1501,)
[0. 0. 0. ... 0. 0. 0.]
cvc_x_pos (1501,)
[0. 0. 0. ... 0. 0. 0.]
cvc_x_pos (1501,)
[0. 0. 0. ... 0. 0. 0.]
cvc_x_pos (1501,)
[0. 0. 0. ... 0. 0. 0.]
cvc_x_pos (1501,)
[0. 0. 0. ... 0. 0. 0.]
cvc_x_pos (1501,)
[0. 0. 0. ... 0. 0. 0.]
cvc_x_pos (1501,)
[0.00579936 0.00579923 0.00579908 ... 0.         0.         0.        ]
cvc_x_pos (1501,)
[0. 0. 0. ... 0. 0. 0.]
cvc_x_pos (1501,)
[0. 0. 0. ... 0. 0. 0.]
cvc_x_pos (1501,)
[0. 0. 0. ... 0. 0. 0.]
cvc_x_pos (1501,)
[0. 0. 0. ... 0. 0. 0.]
cvc_x_pos (1501,)
[0. 0. 0. ... 0. 0. 0.]
cvc_x_pos (1501,)
[0. 0. 0. ... 0. 0. 0.]
cvc_x_pos (1501,)
[0. 0. 0. ... 0. 0. 0.]
cvc_x_pos (1501,)
[0. 0. 0. ... 0. 0. 0.]
cvc_x_pos (1501,)
[0. 0. 0. ... 0. 0. 0.]
cvc_x_pos (1501,)
[0. 0. 0. ... 0. 0. 0.]
cvc_x_pos (1501,)
[0. 0. 0. ... 0. 0. 0.]
cvc_x_pos (1501,)
[0. 0. 0. ... 0. 0. 0.]
cvc_x_pos (1501,)
[0. 0. 0. ... 0. 0. 0.]
cvc_x_pos (1501,)
[0. 0. 0. ... 0. 0. 0.]
cvc_x_pos (1501,)
[0. 0. 0. ... 0. 0. 0.]
cvc_x_pos (1501,)
[0. 0. 0. ... 0. 0. 0.]
cvc_x_pos (1501,)
[0. 0. 0. ... 0. 0. 0.]
cvc_x_pos (1501,)
[0. 0. 0. ... 0. 0. 0.]
cvc_x_pos (1501,)
[0. 0. 0. ... 0. 0. 0.]
cvc_x_pos (1501,)
[0. 0. 0. ... 0. 0. 0.]
cvc_x_pos (1501,)
[0. 0. 0. ... 0. 0. 0.]
cvc_x_pos (1501,)
[0. 0. 0. ... 0. 0. 0.]
cvc_x_pos (1501,)
[0. 0. 0. ... 0. 0. 0.]
cvc_x_pos (1501,)
[0. 0. 0. ... 0. 0. 0.]
cvc_x_pos (1501,)
[0. 0. 0. ... 0. 0. 0.]
cvc_x_pos (1501,)
[0. 0. 0. ... 0. 0. 0.]
cvc_x_pos (1501,)
[0. 0. 0. ... 0. 0. 0.]
cvc_x_pos (1501,)
[0. 0. 0. ... 0. 0. 0.]
cvc_x_pos (1501,)
[0. 0. 0. ... 0. 0. 0.]
cvc_x_pos (1501,)
[0. 0. 0. ... 0. 0. 0.]
cvc_x_pos (1501,)
[0. 0. 0. ... 0. 0. 0.]
cvc_x_pos (1501,)
[0. 0. 0. ... 0. 0. 0.]
cvc_x_pos (1501,)
[0. 0. 0. ... 0. 0. 0.]
cvc_x_pos (1501,)
[0. 0. 0. ... 0. 0. 0.]
cvc_x_pos (1501,)
[0. 0. 0. ... 0. 0. 0.]
cvc_x_pos (1501,)
[0. 0. 0. ... 0. 0. 0.]
cvc_x_pos (1501,)
[0. 0. 0. ... 0. 0. 0.]
cvc_x_pos (1501,)
[0.00570088 0.00570087 0.00570085 ... 0.         0.         0.        ]
cvc_x_pos (1501,)
[0. 0. 0. ... 0. 0. 0.]
cvc_x_pos (1501,)
[0.00519538 0.00519566 0.00519592 ... 0.         0.         0.        ]
cvc_x_pos (1501,)
[0.00529698 0.00529794 0.00529888 ... 0.         0.         0.        ]
cvc_x_pos (1501,)
[0.00547132 0.00547188 0.00547243 ... 0.         0.         0.        ]
cvc_x_pos (1501,)
[0.00569539 0.00569579 0.00569617 ... 0.         0.         0.        ]
cvc_x_pos (1501,)
[0.00541194 0.00541249 0.00541302 ... 0.         0.         0.        ]
cvc_x_pos (1501,)
[0.00559671 0.00559776 0.0055988  ... 0.         0.         0.        ]
cvc_x_pos (1501,)
[0.00449269 0.00449203 0.00449137 ... 0.         0.         0.        ]
cvc_x_pos (1501,)
[0.00517288 0.00517362 0.00517435 ... 0.         0.         0.        ]
cvc_x_pos (1501,)
[0.00436033 0.00435965 0.00435896 ... 0.         0.         0.        ]
cvc_x_pos (1501,)
[0. 0. 0. ... 0. 0. 0.]
cvc_x_pos (1501,)
[0. 0. 0. ... 0. 0. 0.]
cvc_x_pos (1501,)
[0. 0. 0. ... 0. 0. 0.]
cvc_x_pos (1501,)
[0. 0. 0. ... 0. 0. 0.]
cvc_x_pos (1501,)
[0. 0. 0. ... 0. 0. 0.]
cvc_x_pos (1501,)
[0. 0. 0. ... 0. 0. 0.]
cvc_x_pos (1501,)
[0. 0. 0. ... 0. 0. 0.]
cvc_x_pos (1501,)
[0. 0. 0. ... 0. 0. 0.]
cvc_x_pos (1501,)
[0. 0. 0. ... 0. 0. 0.]
cvc_x_pos (1501,)
[0. 0. 0. ... 0. 0. 0.]
cvc_x_pos (1501,)
[0. 0. 0. ... 0. 0. 0.]
cvc_x_pos (1501,)
[0. 0. 0. ... 0. 0. 0.]
cvc_x_pos (1501,)
[0. 0. 0. ... 0. 0. 0.]
cvc_x_pos (1501,)
[0. 0. 0. ... 0. 0. 0.]
cvc_x_pos (1501,)
[0. 0. 0. ... 0. 0. 0.]
cvc_x_pos (1501,)
[0. 0. 0. ... 0. 0. 0.]
cvc_x_pos (1501,)
[0. 0. 0. ... 0. 0. 0.]
cvc_x_pos (1501,)
[0. 0. 0. ... 0. 0. 0.]
cvc_x_pos (1501,)
[0. 0. 0. ... 0. 0. 0.]
cvc_x_pos (1501,)
[0. 0. 0. ... 0. 0. 0.]
cvc_x_pos (1501,)
[0.00541556 0.00541509 0.00541461 ... 0.         0.         0.        ]
cvc_x_pos (1501,)
[0.00604637 0.00604747 0.00604856 ... 0.         0.         0.        ]
cvc_x_pos (1501,)
[0. 0. 0. ... 0. 0. 0.]
cvc_x_pos (1501,)
[0. 0. 0. ... 0. 0. 0.]
cvc_x_pos (1501,)
[0. 0. 0. ... 0. 0. 0.]
cvc_x_pos (1501,)
[0. 0. 0. ... 0. 0. 0.]
cvc_x_pos (1501,)
[0. 0. 0. ... 0. 0. 0.]
cvc_x_pos (1501,)
[0. 0. 0. ... 0. 0. 0.]
cvc_x_pos (1501,)
[0. 0. 0. ... 0. 0. 0.]
cvc_x_pos (1501,)
[0. 0. 0. ... 0. 0. 0.]
cvc_x_pos (1501,)
[0. 0. 0. ... 0. 0. 0.]
cvc_x_pos (1501,)
[0. 0. 0. ... 0. 0. 0.]
cvc_x_pos (1501,)
[0. 0. 0. ... 0. 0. 0.]
cvc_x_pos (1501,)
[0. 0. 0. ... 0. 0. 0.]
cvc_x_pos (1501,)
[0. 0. 0. ... 0. 0. 0.]
cvc_x_pos (1501,)
[0. 0. 0. ... 0. 0. 0.]
cvc_x_pos (1501,)
[0. 0. 0. ... 0. 0. 0.]
cvc_x_pos (1501,)
[0. 0. 0. ... 0. 0. 0.]
cvc_x_pos (1501,)
[0. 0. 0. ... 0. 0. 0.]
cvc_x_pos (1501,)
[0. 0. 0. ... 0. 0. 0.]
cvc_x_pos (1501,)
[0. 0. 0. ... 0. 0. 0.]
cvc_x_pos (1501,)
[0. 0. 0. ... 0. 0. 0.]
cvc_x_pos (1501,)
[0. 0. 0. ... 0. 0. 0.]
cvc_x_pos (1501,)
[0. 0. 0. ... 0. 0. 0.]
cvc_x_pos (1501,)
[0. 0. 0. ... 0. 0. 0.]
cvc_x_pos (1501,)
[0. 0. 0. ... 0. 0. 0.]
cvc_x_pos (1501,)
[0. 0. 0. ... 0. 0. 0.]
cvc_x_pos (1501,)
[0. 0. 0. ... 0. 0. 0.]
cvc_x_pos (1501,)
[0.00477499 0.00477563 0.00477626 ... 0.         0.         0.        ]
cvc_x_pos (1501,)
[0.00507168 0.00507233 0.00507297 ... 0.         0.         0.        ]
cvc_x_pos (1501,)
[0. 0. 0. ... 0. 0. 0.]
cvc_x_pos (1501,)
[0. 0. 0. ... 0. 0. 0.]
cvc_x_pos (1501,)
[0.00630587 0.00630721 0.00630854 ... 0.         0.         0.        ]
cvc_x_pos (1501,)
[0.00629552 0.0062963  0.00629705 ... 0.         0.         0.        ]
cvc_x_pos (1501,)
[0.00531502 0.00531397 0.0053129  ... 0.         0.         0.        ]
cvc_x_pos (1501,)
[0.00460059 0.0046012  0.0046018  ... 0.         0.         0.        ]
cvc_x_pos (1501,)
[0.00508108 0.00508056 0.00508004 ... 0.         0.         0.        ]
cvc_x_pos (1501,)
[0. 0. 0. ... 0. 0. 0.]
cvc_x_pos (1501,)
[0. 0. 0. ... 0. 0. 0.]
cvc_x_pos (1501,)
[0. 0. 0. ... 0. 0. 0.]
cvc_x_pos (1501,)
[0. 0. 0. ... 0. 0. 0.]
cvc_x_pos (1501,)
[0. 0. 0. ... 0. 0. 0.]
cvc_x_pos (1501,)
[0. 0. 0. ... 0. 0. 0.]
cvc_x_pos (1501,)
[0. 0. 0. ... 0. 0. 0.]
cvc_x_pos (1501,)
[0. 0. 0. ... 0. 0. 0.]
cvc_x_pos (1501,)
[0. 0. 0. ... 0. 0. 0.]
cvc_x_pos (1501,)
[0. 0. 0. ... 0. 0. 0.]
cvc_x_pos (1501,)
[0. 0. 0. ... 0. 0. 0.]
cvc_x_pos (1501,)
[0. 0. 0. ... 0. 0. 0.]
cvc_x_pos (1501,)
[0. 0. 0. ... 0. 0. 0.]
cvc_x_pos (1501,)
[0. 0. 0. ... 0. 0. 0.]
cvc_x_pos (1501,)
[0. 0. 0. ... 0. 0. 0.]
cvc_x_pos (1501,)
[0. 0. 0. ... 0. 0. 0.]
cvc_x_pos (1501,)
[0. 0. 0. ... 0. 0. 0.]
cvc_x_pos (1501,)
[0. 0. 0. ... 0. 0. 0.]
cvc_x_pos (1501,)
[0. 0. 0. ... 0. 0. 0.]
cvc_x_pos (1501,)
[0. 0. 0. ... 0. 0. 0.]
cvc_x_pos (1501,)
[0. 0. 0. ... 0. 0. 0.]
cvc_x_pos (1501,)
[0. 0. 0. ... 0. 0. 0.]
cvc_x_pos (1501,)
[0.00569751 0.00569718 0.00569683 ... 0.         0.         0.        ]
cvc_x_pos (1501,)
[0. 0. 0. ... 0. 0. 0.]
cvc_x_pos (1501,)
[0. 0. 0. ... 0. 0. 0.]
cvc_x_pos (1501,)
[0. 0. 0. ... 0. 0. 0.]
cvc_x_pos (1501,)
[0. 0. 0. ... 0. 0. 0.]
cvc_x_pos (1501,)
[0. 0. 0. ... 0. 0. 0.]
cvc_x_pos (1501,)
[0. 0. 0. ... 0. 0. 0.]
cvc_x_pos (1501,)
[0. 0. 0. ... 0. 0. 0.]
cvc_x_pos (1501,)
[0. 0. 0. ... 0. 0. 0.]
cvc_x_pos (1501,)
[0. 0. 0. ... 0. 0. 0.]
cvc_x_pos (1501,)
[0. 0. 0. ... 0. 0. 0.]
cvc_x_pos (1501,)
[0. 0. 0. ... 0. 0. 0.]
cvc_x_pos (1501,)
[0. 0. 0. ... 0. 0. 0.]
cvc_x_pos (1501,)
[0. 0. 0. ... 0. 0. 0.]
cvc_x_pos (1501,)
[0. 0. 0. ... 0. 0. 0.]
cvc_x_pos (1501,)
[0. 0. 0. ... 0. 0. 0.]
cvc_x_pos (1501,)
[0. 0. 0. ... 0. 0. 0.]
cvc_x_pos (1501,)
[0. 0. 0. ... 0. 0. 0.]
cvc_x_pos (1501,)
[0. 0. 0. ... 0. 0. 0.]
cvc_x_pos (1501,)
[0.00583898 0.00583995 0.0058409  ... 0.         0.         0.        ]
cvc_x_pos (1501,)
[0. 0. 0. ... 0. 0. 0.]
cvc_x_pos (1501,)
[0.00528457 0.00528531 0.00528604 ... 0.         0.         0.        ]
cvc_x_pos (1501,)
[0.00614443 0.00614376 0.00614307 ... 0.         0.         0.        ]
cvc_x_pos (1501,)
[0.00635825 0.00635941 0.00636055 ... 0.         0.         0.        ]
cvc_x_pos (1501,)
[0.00539099 0.00539006 0.00538913 ... 0.         0.         0.        ]
cvc_x_pos (1501,)
[0. 0. 0. ... 0. 0. 0.]
cvc_x_pos (1501,)
[0. 0. 0. ... 0. 0. 0.]
cvc_x_pos (1501,)
[0. 0. 0. ... 0. 0. 0.]
cvc_x_pos (1501,)
[0. 0. 0. ... 0. 0. 0.]
cvc_x_pos (1501,)
[0. 0. 0. ... 0. 0. 0.]
cvc_x_pos (1501,)
[0. 0. 0. ... 0. 0. 0.]
cvc_x_pos (1501,)
[0. 0. 0. ... 0. 0. 0.]
cvc_x_pos (1501,)
[0. 0. 0. ... 0. 0. 0.]
cvc_x_pos (1501,)
[0. 0. 0. ... 0. 0. 0.]
cvc_x_pos (1501,)
[0. 0. 0. ... 0. 0. 0.]
cvc_x_pos (1501,)
[0. 0. 0. ... 0. 0. 0.]
cvc_x_pos (1501,)
[0. 0. 0. ... 0. 0. 0.]
cvc_x_pos (1501,)
[0. 0. 0. ... 0. 0. 0.]
cvc_x_pos (1501,)
[0. 0. 0. ... 0. 0. 0.]
cvc_x_pos (1501,)
[0. 0. 0. ... 0. 0. 0.]
cvc_x_pos (1501,)
[0. 0. 0. ... 0. 0. 0.]
cvc_x_pos (1501,)
[0. 0. 0. ... 0. 0. 0.]
cvc_x_pos (1501,)
[0. 0. 0. ... 0. 0. 0.]
cvc_x_pos (1501,)
[0. 0. 0. ... 0. 0. 0.]
cvc_x_pos (1501,)
[0. 0. 0. ... 0. 0. 0.]
cvc_x_pos (1501,)
[0. 0. 0. ... 0. 0. 0.]
cvc_x_pos (1501,)
[0. 0. 0. ... 0. 0. 0.]
cvc_x_pos (1501,)
[0. 0. 0. ... 0. 0. 0.]
cvc_x_pos (1501,)
[0. 0. 0. ... 0. 0. 0.]
cvc_x_pos (1501,)
[0. 0. 0. ... 0. 0. 0.]
cvc_x_pos (1501,)
[0. 0. 0. ... 0. 0. 0.]
cvc_x_pos (1501,)
[0. 0. 0. ... 0. 0. 0.]
cvc_x_pos (1501,)
[0. 0. 0. ... 0. 0. 0.]
cvc_x_pos (1501,)
[0. 0. 0. ... 0. 0. 0.]
cvc_x_pos (1501,)
[0. 0. 0. ... 0. 0. 0.]
cvc_x_pos (1501,)
[0. 0. 0. ... 0. 0. 0.]
cvc_x_pos (1501,)
[0.00584739 0.00584874 0.00585008 ... 0.         0.         0.        ]
cvc_x_pos (1501,)
[0.00533766 0.00533848 0.00533929 ... 0.         0.         0.        ]
cvc_x_pos (1501,)
[0.00510938 0.00510984 0.00511029 ... 0.         0.         0.        ]
cvc_x_pos (1501,)
[0. 0. 0. ... 0. 0. 0.]
cvc_x_pos (1501,)
[0.00600021 0.00600074 0.00600126 ... 0.         0.         0.        ]
cvc_x_pos (1501,)
[0. 0. 0. ... 0. 0. 0.]
cvc_x_pos (1501,)
[0.00647231 0.00647208 0.00647183 ... 0.         0.         0.        ]
cvc_x_pos (1501,)
[0. 0. 0. ... 0. 0. 0.]
cvc_x_pos (1501,)
[0.00617157 0.00617063 0.00616967 ... 0.         0.         0.        ]
cvc_x_pos (1501,)
[0. 0. 0. ... 0. 0. 0.]
cvc_x_pos (1501,)
[0. 0. 0. ... 0. 0. 0.]
cvc_x_pos (1501,)
[0. 0. 0. ... 0. 0. 0.]
cvc_x_pos (1501,)
[0. 0. 0. ... 0. 0. 0.]
cvc_x_pos (1501,)
[0. 0. 0. ... 0. 0. 0.]
cvc_x_pos (1501,)
[0. 0. 0. ... 0. 0. 0.]
cvc_x_pos (1501,)
[0. 0. 0. ... 0. 0. 0.]
cvc_x_pos (1501,)
[0. 0. 0. ... 0. 0. 0.]
cvc_x_pos (1501,)
[0. 0. 0. ... 0. 0. 0.]
cvc_x_pos (1501,)
[0. 0. 0. ... 0. 0. 0.]
cvc_x_pos (1501,)
[0. 0. 0. ... 0. 0. 0.]
cvc_x_pos (1501,)
[0. 0. 0. ... 0. 0. 0.]
cvc_x_pos (1501,)
[0. 0. 0. ... 0. 0. 0.]
cvc_x_pos (1501,)
[0. 0. 0. ... 0. 0. 0.]
cvc_x_pos (1501,)
[0. 0. 0. ... 0. 0. 0.]
cvc_x_pos (1501,)
[0. 0. 0. ... 0. 0. 0.]
cvc_x_pos (1501,)
[0. 0. 0. ... 0. 0. 0.]
cvc_x_pos (1501,)
[0. 0. 0. ... 0. 0. 0.]
cvc_x_pos (1501,)
[0. 0. 0. ... 0. 0. 0.]
cvc_x_pos (1501,)
[0. 0. 0. ... 0. 0. 0.]
cvc_x_pos (1501,)
[0. 0. 0. ... 0. 0. 0.]
cvc_x_pos (1501,)
[0. 0. 0. ... 0. 0. 0.]
cvc_x_pos (1501,)
[0. 0. 0. ... 0. 0. 0.]
cvc_x_pos (1501,)
[0. 0. 0. ... 0. 0. 0.]
cvc_x_pos (1501,)
[0.00583022 0.00582989 0.00582954 ... 0.         0.         0.        ]
cvc_x_pos (1501,)
[0.00671096 0.00671201 0.00671304 ... 0.         0.         0.        ]
cvc_x_pos (1501,)
[0. 0. 0. ... 0. 0. 0.]
cvc_x_pos (1501,)
[0.00509216 0.00509232 0.00509247 ... 0.         0.         0.        ]
cvc_x_pos (1501,)
[0. 0. 0. ... 0. 0. 0.]
cvc_x_pos (1501,)
[0. 0. 0. ... 0. 0. 0.]
cvc_x_pos (1501,)
[0.00475713 0.00475773 0.00475832 ... 0.         0.         0.        ]
cvc_x_pos (1501,)
[0. 0. 0. ... 0. 0. 0.]
cvc_x_pos (1501,)
[0. 0. 0. ... 0. 0. 0.]
cvc_x_pos (1501,)
[0. 0. 0. ... 0. 0. 0.]
cvc_x_pos (1501,)
[0. 0. 0. ... 0. 0. 0.]
cvc_x_pos (1501,)
[0. 0. 0. ... 0. 0. 0.]
cvc_x_pos (1501,)
[0. 0. 0. ... 0. 0. 0.]
cvc_x_pos (1501,)
[0. 0. 0. ... 0. 0. 0.]
cvc_x_pos (1501,)
[0. 0. 0. ... 0. 0. 0.]
cvc_x_pos (1501,)
[0. 0. 0. ... 0. 0. 0.]
cvc_x_pos (1501,)
[0. 0. 0. ... 0. 0. 0.]
cvc_x_pos (1501,)
[0. 0. 0. ... 0. 0. 0.]
cvc_x_pos (1501,)
[0. 0. 0. ... 0. 0. 0.]
cvc_x_pos (1501,)
[0. 0. 0. ... 0. 0. 0.]
cvc_x_pos (1501,)
[0. 0. 0. ... 0. 0. 0.]
cvc_x_pos (1501,)
[0. 0. 0. ... 0. 0. 0.]
cvc_x_pos (1501,)
[0. 0. 0. ... 0. 0. 0.]
cvc_x_pos (1501,)
[0. 0. 0. ... 0. 0. 0.]
cvc_x_pos (1501,)
[0. 0. 0. ... 0. 0. 0.]
cvc_x_pos (1501,)
[0. 0. 0. ... 0. 0. 0.]
cvc_x_pos (1501,)
[0. 0. 0. ... 0. 0. 0.]
cvc_x_pos (1501,)
[0. 0. 0. ... 0. 0. 0.]
cvc_x_pos (1501,)
[0. 0. 0. ... 0. 0. 0.]
cvc_x_pos (1501,)
[0. 0. 0. ... 0. 0. 0.]
cvc_x_pos (1501,)
[0. 0. 0. ... 0. 0. 0.]
cvc_x_pos (1501,)
[0. 0. 0. ... 0. 0. 0.]
cvc_x_pos (1501,)
[0.0053382  0.00533737 0.00533652 ... 0.         0.         0.        ]
cvc_x_pos (1501,)
[0.0057568  0.00575626 0.0057557  ... 0.         0.         0.        ]
cvc_x_pos (1501,)
[0.00619346 0.00619348 0.00619348 ... 0.         0.         0.        ]
cvc_x_pos (1501,)
[0. 0. 0. ... 0. 0. 0.]
cvc_x_pos (1501,)
[0.00514198 0.00514278 0.00514356 ... 0.         0.         0.        ]
cvc_x_pos (1501,)
[0. 0. 0. ... 0. 0. 0.]
cvc_x_pos (1501,)
[0. 0. 0. ... 0. 0. 0.]
cvc_x_pos (1501,)
[0. 0. 0. ... 0. 0. 0.]
cvc_x_pos (1501,)
[0. 0. 0. ... 0. 0. 0.]
cvc_x_pos (1501,)
[0. 0. 0. ... 0. 0. 0.]
cvc_x_pos (1501,)
[0. 0. 0. ... 0. 0. 0.]
cvc_x_pos (1501,)
[0. 0. 0. ... 0. 0. 0.]
cvc_x_pos (1501,)
[0. 0. 0. ... 0. 0. 0.]
cvc_x_pos (1501,)
[0. 0. 0. ... 0. 0. 0.]
cvc_x_pos (1501,)
[0. 0. 0. ... 0. 0. 0.]
cvc_x_pos (1501,)
[0. 0. 0. ... 0. 0. 0.]
cvc_x_pos (1501,)
[0. 0. 0. ... 0. 0. 0.]
cvc_x_pos (1501,)
[0. 0. 0. ... 0. 0. 0.]
cvc_x_pos (1501,)
[0. 0. 0. ... 0. 0. 0.]
cvc_x_pos (1501,)
[0. 0. 0. ... 0. 0. 0.]
cvc_x_pos (1501,)
[0. 0. 0. ... 0. 0. 0.]
cvc_x_pos (1501,)
[0. 0. 0. ... 0. 0. 0.]
cvc_x_pos (1501,)
[0. 0. 0. ... 0. 0. 0.]
cvc_x_pos (1501,)
[0. 0. 0. ... 0. 0. 0.]
cvc_x_pos (1501,)
[0. 0. 0. ... 0. 0. 0.]
cvc_x_pos (1501,)
[0. 0. 0. ... 0. 0. 0.]
cvc_x_pos (1501,)
[0. 0. 0. ... 0. 0. 0.]
cvc_x_pos (1501,)
[0. 0. 0. ... 0. 0. 0.]
cvc_x_pos (1501,)
[0. 0. 0. ... 0. 0. 0.]
cvc_x_pos (1501,)
[0. 0. 0. ... 0. 0. 0.]
cvc_x_pos (1501,)
[0. 0. 0. ... 0. 0. 0.]
cvc_x_pos (1501,)
[0. 0. 0. ... 0. 0. 0.]
cvc_x_pos (1501,)
[0. 0. 0. ... 0. 0. 0.]
cvc_x_pos (1501,)
[0. 0. 0. ... 0. 0. 0.]
cvc_x_pos (1501,)
[0. 0. 0. ... 0. 0. 0.]
cvc_x_pos (1501,)
[0. 0. 0. ... 0. 0. 0.]
cvc_x_pos (1501,)
[0. 0. 0. ... 0. 0. 0.]
cvc_x_pos (1501,)
[0. 0. 0. ... 0. 0. 0.]
cvc_x_pos (1501,)
[0. 0. 0. ... 0. 0. 0.]
cvc_x_pos (1501,)
[0. 0. 0. ... 0. 0. 0.]
cvc_x_pos (1501,)
[0.00655508 0.00655544 0.00655577 ... 0.         0.         0.        ]
cvc_x_pos (1501,)
[0. 0. 0. ... 0. 0. 0.]
cvc_x_pos (1501,)
[0.0053078  0.00530764 0.00530746 ... 0.         0.         0.        ]
cvc_x_pos (1501,)
[0. 0. 0. ... 0. 0. 0.]
cvc_x_pos (1501,)
[0.006146   0.00614661 0.00614719 ... 0.         0.         0.        ]
cvc_x_pos (1501,)
[0. 0. 0. ... 0. 0. 0.]
cvc_x_pos (1501,)
[0. 0. 0. ... 0. 0. 0.]
cvc_x_pos (1501,)
[0. 0. 0. ... 0. 0. 0.]
cvc_x_pos (1501,)
[0. 0. 0. ... 0. 0. 0.]
cvc_x_pos (1501,)
[0. 0. 0. ... 0. 0. 0.]
cvc_x_pos (1501,)
[0. 0. 0. ... 0. 0. 0.]
cvc_x_pos (1501,)
[0. 0. 0. ... 0. 0. 0.]
cvc_x_pos (1501,)
[0. 0. 0. ... 0. 0. 0.]
cvc_x_pos (1501,)
[0. 0. 0. ... 0. 0. 0.]
cvc_x_pos (1501,)
[0. 0. 0. ... 0. 0. 0.]
cvc_x_pos (1501,)
[0. 0. 0. ... 0. 0. 0.]
cvc_x_pos (1501,)
[0. 0. 0. ... 0. 0. 0.]
cvc_x_pos (1501,)
[0. 0. 0. ... 0. 0. 0.]
cvc_x_pos (1501,)
[0. 0. 0. ... 0. 0. 0.]
cvc_x_pos (1501,)
[0. 0. 0. ... 0. 0. 0.]
cvc_x_pos (1501,)
[0. 0. 0. ... 0. 0. 0.]
cvc_x_pos (1501,)
[0. 0. 0. ... 0. 0. 0.]
cvc_x_pos (1501,)
[0. 0. 0. ... 0. 0. 0.]
cvc_x_pos (1501,)
[0. 0. 0. ... 0. 0. 0.]
cvc_x_pos (1501,)
[0. 0. 0. ... 0. 0. 0.]
cvc_x_pos (1501,)
[0. 0. 0. ... 0. 0. 0.]
cvc_x_pos (1501,)
[0. 0. 0. ... 0. 0. 0.]
cvc_x_pos (1501,)
[0. 0. 0. ... 0. 0. 0.]
cvc_x_pos (1501,)
[0. 0. 0. ... 0. 0. 0.]
cvc_x_pos (1501,)
[0. 0. 0. ... 0. 0. 0.]
cvc_x_pos (1501,)
[0. 0. 0. ... 0. 0. 0.]
cvc_x_pos (1501,)
[0. 0. 0. ... 0. 0. 0.]
cvc_x_pos (1501,)
[0. 0. 0. ... 0. 0. 0.]
cvc_x_pos (1501,)
[0. 0. 0. ... 0. 0. 0.]
cvc_x_pos (1501,)
[0. 0. 0. ... 0. 0. 0.]
cvc_x_pos (1501,)
[0. 0. 0. ... 0. 0. 0.]
cvc_x_pos (1501,)
[0. 0. 0. ... 0. 0. 0.]
cvc_x_pos (1501,)
[0. 0. 0. ... 0. 0. 0.]
cvc_x_pos (1501,)
[0. 0. 0. ... 0. 0. 0.]
cvc_x_pos (1501,)
[0. 0. 0. ... 0. 0. 0.]
cvc_x_pos (1501,)
[0. 0. 0. ... 0. 0. 0.]
cvc_x_pos (1501,)
[0. 0. 0. ... 0. 0. 0.]
cvc_x_pos (1501,)
[0. 0. 0. ... 0. 0. 0.]
cvc_x_pos (1501,)
[0. 0. 0. ... 0. 0. 0.]
cvc_x_pos (1501,)
[0. 0. 0. ... 0. 0. 0.]
cvc_x_pos (1501,)
[0.0055259  0.0055252  0.00552449 ... 0.         0.         0.        ]
cvc_x_pos (1501,)
[0. 0. 0. ... 0. 0. 0.]
cvc_x_pos (1501,)
[0.0053364  0.00533625 0.00533609 ... 0.         0.         0.        ]
cvc_x_pos (1501,)
[0. 0. 0. ... 0. 0. 0.]
cvc_x_pos (1501,)
[0.00496662 0.0049665  0.00496636 ... 0.         0.         0.        ]
cvc_x_pos (1501,)
[0.0054753  0.00547483 0.00547435 ... 0.         0.         0.        ]
cvc_x_pos (1501,)
[0. 0. 0. ... 0. 0. 0.]
cvc_x_pos (1501,)
[0. 0. 0. ... 0. 0. 0.]
cvc_x_pos (1501,)
[0. 0. 0. ... 0. 0. 0.]
cvc_x_pos (1501,)
[0. 0. 0. ... 0. 0. 0.]
cvc_x_pos (1501,)
[0. 0. 0. ... 0. 0. 0.]
cvc_x_pos (1501,)
[0. 0. 0. ... 0. 0. 0.]
cvc_x_pos (1501,)
[0. 0. 0. ... 0. 0. 0.]
cvc_x_pos (1501,)
[0. 0. 0. ... 0. 0. 0.]
cvc_x_pos (1501,)
[0. 0. 0. ... 0. 0. 0.]
cvc_x_pos (1501,)
[0. 0. 0. ... 0. 0. 0.]
cvc_x_pos (1501,)
[0. 0. 0. ... 0. 0. 0.]
cvc_x_pos (1501,)
[0. 0. 0. ... 0. 0. 0.]
cvc_x_pos (1501,)
[0. 0. 0. ... 0. 0. 0.]
cvc_x_pos (1501,)
[0. 0. 0. ... 0. 0. 0.]
cvc_x_pos (1501,)
[0. 0. 0. ... 0. 0. 0.]
cvc_x_pos (1501,)
[0. 0. 0. ... 0. 0. 0.]
cvc_x_pos (1501,)
[0. 0. 0. ... 0. 0. 0.]
cvc_x_pos (1501,)
[0. 0. 0. ... 0. 0. 0.]
cvc_x_pos (1501,)
[0. 0. 0. ... 0. 0. 0.]
cvc_x_pos (1501,)
[0. 0. 0. ... 0. 0. 0.]
cvc_x_pos (1501,)
[0. 0. 0. ... 0. 0. 0.]
cvc_x_pos (1501,)
[0. 0. 0. ... 0. 0. 0.]
cvc_x_pos (1501,)
[0. 0. 0. ... 0. 0. 0.]
cvc_x_pos (1501,)
[0. 0. 0. ... 0. 0. 0.]
cvc_x_pos (1501,)
[0. 0. 0. ... 0. 0. 0.]
cvc_x_pos (1501,)
[0. 0. 0. ... 0. 0. 0.]
cvc_x_pos (1501,)
[0. 0. 0. ... 0. 0. 0.]
cvc_x_pos (1501,)
[0. 0. 0. ... 0. 0. 0.]
cvc_x_pos (1501,)
[0. 0. 0. ... 0. 0. 0.]
cvc_x_pos (1501,)
[0. 0. 0. ... 0. 0. 0.]
cvc_x_pos (1501,)
[0. 0. 0. ... 0. 0. 0.]
cvc_x_pos (1501,)
[0. 0. 0. ... 0. 0. 0.]
cvc_x_pos (1501,)
[0. 0. 0. ... 0. 0. 0.]
cvc_x_pos (1501,)
[0. 0. 0. ... 0. 0. 0.]
cvc_x_pos (1501,)
[0. 0. 0. ... 0. 0. 0.]
cvc_x_pos (1501,)
[0. 0. 0. ... 0. 0. 0.]
cvc_x_pos (1501,)
[0. 0. 0. ... 0. 0. 0.]
cvc_x_pos (1501,)
[0. 0. 0. ... 0. 0. 0.]
cvc_x_pos (1501,)
[0. 0. 0. ... 0. 0. 0.]
cvc_x_pos (1501,)
[0. 0. 0. ... 0. 0. 0.]
cvc_x_pos (1501,)
[0. 0. 0. ... 0. 0. 0.]
cvc_x_pos (1501,)
[0. 0. 0. ... 0. 0. 0.]
cvc_x_pos (1501,)
[0. 0. 0. ... 0. 0. 0.]
cvc_x_pos (1501,)
[0. 0. 0. ... 0. 0. 0.]
cvc_x_pos (1501,)
[0. 0. 0. ... 0. 0. 0.]
cvc_x_pos (1501,)
[0. 0. 0. ... 0. 0. 0.]
cvc_x_pos (1501,)
[0. 0. 0. ... 0. 0. 0.]
cvc_x_pos (1501,)
[0. 0. 0. ... 0. 0. 0.]
cvc_x_pos (1501,)
[0. 0. 0. ... 0. 0. 0.]
cvc_x_pos (1501,)
[0. 0. 0. ... 0. 0. 0.]
cvc_x_pos (1501,)
[0. 0. 0. ... 0. 0. 0.]
cvc_x_pos (1501,)
[0.0048422  0.00484188 0.00484157 ... 0.         0.         0.        ]
cvc_x_pos (1501,)
[0. 0. 0. ... 0. 0. 0.]
cvc_x_pos (1501,)
[0.0061173  0.00611746 0.00611761 ... 0.         0.         0.        ]
cvc_x_pos (1501,)
[0.00603724 0.00603671 0.00603617 ... 0.         0.         0.        ]
cvc_x_pos (1501,)
[0. 0. 0. ... 0. 0. 0.]
cvc_x_pos (1501,)
[0. 0. 0. ... 0. 0. 0.]
cvc_x_pos (1501,)
[0. 0. 0. ... 0. 0. 0.]
cvc_x_pos (1501,)
[0. 0. 0. ... 0. 0. 0.]
cvc_x_pos (1501,)
[0. 0. 0. ... 0. 0. 0.]
cvc_x_pos (1501,)
[0. 0. 0. ... 0. 0. 0.]
cvc_x_pos (1501,)
[0. 0. 0. ... 0. 0. 0.]
cvc_x_pos (1501,)
[0. 0. 0. ... 0. 0. 0.]
cvc_x_pos (1501,)
[0. 0. 0. ... 0. 0. 0.]
cvc_x_pos (1501,)
[0. 0. 0. ... 0. 0. 0.]
cvc_x_pos (1501,)
[0. 0. 0. ... 0. 0. 0.]
cvc_x_pos (1501,)
[0. 0. 0. ... 0. 0. 0.]
cvc_x_pos (1501,)
[0. 0. 0. ... 0. 0. 0.]
cvc_x_pos (1501,)
[0. 0. 0. ... 0. 0. 0.]
cvc_x_pos (1501,)
[0. 0. 0. ... 0. 0. 0.]
cvc_x_pos (1501,)
[0. 0. 0. ... 0. 0. 0.]
cvc_x_pos (1501,)
[0. 0. 0. ... 0. 0. 0.]
cvc_x_pos (1501,)
[0. 0. 0. ... 0. 0. 0.]
cvc_x_pos (1501,)
[0. 0. 0. ... 0. 0. 0.]
cvc_x_pos (1501,)
[0. 0. 0. ... 0. 0. 0.]
cvc_x_pos (1501,)
[0. 0. 0. ... 0. 0. 0.]
cvc_x_pos (1501,)
[0. 0. 0. ... 0. 0. 0.]
cvc_x_pos (1501,)
[0. 0. 0. ... 0. 0. 0.]
cvc_x_pos (1501,)
[0. 0. 0. ... 0. 0. 0.]
cvc_x_pos (1501,)
[0. 0. 0. ... 0. 0. 0.]
cvc_x_pos (1501,)
[0. 0. 0. ... 0. 0. 0.]
cvc_x_pos (1501,)
[0. 0. 0. ... 0. 0. 0.]
cvc_x_pos (1501,)
[0. 0. 0. ... 0. 0. 0.]
cvc_x_pos (1501,)
[0. 0. 0. ... 0. 0. 0.]
cvc_x_pos (1501,)
[0. 0. 0. ... 0. 0. 0.]
cvc_x_pos (1501,)
[0. 0. 0. ... 0. 0. 0.]
cvc_x_pos (1501,)
[0. 0. 0. ... 0. 0. 0.]
cvc_x_pos (1501,)
[0. 0. 0. ... 0. 0. 0.]
cvc_x_pos (1501,)
[0. 0. 0. ... 0. 0. 0.]
cvc_x_pos (1501,)
[0. 0. 0. ... 0. 0. 0.]
cvc_x_pos (1501,)
[0. 0. 0. ... 0. 0. 0.]
cvc_x_pos (1501,)
[0. 0. 0. ... 0. 0. 0.]
cvc_x_pos (1501,)
[0. 0. 0. ... 0. 0. 0.]
cvc_x_pos (1501,)
[0. 0. 0. ... 0. 0. 0.]
cvc_x_pos (1501,)
[0. 0. 0. ... 0. 0. 0.]
cvc_x_pos (1501,)
[0. 0. 0. ... 0. 0. 0.]
cvc_x_pos (1501,)
[0. 0. 0. ... 0. 0. 0.]
cvc_x_pos (1501,)
[0. 0. 0. ... 0. 0. 0.]
cvc_x_pos (1501,)
[0. 0. 0. ... 0. 0. 0.]
cvc_x_pos (1501,)
[0. 0. 0. ... 0. 0. 0.]
cvc_x_pos (1501,)
[0. 0. 0. ... 0. 0. 0.]
cvc_x_pos (1501,)
[0. 0. 0. ... 0. 0. 0.]
cvc_x_pos (1501,)
[0. 0. 0. ... 0. 0. 0.]
cvc_x_pos (1501,)
[0. 0. 0. ... 0. 0. 0.]
cvc_x_pos (1501,)
[0. 0. 0. ... 0. 0. 0.]
cvc_x_pos (1501,)
[0. 0. 0. ... 0. 0. 0.]
cvc_x_pos (1501,)
[0. 0. 0. ... 0. 0. 0.]
cvc_x_pos (1501,)
[0. 0. 0. ... 0. 0. 0.]
cvc_x_pos (1501,)
[0. 0. 0. ... 0. 0. 0.]
cvc_x_pos (1501,)
[0. 0. 0. ... 0. 0. 0.]
cvc_x_pos (1501,)
[0. 0. 0. ... 0. 0. 0.]
cvc_x_pos (1501,)
[0. 0. 0. ... 0. 0. 0.]
cvc_x_pos (1501,)
[0. 0. 0. ... 0. 0. 0.]
cvc_x_pos (1501,)
[0. 0. 0. ... 0. 0. 0.]
cvc_x_pos (1501,)
[0.00530259 0.00530219 0.00530178 ... 0.         0.         0.        ]
cvc_x_pos (1501,)
[0. 0. 0. ... 0. 0. 0.]
cvc_x_pos (1501,)
[0.0064561  0.00645697 0.00645782 ... 0.         0.         0.        ]
cvc_x_pos (1501,)
[0. 0. 0. ... 0. 0. 0.]
cvc_x_pos (1501,)
[0. 0. 0. ... 0. 0. 0.]
cvc_x_pos (1501,)
[0. 0. 0. ... 0. 0. 0.]
cvc_x_pos (1501,)
[0. 0. 0. ... 0. 0. 0.]
cvc_x_pos (1501,)
[0. 0. 0. ... 0. 0. 0.]
cvc_x_pos (1501,)
[0. 0. 0. ... 0. 0. 0.]
cvc_x_pos (1501,)
[0. 0. 0. ... 0. 0. 0.]
cvc_x_pos (1501,)
[0. 0. 0. ... 0. 0. 0.]
cvc_x_pos (1501,)
[0. 0. 0. ... 0. 0. 0.]
cvc_x_pos (1501,)
[0. 0. 0. ... 0. 0. 0.]
cvc_x_pos (1501,)
[0. 0. 0. ... 0. 0. 0.]
cvc_x_pos (1501,)
[0. 0. 0. ... 0. 0. 0.]
cvc_x_pos (1501,)
[0. 0. 0. ... 0. 0. 0.]
cvc_x_pos (1501,)
[0. 0. 0. ... 0. 0. 0.]
cvc_x_pos (1501,)
[0. 0. 0. ... 0. 0. 0.]
cvc_x_pos (1501,)
[0. 0. 0. ... 0. 0. 0.]
cvc_x_pos (1501,)
[0. 0. 0. ... 0. 0. 0.]
cvc_x_pos (1501,)
[0. 0. 0. ... 0. 0. 0.]
cvc_x_pos (1501,)
[0. 0. 0. ... 0. 0. 0.]
cvc_x_pos (1501,)
[0. 0. 0. ... 0. 0. 0.]
cvc_x_pos (1501,)
[0. 0. 0. ... 0. 0. 0.]
cvc_x_pos (1501,)
[0. 0. 0. ... 0. 0. 0.]
cvc_x_pos (1501,)
[0. 0. 0. ... 0. 0. 0.]
cvc_x_pos (1501,)
[0. 0. 0. ... 0. 0. 0.]
cvc_x_pos (1501,)
[0. 0. 0. ... 0. 0. 0.]
cvc_x_pos (1501,)
[0. 0. 0. ... 0. 0. 0.]
cvc_x_pos (1501,)
[0. 0. 0. ... 0. 0. 0.]
cvc_x_pos (1501,)
[0. 0. 0. ... 0. 0. 0.]
cvc_x_pos (1501,)
[0. 0. 0. ... 0. 0. 0.]
cvc_x_pos (1501,)
[0. 0. 0. ... 0. 0. 0.]
cvc_x_pos (1501,)
[0.00521433 0.00521381 0.00521327 ... 0.         0.         0.        ]
cvc_x_pos (1501,)
[0. 0. 0. ... 0. 0. 0.]
cvc_x_pos (1501,)
[0. 0. 0. ... 0. 0. 0.]
cvc_x_pos (1501,)
[0. 0. 0. ... 0. 0. 0.]
cvc_x_pos (1501,)
[0. 0. 0. ... 0. 0. 0.]
cvc_x_pos (1501,)
[0. 0. 0. ... 0. 0. 0.]
cvc_x_pos (1501,)
[0. 0. 0. ... 0. 0. 0.]
cvc_x_pos (1501,)
[0. 0. 0. ... 0. 0. 0.]
cvc_x_pos (1501,)
[0. 0. 0. ... 0. 0. 0.]
cvc_x_pos (1501,)
[0. 0. 0. ... 0. 0. 0.]
cvc_x_pos (1501,)
[0. 0. 0. ... 0. 0. 0.]
cvc_x_pos (1501,)
[0. 0. 0. ... 0. 0. 0.]
cvc_x_pos (1501,)
[0. 0. 0. ... 0. 0. 0.]
cvc_x_pos (1501,)
[0. 0. 0. ... 0. 0. 0.]
cvc_x_pos (1501,)
[0. 0. 0. ... 0. 0. 0.]
cvc_x_pos (1501,)
[0. 0. 0. ... 0. 0. 0.]
cvc_x_pos (1501,)
[0. 0. 0. ... 0. 0. 0.]
cvc_x_pos (1501,)
[0. 0. 0. ... 0. 0. 0.]
cvc_x_pos (1501,)
[0. 0. 0. ... 0. 0. 0.]
cvc_x_pos (1501,)
[0. 0. 0. ... 0. 0. 0.]
cvc_x_pos (1501,)
[0. 0. 0. ... 0. 0. 0.]
cvc_x_pos (1501,)
[0. 0. 0. ... 0. 0. 0.]
cvc_x_pos (1501,)
[0. 0. 0. ... 0. 0. 0.]
cvc_x_pos (1501,)
[0. 0. 0. ... 0. 0. 0.]
cvc_x_pos (1501,)
[0. 0. 0. ... 0. 0. 0.]
cvc_x_pos (1501,)
[0. 0. 0. ... 0. 0. 0.]
cvc_x_pos (1501,)
[0. 0. 0. ... 0. 0. 0.]
cvc_x_pos (1501,)
[0. 0. 0. ... 0. 0. 0.]
cvc_x_pos (1501,)
[0. 0. 0. ... 0. 0. 0.]
cvc_x_pos (1501,)
[0. 0. 0. ... 0. 0. 0.]
cvc_x_pos (1501,)
[0. 0. 0. ... 0. 0. 0.]
cvc_x_pos (1501,)
[0. 0. 0. ... 0. 0. 0.]
cvc_x_pos (1501,)
[0. 0. 0. ... 0. 0. 0.]
cvc_x_pos (1501,)
[0. 0. 0. ... 0. 0. 0.]
cvc_x_pos (1501,)
[0. 0. 0. ... 0. 0. 0.]
cvc_x_pos (1501,)
[0. 0. 0. ... 0. 0. 0.]
cvc_x_pos (1501,)
[0.         0.00536989 0.00537102 ... 0.         0.         0.        ]
cvc_x_pos (1501,)
[0. 0. 0. ... 0. 0. 0.]
cvc_x_pos (1501,)
[0. 0. 0. ... 0. 0. 0.]
cvc_x_pos (1501,)
[0.00496864 0.00496932 0.00497    ... 0.         0.         0.        ]
cvc_x_pos (1501,)
[0.00625407 0.00625256 0.00625104 ... 0.         0.         0.        ]
cvc_x_pos (1501,)
[0.00563671 0.00563678 0.00563683 ... 0.         0.         0.        ]
cvc_x_pos (1501,)
[0. 0. 0. ... 0. 0. 0.]
cvc_x_pos (1501,)
[0. 0. 0. ... 0. 0. 0.]
cvc_x_pos (1501,)
[0. 0. 0. ... 0. 0. 0.]
cvc_x_pos (1501,)
[0. 0. 0. ... 0. 0. 0.]
cvc_x_pos (1501,)
[0. 0. 0. ... 0. 0. 0.]
cvc_x_pos (1501,)
[0. 0. 0. ... 0. 0. 0.]
cvc_x_pos (1501,)
[0. 0. 0. ... 0. 0. 0.]
cvc_x_pos (1501,)
[0. 0. 0. ... 0. 0. 0.]
cvc_x_pos (1501,)
[0. 0. 0. ... 0. 0. 0.]
cvc_x_pos (1501,)
[0. 0. 0. ... 0. 0. 0.]
cvc_x_pos (1501,)
[0. 0. 0. ... 0. 0. 0.]
cvc_x_pos (1501,)
[0. 0. 0. ... 0. 0. 0.]
cvc_x_pos (1501,)
[0. 0. 0. ... 0. 0. 0.]
cvc_x_pos (1501,)
[0. 0. 0. ... 0. 0. 0.]
cvc_x_pos (1501,)
[0. 0. 0. ... 0. 0. 0.]
cvc_x_pos (1501,)
[0. 0. 0. ... 0. 0. 0.]
cvc_x_pos (1501,)
[0. 0. 0. ... 0. 0. 0.]
cvc_x_pos (1501,)
[0. 0. 0. ... 0. 0. 0.]
cvc_x_pos (1501,)
[0. 0. 0. ... 0. 0. 0.]
cvc_x_pos (1501,)
[0. 0. 0. ... 0. 0. 0.]
cvc_x_pos (1501,)
[0. 0. 0. ... 0. 0. 0.]
cvc_x_pos (1501,)
[0. 0. 0. ... 0. 0. 0.]
cvc_x_pos (1501,)
[0. 0. 0. ... 0. 0. 0.]
cvc_x_pos (1501,)
[0. 0. 0. ... 0. 0. 0.]
cvc_x_pos (1501,)
[0. 0. 0. ... 0. 0. 0.]
cvc_x_pos (1501,)
[0. 0. 0. ... 0. 0. 0.]
cvc_x_pos (1501,)
[0. 0. 0. ... 0. 0. 0.]
cvc_x_pos (1501,)
[0. 0. 0. ... 0. 0. 0.]
cvc_x_pos (1501,)
[0. 0. 0. ... 0. 0. 0.]
cvc_x_pos (1501,)
[0. 0. 0. ... 0. 0. 0.]
cvc_x_pos (1501,)
[0.00419269 0.00419242 0.00419214 ... 0.         0.         0.        ]
cvc_x_pos (1501,)
[0.00598894 0.0059903  0.00599164 ... 0.         0.         0.        ]
cvc_x_pos (1501,)
[0.00495281 0.00495367 0.00495451 ... 0.         0.         0.        ]
cvc_x_pos (1501,)
[0. 0. 0. ... 0. 0. 0.]
cvc_x_pos (1501,)
[0. 0. 0. ... 0. 0. 0.]
cvc_x_pos (1501,)
[0. 0. 0. ... 0. 0. 0.]
cvc_x_pos (1501,)
[0. 0. 0. ... 0. 0. 0.]
cvc_x_pos (1501,)
[0. 0. 0. ... 0. 0. 0.]
cvc_x_pos (1501,)
[0. 0. 0. ... 0. 0. 0.]
cvc_x_pos (1501,)
[0. 0. 0. ... 0. 0. 0.]
cvc_x_pos (1501,)
[0. 0. 0. ... 0. 0. 0.]
cvc_x_pos (1501,)
[0. 0. 0. ... 0. 0. 0.]
cvc_x_pos (1501,)
[0. 0. 0. ... 0. 0. 0.]
cvc_x_pos (1501,)
[0. 0. 0. ... 0. 0. 0.]
cvc_x_pos (1501,)
[0. 0. 0. ... 0. 0. 0.]
cvc_x_pos (1501,)
[0. 0. 0. ... 0. 0. 0.]
cvc_x_pos (1501,)
[0. 0. 0. ... 0. 0. 0.]
cvc_x_pos (1501,)
[0. 0. 0. ... 0. 0. 0.]
cvc_x_pos (1501,)
[0. 0. 0. ... 0. 0. 0.]
cvc_x_pos (1501,)
[0. 0. 0. ... 0. 0. 0.]
cvc_x_pos (1501,)
[0. 0. 0. ... 0. 0. 0.]
cvc_x_pos (1501,)
[0. 0. 0. ... 0. 0. 0.]
cvc_x_pos (1501,)
[0. 0. 0. ... 0. 0. 0.]
cvc_x_pos (1501,)
[0. 0. 0. ... 0. 0. 0.]
cvc_x_pos (1501,)
[0. 0. 0. ... 0. 0. 0.]
cvc_x_pos (1501,)
[0. 0. 0. ... 0. 0. 0.]
cvc_x_pos (1501,)
[0. 0. 0. ... 0. 0. 0.]
cvc_x_pos (1501,)
[0. 0. 0. ... 0. 0. 0.]
cvc_x_pos (1501,)
[0. 0. 0. ... 0. 0. 0.]
cvc_x_pos (1501,)
[0.00620263 0.00620368 0.00620471 ... 0.         0.         0.        ]
cvc_x_pos (1501,)
[0. 0. 0. ... 0. 0. 0.]
cvc_x_pos (1501,)
[0.00609094 0.00608992 0.00608889 ... 0.         0.         0.        ]
cvc_x_pos (1501,)
[0.00471247 0.0047133  0.00471413 ... 0.         0.         0.        ]
cvc_x_pos (1501,)
[0.00517197 0.00517191 0.00517184 ... 0.         0.         0.        ]
cvc_x_pos (1501,)
[0.0055241  0.00552524 0.00552636 ... 0.         0.         0.        ]
cvc_x_pos (1501,)
[0.00475498 0.00475507 0.00475515 ... 0.         0.         0.        ]
cvc_x_pos (1501,)
[0.00556938 0.00556974 0.00557009 ... 0.         0.         0.        ]
cvc_x_pos (1501,)
[0. 0. 0. ... 0. 0. 0.]
cvc_x_pos (1501,)
[0. 0. 0. ... 0. 0. 0.]
cvc_x_pos (1501,)
[0. 0. 0. ... 0. 0. 0.]
cvc_x_pos (1501,)
[0. 0. 0. ... 0. 0. 0.]
cvc_x_pos (1501,)
[0. 0. 0. ... 0. 0. 0.]
cvc_x_pos (1501,)
[0. 0. 0. ... 0. 0. 0.]
cvc_x_pos (1501,)
[0. 0. 0. ... 0. 0. 0.]
cvc_x_pos (1501,)
[0. 0. 0. ... 0. 0. 0.]
cvc_x_pos (1501,)
[0. 0. 0. ... 0. 0. 0.]
cvc_x_pos (1501,)
[0. 0. 0. ... 0. 0. 0.]
cvc_x_pos (1501,)
[0. 0. 0. ... 0. 0. 0.]
cvc_x_pos (1501,)
[0. 0. 0. ... 0. 0. 0.]
cvc_x_pos (1501,)
[0. 0. 0. ... 0. 0. 0.]
cvc_x_pos (1501,)
[0. 0. 0. ... 0. 0. 0.]
cvc_x_pos (1501,)
[0. 0. 0. ... 0. 0. 0.]
cvc_x_pos (1501,)
[0. 0. 0. ... 0. 0. 0.]
cvc_x_pos (1501,)
[0. 0. 0. ... 0. 0. 0.]
cvc_x_pos (1501,)
[0. 0. 0. ... 0. 0. 0.]
cvc_x_pos (1501,)
[0. 0. 0. ... 0. 0. 0.]
cvc_x_pos (1501,)
[0. 0. 0. ... 0. 0. 0.]
cvc_x_pos (1501,)
[0. 0. 0. ... 0. 0. 0.]
cvc_x_pos (1501,)
[0. 0. 0. ... 0. 0. 0.]
cvc_x_pos (1501,)
[0. 0. 0. ... 0. 0. 0.]
cvc_x_pos (1501,)
[0. 0. 0. ... 0. 0. 0.]
cvc_x_pos (1501,)
[0. 0. 0. ... 0. 0. 0.]
cvc_x_pos (1501,)
[0. 0. 0. ... 0. 0. 0.]
cvc_x_pos (1501,)
[0. 0. 0. ... 0. 0. 0.]
cvc_x_pos (1501,)
[0. 0. 0. ... 0. 0. 0.]
cvc_x_pos (1501,)
[0. 0. 0. ... 0. 0. 0.]
cvc_x_pos (1501,)
[0. 0. 0. ... 0. 0. 0.]
cvc_x_pos (1501,)
[0. 0. 0. ... 0. 0. 0.]
cvc_x_pos (1501,)
[0. 0. 0. ... 0. 0. 0.]
cvc_x_pos (1501,)
[0.00582746 0.00582702 0.00582656 ... 0.         0.         0.        ]
cvc_x_pos (1501,)
[0. 0. 0. ... 0. 0. 0.]
cvc_x_pos (1501,)
[0. 0. 0. ... 0. 0. 0.]
cvc_x_pos (1501,)
[0. 0. 0. ... 0. 0. 0.]
cvc_x_pos (1501,)
[0. 0. 0. ... 0. 0. 0.]
cvc_x_pos (1501,)
[0. 0. 0. ... 0. 0. 0.]
cvc_x_pos (1501,)
[0. 0. 0. ... 0. 0. 0.]
cvc_x_pos (1501,)
[0. 0. 0. ... 0. 0. 0.]
cvc_x_pos (1501,)
[0. 0. 0. ... 0. 0. 0.]
cvc_x_pos (1501,)
[0. 0. 0. ... 0. 0. 0.]
cvc_x_pos (1501,)
[0. 0. 0. ... 0. 0. 0.]
cvc_x_pos (1501,)
[0. 0. 0. ... 0. 0. 0.]
cvc_x_pos (1501,)
[0. 0. 0. ... 0. 0. 0.]
cvc_x_pos (1501,)
[0. 0. 0. ... 0. 0. 0.]
cvc_x_pos (1501,)
[0. 0. 0. ... 0. 0. 0.]
cvc_x_pos (1501,)
[0. 0. 0. ... 0. 0. 0.]
cvc_x_pos (1501,)
[0. 0. 0. ... 0. 0. 0.]
cvc_x_pos (1501,)
[0. 0. 0. ... 0. 0. 0.]
cvc_x_pos (1501,)
[0.00518506 0.00518598 0.00518688 ... 0.         0.         0.        ]
cvc_x_pos (1501,)
[0.00522553 0.00522561 0.00522568 ... 0.         0.         0.        ]
cvc_x_pos (1501,)
[0. 0. 0. ... 0. 0. 0.]
cvc_x_pos (1501,)
[0.00648514 0.00648628 0.0064874  ... 0.         0.         0.        ]
cvc_x_pos (1501,)
[0. 0. 0. ... 0. 0. 0.]
cvc_x_pos (1501,)
[0.00454882 0.00454838 0.00454793 ... 0.         0.         0.        ]
cvc_x_pos (1501,)
[0. 0. 0. ... 0. 0. 0.]
cvc_x_pos (1501,)
[0. 0. 0. ... 0. 0. 0.]
cvc_x_pos (1501,)
[0. 0. 0. ... 0. 0. 0.]
cvc_x_pos (1501,)
[0. 0. 0. ... 0. 0. 0.]
cvc_x_pos (1501,)
[0. 0. 0. ... 0. 0. 0.]
cvc_x_pos (1501,)
[0. 0. 0. ... 0. 0. 0.]
cvc_x_pos (1501,)
[0. 0. 0. ... 0. 0. 0.]
cvc_x_pos (1501,)
[0. 0. 0. ... 0. 0. 0.]
cvc_x_pos (1501,)
[0. 0. 0. ... 0. 0. 0.]
cvc_x_pos (1501,)
[0. 0. 0. ... 0. 0. 0.]
cvc_x_pos (1501,)
[0. 0. 0. ... 0. 0. 0.]
cvc_x_pos (1501,)
[0. 0. 0. ... 0. 0. 0.]
cvc_x_pos (1501,)
[0. 0. 0. ... 0. 0. 0.]
cvc_x_pos (1501,)
[0. 0. 0. ... 0. 0. 0.]
cvc_x_pos (1501,)
[0. 0. 0. ... 0. 0. 0.]
cvc_x_pos (1501,)
[0. 0. 0. ... 0. 0. 0.]
cvc_x_pos (1501,)
[0. 0. 0. ... 0. 0. 0.]
cvc_x_pos (1501,)
[0. 0. 0. ... 0. 0. 0.]
cvc_x_pos (1501,)
[0. 0. 0. ... 0. 0. 0.]
cvc_x_pos (1501,)
[0. 0. 0. ... 0. 0. 0.]
cvc_x_pos (1501,)
[0. 0. 0. ... 0. 0. 0.]
cvc_x_pos (1501,)
[0. 0. 0. ... 0. 0. 0.]
cvc_x_pos (1501,)
[0. 0. 0. ... 0. 0. 0.]
cvc_x_pos (1501,)
[0. 0. 0. ... 0. 0. 0.]
cvc_x_pos (1501,)
[0. 0. 0. ... 0. 0. 0.]
cvc_x_pos (1501,)
[0. 0. 0. ... 0. 0. 0.]
cvc_x_pos (1501,)
[0. 0. 0. ... 0. 0. 0.]
cvc_x_pos (1501,)
[0. 0. 0. ... 0. 0. 0.]
cvc_x_pos (1501,)
[0. 0. 0. ... 0. 0. 0.]
cvc_x_pos (1501,)
[0. 0. 0. ... 0. 0. 0.]
cvc_x_pos (1501,)
[0. 0. 0. ... 0. 0. 0.]
cvc_x_pos (1501,)
[0. 0. 0. ... 0. 0. 0.]
cvc_x_pos (1501,)
[0. 0. 0. ... 0. 0. 0.]
cvc_x_pos (1501,)
[0. 0. 0. ... 0. 0. 0.]
cvc_x_pos (1501,)
[0.00676516 0.0067643  0.00676342 ... 0.         0.         0.        ]
cvc_x_pos (1501,)
[0.00605764 0.00605907 0.00606049 ... 0.         0.         0.        ]
cvc_x_pos (1501,)
[0. 0. 0. ... 0. 0. 0.]
cvc_x_pos (1501,)
[0. 0. 0. ... 0. 0. 0.]
cvc_x_pos (1501,)
[0. 0. 0. ... 0. 0. 0.]
cvc_x_pos (1501,)
[0. 0. 0. ... 0. 0. 0.]
cvc_x_pos (1501,)
[0. 0. 0. ... 0. 0. 0.]
cvc_x_pos (1501,)
[0. 0. 0. ... 0. 0. 0.]
cvc_x_pos (1501,)
[0.00501344 0.0050137  0.00501395 ... 0.         0.         0.        ]
cvc_x_pos (1501,)
[0. 0. 0. ... 0. 0. 0.]
cvc_x_pos (1501,)
[0.00464236 0.00464258 0.00464278 ... 0.         0.         0.        ]
cvc_x_pos (1501,)
[0. 0. 0. ... 0. 0. 0.]
cvc_x_pos (1501,)
[0.00559977 0.00559937 0.00559895 ... 0.         0.         0.        ]
cvc_x_pos (1501,)
[0. 0. 0. ... 0. 0. 0.]
cvc_x_pos (1501,)
[0.00568423 0.00568492 0.00568559 ... 0.         0.         0.        ]
cvc_x_pos (1501,)
[0.00619173 0.006192   0.00619224 ... 0.         0.         0.        ]
cvc_x_pos (1501,)
[0.00548716 0.00548633 0.00548549 ... 0.         0.         0.        ]
cvc_x_pos (1501,)
[0.00531529 0.00531602 0.00531673 ... 0.         0.         0.        ]
cvc_x_pos (1501,)
[0. 0. 0. ... 0. 0. 0.]
cvc_x_pos (1501,)
[0. 0. 0. ... 0. 0. 0.]
cvc_x_pos (1501,)
[0. 0. 0. ... 0. 0. 0.]
cvc_x_pos (1501,)
[0. 0. 0. ... 0. 0. 0.]
cvc_x_pos (1501,)
[0. 0. 0. ... 0. 0. 0.]
cvc_x_pos (1501,)
[0. 0. 0. ... 0. 0. 0.]
cvc_x_pos (1501,)
[0. 0. 0. ... 0. 0. 0.]
cvc_x_pos (1501,)
[0. 0. 0. ... 0. 0. 0.]
cvc_x_pos (1501,)
[0. 0. 0. ... 0. 0. 0.]
cvc_x_pos (1501,)
[0. 0. 0. ... 0. 0. 0.]
cvc_x_pos (1501,)
[0. 0. 0. ... 0. 0. 0.]
cvc_x_pos (1501,)
[0. 0. 0. ... 0. 0. 0.]
cvc_x_pos (1501,)
[0. 0. 0. ... 0. 0. 0.]
cvc_x_pos (1501,)
[0. 0. 0. ... 0. 0. 0.]
cvc_x_pos (1501,)
[0. 0. 0. ... 0. 0. 0.]
cvc_x_pos (1501,)
[0. 0. 0. ... 0. 0. 0.]
cvc_x_pos (1501,)
[0. 0. 0. ... 0. 0. 0.]
cvc_x_pos (1501,)
[0. 0. 0. ... 0. 0. 0.]
cvc_x_pos (1501,)
[0. 0. 0. ... 0. 0. 0.]
cvc_x_pos (1501,)
[0. 0. 0. ... 0. 0. 0.]
cvc_x_pos (1501,)
[0. 0. 0. ... 0. 0. 0.]
cvc_x_pos (1501,)
[0. 0. 0. ... 0. 0. 0.]
cvc_x_pos (1501,)
[0. 0. 0. ... 0. 0. 0.]
cvc_x_pos (1501,)
[0. 0. 0. ... 0. 0. 0.]
cvc_x_pos (1501,)
[0. 0. 0. ... 0. 0. 0.]
cvc_x_pos (1501,)
[0. 0. 0. ... 0. 0. 0.]
cvc_x_pos (1501,)
[0. 0. 0. ... 0. 0. 0.]
cvc_x_pos (1501,)
[0. 0. 0. ... 0. 0. 0.]
cvc_x_pos (1501,)
[0. 0. 0. ... 0. 0. 0.]
cvc_x_pos (1501,)
[0. 0. 0. ... 0. 0. 0.]
cvc_x_pos (1501,)
[0. 0. 0. ... 0. 0. 0.]
cvc_x_pos (1501,)
[0. 0. 0. ... 0. 0. 0.]
cvc_x_pos (1501,)
[0. 0. 0. ... 0. 0. 0.]
cvc_x_pos (1501,)
[0. 0. 0. ... 0. 0. 0.]
cvc_x_pos (1501,)
[0. 0. 0. ... 0. 0. 0.]
cvc_x_pos (1501,)
[0.00521207 0.00521302 0.00521395 ... 0.         0.         0.        ]
cvc_x_pos (1501,)
[0.00458824 0.00458898 0.00458971 ... 0.         0.         0.        ]
cvc_x_pos (1501,)
[0. 0. 0. ... 0. 0. 0.]
cvc_x_pos (1501,)
[0.00545016 0.00545043 0.00545068 ... 0.         0.         0.        ]
cvc_x_pos (1501,)
[0.00625822 0.00625748 0.00625672 ... 0.         0.         0.        ]
cvc_x_pos (1501,)
[0. 0. 0. ... 0. 0. 0.]
cvc_x_pos (1501,)
[0. 0. 0. ... 0. 0. 0.]
cvc_x_pos (1501,)
[0. 0. 0. ... 0. 0. 0.]
cvc_x_pos (1501,)
[0. 0. 0. ... 0. 0. 0.]
cvc_x_pos (1501,)
[0. 0. 0. ... 0. 0. 0.]
cvc_x_pos (1501,)
[0. 0. 0. ... 0. 0. 0.]
cvc_x_pos (1501,)
[0. 0. 0. ... 0. 0. 0.]
cvc_x_pos (1501,)
[0. 0. 0. ... 0. 0. 0.]
cvc_x_pos (1501,)
[0. 0. 0. ... 0. 0. 0.]
cvc_x_pos (1501,)
[0. 0. 0. ... 0. 0. 0.]
cvc_x_pos (1501,)
[0. 0. 0. ... 0. 0. 0.]
cvc_x_pos (1501,)
[0. 0. 0. ... 0. 0. 0.]
cvc_x_pos (1501,)
[0. 0. 0. ... 0. 0. 0.]
cvc_x_pos (1501,)
[0. 0. 0. ... 0. 0. 0.]
cvc_x_pos (1501,)
[0. 0. 0. ... 0. 0. 0.]
cvc_x_pos (1501,)
[0. 0. 0. ... 0. 0. 0.]
cvc_x_pos (1501,)
[0. 0. 0. ... 0. 0. 0.]
cvc_x_pos (1501,)
[0. 0. 0. ... 0. 0. 0.]
cvc_x_pos (1501,)
[0. 0. 0. ... 0. 0. 0.]
cvc_x_pos (1501,)
[0. 0. 0. ... 0. 0. 0.]
cvc_x_pos (1501,)
[0. 0. 0. ... 0. 0. 0.]
cvc_x_pos (1501,)
[0. 0. 0. ... 0. 0. 0.]
cvc_x_pos (1501,)
[0. 0. 0. ... 0. 0. 0.]
cvc_x_pos (1501,)
[0. 0. 0. ... 0. 0. 0.]
cvc_x_pos (1501,)
[0. 0. 0. ... 0. 0. 0.]
cvc_x_pos (1501,)
[0. 0. 0. ... 0. 0. 0.]
cvc_x_pos (1501,)
[0. 0. 0. ... 0. 0. 0.]
cvc_x_pos (1501,)
[0. 0. 0. ... 0. 0. 0.]
cvc_x_pos (1501,)
[0. 0. 0. ... 0. 0. 0.]
cvc_x_pos (1501,)
[0. 0. 0. ... 0. 0. 0.]
cvc_x_pos (1501,)
[0. 0. 0. ... 0. 0. 0.]
cvc_x_pos (1501,)
[0. 0. 0. ... 0. 0. 0.]
cvc_x_pos (1501,)
[0. 0. 0. ... 0. 0. 0.]
cvc_x_pos (1501,)
[0. 0. 0. ... 0. 0. 0.]
cvc_x_pos (1501,)
[0. 0. 0. ... 0. 0. 0.]
cvc_x_pos (1501,)
[0.00464343 0.00464281 0.00464219 ... 0.         0.         0.        ]
cvc_x_pos (1501,)
[0.00547839 0.00547804 0.00547767 ... 0.         0.         0.        ]
cvc_x_pos (1501,)
[0.00480888 0.00480836 0.00480783 ... 0.         0.         0.        ]
cvc_x_pos (1501,)
[0.00519829 0.00519907 0.00519984 ... 0.         0.         0.        ]
cvc_x_pos (1501,)
[0. 0. 0. ... 0. 0. 0.]
cvc_x_pos (1501,)
[0. 0. 0. ... 0. 0. 0.]
cvc_x_pos (1501,)
[0. 0. 0. ... 0. 0. 0.]
cvc_x_pos (1501,)
[0. 0. 0. ... 0. 0. 0.]
cvc_x_pos (1501,)
[0. 0. 0. ... 0. 0. 0.]
cvc_x_pos (1501,)
[0. 0. 0. ... 0. 0. 0.]
cvc_x_pos (1501,)
[0. 0. 0. ... 0. 0. 0.]
cvc_x_pos (1501,)
[0. 0. 0. ... 0. 0. 0.]
cvc_x_pos (1501,)
[0. 0. 0. ... 0. 0. 0.]
cvc_x_pos (1501,)
[0. 0. 0. ... 0. 0. 0.]
cvc_x_pos (1501,)
[0. 0. 0. ... 0. 0. 0.]
cvc_x_pos (1501,)
[0. 0. 0. ... 0. 0. 0.]
cvc_x_pos (1501,)
[0. 0. 0. ... 0. 0. 0.]
cvc_x_pos (1501,)
[0. 0. 0. ... 0. 0. 0.]
cvc_x_pos (1501,)
[0. 0. 0. ... 0. 0. 0.]
cvc_x_pos (1501,)
[0. 0. 0. ... 0. 0. 0.]
cvc_x_pos (1501,)
[0. 0. 0. ... 0. 0. 0.]
cvc_x_pos (1501,)
[0. 0. 0. ... 0. 0. 0.]
cvc_x_pos (1501,)
[0. 0. 0. ... 0. 0. 0.]
cvc_x_pos (1501,)
[0. 0. 0. ... 0. 0. 0.]
cvc_x_pos (1501,)
[0. 0. 0. ... 0. 0. 0.]
cvc_x_pos (1501,)
[0. 0. 0. ... 0. 0. 0.]
cvc_x_pos (1501,)
[0. 0. 0. ... 0. 0. 0.]
cvc_x_pos (1501,)
[0. 0. 0. ... 0. 0. 0.]
cvc_x_pos (1501,)
[0. 0. 0. ... 0. 0. 0.]
cvc_x_pos (1501,)
[0. 0. 0. ... 0. 0. 0.]
cvc_x_pos (1501,)
[0. 0. 0. ... 0. 0. 0.]
cvc_x_pos (1501,)
[0. 0. 0. ... 0. 0. 0.]
cvc_x_pos (1501,)
[0. 0. 0. ... 0. 0. 0.]
cvc_x_pos (1501,)
[0. 0. 0. ... 0. 0. 0.]
cvc_x_pos (1501,)
[0. 0. 0. ... 0. 0. 0.]
cvc_x_pos (1501,)
[0. 0. 0. ... 0. 0. 0.]
cvc_x_pos (1501,)
[0. 0. 0. ... 0. 0. 0.]
cvc_x_pos (1501,)
[0. 0. 0. ... 0. 0. 0.]
cvc_x_pos (1501,)
[0. 0. 0. ... 0. 0. 0.]
cvc_x_pos (1501,)
[0. 0. 0. ... 0. 0. 0.]
cvc_x_pos (1501,)
[0. 0. 0. ... 0. 0. 0.]
cvc_x_pos (1501,)
[0. 0. 0. ... 0. 0. 0.]
cvc_x_pos (1501,)
[0. 0. 0. ... 0. 0. 0.]
cvc_x_pos (1501,)
[0. 0. 0. ... 0. 0. 0.]
cvc_x_pos (1501,)
[0.00470778 0.00470712 0.00470645 ... 0.         0.         0.        ]
cvc_x_pos (1501,)
[0. 0. 0. ... 0. 0. 0.]
cvc_x_pos (1501,)
[0.0055834  0.00558259 0.00558177 ... 0.         0.         0.        ]
cvc_x_pos (1501,)
[0. 0. 0. ... 0. 0. 0.]
cvc_x_pos (1501,)
[0.00559021 0.00558955 0.00558889 ... 0.         0.         0.        ]
cvc_x_pos (1501,)
[0.00602388 0.00602471 0.00602552 ... 0.         0.         0.        ]
cvc_x_pos (1501,)
[0.00440439 0.00440393 0.00440347 ... 0.         0.         0.        ]
cvc_x_pos (1501,)
[0.00522314 0.00522288 0.00522261 ... 0.         0.         0.        ]
cvc_x_pos (1501,)
[0.005393   0.00539214 0.00539126 ... 0.         0.         0.        ]
cvc_x_pos (1501,)
[0. 0. 0. ... 0. 0. 0.]
cvc_x_pos (1501,)
[0. 0. 0. ... 0. 0. 0.]
cvc_x_pos (1501,)
[0. 0. 0. ... 0. 0. 0.]
cvc_x_pos (1501,)
[0. 0. 0. ... 0. 0. 0.]
cvc_x_pos (1501,)
[0. 0. 0. ... 0. 0. 0.]
cvc_x_pos (1501,)
[0. 0. 0. ... 0. 0. 0.]
cvc_x_pos (1501,)
[0. 0. 0. ... 0. 0. 0.]
cvc_x_pos (1501,)
[0. 0. 0. ... 0. 0. 0.]
cvc_x_pos (1501,)
[0. 0. 0. ... 0. 0. 0.]
cvc_x_pos (1501,)
[0. 0. 0. ... 0. 0. 0.]
cvc_x_pos (1501,)
[0. 0. 0. ... 0. 0. 0.]
cvc_x_pos (1501,)
[0. 0. 0. ... 0. 0. 0.]
cvc_x_pos (1501,)
[0. 0. 0. ... 0. 0. 0.]
cvc_x_pos (1501,)
[0. 0. 0. ... 0. 0. 0.]
cvc_x_pos (1501,)
[0. 0. 0. ... 0. 0. 0.]
cvc_x_pos (1501,)
[0. 0. 0. ... 0. 0. 0.]
cvc_x_pos (1501,)
[0. 0. 0. ... 0. 0. 0.]
cvc_x_pos (1501,)
[0. 0. 0. ... 0. 0. 0.]
cvc_x_pos (1501,)
[0. 0. 0. ... 0. 0. 0.]
cvc_x_pos (1501,)
[0. 0. 0. ... 0. 0. 0.]
cvc_x_pos (1501,)
[0. 0. 0. ... 0. 0. 0.]
cvc_x_pos (1501,)
[0. 0. 0. ... 0. 0. 0.]
cvc_x_pos (1501,)
[0. 0. 0. ... 0. 0. 0.]
cvc_x_pos (1501,)
[0. 0. 0. ... 0. 0. 0.]
cvc_x_pos (1501,)
[0. 0. 0. ... 0. 0. 0.]
cvc_x_pos (1501,)
[0. 0. 0. ... 0. 0. 0.]
cvc_x_pos (1501,)
[0. 0. 0. ... 0. 0. 0.]
cvc_x_pos (1501,)
[0. 0. 0. ... 0. 0. 0.]
cvc_x_pos (1501,)
[0. 0. 0. ... 0. 0. 0.]
cvc_x_pos (1501,)
[0. 0. 0. ... 0. 0. 0.]
cvc_x_pos (1501,)
[0. 0. 0. ... 0. 0. 0.]
cvc_x_pos (1501,)
[0. 0. 0. ... 0. 0. 0.]
cvc_x_pos (1501,)
[0. 0. 0. ... 0. 0. 0.]
cvc_x_pos (1501,)
[0. 0. 0. ... 0. 0. 0.]
cvc_x_pos (1501,)
[0. 0. 0. ... 0. 0. 0.]
cvc_x_pos (1501,)
[0. 0. 0. ... 0. 0. 0.]
cvc_x_pos (1501,)
[0. 0. 0. ... 0. 0. 0.]
cvc_x_pos (1501,)
[0. 0. 0. ... 0. 0. 0.]
cvc_x_pos (1501,)
[0. 0. 0. ... 0. 0. 0.]
cvc_x_pos (1501,)
[0. 0. 0. ... 0. 0. 0.]
cvc_x_pos (1501,)
[0. 0. 0. ... 0. 0. 0.]
cvc_x_pos (1501,)
[0. 0. 0. ... 0. 0. 0.]
cvc_x_pos (1501,)
[0. 0. 0. ... 0. 0. 0.]
cvc_x_pos (1501,)
[0. 0. 0. ... 0. 0. 0.]
cvc_x_pos (1501,)
[0. 0. 0. ... 0. 0. 0.]
cvc_x_pos (1501,)
[0. 0. 0. ... 0. 0. 0.]
cvc_x_pos (1501,)
[0. 0. 0. ... 0. 0. 0.]
cvc_x_pos (1501,)
[0. 0. 0. ... 0. 0. 0.]
cvc_x_pos (1501,)
[0. 0. 0. ... 0. 0. 0.]
cvc_x_pos (1501,)
[0.00549599 0.00549485 0.0054937  ... 0.         0.         0.        ]
cvc_x_pos (1501,)
[0. 0. 0. ... 0. 0. 0.]
cvc_x_pos (1501,)
[0.00536473 0.00536457 0.00536439 ... 0.         0.         0.        ]
cvc_x_pos (1501,)
[0. 0. 0. ... 0. 0. 0.]
cvc_x_pos (1501,)
[0.0057653  0.00576427 0.00576323 ... 0.         0.         0.        ]
cvc_x_pos (1501,)
[0.00535033 0.0053497  0.00534905 ... 0.         0.         0.        ]
cvc_x_pos (1501,)
[0.00546873 0.00546934 0.00546994 ... 0.         0.         0.        ]
cvc_x_pos (1501,)
[0.00651295 0.00651262 0.00651227 ... 0.         0.         0.        ]
cvc_x_pos (1501,)
[0. 0. 0. ... 0. 0. 0.]
cvc_x_pos (1501,)
[0. 0. 0. ... 0. 0. 0.]
cvc_x_pos (1501,)
[0. 0. 0. ... 0. 0. 0.]
cvc_x_pos (1501,)
[0. 0. 0. ... 0. 0. 0.]
cvc_x_pos (1501,)
[0. 0. 0. ... 0. 0. 0.]
cvc_x_pos (1501,)
[0. 0. 0. ... 0. 0. 0.]
cvc_x_pos (1501,)
[0. 0. 0. ... 0. 0. 0.]
cvc_x_pos (1501,)
[0. 0. 0. ... 0. 0. 0.]
cvc_x_pos (1501,)
[0. 0. 0. ... 0. 0. 0.]
cvc_x_pos (1501,)
[0. 0. 0. ... 0. 0. 0.]
cvc_x_pos (1501,)
[0. 0. 0. ... 0. 0. 0.]
cvc_x_pos (1501,)
[0. 0. 0. ... 0. 0. 0.]
cvc_x_pos (1501,)
[0. 0. 0. ... 0. 0. 0.]
cvc_x_pos (1501,)
[0. 0. 0. ... 0. 0. 0.]
cvc_x_pos (1501,)
[0. 0. 0. ... 0. 0. 0.]
cvc_x_pos (1501,)
[0. 0. 0. ... 0. 0. 0.]
cvc_x_pos (1501,)
[0. 0. 0. ... 0. 0. 0.]
cvc_x_pos (1501,)
[0. 0. 0. ... 0. 0. 0.]
cvc_x_pos (1501,)
[0. 0. 0. ... 0. 0. 0.]
cvc_x_pos (1501,)
[0. 0. 0. ... 0. 0. 0.]
cvc_x_pos (1501,)
[0. 0. 0. ... 0. 0. 0.]
cvc_x_pos (1501,)
[0. 0. 0. ... 0. 0. 0.]
cvc_x_pos (1501,)
[0. 0. 0. ... 0. 0. 0.]
cvc_x_pos (1501,)
[0. 0. 0. ... 0. 0. 0.]
cvc_x_pos (1501,)
[0. 0. 0. ... 0. 0. 0.]
cvc_x_pos (1501,)
[0. 0. 0. ... 0. 0. 0.]
cvc_x_pos (1501,)
[0. 0. 0. ... 0. 0. 0.]
cvc_x_pos (1501,)
[0. 0. 0. ... 0. 0. 0.]
cvc_x_pos (1501,)
[0. 0. 0. ... 0. 0. 0.]
cvc_x_pos (1501,)
[0. 0. 0. ... 0. 0. 0.]
cvc_x_pos (1501,)
[0. 0. 0. ... 0. 0. 0.]
cvc_x_pos (1501,)
[0. 0. 0. ... 0. 0. 0.]
cvc_x_pos (1501,)
[0. 0. 0. ... 0. 0. 0.]
cvc_x_pos (1501,)
[0. 0. 0. ... 0. 0. 0.]
cvc_x_pos (1501,)
[0. 0. 0. ... 0. 0. 0.]
cvc_x_pos (1501,)
[0. 0. 0. ... 0. 0. 0.]
cvc_x_pos (1501,)
[0. 0. 0. ... 0. 0. 0.]
cvc_x_pos (1501,)
[0. 0. 0. ... 0. 0. 0.]
cvc_x_pos (1501,)
[0. 0. 0. ... 0. 0. 0.]
cvc_x_pos (1501,)
[0. 0. 0. ... 0. 0. 0.]
cvc_x_pos (1501,)
[0. 0. 0. ... 0. 0. 0.]
cvc_x_pos (1501,)
[0. 0. 0. ... 0. 0. 0.]
cvc_x_pos (1501,)
[0. 0. 0. ... 0. 0. 0.]
cvc_x_pos (1501,)
[0. 0. 0. ... 0. 0. 0.]
cvc_x_pos (1501,)
[0. 0. 0. ... 0. 0. 0.]
cvc_x_pos (1501,)
[0. 0. 0. ... 0. 0. 0.]
cvc_x_pos (1501,)
[0. 0. 0. ... 0. 0. 0.]
cvc_x_pos (1501,)
[0. 0. 0. ... 0. 0. 0.]
cvc_x_pos (1501,)
[0. 0. 0. ... 0. 0. 0.]
cvc_x_pos (1501,)
[0. 0. 0. ... 0. 0. 0.]
cvc_x_pos (1501,)
[0. 0. 0. ... 0. 0. 0.]
cvc_x_pos (1501,)
[0. 0. 0. ... 0. 0. 0.]
cvc_x_pos (1501,)
[0. 0. 0. ... 0. 0. 0.]
cvc_x_pos (1501,)
[0. 0. 0. ... 0. 0. 0.]
cvc_x_pos (1501,)
[0. 0. 0. ... 0. 0. 0.]
cvc_x_pos (1501,)
[0. 0. 0. ... 0. 0. 0.]
cvc_x_pos (1501,)
[0. 0. 0. ... 0. 0. 0.]
cvc_x_pos (1501,)
[0. 0. 0. ... 0. 0. 0.]
cvc_x_pos (1501,)
[0.0055452  0.0055443  0.00554338 ... 0.         0.         0.        ]
cvc_x_pos (1501,)
[0.00585686 0.00585624 0.00585562 ... 0.         0.         0.        ]
cvc_x_pos (1501,)
[0.00571525 0.00571449 0.00571371 ... 0.         0.         0.        ]
cvc_x_pos (1501,)
[0.0057946  0.00579572 0.00579681 ... 0.         0.         0.        ]
cvc_x_pos (1501,)
[0.00441013 0.00440947 0.0044088  ... 0.         0.         0.        ]
cvc_x_pos (1501,)
[0.00451889 0.00451901 0.00451911 ... 0.         0.         0.        ]
cvc_x_pos (1501,)
[0. 0. 0. ... 0. 0. 0.]
cvc_x_pos (1501,)
[0. 0. 0. ... 0. 0. 0.]
cvc_x_pos (1501,)
[0. 0. 0. ... 0. 0. 0.]
cvc_x_pos (1501,)
[0. 0. 0. ... 0. 0. 0.]
cvc_x_pos (1501,)
[0. 0. 0. ... 0. 0. 0.]
cvc_x_pos (1501,)
[0. 0. 0. ... 0. 0. 0.]
cvc_x_pos (1501,)
[0. 0. 0. ... 0. 0. 0.]
cvc_x_pos (1501,)
[0. 0. 0. ... 0. 0. 0.]
cvc_x_pos (1501,)
[0. 0. 0. ... 0. 0. 0.]
cvc_x_pos (1501,)
[0. 0. 0. ... 0. 0. 0.]
cvc_x_pos (1501,)
[0. 0. 0. ... 0. 0. 0.]
cvc_x_pos (1501,)
[0. 0. 0. ... 0. 0. 0.]
cvc_x_pos (1501,)
[0. 0. 0. ... 0. 0. 0.]
cvc_x_pos (1501,)
[0. 0. 0. ... 0. 0. 0.]
cvc_x_pos (1501,)
[0. 0. 0. ... 0. 0. 0.]
cvc_x_pos (1501,)
[0. 0. 0. ... 0. 0. 0.]
cvc_x_pos (1501,)
[0. 0. 0. ... 0. 0. 0.]
cvc_x_pos (1501,)
[0. 0. 0. ... 0. 0. 0.]
cvc_x_pos (1501,)
[0. 0. 0. ... 0. 0. 0.]
cvc_x_pos (1501,)
[0. 0. 0. ... 0. 0. 0.]
cvc_x_pos (1501,)
[0. 0. 0. ... 0. 0. 0.]
cvc_x_pos (1501,)
[0. 0. 0. ... 0. 0. 0.]
cvc_x_pos (1501,)
[0. 0. 0. ... 0. 0. 0.]
cvc_x_pos (1501,)
[0. 0. 0. ... 0. 0. 0.]
cvc_x_pos (1501,)
[0. 0. 0. ... 0. 0. 0.]
cvc_x_pos (1501,)
[0. 0. 0. ... 0. 0. 0.]
cvc_x_pos (1501,)
[0. 0. 0. ... 0. 0. 0.]
cvc_x_pos (1501,)
[0. 0. 0. ... 0. 0. 0.]
cvc_x_pos (1501,)
[0. 0. 0. ... 0. 0. 0.]
cvc_x_pos (1501,)
[0. 0. 0. ... 0. 0. 0.]
cvc_x_pos (1501,)
[0. 0. 0. ... 0. 0. 0.]
cvc_x_pos (1501,)
[0. 0. 0. ... 0. 0. 0.]
cvc_x_pos (1501,)
[0. 0. 0. ... 0. 0. 0.]
cvc_x_pos (1501,)
[0. 0. 0. ... 0. 0. 0.]
cvc_x_pos (1501,)
[0. 0. 0. ... 0. 0. 0.]
cvc_x_pos (1501,)
[0. 0. 0. ... 0. 0. 0.]
cvc_x_pos (1501,)
[0. 0. 0. ... 0. 0. 0.]
cvc_x_pos (1501,)
[0. 0. 0. ... 0. 0. 0.]
cvc_x_pos (1501,)
[0. 0. 0. ... 0. 0. 0.]
cvc_x_pos (1501,)
[0. 0. 0. ... 0. 0. 0.]
cvc_x_pos (1501,)
[0. 0. 0. ... 0. 0. 0.]
cvc_x_pos (1501,)
[0. 0. 0. ... 0. 0. 0.]
cvc_x_pos (1501,)
[0. 0. 0. ... 0. 0. 0.]
cvc_x_pos (1501,)
[0. 0. 0. ... 0. 0. 0.]
cvc_x_pos (1501,)
[0. 0. 0. ... 0. 0. 0.]
cvc_x_pos (1501,)
[0. 0. 0. ... 0. 0. 0.]
cvc_x_pos (1501,)
[0. 0. 0. ... 0. 0. 0.]
cvc_x_pos (1501,)
[0. 0. 0. ... 0. 0. 0.]
cvc_x_pos (1501,)
[0. 0. 0. ... 0. 0. 0.]
cvc_x_pos (1501,)
[0. 0. 0. ... 0. 0. 0.]
cvc_x_pos (1501,)
[0. 0. 0. ... 0. 0. 0.]
cvc_x_pos (1501,)
[0. 0. 0. ... 0. 0. 0.]
cvc_x_pos (1501,)
[0. 0. 0. ... 0. 0. 0.]
cvc_x_pos (1501,)
[0. 0. 0. ... 0. 0. 0.]
cvc_x_pos (1501,)
[0. 0. 0. ... 0. 0. 0.]
cvc_x_pos (1501,)
[0. 0. 0. ... 0. 0. 0.]
cvc_x_pos (1501,)
[0. 0. 0. ... 0. 0. 0.]
cvc_x_pos (1501,)
[0. 0. 0. ... 0. 0. 0.]
cvc_x_pos (1501,)
[0. 0. 0. ... 0. 0. 0.]
cvc_x_pos (1501,)
[0. 0. 0. ... 0. 0. 0.]
cvc_x_pos (1501,)
[0. 0. 0. ... 0. 0. 0.]
cvc_x_pos (1501,)
[0. 0. 0. ... 0. 0. 0.]
cvc_x_pos (1501,)
[0. 0. 0. ... 0. 0. 0.]
cvc_x_pos (1501,)
[0. 0. 0. ... 0. 0. 0.]
cvc_x_pos (1501,)
[0. 0. 0. ... 0. 0. 0.]
cvc_x_pos (1501,)
[0. 0. 0. ... 0. 0. 0.]
cvc_x_pos (1501,)
[0. 0. 0. ... 0. 0. 0.]
cvc_x_pos (1501,)
[0.00592502 0.00592436 0.00592368 ... 0.         0.         0.        ]
cvc_x_pos (1501,)
[0. 0. 0. ... 0. 0. 0.]
cvc_x_pos (1501,)
[0.0054151  0.00541557 0.00541602 ... 0.         0.         0.        ]
cvc_x_pos (1501,)
[0.00579311 0.00579198 0.00579084 ... 0.         0.         0.        ]
cvc_x_pos (1501,)
[0.00604125 0.00604159 0.00604191 ... 0.         0.         0.        ]
cvc_x_pos (1501,)
[0. 0. 0. ... 0. 0. 0.]
cvc_x_pos (1501,)
[0.00608103 0.00608099 0.00608093 ... 0.         0.         0.        ]
cvc_x_pos (1501,)
[0.00594644 0.00594546 0.00594447 ... 0.         0.         0.        ]
cvc_x_pos (1501,)
[0.00519835 0.00519913 0.00519991 ... 0.         0.         0.        ]
cvc_x_pos (1501,)
[0. 0. 0. ... 0. 0. 0.]
cvc_x_pos (1501,)
[0. 0. 0. ... 0. 0. 0.]
cvc_x_pos (1501,)
[0. 0. 0. ... 0. 0. 0.]
cvc_x_pos (1501,)
[0. 0. 0. ... 0. 0. 0.]
cvc_x_pos (1501,)
[0. 0. 0. ... 0. 0. 0.]
cvc_x_pos (1501,)
[0. 0. 0. ... 0. 0. 0.]
cvc_x_pos (1501,)
[0. 0. 0. ... 0. 0. 0.]
cvc_x_pos (1501,)
[0. 0. 0. ... 0. 0. 0.]
cvc_x_pos (1501,)
[0. 0. 0. ... 0. 0. 0.]
cvc_x_pos (1501,)
[0. 0. 0. ... 0. 0. 0.]
cvc_x_pos (1501,)
[0. 0. 0. ... 0. 0. 0.]
cvc_x_pos (1501,)
[0. 0. 0. ... 0. 0. 0.]
cvc_x_pos (1501,)
[0. 0. 0. ... 0. 0. 0.]
cvc_x_pos (1501,)
[0. 0. 0. ... 0. 0. 0.]
cvc_x_pos (1501,)
[0. 0. 0. ... 0. 0. 0.]
cvc_x_pos (1501,)
[0. 0. 0. ... 0. 0. 0.]
cvc_x_pos (1501,)
[0. 0. 0. ... 0. 0. 0.]
cvc_x_pos (1501,)
[0. 0. 0. ... 0. 0. 0.]
cvc_x_pos (1501,)
[0. 0. 0. ... 0. 0. 0.]
cvc_x_pos (1501,)
[0. 0. 0. ... 0. 0. 0.]
cvc_x_pos (1501,)
[0. 0. 0. ... 0. 0. 0.]
cvc_x_pos (1501,)
[0. 0. 0. ... 0. 0. 0.]
cvc_x_pos (1501,)
[0. 0. 0. ... 0. 0. 0.]
cvc_x_pos (1501,)
[0. 0. 0. ... 0. 0. 0.]
cvc_x_pos (1501,)
[0. 0. 0. ... 0. 0. 0.]
cvc_x_pos (1501,)
[0. 0. 0. ... 0. 0. 0.]
cvc_x_pos (1501,)
[0. 0. 0. ... 0. 0. 0.]
cvc_x_pos (1501,)
[0. 0. 0. ... 0. 0. 0.]
cvc_x_pos (1501,)
[0. 0. 0. ... 0. 0. 0.]
cvc_x_pos (1501,)
[0. 0. 0. ... 0. 0. 0.]
cvc_x_pos (1501,)
[0. 0. 0. ... 0. 0. 0.]
cvc_x_pos (1501,)
[0. 0. 0. ... 0. 0. 0.]
cvc_x_pos (1501,)
[0. 0. 0. ... 0. 0. 0.]
cvc_x_pos (1501,)
[0. 0. 0. ... 0. 0. 0.]
cvc_x_pos (1501,)
[0. 0. 0. ... 0. 0. 0.]
cvc_x_pos (1501,)
[0. 0. 0. ... 0. 0. 0.]
cvc_x_pos (1501,)
[0. 0. 0. ... 0. 0. 0.]
cvc_x_pos (1501,)
[0. 0. 0. ... 0. 0. 0.]
cvc_x_pos (1501,)
[0. 0. 0. ... 0. 0. 0.]
cvc_x_pos (1501,)
[0.00559923 0.0055982  0.00559715 ... 0.         0.         0.        ]
cvc_x_pos (1501,)
[0.00623832 0.00623945 0.00624056 ... 0.         0.         0.        ]
cvc_x_pos (1501,)
[0. 0. 0. ... 0. 0. 0.]
cvc_x_pos (1501,)
[0. 0. 0. ... 0. 0. 0.]
cvc_x_pos (1501,)
[0. 0. 0. ... 0. 0. 0.]
cvc_x_pos (1501,)
[0. 0. 0. ... 0. 0. 0.]
cvc_x_pos (1501,)
[0. 0. 0. ... 0. 0. 0.]
cvc_x_pos (1501,)
[0. 0. 0. ... 0. 0. 0.]
cvc_x_pos (1501,)
[0. 0. 0. ... 0. 0. 0.]
cvc_x_pos (1501,)
[0. 0. 0. ... 0. 0. 0.]
cvc_x_pos (1501,)
[0. 0. 0. ... 0. 0. 0.]
cvc_x_pos (1501,)
[0. 0. 0. ... 0. 0. 0.]
cvc_x_pos (1501,)
[0. 0. 0. ... 0. 0. 0.]
cvc_x_pos (1501,)
[0. 0. 0. ... 0. 0. 0.]
cvc_x_pos (1501,)
[0. 0. 0. ... 0. 0. 0.]
cvc_x_pos (1501,)
[0. 0. 0. ... 0. 0. 0.]
cvc_x_pos (1501,)
[0. 0. 0. ... 0. 0. 0.]
cvc_x_pos (1501,)
[0. 0. 0. ... 0. 0. 0.]
cvc_x_pos (1501,)
[0. 0. 0. ... 0. 0. 0.]
cvc_x_pos (1501,)
[0. 0. 0. ... 0. 0. 0.]
cvc_x_pos (1501,)
[0. 0. 0. ... 0. 0. 0.]
cvc_x_pos (1501,)
[0. 0. 0. ... 0. 0. 0.]
cvc_x_pos (1501,)
[0. 0. 0. ... 0. 0. 0.]
cvc_x_pos (1501,)
[0. 0. 0. ... 0. 0. 0.]
cvc_x_pos (1501,)
[0. 0. 0. ... 0. 0. 0.]
cvc_x_pos (1501,)
[0. 0. 0. ... 0. 0. 0.]
cvc_x_pos (1501,)
[0. 0. 0. ... 0. 0. 0.]
cvc_x_pos (1501,)
[0. 0. 0. ... 0. 0. 0.]
cvc_x_pos (1501,)
[0. 0. 0. ... 0. 0. 0.]
cvc_x_pos (1501,)
[0. 0. 0. ... 0. 0. 0.]
cvc_x_pos (1501,)
[0. 0. 0. ... 0. 0. 0.]
cvc_x_pos (1501,)
[0. 0. 0. ... 0. 0. 0.]
cvc_x_pos (1501,)
[0. 0. 0. ... 0. 0. 0.]
cvc_x_pos (1501,)
[0. 0. 0. ... 0. 0. 0.]
cvc_x_pos (1501,)
[0. 0. 0. ... 0. 0. 0.]
cvc_x_pos (1501,)
[0. 0. 0. ... 0. 0. 0.]
cvc_x_pos (1501,)
[0. 0. 0. ... 0. 0. 0.]
cvc_x_pos (1501,)
[0. 0. 0. ... 0. 0. 0.]
cvc_x_pos (1501,)
[0.00600772 0.00600757 0.00600741 ... 0.         0.         0.        ]
cvc_x_pos (1501,)
[0.00528825 0.00528893 0.00528961 ... 0.         0.         0.        ]
cvc_x_pos (1501,)
[0.00570706 0.00570617 0.00570526 ... 0.         0.         0.        ]
cvc_x_pos (1501,)
[0. 0. 0. ... 0. 0. 0.]
cvc_x_pos (1501,)
[0.00477453 0.00477428 0.00477401 ... 0.         0.         0.        ]
cvc_x_pos (1501,)
[0.00462151 0.0046217  0.00462189 ... 0.         0.         0.        ]
cvc_x_pos (1501,)
[0. 0. 0. ... 0. 0. 0.]
cvc_x_pos (1501,)
[0. 0. 0. ... 0. 0. 0.]
cvc_x_pos (1501,)
[0. 0. 0. ... 0. 0. 0.]
cvc_x_pos (1501,)
[0. 0. 0. ... 0. 0. 0.]
cvc_x_pos (1501,)
[0. 0. 0. ... 0. 0. 0.]
cvc_x_pos (1501,)
[0. 0. 0. ... 0. 0. 0.]
cvc_x_pos (1501,)
[0. 0. 0. ... 0. 0. 0.]
cvc_x_pos (1501,)
[0. 0. 0. ... 0. 0. 0.]
cvc_x_pos (1501,)
[0. 0. 0. ... 0. 0. 0.]
cvc_x_pos (1501,)
[0. 0. 0. ... 0. 0. 0.]
cvc_x_pos (1501,)
[0. 0. 0. ... 0. 0. 0.]
cvc_x_pos (1501,)
[0. 0. 0. ... 0. 0. 0.]
cvc_x_pos (1501,)
[0. 0. 0. ... 0. 0. 0.]
cvc_x_pos (1501,)
[0. 0. 0. ... 0. 0. 0.]
cvc_x_pos (1501,)
[0. 0. 0. ... 0. 0. 0.]
cvc_x_pos (1501,)
[0. 0. 0. ... 0. 0. 0.]
cvc_x_pos (1501,)
[0. 0. 0. ... 0. 0. 0.]
cvc_x_pos (1501,)
[0. 0. 0. ... 0. 0. 0.]
cvc_x_pos (1501,)
[0. 0. 0. ... 0. 0. 0.]
cvc_x_pos (1501,)
[0. 0. 0. ... 0. 0. 0.]
cvc_x_pos (1501,)
[0. 0. 0. ... 0. 0. 0.]
cvc_x_pos (1501,)
[0. 0. 0. ... 0. 0. 0.]
cvc_x_pos (1501,)
[0. 0. 0. ... 0. 0. 0.]
cvc_x_pos (1501,)
[0. 0. 0. ... 0. 0. 0.]
cvc_x_pos (1501,)
[0. 0. 0. ... 0. 0. 0.]
cvc_x_pos (1501,)
[0. 0. 0. ... 0. 0. 0.]
cvc_x_pos (1501,)
[0. 0. 0. ... 0. 0. 0.]
cvc_x_pos (1501,)
[0. 0. 0. ... 0. 0. 0.]
cvc_x_pos (1501,)
[0. 0. 0. ... 0. 0. 0.]
cvc_x_pos (1501,)
[0. 0. 0. ... 0. 0. 0.]
cvc_x_pos (1501,)
[0. 0. 0. ... 0. 0. 0.]
cvc_x_pos (1501,)
[0. 0. 0. ... 0. 0. 0.]
cvc_x_pos (1501,)
[0. 0. 0. ... 0. 0. 0.]
cvc_x_pos (1501,)
[0. 0. 0. ... 0. 0. 0.]
cvc_x_pos (1501,)
[0. 0. 0. ... 0. 0. 0.]
cvc_x_pos (1501,)
[0. 0. 0. ... 0. 0. 0.]
cvc_x_pos (1501,)
[0. 0. 0. ... 0. 0. 0.]
cvc_x_pos (1501,)
[0. 0. 0. ... 0. 0. 0.]
cvc_x_pos (1501,)
[0. 0. 0. ... 0. 0. 0.]
cvc_x_pos (1501,)
[0. 0. 0. ... 0. 0. 0.]
cvc_x_pos (1501,)
[0.00443424 0.00443365 0.00443304 ... 0.         0.         0.        ]
cvc_x_pos (1501,)
[0.00634999 0.00634984 0.00634968 ... 0.         0.         0.        ]
cvc_x_pos (1501,)
[0.00568404 0.00568475 0.00568544 ... 0.         0.         0.        ]
cvc_x_pos (1501,)
[0. 0. 0. ... 0. 0. 0.]
cvc_x_pos (1501,)
[0. 0. 0. ... 0. 0. 0.]
cvc_x_pos (1501,)
[0. 0. 0. ... 0. 0. 0.]
cvc_x_pos (1501,)
[0. 0. 0. ... 0. 0. 0.]
cvc_x_pos (1501,)
[0. 0. 0. ... 0. 0. 0.]
cvc_x_pos (1501,)
[0. 0. 0. ... 0. 0. 0.]
cvc_x_pos (1501,)
[0. 0. 0. ... 0. 0. 0.]
cvc_x_pos (1501,)
[0. 0. 0. ... 0. 0. 0.]
cvc_x_pos (1501,)
[0. 0. 0. ... 0. 0. 0.]
cvc_x_pos (1501,)
[0. 0. 0. ... 0. 0. 0.]
cvc_x_pos (1501,)
[0. 0. 0. ... 0. 0. 0.]
cvc_x_pos (1501,)
[0. 0. 0. ... 0. 0. 0.]
cvc_x_pos (1501,)
[0. 0. 0. ... 0. 0. 0.]
cvc_x_pos (1501,)
[0. 0. 0. ... 0. 0. 0.]
cvc_x_pos (1501,)
[0. 0. 0. ... 0. 0. 0.]
cvc_x_pos (1501,)
[0. 0. 0. ... 0. 0. 0.]
cvc_x_pos (1501,)
[0. 0. 0. ... 0. 0. 0.]
cvc_x_pos (1501,)
[0. 0. 0. ... 0. 0. 0.]
cvc_x_pos (1501,)
[0. 0. 0. ... 0. 0. 0.]
cvc_x_pos (1501,)
[0. 0. 0. ... 0. 0. 0.]
cvc_x_pos (1501,)
[0. 0. 0. ... 0. 0. 0.]
cvc_x_pos (1501,)
[0. 0. 0. ... 0. 0. 0.]
cvc_x_pos (1501,)
[0.         0.         0.00537003 ... 0.         0.         0.        ]
cvc_x_pos (1501,)
[0. 0. 0. ... 0. 0. 0.]
cvc_x_pos (1501,)
[0.00551285 0.00551292 0.00551298 ... 0.         0.         0.        ]
cvc_x_pos (1501,)
[0. 0. 0. ... 0. 0. 0.]
cvc_x_pos (1501,)
[0.00472039 0.00472084 0.00472129 ... 0.         0.         0.        ]
cvc_x_pos (1501,)
[0. 0. 0. ... 0. 0. 0.]
cvc_x_pos (1501,)
[0.00540726 0.00540658 0.00540589 ... 0.         0.         0.        ]
cvc_x_pos (1501,)
[0. 0. 0. ... 0. 0. 0.]
cvc_x_pos (1501,)
[0.00572707 0.00572659 0.00572611 ... 0.         0.         0.        ]
cvc_x_pos (1501,)
[0. 0. 0. ... 0. 0. 0.]
cvc_x_pos (1501,)
[0. 0. 0. ... 0. 0. 0.]
cvc_x_pos (1501,)
[0. 0. 0. ... 0. 0. 0.]
cvc_x_pos (1501,)
[0. 0. 0. ... 0. 0. 0.]
cvc_x_pos (1501,)
[0. 0. 0. ... 0. 0. 0.]
cvc_x_pos (1501,)
[0. 0. 0. ... 0. 0. 0.]
cvc_x_pos (1501,)
[0. 0. 0. ... 0. 0. 0.]
cvc_x_pos (1501,)
[0. 0. 0. ... 0. 0. 0.]
cvc_x_pos (1501,)
[0. 0. 0. ... 0. 0. 0.]
cvc_x_pos (1501,)
[0. 0. 0. ... 0. 0. 0.]
cvc_x_pos (1501,)
[0. 0. 0. ... 0. 0. 0.]
cvc_x_pos (1501,)
[0. 0. 0. ... 0. 0. 0.]
cvc_x_pos (1501,)
[0. 0. 0. ... 0. 0. 0.]
cvc_x_pos (1501,)
[0. 0. 0. ... 0. 0. 0.]
cvc_x_pos (1501,)
[0. 0. 0. ... 0. 0. 0.]
cvc_x_pos (1501,)
[0. 0. 0. ... 0. 0. 0.]
cvc_x_pos (1501,)
[0. 0. 0. ... 0. 0. 0.]
cvc_x_pos (1501,)
[0. 0. 0. ... 0. 0. 0.]
cvc_x_pos (1501,)
[0. 0. 0. ... 0. 0. 0.]
cvc_x_pos (1501,)
[0. 0. 0. ... 0. 0. 0.]
cvc_x_pos (1501,)
[0. 0. 0. ... 0. 0. 0.]
cvc_x_pos (1501,)
[0. 0. 0. ... 0. 0. 0.]
cvc_x_pos (1501,)
[0. 0. 0. ... 0. 0. 0.]
cvc_x_pos (1501,)
[0. 0. 0. ... 0. 0. 0.]
cvc_x_pos (1501,)
[0. 0. 0. ... 0. 0. 0.]
cvc_x_pos (1501,)
[0. 0. 0. ... 0. 0. 0.]
cvc_x_pos (1501,)
[0. 0. 0. ... 0. 0. 0.]
cvc_x_pos (1501,)
[0. 0. 0. ... 0. 0. 0.]
cvc_x_pos (1501,)
[0. 0. 0. ... 0. 0. 0.]
cvc_x_pos (1501,)
[0. 0. 0. ... 0. 0. 0.]
cvc_x_pos (1501,)
[0. 0. 0. ... 0. 0. 0.]
cvc_x_pos (1501,)
[0. 0. 0. ... 0. 0. 0.]
cvc_x_pos (1501,)
[0. 0. 0. ... 0. 0. 0.]
cvc_x_pos (1501,)
[0. 0. 0. ... 0. 0. 0.]
cvc_x_pos (1501,)
[0. 0. 0. ... 0. 0. 0.]
cvc_x_pos (1501,)
[0. 0. 0. ... 0. 0. 0.]
cvc_x_pos (1501,)
[0. 0. 0. ... 0. 0. 0.]
cvc_x_pos (1501,)
[0. 0. 0. ... 0. 0. 0.]
cvc_x_pos (1501,)
[0. 0. 0. ... 0. 0. 0.]
cvc_x_pos (1501,)
[0. 0. 0. ... 0. 0. 0.]
cvc_x_pos (1501,)
[0. 0. 0. ... 0. 0. 0.]
cvc_x_pos (1501,)
[0. 0. 0. ... 0. 0. 0.]
cvc_x_pos (1501,)
[0.00607847 0.00607816 0.00607782 ... 0.         0.         0.        ]
cvc_x_pos (1501,)
[0. 0. 0. ... 0. 0. 0.]
cvc_x_pos (1501,)
[0. 0. 0. ... 0. 0. 0.]
cvc_x_pos (1501,)
[0. 0. 0. ... 0. 0. 0.]
cvc_x_pos (1501,)
[0. 0. 0. ... 0. 0. 0.]
cvc_x_pos (1501,)
[0. 0. 0. ... 0. 0. 0.]
cvc_x_pos (1501,)
[0. 0. 0. ... 0. 0. 0.]
cvc_x_pos (1501,)
[0. 0. 0. ... 0. 0. 0.]
cvc_x_pos (1501,)
[0. 0. 0. ... 0. 0. 0.]
cvc_x_pos (1501,)
[0. 0. 0. ... 0. 0. 0.]
cvc_x_pos (1501,)
[0. 0. 0. ... 0. 0. 0.]
cvc_x_pos (1501,)
[0. 0. 0. ... 0. 0. 0.]
cvc_x_pos (1501,)
[0. 0. 0. ... 0. 0. 0.]
cvc_x_pos (1501,)
[0. 0. 0. ... 0. 0. 0.]
cvc_x_pos (1501,)
[0. 0. 0. ... 0. 0. 0.]
cvc_x_pos (1501,)
[0. 0. 0. ... 0. 0. 0.]
cvc_x_pos (1501,)
[0. 0. 0. ... 0. 0. 0.]
cvc_x_pos (1501,)
[0.00567688 0.00567815 0.00567941 ... 0.         0.         0.        ]
cvc_x_pos (1501,)
[0.00619324 0.00619335 0.00619343 ... 0.         0.         0.        ]
cvc_x_pos (1501,)
[0. 0. 0. ... 0. 0. 0.]
cvc_x_pos (1501,)
[0.0053943  0.00539436 0.00539441 ... 0.         0.         0.        ]
cvc_x_pos (1501,)
[0. 0. 0. ... 0. 0. 0.]
cvc_x_pos (1501,)
[0.0059877  0.00598624 0.00598477 ... 0.         0.         0.        ]
cvc_x_pos (1501,)
[0. 0. 0. ... 0. 0. 0.]
cvc_x_pos (1501,)
[0. 0. 0. ... 0. 0. 0.]
cvc_x_pos (1501,)
[0. 0. 0. ... 0. 0. 0.]
cvc_x_pos (1501,)
[0. 0. 0. ... 0. 0. 0.]
cvc_x_pos (1501,)
[0. 0. 0. ... 0. 0. 0.]
cvc_x_pos (1501,)
[0. 0. 0. ... 0. 0. 0.]
cvc_x_pos (1501,)
[0. 0. 0. ... 0. 0. 0.]
cvc_x_pos (1501,)
[0. 0. 0. ... 0. 0. 0.]
cvc_x_pos (1501,)
[0. 0. 0. ... 0. 0. 0.]
cvc_x_pos (1501,)
[0. 0. 0. ... 0. 0. 0.]
cvc_x_pos (1501,)
[0. 0. 0. ... 0. 0. 0.]
cvc_x_pos (1501,)
[0. 0. 0. ... 0. 0. 0.]
cvc_x_pos (1501,)
[0. 0. 0. ... 0. 0. 0.]
cvc_x_pos (1501,)
[0. 0. 0. ... 0. 0. 0.]
cvc_x_pos (1501,)
[0. 0. 0. ... 0. 0. 0.]
cvc_x_pos (1501,)
[0. 0. 0. ... 0. 0. 0.]
cvc_x_pos (1501,)
[0. 0. 0. ... 0. 0. 0.]
cvc_x_pos (1501,)
[0. 0. 0. ... 0. 0. 0.]
cvc_x_pos (1501,)
[0. 0. 0. ... 0. 0. 0.]
cvc_x_pos (1501,)
[0. 0. 0. ... 0. 0. 0.]
cvc_x_pos (1501,)
[0. 0. 0. ... 0. 0. 0.]
cvc_x_pos (1501,)
[0. 0. 0. ... 0. 0. 0.]
cvc_x_pos (1501,)
[0. 0. 0. ... 0. 0. 0.]
cvc_x_pos (1501,)
[0. 0. 0. ... 0. 0. 0.]
cvc_x_pos (1501,)
[0. 0. 0. ... 0. 0. 0.]
cvc_x_pos (1501,)
[0. 0. 0. ... 0. 0. 0.]
cvc_x_pos (1501,)
[0. 0. 0. ... 0. 0. 0.]
cvc_x_pos (1501,)
[0. 0. 0. ... 0. 0. 0.]
cvc_x_pos (1501,)
[0. 0. 0. ... 0. 0. 0.]
cvc_x_pos (1501,)
[0. 0. 0. ... 0. 0. 0.]
cvc_x_pos (1501,)
[0. 0. 0. ... 0. 0. 0.]
cvc_x_pos (1501,)
[0. 0. 0. ... 0. 0. 0.]
cvc_x_pos (1501,)
[0. 0. 0. ... 0. 0. 0.]
cvc_x_pos (1501,)
[0. 0. 0. ... 0. 0. 0.]
cvc_x_pos (1501,)
[0. 0. 0. ... 0. 0. 0.]
cvc_x_pos (1501,)
[0. 0. 0. ... 0. 0. 0.]
cvc_x_pos (1501,)
[0. 0. 0. ... 0. 0. 0.]
cvc_x_pos (1501,)
[0. 0. 0. ... 0. 0. 0.]
cvc_x_pos (1501,)
[0. 0. 0. ... 0. 0. 0.]
cvc_x_pos (1501,)
[0. 0. 0. ... 0. 0. 0.]
cvc_x_pos (1501,)
[0. 0. 0. ... 0. 0. 0.]
cvc_x_pos (1501,)
[0. 0. 0. ... 0. 0. 0.]
cvc_x_pos (1501,)
[0. 0. 0. ... 0. 0. 0.]
cvc_x_pos (1501,)
[0. 0. 0. ... 0. 0. 0.]
cvc_x_pos (1501,)
[0.00535251 0.00535349 0.00535445 ... 0.         0.         0.        ]
cvc_x_pos (1501,)
[0. 0. 0. ... 0. 0. 0.]
cvc_x_pos (1501,)
[0. 0. 0. ... 0. 0. 0.]
cvc_x_pos (1501,)
[0. 0. 0. ... 0. 0. 0.]
cvc_x_pos (1501,)
[0. 0. 0. ... 0. 0. 0.]
cvc_x_pos (1501,)
[0. 0. 0. ... 0. 0. 0.]
cvc_x_pos (1501,)
[0.         0.00531253 0.00531357 ... 0.         0.         0.        ]
cvc_x_pos (1501,)
[0. 0. 0. ... 0. 0. 0.]
cvc_x_pos (1501,)
[0.00579507 0.00579545 0.00579582 ... 0.         0.         0.        ]
cvc_x_pos (1501,)
[0. 0. 0. ... 0. 0. 0.]
cvc_x_pos (1501,)
[0.00623645 0.00623758 0.0062387  ... 0.         0.         0.        ]
cvc_x_pos (1501,)
[0.0045185  0.00451864 0.00451877 ... 0.         0.         0.        ]
cvc_x_pos (1501,)
[0. 0. 0. ... 0. 0. 0.]
cvc_x_pos (1501,)
[0.00592945 0.00592996 0.00593044 ... 0.         0.         0.        ]
cvc_x_pos (1501,)
[0. 0. 0. ... 0. 0. 0.]
cvc_x_pos (1501,)
[0. 0. 0. ... 0. 0. 0.]
cvc_x_pos (1501,)
[0. 0. 0. ... 0. 0. 0.]
cvc_x_pos (1501,)
[0. 0. 0. ... 0. 0. 0.]
cvc_x_pos (1501,)
[0. 0. 0. ... 0. 0. 0.]
cvc_x_pos (1501,)
[0. 0. 0. ... 0. 0. 0.]
cvc_x_pos (1501,)
[0. 0. 0. ... 0. 0. 0.]
cvc_x_pos (1501,)
[0. 0. 0. ... 0. 0. 0.]
cvc_x_pos (1501,)
[0. 0. 0. ... 0. 0. 0.]
cvc_x_pos (1501,)
[0. 0. 0. ... 0. 0. 0.]
cvc_x_pos (1501,)
[0. 0. 0. ... 0. 0. 0.]
cvc_x_pos (1501,)
[0. 0. 0. ... 0. 0. 0.]
cvc_x_pos (1501,)
[0. 0. 0. ... 0. 0. 0.]
cvc_x_pos (1501,)
[0. 0. 0. ... 0. 0. 0.]
cvc_x_pos (1501,)
[0. 0. 0. ... 0. 0. 0.]
cvc_x_pos (1501,)
[0. 0. 0. ... 0. 0. 0.]
cvc_x_pos (1501,)
[0. 0. 0. ... 0. 0. 0.]
cvc_x_pos (1501,)
[0. 0. 0. ... 0. 0. 0.]
cvc_x_pos (1501,)
[0. 0. 0. ... 0. 0. 0.]
cvc_x_pos (1501,)
[0. 0. 0. ... 0. 0. 0.]
cvc_x_pos (1501,)
[0. 0. 0. ... 0. 0. 0.]
cvc_x_pos (1501,)
[0. 0. 0. ... 0. 0. 0.]
cvc_x_pos (1501,)
[0. 0. 0. ... 0. 0. 0.]
cvc_x_pos (1501,)
[0. 0. 0. ... 0. 0. 0.]
cvc_x_pos (1501,)
[0. 0. 0. ... 0. 0. 0.]
cvc_x_pos (1501,)
[0. 0. 0. ... 0. 0. 0.]
cvc_x_pos (1501,)
[0. 0. 0. ... 0. 0. 0.]
cvc_x_pos (1501,)
[0. 0. 0. ... 0. 0. 0.]
cvc_x_pos (1501,)
[0. 0. 0. ... 0. 0. 0.]
cvc_x_pos (1501,)
[0. 0. 0. ... 0. 0. 0.]
cvc_x_pos (1501,)
[0. 0. 0. ... 0. 0. 0.]
cvc_x_pos (1501,)
[0. 0. 0. ... 0. 0. 0.]
cvc_x_pos (1501,)
[0. 0. 0. ... 0. 0. 0.]
cvc_x_pos (1501,)
[0. 0. 0. ... 0. 0. 0.]
cvc_x_pos (1501,)
[0. 0. 0. ... 0. 0. 0.]
cvc_x_pos (1501,)
[0. 0. 0. ... 0. 0. 0.]
cvc_x_pos (1501,)
[0. 0. 0. ... 0. 0. 0.]
cvc_x_pos (1501,)
[0. 0. 0. ... 0. 0. 0.]
cvc_x_pos (1501,)
[0. 0. 0. ... 0. 0. 0.]
cvc_x_pos (1501,)
[0. 0. 0. ... 0. 0. 0.]
cvc_x_pos (1501,)
[0. 0. 0. ... 0. 0. 0.]
cvc_x_pos (1501,)
[0. 0. 0. ... 0. 0. 0.]
cvc_x_pos (1501,)
[0. 0. 0. ... 0. 0. 0.]
cvc_x_pos (1501,)
[0. 0. 0. ... 0. 0. 0.]
cvc_x_pos (1501,)
[0. 0. 0. ... 0. 0. 0.]
cvc_x_pos (1501,)
[0. 0. 0. ... 0. 0. 0.]
cvc_x_pos (1501,)
[0.00535261 0.00535318 0.00535375 ... 0.         0.         0.        ]
cvc_x_pos (1501,)
[0.00502599 0.00502687 0.00502773 ... 0.         0.         0.        ]
cvc_x_pos (1501,)
[0.00433863 0.00433836 0.00433808 ... 0.         0.         0.        ]
cvc_x_pos (1501,)
[0.00551318 0.00551407 0.00551494 ... 0.         0.         0.        ]
cvc_x_pos (1501,)
[0.00484892 0.00484829 0.00484765 ... 0.         0.         0.        ]
cvc_x_pos (1501,)
[0. 0. 0. ... 0. 0. 0.]
cvc_x_pos (1501,)
[0. 0. 0. ... 0. 0. 0.]
cvc_x_pos (1501,)
[0. 0. 0. ... 0. 0. 0.]
cvc_x_pos (1501,)
[0. 0. 0. ... 0. 0. 0.]
cvc_x_pos (1501,)
[0. 0. 0. ... 0. 0. 0.]
cvc_x_pos (1501,)
[0. 0. 0. ... 0. 0. 0.]
cvc_x_pos (1501,)
[0. 0. 0. ... 0. 0. 0.]
cvc_x_pos (1501,)
[0. 0. 0. ... 0. 0. 0.]
cvc_x_pos (1501,)
[0. 0. 0. ... 0. 0. 0.]
cvc_x_pos (1501,)
[0. 0. 0. ... 0. 0. 0.]
cvc_x_pos (1501,)
[0. 0. 0. ... 0. 0. 0.]
cvc_x_pos (1501,)
[0. 0. 0. ... 0. 0. 0.]
cvc_x_pos (1501,)
[0. 0. 0. ... 0. 0. 0.]
cvc_x_pos (1501,)
[0. 0. 0. ... 0. 0. 0.]
cvc_x_pos (1501,)
[0. 0. 0. ... 0. 0. 0.]
cvc_x_pos (1501,)
[0. 0. 0. ... 0. 0. 0.]
cvc_x_pos (1501,)
[0. 0. 0. ... 0. 0. 0.]
cvc_x_pos (1501,)
[0. 0. 0. ... 0. 0. 0.]
cvc_x_pos (1501,)
[0. 0. 0. ... 0. 0. 0.]
cvc_x_pos (1501,)
[0. 0. 0. ... 0. 0. 0.]
cvc_x_pos (1501,)
[0. 0. 0. ... 0. 0. 0.]
cvc_x_pos (1501,)
[0. 0. 0. ... 0. 0. 0.]
cvc_x_pos (1501,)
[0. 0. 0. ... 0. 0. 0.]
cvc_x_pos (1501,)
[0. 0. 0. ... 0. 0. 0.]
cvc_x_pos (1501,)
[0. 0. 0. ... 0. 0. 0.]
cvc_x_pos (1501,)
[0. 0. 0. ... 0. 0. 0.]
cvc_x_pos (1501,)
[0. 0. 0. ... 0. 0. 0.]
cvc_x_pos (1501,)
[0. 0. 0. ... 0. 0. 0.]
cvc_x_pos (1501,)
[0. 0. 0. ... 0. 0. 0.]
cvc_x_pos (1501,)
[0. 0. 0. ... 0. 0. 0.]
cvc_x_pos (1501,)
[0. 0. 0. ... 0. 0. 0.]
cvc_x_pos (1501,)
[0. 0. 0. ... 0. 0. 0.]
cvc_x_pos (1501,)
[0. 0. 0. ... 0. 0. 0.]
cvc_x_pos (1501,)
[0. 0. 0. ... 0. 0. 0.]
cvc_x_pos (1501,)
[0. 0. 0. ... 0. 0. 0.]
cvc_x_pos (1501,)
[0. 0. 0. ... 0. 0. 0.]
cvc_x_pos (1501,)
[0. 0. 0. ... 0. 0. 0.]
cvc_x_pos (1501,)
[0. 0. 0. ... 0. 0. 0.]
cvc_x_pos (1501,)
[0. 0. 0. ... 0. 0. 0.]
cvc_x_pos (1501,)
[0. 0. 0. ... 0. 0. 0.]
cvc_x_pos (1501,)
[0. 0. 0. ... 0. 0. 0.]
cvc_x_pos (1501,)
[0. 0. 0. ... 0. 0. 0.]
cvc_x_pos (1501,)
[0. 0. 0. ... 0. 0. 0.]
cvc_x_pos (1501,)
[0. 0. 0. ... 0. 0. 0.]
cvc_x_pos (1501,)
[0. 0. 0. ... 0. 0. 0.]
cvc_x_pos (1501,)
[0. 0. 0. ... 0. 0. 0.]
cvc_x_pos (1501,)
[0.00600118 0.00600068 0.00600016 ... 0.         0.         0.        ]
cvc_x_pos (1501,)
[0.00470636 0.00470664 0.00470691 ... 0.         0.         0.        ]
cvc_x_pos (1501,)
[0. 0. 0. ... 0. 0. 0.]
cvc_x_pos (1501,)
[0.00569027 0.00568915 0.00568802 ... 0.         0.         0.        ]
cvc_x_pos (1501,)
[0.00532383 0.00532326 0.00532267 ... 0.         0.         0.        ]
cvc_x_pos (1501,)
[0.00532769 0.00532671 0.00532573 ... 0.         0.         0.        ]
cvc_x_pos (1501,)
[0.00488018 0.0048807  0.00488121 ... 0.         0.         0.        ]
cvc_x_pos (1501,)
[0.00531845 0.00531776 0.00531707 ... 0.         0.         0.        ]
cvc_x_pos (1501,)
[0.00574721 0.00574796 0.0057487  ... 0.         0.         0.        ]
cvc_x_pos (1501,)
[0. 0. 0. ... 0. 0. 0.]
cvc_x_pos (1501,)
[0. 0. 0. ... 0. 0. 0.]
cvc_x_pos (1501,)
[0. 0. 0. ... 0. 0. 0.]
cvc_x_pos (1501,)
[0. 0. 0. ... 0. 0. 0.]
cvc_x_pos (1501,)
[0. 0. 0. ... 0. 0. 0.]
cvc_x_pos (1501,)
[0. 0. 0. ... 0. 0. 0.]
cvc_x_pos (1501,)
[0. 0. 0. ... 0. 0. 0.]
cvc_x_pos (1501,)
[0. 0. 0. ... 0. 0. 0.]
cvc_x_pos (1501,)
[0. 0. 0. ... 0. 0. 0.]
cvc_x_pos (1501,)
[0. 0. 0. ... 0. 0. 0.]
cvc_x_pos (1501,)
[0. 0. 0. ... 0. 0. 0.]
cvc_x_pos (1501,)
[0. 0. 0. ... 0. 0. 0.]
cvc_x_pos (1501,)
[0. 0. 0. ... 0. 0. 0.]
cvc_x_pos (1501,)
[0. 0. 0. ... 0. 0. 0.]
cvc_x_pos (1501,)
[0. 0. 0. ... 0. 0. 0.]
cvc_x_pos (1501,)
[0. 0. 0. ... 0. 0. 0.]
cvc_x_pos (1501,)
[0. 0. 0. ... 0. 0. 0.]
cvc_x_pos (1501,)
[0. 0. 0. ... 0. 0. 0.]
cvc_x_pos (1501,)
[0. 0. 0. ... 0. 0. 0.]
cvc_x_pos (1501,)
[0. 0. 0. ... 0. 0. 0.]
cvc_x_pos (1501,)
[0. 0. 0. ... 0. 0. 0.]
cvc_x_pos (1501,)
[0. 0. 0. ... 0. 0. 0.]
cvc_x_pos (1501,)
[0. 0. 0. ... 0. 0. 0.]
cvc_x_pos (1501,)
[0. 0. 0. ... 0. 0. 0.]
cvc_x_pos (1501,)
[0. 0. 0. ... 0. 0. 0.]
cvc_x_pos (1501,)
[0. 0. 0. ... 0. 0. 0.]
cvc_x_pos (1501,)
[0. 0. 0. ... 0. 0. 0.]
cvc_x_pos (1501,)
[0. 0. 0. ... 0. 0. 0.]
cvc_x_pos (1501,)
[0. 0. 0. ... 0. 0. 0.]
cvc_x_pos (1501,)
[0. 0. 0. ... 0. 0. 0.]
cvc_x_pos (1501,)
[0. 0. 0. ... 0. 0. 0.]
cvc_x_pos (1501,)
[0. 0. 0. ... 0. 0. 0.]
cvc_x_pos (1501,)
[0. 0. 0. ... 0. 0. 0.]
cvc_x_pos (1501,)
[0. 0. 0. ... 0. 0. 0.]
cvc_x_pos (1501,)
[0. 0. 0. ... 0. 0. 0.]
cvc_x_pos (1501,)
[0. 0. 0. ... 0. 0. 0.]
cvc_x_pos (1501,)
[0. 0. 0. ... 0. 0. 0.]
cvc_x_pos (1501,)
[0. 0. 0. ... 0. 0. 0.]
cvc_x_pos (1501,)
[0. 0. 0. ... 0. 0. 0.]
cvc_x_pos (1501,)
[0. 0. 0. ... 0. 0. 0.]
cvc_x_pos (1501,)
[0. 0. 0. ... 0. 0. 0.]
cvc_x_pos (1501,)
[0. 0. 0. ... 0. 0. 0.]
cvc_x_pos (1501,)
[0. 0. 0. ... 0. 0. 0.]
cvc_x_pos (1501,)
[0. 0. 0. ... 0. 0. 0.]
cvc_x_pos (1501,)
[0. 0. 0. ... 0. 0. 0.]
cvc_x_pos (1501,)
[0. 0. 0. ... 0. 0. 0.]
cvc_x_pos (1501,)
[0. 0. 0. ... 0. 0. 0.]
cvc_x_pos (1501,)
[0. 0. 0. ... 0. 0. 0.]
cvc_x_pos (1501,)
[0. 0. 0. ... 0. 0. 0.]
cvc_x_pos (1501,)
[0. 0. 0. ... 0. 0. 0.]
cvc_x_pos (1501,)
[0. 0. 0. ... 0. 0. 0.]
cvc_x_pos (1501,)
[0.00472702 0.00472669 0.00472634 ... 0.         0.         0.        ]
cvc_x_pos (1501,)
[0. 0. 0. ... 0. 0. 0.]
cvc_x_pos (1501,)
[0.00586016 0.00586064 0.00586111 ... 0.         0.         0.        ]
cvc_x_pos (1501,)
[0. 0. 0. ... 0. 0. 0.]
cvc_x_pos (1501,)
[0.00659092 0.00659023 0.00658952 ... 0.         0.         0.        ]
cvc_x_pos (1501,)
[0.00551824 0.00551741 0.00551656 ... 0.         0.         0.        ]
cvc_x_pos (1501,)
[0. 0. 0. ... 0. 0. 0.]
cvc_x_pos (1501,)
[0. 0. 0. ... 0. 0. 0.]
cvc_x_pos (1501,)
[0. 0. 0. ... 0. 0. 0.]
cvc_x_pos (1501,)
[0. 0. 0. ... 0. 0. 0.]
cvc_x_pos (1501,)
[0. 0. 0. ... 0. 0. 0.]
cvc_x_pos (1501,)
[0. 0. 0. ... 0. 0. 0.]
cvc_x_pos (1501,)
[0. 0. 0. ... 0. 0. 0.]
cvc_x_pos (1501,)
[0. 0. 0. ... 0. 0. 0.]
cvc_x_pos (1501,)
[0. 0. 0. ... 0. 0. 0.]
cvc_x_pos (1501,)
[0. 0. 0. ... 0. 0. 0.]
cvc_x_pos (1501,)
[0. 0. 0. ... 0. 0. 0.]
cvc_x_pos (1501,)
[0. 0. 0. ... 0. 0. 0.]
cvc_x_pos (1501,)
[0. 0. 0. ... 0. 0. 0.]
cvc_x_pos (1501,)
[0. 0. 0. ... 0. 0. 0.]
cvc_x_pos (1501,)
[0. 0. 0. ... 0. 0. 0.]
cvc_x_pos (1501,)
[0. 0. 0. ... 0. 0. 0.]
cvc_x_pos (1501,)
[0. 0. 0. ... 0. 0. 0.]
cvc_x_pos (1501,)
[0. 0. 0. ... 0. 0. 0.]
cvc_x_pos (1501,)
[0. 0. 0. ... 0. 0. 0.]
cvc_x_pos (1501,)
[0. 0. 0. ... 0. 0. 0.]
cvc_x_pos (1501,)
[0. 0. 0. ... 0. 0. 0.]
cvc_x_pos (1501,)
[0. 0. 0. ... 0. 0. 0.]
cvc_x_pos (1501,)
[0. 0. 0. ... 0. 0. 0.]
cvc_x_pos (1501,)
[0. 0. 0. ... 0. 0. 0.]
cvc_x_pos (1501,)
[0. 0. 0. ... 0. 0. 0.]
cvc_x_pos (1501,)
[0. 0. 0. ... 0. 0. 0.]
cvc_x_pos (1501,)
[0. 0. 0. ... 0. 0. 0.]
cvc_x_pos (1501,)
[0. 0. 0. ... 0. 0. 0.]
cvc_x_pos (1501,)
[0. 0. 0. ... 0. 0. 0.]
cvc_x_pos (1501,)
[0. 0. 0. ... 0. 0. 0.]
cvc_x_pos (1501,)
[0. 0. 0. ... 0. 0. 0.]
cvc_x_pos (1501,)
[0. 0. 0. ... 0. 0. 0.]
cvc_x_pos (1501,)
[0. 0. 0. ... 0. 0. 0.]
cvc_x_pos (1501,)
[0. 0. 0. ... 0. 0. 0.]
cvc_x_pos (1501,)
[0. 0. 0. ... 0. 0. 0.]
cvc_x_pos (1501,)
[0. 0. 0. ... 0. 0. 0.]
cvc_x_pos (1501,)
[0. 0. 0. ... 0. 0. 0.]
cvc_x_pos (1501,)
[0. 0. 0. ... 0. 0. 0.]
cvc_x_pos (1501,)
[0. 0. 0. ... 0. 0. 0.]
cvc_x_pos (1501,)
[0. 0. 0. ... 0. 0. 0.]
cvc_x_pos (1501,)
[0. 0. 0. ... 0. 0. 0.]
cvc_x_pos (1501,)
[0. 0. 0. ... 0. 0. 0.]
cvc_x_pos (1501,)
[0. 0. 0. ... 0. 0. 0.]
cvc_x_pos (1501,)
[0. 0. 0. ... 0. 0. 0.]
cvc_x_pos (1501,)
[0. 0. 0. ... 0. 0. 0.]
cvc_x_pos (1501,)
[0. 0. 0. ... 0. 0. 0.]
cvc_x_pos (1501,)
[0. 0. 0. ... 0. 0. 0.]
cvc_x_pos (1501,)
[0. 0. 0. ... 0. 0. 0.]
cvc_x_pos (1501,)
[0. 0. 0. ... 0. 0. 0.]
cvc_x_pos (1501,)
[0. 0. 0. ... 0. 0. 0.]
cvc_x_pos (1501,)
[0. 0. 0. ... 0. 0. 0.]
cvc_x_pos (1501,)
[0. 0. 0. ... 0. 0. 0.]
cvc_x_pos (1501,)
[0. 0. 0. ... 0. 0. 0.]
cvc_x_pos (1501,)
[0. 0. 0. ... 0. 0. 0.]
cvc_x_pos (1501,)
[0. 0. 0. ... 0. 0. 0.]
cvc_x_pos (1501,)
[0. 0. 0. ... 0. 0. 0.]
cvc_x_pos (1501,)
[0. 0. 0. ... 0. 0. 0.]
cvc_x_pos (1501,)
[0. 0. 0. ... 0. 0. 0.]
cvc_x_pos (1501,)
[0. 0. 0. ... 0. 0. 0.]
cvc_x_pos (1501,)
[0.00521121 0.00521061 0.00521001 ... 0.         0.         0.        ]
cvc_x_pos (1501,)
[0. 0. 0. ... 0. 0. 0.]
cvc_x_pos (1501,)
[0.00521912 0.00521952 0.00521991 ... 0.         0.         0.        ]
cvc_x_pos (1501,)
[0. 0. 0. ... 0. 0. 0.]
cvc_x_pos (1501,)
[0.00497321 0.00497385 0.00497448 ... 0.         0.         0.        ]
cvc_x_pos (1501,)
[0. 0. 0. ... 0. 0. 0.]
cvc_x_pos (1501,)
[0. 0. 0. ... 0. 0. 0.]
cvc_x_pos (1501,)
[0. 0. 0. ... 0. 0. 0.]
cvc_x_pos (1501,)
[0. 0. 0. ... 0. 0. 0.]
cvc_x_pos (1501,)
[0. 0. 0. ... 0. 0. 0.]
cvc_x_pos (1501,)
[0. 0. 0. ... 0. 0. 0.]
cvc_x_pos (1501,)
[0. 0. 0. ... 0. 0. 0.]
cvc_x_pos (1501,)
[0. 0. 0. ... 0. 0. 0.]
cvc_x_pos (1501,)
[0. 0. 0. ... 0. 0. 0.]
cvc_x_pos (1501,)
[0. 0. 0. ... 0. 0. 0.]
cvc_x_pos (1501,)
[0. 0. 0. ... 0. 0. 0.]
cvc_x_pos (1501,)
[0. 0. 0. ... 0. 0. 0.]
cvc_x_pos (1501,)
[0. 0. 0. ... 0. 0. 0.]
cvc_x_pos (1501,)
[0. 0. 0. ... 0. 0. 0.]
cvc_x_pos (1501,)
[0. 0. 0. ... 0. 0. 0.]
cvc_x_pos (1501,)
[0. 0. 0. ... 0. 0. 0.]
cvc_x_pos (1501,)
[0. 0. 0. ... 0. 0. 0.]
cvc_x_pos (1501,)
[0. 0. 0. ... 0. 0. 0.]
cvc_x_pos (1501,)
[0. 0. 0. ... 0. 0. 0.]
cvc_x_pos (1501,)
[0. 0. 0. ... 0. 0. 0.]
cvc_x_pos (1501,)
[0. 0. 0. ... 0. 0. 0.]
cvc_x_pos (1501,)
[0. 0. 0. ... 0. 0. 0.]
cvc_x_pos (1501,)
[0. 0. 0. ... 0. 0. 0.]
cvc_x_pos (1501,)
[0. 0. 0. ... 0. 0. 0.]
cvc_x_pos (1501,)
[0. 0. 0. ... 0. 0. 0.]
cvc_x_pos (1501,)
[0. 0. 0. ... 0. 0. 0.]
cvc_x_pos (1501,)
[0. 0. 0. ... 0. 0. 0.]
cvc_x_pos (1501,)
[0. 0. 0. ... 0. 0. 0.]
cvc_x_pos (1501,)
[0. 0. 0. ... 0. 0. 0.]
cvc_x_pos (1501,)
[0. 0. 0. ... 0. 0. 0.]
cvc_x_pos (1501,)
[0. 0. 0. ... 0. 0. 0.]
cvc_x_pos (1501,)
[0. 0. 0. ... 0. 0. 0.]
cvc_x_pos (1501,)
[0. 0. 0. ... 0. 0. 0.]
cvc_x_pos (1501,)
[0. 0. 0. ... 0. 0. 0.]
cvc_x_pos (1501,)
[0. 0. 0. ... 0. 0. 0.]
cvc_x_pos (1501,)
[0. 0. 0. ... 0. 0. 0.]
cvc_x_pos (1501,)
[0. 0. 0. ... 0. 0. 0.]
cvc_x_pos (1501,)
[0. 0. 0. ... 0. 0. 0.]
cvc_x_pos (1501,)
[0. 0. 0. ... 0. 0. 0.]
cvc_x_pos (1501,)
[0. 0. 0. ... 0. 0. 0.]
cvc_x_pos (1501,)
[0. 0. 0. ... 0. 0. 0.]
cvc_x_pos (1501,)
[0. 0. 0. ... 0. 0. 0.]
cvc_x_pos (1501,)
[0. 0. 0. ... 0. 0. 0.]
cvc_x_pos (1501,)
[0. 0. 0. ... 0. 0. 0.]
cvc_x_pos (1501,)
[0. 0. 0. ... 0. 0. 0.]
cvc_x_pos (1501,)
[0. 0. 0. ... 0. 0. 0.]
cvc_x_pos (1501,)
[0. 0. 0. ... 0. 0. 0.]
cvc_x_pos (1501,)
[0. 0. 0. ... 0. 0. 0.]
cvc_x_pos (1501,)
[0. 0. 0. ... 0. 0. 0.]
cvc_x_pos (1501,)
[0. 0. 0. ... 0. 0. 0.]
cvc_x_pos (1501,)
[0. 0. 0. ... 0. 0. 0.]
cvc_x_pos (1501,)
[0. 0. 0. ... 0. 0. 0.]
cvc_x_pos (1501,)
[0. 0. 0. ... 0. 0. 0.]
cvc_x_pos (1501,)
[0. 0. 0. ... 0. 0. 0.]
cvc_x_pos (1501,)
[0. 0. 0. ... 0. 0. 0.]
cvc_x_pos (1501,)
[0. 0. 0. ... 0. 0. 0.]
cvc_x_pos (1501,)
[0. 0. 0. ... 0. 0. 0.]
cvc_x_pos (1501,)
[0. 0. 0. ... 0. 0. 0.]
cvc_x_pos (1501,)
[0. 0. 0. ... 0. 0. 0.]
cvc_x_pos (1501,)
[0. 0. 0. ... 0. 0. 0.]
cvc_x_pos (1501,)
[0. 0. 0. ... 0. 0. 0.]
cvc_x_pos (1501,)
[0. 0. 0. ... 0. 0. 0.]
cvc_x_pos (1501,)
[0. 0. 0. ... 0. 0. 0.]
cvc_x_pos (1501,)
[0. 0. 0. ... 0. 0. 0.]
cvc_x_pos (1501,)
[0. 0. 0. ... 0. 0. 0.]
cvc_x_pos (1501,)
[0. 0. 0. ... 0. 0. 0.]
cvc_x_pos (1501,)
[0. 0. 0. ... 0. 0. 0.]
cvc_x_pos (1501,)
[0.0058191  0.00581784 0.00581656 ... 0.         0.         0.        ]
cvc_x_pos (1501,)
[0.00643149 0.00643134 0.00643116 ... 0.         0.         0.        ]
cvc_x_pos (1501,)
[0. 0. 0. ... 0. 0. 0.]
cvc_x_pos (1501,)
[0.00455749 0.00455726 0.00455702 ... 0.         0.         0.        ]
cvc_x_pos (1501,)
[0.00558329 0.0055825  0.00558169 ... 0.         0.         0.        ]
cvc_x_pos (1501,)
[0.00432223 0.00432242 0.0043226  ... 0.         0.         0.        ]
cvc_x_pos (1501,)
[0.00589604 0.00589491 0.00589376 ... 0.         0.         0.        ]
cvc_x_pos (1501,)
[0.00510548 0.00510604 0.00510659 ... 0.         0.         0.        ]
cvc_x_pos (1501,)
[0. 0. 0. ... 0. 0. 0.]
cvc_x_pos (1501,)
[0. 0. 0. ... 0. 0. 0.]
cvc_x_pos (1501,)
[0. 0. 0. ... 0. 0. 0.]
cvc_x_pos (1501,)
[0. 0. 0. ... 0. 0. 0.]
cvc_x_pos (1501,)
[0. 0. 0. ... 0. 0. 0.]
cvc_x_pos (1501,)
[0. 0. 0. ... 0. 0. 0.]
cvc_x_pos (1501,)
[0. 0. 0. ... 0. 0. 0.]
cvc_x_pos (1501,)
[0. 0. 0. ... 0. 0. 0.]
cvc_x_pos (1501,)
[0. 0. 0. ... 0. 0. 0.]
cvc_x_pos (1501,)
[0. 0. 0. ... 0. 0. 0.]
cvc_x_pos (1501,)
[0. 0. 0. ... 0. 0. 0.]
cvc_x_pos (1501,)
[0. 0. 0. ... 0. 0. 0.]
cvc_x_pos (1501,)
[0. 0. 0. ... 0. 0. 0.]
cvc_x_pos (1501,)
[0. 0. 0. ... 0. 0. 0.]
cvc_x_pos (1501,)
[0. 0. 0. ... 0. 0. 0.]
cvc_x_pos (1501,)
[0. 0. 0. ... 0. 0. 0.]
cvc_x_pos (1501,)
[0. 0. 0. ... 0. 0. 0.]
cvc_x_pos (1501,)
[0. 0. 0. ... 0. 0. 0.]
cvc_x_pos (1501,)
[0. 0. 0. ... 0. 0. 0.]
cvc_x_pos (1501,)
[0. 0. 0. ... 0. 0. 0.]
cvc_x_pos (1501,)
[0. 0. 0. ... 0. 0. 0.]
cvc_x_pos (1501,)
[0. 0. 0. ... 0. 0. 0.]
cvc_x_pos (1501,)
[0. 0. 0. ... 0. 0. 0.]
cvc_x_pos (1501,)
[0. 0. 0. ... 0. 0. 0.]
cvc_x_pos (1501,)
[0. 0. 0. ... 0. 0. 0.]
cvc_x_pos (1501,)
[0. 0. 0. ... 0. 0. 0.]
cvc_x_pos (1501,)
[0. 0. 0. ... 0. 0. 0.]
cvc_x_pos (1501,)
[0. 0. 0. ... 0. 0. 0.]
cvc_x_pos (1501,)
[0. 0. 0. ... 0. 0. 0.]
cvc_x_pos (1501,)
[0. 0. 0. ... 0. 0. 0.]
cvc_x_pos (1501,)
[0. 0. 0. ... 0. 0. 0.]
cvc_x_pos (1501,)
[0. 0. 0. ... 0. 0. 0.]
cvc_x_pos (1501,)
[0. 0. 0. ... 0. 0. 0.]
cvc_x_pos (1501,)
[0. 0. 0. ... 0. 0. 0.]
cvc_x_pos (1501,)
[0. 0. 0. ... 0. 0. 0.]
cvc_x_pos (1501,)
[0. 0. 0. ... 0. 0. 0.]
cvc_x_pos (1501,)
[0. 0. 0. ... 0. 0. 0.]
cvc_x_pos (1501,)
[0. 0. 0. ... 0. 0. 0.]
cvc_x_pos (1501,)
[0. 0. 0. ... 0. 0. 0.]
cvc_x_pos (1501,)
[0. 0. 0. ... 0. 0. 0.]
cvc_x_pos (1501,)
[0. 0. 0. ... 0. 0. 0.]
cvc_x_pos (1501,)
[0. 0. 0. ... 0. 0. 0.]
cvc_x_pos (1501,)
[0. 0. 0. ... 0. 0. 0.]
cvc_x_pos (1501,)
[0. 0. 0. ... 0. 0. 0.]
cvc_x_pos (1501,)
[0. 0. 0. ... 0. 0. 0.]
cvc_x_pos (1501,)
[0. 0. 0. ... 0. 0. 0.]
cvc_x_pos (1501,)
[0. 0. 0. ... 0. 0. 0.]
cvc_x_pos (1501,)
[0. 0. 0. ... 0. 0. 0.]
cvc_x_pos (1501,)
[0. 0. 0. ... 0. 0. 0.]
cvc_x_pos (1501,)
[0. 0. 0. ... 0. 0. 0.]
cvc_x_pos (1501,)
[0. 0. 0. ... 0. 0. 0.]
cvc_x_pos (1501,)
[0. 0. 0. ... 0. 0. 0.]
cvc_x_pos (1501,)
[0. 0. 0. ... 0. 0. 0.]
cvc_x_pos (1501,)
[0. 0. 0. ... 0. 0. 0.]
cvc_x_pos (1501,)
[0. 0. 0. ... 0. 0. 0.]
cvc_x_pos (1501,)
[0. 0. 0. ... 0. 0. 0.]
cvc_x_pos (1501,)
[0. 0. 0. ... 0. 0. 0.]
cvc_x_pos (1501,)
[0. 0. 0. ... 0. 0. 0.]
cvc_x_pos (1501,)
[0. 0. 0. ... 0. 0. 0.]
cvc_x_pos (1501,)
[0. 0. 0. ... 0. 0. 0.]
cvc_x_pos (1501,)
[0. 0. 0. ... 0. 0. 0.]
cvc_x_pos (1501,)
[0. 0. 0. ... 0. 0. 0.]
cvc_x_pos (1501,)
[0. 0. 0. ... 0. 0. 0.]
cvc_x_pos (1501,)
[0. 0. 0. ... 0. 0. 0.]
cvc_x_pos (1501,)
[0. 0. 0. ... 0. 0. 0.]
cvc_x_pos (1501,)
[0. 0. 0. ... 0. 0. 0.]
cvc_x_pos (1501,)
[0. 0. 0. ... 0. 0. 0.]
cvc_x_pos (1501,)
[0. 0. 0. ... 0. 0. 0.]
cvc_x_pos (1501,)
[0. 0. 0. ... 0. 0. 0.]
cvc_x_pos (1501,)
[0. 0. 0. ... 0. 0. 0.]
cvc_x_pos (1501,)
[0. 0. 0. ... 0. 0. 0.]
cvc_x_pos (1501,)
[0. 0. 0. ... 0. 0. 0.]
cvc_x_pos (1501,)
[0. 0. 0. ... 0. 0. 0.]
cvc_x_pos (1501,)
[0. 0. 0. ... 0. 0. 0.]
cvc_x_pos (1501,)
[0. 0. 0. ... 0. 0. 0.]
cvc_x_pos (1501,)
[0. 0. 0. ... 0. 0. 0.]
cvc_x_pos (1501,)
[0. 0. 0. ... 0. 0. 0.]
cvc_x_pos (1501,)
[0.00537865 0.00537801 0.00537736 ... 0.         0.         0.        ]
cvc_x_pos (1501,)
[0.00436157 0.00436106 0.00436055 ... 0.         0.         0.        ]
cvc_x_pos (1501,)
[0.00560931 0.00560841 0.00560749 ... 0.         0.         0.        ]
cvc_x_pos (1501,)
[0.00558253 0.00558171 0.00558088 ... 0.         0.         0.        ]
cvc_x_pos (1501,)
[0. 0. 0. ... 0. 0. 0.]
cvc_x_pos (1501,)
[0. 0. 0. ... 0. 0. 0.]
cvc_x_pos (1501,)
[0.00532941 0.00532897 0.00532852 ... 0.         0.         0.        ]
Saved simulation data to simulation_outputs/round-11/global/vcm_trials-100_stretch-global_a-1_b-0.1_Ndc-None_Nfvc-15000.pkl
====================================================================== 


 -+-+-+-+-+-+-+-+-+-+-+-+-+-+-+-+-+-+-+-+-+-+-+-+-+-+-+-+-+-+ RUNNING SIMULATIONS FOR DISTORTION=stretch-global-5 -+-+-+-+-+-+-+-+-+-+-+-+-+-+-+-+-+-+-+-+-+-+-+-+-+-+-+-+-+-+
======================================================================
Running new simulation for ***Vector Cell Model*** with distortion=stretch-global (a=1, b=0.1)...
PARAMETERS:
	M=10, min_scale=25, scale_ratio=1.5, m=20, r_max=30, poiss_time_w=0.1
	N_fvc=17500 (VCM)
	cvc_pos=[[0.         0.04411894 0.0692211 ],...,[498.06998543 499.03499271 500.        ]] (VCM)
	fvc_pos=[[0.         0.02857306 0.05714612],...,[499.94285388 499.97142694 500.        ]] (VCM)
	Scales=[25.0, 37.5, 56.25, 84.38, 126.56, 189.84, 284.77, 427.15, 640.72, 961.08]
OPEN FIELD: True
cvc_x_pos (1751,)
[0. 0. 0. ... 0. 0. 0.]
cvc_x_pos (1751,)
[0. 0. 0. ... 0. 0. 0.]
cvc_x_pos (1751,)
[0. 0. 0. ... 0. 0. 0.]
cvc_x_pos (1751,)
[0. 0. 0. ... 0. 0. 0.]
cvc_x_pos (1751,)
[0. 0. 0. ... 0. 0. 0.]
cvc_x_pos (1751,)
[0. 0. 0. ... 0. 0. 0.]
cvc_x_pos (1751,)
[0. 0. 0. ... 0. 0. 0.]
cvc_x_pos (1751,)
[0. 0. 0. ... 0. 0. 0.]
cvc_x_pos (1751,)
[0. 0. 0. ... 0. 0. 0.]
cvc_x_pos (1751,)
[0. 0. 0. ... 0. 0. 0.]
cvc_x_pos (1751,)
[0. 0. 0. ... 0. 0. 0.]
cvc_x_pos (1751,)
[0. 0. 0. ... 0. 0. 0.]
cvc_x_pos (1751,)
[0. 0. 0. ... 0. 0. 0.]
cvc_x_pos (1751,)
[0. 0. 0. ... 0. 0. 0.]
cvc_x_pos (1751,)
[0. 0. 0. ... 0. 0. 0.]
cvc_x_pos (1751,)
[0. 0. 0. ... 0. 0. 0.]
cvc_x_pos (1751,)
[0. 0. 0. ... 0. 0. 0.]
cvc_x_pos (1751,)
[0. 0. 0. ... 0. 0. 0.]
cvc_x_pos (1751,)
[0. 0. 0. ... 0. 0. 0.]
cvc_x_pos (1751,)
[0. 0. 0. ... 0. 0. 0.]
cvc_x_pos (1751,)
[0. 0. 0. ... 0. 0. 0.]
cvc_x_pos (1751,)
[0. 0. 0. ... 0. 0. 0.]
cvc_x_pos (1751,)
[0. 0. 0. ... 0. 0. 0.]
cvc_x_pos (1751,)
[0. 0. 0. ... 0. 0. 0.]
cvc_x_pos (1751,)
[0. 0. 0. ... 0. 0. 0.]
cvc_x_pos (1751,)
[0. 0. 0. ... 0. 0. 0.]
cvc_x_pos (1751,)
[0. 0. 0. ... 0. 0. 0.]
cvc_x_pos (1751,)
[0. 0. 0. ... 0. 0. 0.]
cvc_x_pos (1751,)
[0. 0. 0. ... 0. 0. 0.]
cvc_x_pos (1751,)
[0. 0. 0. ... 0. 0. 0.]
cvc_x_pos (1751,)
[0. 0. 0. ... 0. 0. 0.]
cvc_x_pos (1751,)
[0. 0. 0. ... 0. 0. 0.]
cvc_x_pos (1751,)
[0. 0. 0. ... 0. 0. 0.]
cvc_x_pos (1751,)
[0. 0. 0. ... 0. 0. 0.]
cvc_x_pos (1751,)
[0. 0. 0. ... 0. 0. 0.]
cvc_x_pos (1751,)
[0. 0. 0. ... 0. 0. 0.]
cvc_x_pos (1751,)
[0. 0. 0. ... 0. 0. 0.]
cvc_x_pos (1751,)
[0. 0. 0. ... 0. 0. 0.]
cvc_x_pos (1751,)
[0. 0. 0. ... 0. 0. 0.]
cvc_x_pos (1751,)
[0. 0. 0. ... 0. 0. 0.]
cvc_x_pos (1751,)
[0. 0. 0. ... 0. 0. 0.]
cvc_x_pos (1751,)
[0. 0. 0. ... 0. 0. 0.]
cvc_x_pos (1751,)
[0. 0. 0. ... 0. 0. 0.]
cvc_x_pos (1751,)
[0. 0. 0. ... 0. 0. 0.]
cvc_x_pos (1751,)
[0. 0. 0. ... 0. 0. 0.]
cvc_x_pos (1751,)
[0. 0. 0. ... 0. 0. 0.]
cvc_x_pos (1751,)
[0. 0. 0. ... 0. 0. 0.]
cvc_x_pos (1751,)
[0. 0. 0. ... 0. 0. 0.]
cvc_x_pos (1751,)
[0. 0. 0. ... 0. 0. 0.]
cvc_x_pos (1751,)
[0. 0. 0. ... 0. 0. 0.]
cvc_x_pos (1751,)
[0. 0. 0. ... 0. 0. 0.]
cvc_x_pos (1751,)
[0. 0. 0. ... 0. 0. 0.]
cvc_x_pos (1751,)
[0. 0. 0. ... 0. 0. 0.]
cvc_x_pos (1751,)
[0. 0. 0. ... 0. 0. 0.]
cvc_x_pos (1751,)
[0. 0. 0. ... 0. 0. 0.]
cvc_x_pos (1751,)
[0. 0. 0. ... 0. 0. 0.]
cvc_x_pos (1751,)
[0. 0. 0. ... 0. 0. 0.]
cvc_x_pos (1751,)
[0. 0. 0. ... 0. 0. 0.]
cvc_x_pos (1751,)
[0. 0. 0. ... 0. 0. 0.]
cvc_x_pos (1751,)
[0. 0. 0. ... 0. 0. 0.]
cvc_x_pos (1751,)
[0. 0. 0. ... 0. 0. 0.]
cvc_x_pos (1751,)
[0. 0. 0. ... 0. 0. 0.]
cvc_x_pos (1751,)
[0. 0. 0. ... 0. 0. 0.]
cvc_x_pos (1751,)
[0. 0. 0. ... 0. 0. 0.]
cvc_x_pos (1751,)
[0. 0. 0. ... 0. 0. 0.]
cvc_x_pos (1751,)
[0. 0. 0. ... 0. 0. 0.]
cvc_x_pos (1751,)
[0. 0. 0. ... 0. 0. 0.]
cvc_x_pos (1751,)
[0. 0. 0. ... 0. 0. 0.]
cvc_x_pos (1751,)
[0. 0. 0. ... 0. 0. 0.]
cvc_x_pos (1751,)
[0. 0. 0. ... 0. 0. 0.]
cvc_x_pos (1751,)
[0. 0. 0. ... 0. 0. 0.]
cvc_x_pos (1751,)
[0. 0. 0. ... 0. 0. 0.]
cvc_x_pos (1751,)
[0. 0. 0. ... 0. 0. 0.]
cvc_x_pos (1751,)
[0. 0. 0. ... 0. 0. 0.]
cvc_x_pos (1751,)
[0. 0. 0. ... 0. 0. 0.]
cvc_x_pos (1751,)
[0. 0. 0. ... 0. 0. 0.]
cvc_x_pos (1751,)
[0.00511767 0.00511843 0.00511918 ... 0.         0.         0.        ]
cvc_x_pos (1751,)
[0.00369301 0.00369357 0.00369412 ... 0.         0.         0.        ]
cvc_x_pos (1751,)
[0.00464299 0.00464279 0.00464259 ... 0.         0.         0.        ]
cvc_x_pos (1751,)
[0. 0. 0. ... 0. 0. 0.]
cvc_x_pos (1751,)
[0.00452978 0.00453019 0.00453058 ... 0.         0.         0.        ]
cvc_x_pos (1751,)
[0.00416722 0.00416781 0.0041684  ... 0.         0.         0.        ]
cvc_x_pos (1751,)
[0.00444195 0.00444142 0.00444089 ... 0.         0.         0.        ]
cvc_x_pos (1751,)
[0. 0. 0. ... 0. 0. 0.]
cvc_x_pos (1751,)
[0. 0. 0. ... 0. 0. 0.]
cvc_x_pos (1751,)
[0. 0. 0. ... 0. 0. 0.]
cvc_x_pos (1751,)
[0. 0. 0. ... 0. 0. 0.]
cvc_x_pos (1751,)
[0. 0. 0. ... 0. 0. 0.]
cvc_x_pos (1751,)
[0. 0. 0. ... 0. 0. 0.]
cvc_x_pos (1751,)
[0. 0. 0. ... 0. 0. 0.]
cvc_x_pos (1751,)
[0. 0. 0. ... 0. 0. 0.]
cvc_x_pos (1751,)
[0. 0. 0. ... 0. 0. 0.]
cvc_x_pos (1751,)
[0. 0. 0. ... 0. 0. 0.]
cvc_x_pos (1751,)
[0. 0. 0. ... 0. 0. 0.]
cvc_x_pos (1751,)
[0. 0. 0. ... 0. 0. 0.]
cvc_x_pos (1751,)
[0. 0. 0. ... 0. 0. 0.]
cvc_x_pos (1751,)
[0. 0. 0. ... 0. 0. 0.]
cvc_x_pos (1751,)
[0. 0. 0. ... 0. 0. 0.]
cvc_x_pos (1751,)
[0. 0. 0. ... 0. 0. 0.]
cvc_x_pos (1751,)
[0. 0. 0. ... 0. 0. 0.]
cvc_x_pos (1751,)
[0. 0. 0. ... 0. 0. 0.]
cvc_x_pos (1751,)
[0. 0. 0. ... 0. 0. 0.]
cvc_x_pos (1751,)
[0. 0. 0. ... 0. 0. 0.]
cvc_x_pos (1751,)
[0. 0. 0. ... 0. 0. 0.]
cvc_x_pos (1751,)
[0. 0. 0. ... 0. 0. 0.]
cvc_x_pos (1751,)
[0. 0. 0. ... 0. 0. 0.]
cvc_x_pos (1751,)
[0. 0. 0. ... 0. 0. 0.]
cvc_x_pos (1751,)
[0. 0. 0. ... 0. 0. 0.]
cvc_x_pos (1751,)
[0. 0. 0. ... 0. 0. 0.]
cvc_x_pos (1751,)
[0. 0. 0. ... 0. 0. 0.]
cvc_x_pos (1751,)
[0. 0. 0. ... 0. 0. 0.]
cvc_x_pos (1751,)
[0. 0. 0. ... 0. 0. 0.]
cvc_x_pos (1751,)
[0. 0. 0. ... 0. 0. 0.]
cvc_x_pos (1751,)
[0. 0. 0. ... 0. 0. 0.]
cvc_x_pos (1751,)
[0. 0. 0. ... 0. 0. 0.]
cvc_x_pos (1751,)
[0. 0. 0. ... 0. 0. 0.]
cvc_x_pos (1751,)
[0. 0. 0. ... 0. 0. 0.]
cvc_x_pos (1751,)
[0. 0. 0. ... 0. 0. 0.]
cvc_x_pos (1751,)
[0. 0. 0. ... 0. 0. 0.]
cvc_x_pos (1751,)
[0. 0. 0. ... 0. 0. 0.]
cvc_x_pos (1751,)
[0. 0. 0. ... 0. 0. 0.]
cvc_x_pos (1751,)
[0. 0. 0. ... 0. 0. 0.]
cvc_x_pos (1751,)
[0. 0. 0. ... 0. 0. 0.]
cvc_x_pos (1751,)
[0. 0. 0. ... 0. 0. 0.]
cvc_x_pos (1751,)
[0. 0. 0. ... 0. 0. 0.]
cvc_x_pos (1751,)
[0. 0. 0. ... 0. 0. 0.]
cvc_x_pos (1751,)
[0. 0. 0. ... 0. 0. 0.]
cvc_x_pos (1751,)
[0. 0. 0. ... 0. 0. 0.]
cvc_x_pos (1751,)
[0. 0. 0. ... 0. 0. 0.]
cvc_x_pos (1751,)
[0. 0. 0. ... 0. 0. 0.]
cvc_x_pos (1751,)
[0. 0. 0. ... 0. 0. 0.]
cvc_x_pos (1751,)
[0. 0. 0. ... 0. 0. 0.]
cvc_x_pos (1751,)
[0. 0. 0. ... 0. 0. 0.]
cvc_x_pos (1751,)
[0. 0. 0. ... 0. 0. 0.]
cvc_x_pos (1751,)
[0. 0. 0. ... 0. 0. 0.]
cvc_x_pos (1751,)
[0. 0. 0. ... 0. 0. 0.]
cvc_x_pos (1751,)
[0. 0. 0. ... 0. 0. 0.]
cvc_x_pos (1751,)
[0. 0. 0. ... 0. 0. 0.]
cvc_x_pos (1751,)
[0. 0. 0. ... 0. 0. 0.]
cvc_x_pos (1751,)
[0. 0. 0. ... 0. 0. 0.]
cvc_x_pos (1751,)
[0. 0. 0. ... 0. 0. 0.]
cvc_x_pos (1751,)
[0. 0. 0. ... 0. 0. 0.]
cvc_x_pos (1751,)
[0. 0. 0. ... 0. 0. 0.]
cvc_x_pos (1751,)
[0. 0. 0. ... 0. 0. 0.]
cvc_x_pos (1751,)
[0. 0. 0. ... 0. 0. 0.]
cvc_x_pos (1751,)
[0. 0. 0. ... 0. 0. 0.]
cvc_x_pos (1751,)
[0. 0. 0. ... 0. 0. 0.]
cvc_x_pos (1751,)
[0. 0. 0. ... 0. 0. 0.]
cvc_x_pos (1751,)
[0. 0. 0. ... 0. 0. 0.]
cvc_x_pos (1751,)
[0.0040097  0.0040103  0.00401089 ... 0.         0.         0.        ]
cvc_x_pos (1751,)
[0. 0. 0. ... 0. 0. 0.]
cvc_x_pos (1751,)
[0.00523985 0.0052404  0.00524094 ... 0.         0.         0.        ]
cvc_x_pos (1751,)
[0. 0. 0. ... 0. 0. 0.]
cvc_x_pos (1751,)
[0.00475104 0.00475172 0.00475239 ... 0.         0.         0.        ]
cvc_x_pos (1751,)
[0. 0. 0. ... 0. 0. 0.]
cvc_x_pos (1751,)
[0.00406198 0.00406193 0.00406187 ... 0.         0.         0.        ]
cvc_x_pos (1751,)
[0.00510162 0.00510257 0.00510352 ... 0.         0.         0.        ]
cvc_x_pos (1751,)
[0.00443423 0.00443362 0.004433   ... 0.         0.         0.        ]
cvc_x_pos (1751,)
[0. 0. 0. ... 0. 0. 0.]
cvc_x_pos (1751,)
[0. 0. 0. ... 0. 0. 0.]
cvc_x_pos (1751,)
[0. 0. 0. ... 0. 0. 0.]
cvc_x_pos (1751,)
[0. 0. 0. ... 0. 0. 0.]
cvc_x_pos (1751,)
[0. 0. 0. ... 0. 0. 0.]
cvc_x_pos (1751,)
[0. 0. 0. ... 0. 0. 0.]
cvc_x_pos (1751,)
[0. 0. 0. ... 0. 0. 0.]
cvc_x_pos (1751,)
[0. 0. 0. ... 0. 0. 0.]
cvc_x_pos (1751,)
[0. 0. 0. ... 0. 0. 0.]
cvc_x_pos (1751,)
[0. 0. 0. ... 0. 0. 0.]
cvc_x_pos (1751,)
[0. 0. 0. ... 0. 0. 0.]
cvc_x_pos (1751,)
[0. 0. 0. ... 0. 0. 0.]
cvc_x_pos (1751,)
[0. 0. 0. ... 0. 0. 0.]
cvc_x_pos (1751,)
[0. 0. 0. ... 0. 0. 0.]
cvc_x_pos (1751,)
[0. 0. 0. ... 0. 0. 0.]
cvc_x_pos (1751,)
[0. 0. 0. ... 0. 0. 0.]
cvc_x_pos (1751,)
[0. 0. 0. ... 0. 0. 0.]
cvc_x_pos (1751,)
[0. 0. 0. ... 0. 0. 0.]
cvc_x_pos (1751,)
[0. 0. 0. ... 0. 0. 0.]
cvc_x_pos (1751,)
[0. 0. 0. ... 0. 0. 0.]
cvc_x_pos (1751,)
[0. 0. 0. ... 0. 0. 0.]
cvc_x_pos (1751,)
[0. 0. 0. ... 0. 0. 0.]
cvc_x_pos (1751,)
[0. 0. 0. ... 0. 0. 0.]
cvc_x_pos (1751,)
[0. 0. 0. ... 0. 0. 0.]
cvc_x_pos (1751,)
[0. 0. 0. ... 0. 0. 0.]
cvc_x_pos (1751,)
[0. 0. 0. ... 0. 0. 0.]
cvc_x_pos (1751,)
[0. 0. 0. ... 0. 0. 0.]
cvc_x_pos (1751,)
[0. 0. 0. ... 0. 0. 0.]
cvc_x_pos (1751,)
[0. 0. 0. ... 0. 0. 0.]
cvc_x_pos (1751,)
[0. 0. 0. ... 0. 0. 0.]
cvc_x_pos (1751,)
[0. 0. 0. ... 0. 0. 0.]
cvc_x_pos (1751,)
[0. 0. 0. ... 0. 0. 0.]
cvc_x_pos (1751,)
[0. 0. 0. ... 0. 0. 0.]
cvc_x_pos (1751,)
[0. 0. 0. ... 0. 0. 0.]
cvc_x_pos (1751,)
[0. 0. 0. ... 0. 0. 0.]
cvc_x_pos (1751,)
[0. 0. 0. ... 0. 0. 0.]
cvc_x_pos (1751,)
[0. 0. 0. ... 0. 0. 0.]
cvc_x_pos (1751,)
[0. 0. 0. ... 0. 0. 0.]
cvc_x_pos (1751,)
[0. 0. 0. ... 0. 0. 0.]
cvc_x_pos (1751,)
[0. 0. 0. ... 0. 0. 0.]
cvc_x_pos (1751,)
[0. 0. 0. ... 0. 0. 0.]
cvc_x_pos (1751,)
[0. 0. 0. ... 0. 0. 0.]
cvc_x_pos (1751,)
[0. 0. 0. ... 0. 0. 0.]
cvc_x_pos (1751,)
[0. 0. 0. ... 0. 0. 0.]
cvc_x_pos (1751,)
[0. 0. 0. ... 0. 0. 0.]
cvc_x_pos (1751,)
[0. 0. 0. ... 0. 0. 0.]
cvc_x_pos (1751,)
[0. 0. 0. ... 0. 0. 0.]
cvc_x_pos (1751,)
[0. 0. 0. ... 0. 0. 0.]
cvc_x_pos (1751,)
[0. 0. 0. ... 0. 0. 0.]
cvc_x_pos (1751,)
[0. 0. 0. ... 0. 0. 0.]
cvc_x_pos (1751,)
[0. 0. 0. ... 0. 0. 0.]
cvc_x_pos (1751,)
[0. 0. 0. ... 0. 0. 0.]
cvc_x_pos (1751,)
[0. 0. 0. ... 0. 0. 0.]
cvc_x_pos (1751,)
[0. 0. 0. ... 0. 0. 0.]
cvc_x_pos (1751,)
[0. 0. 0. ... 0. 0. 0.]
cvc_x_pos (1751,)
[0. 0. 0. ... 0. 0. 0.]
cvc_x_pos (1751,)
[0. 0. 0. ... 0. 0. 0.]
cvc_x_pos (1751,)
[0. 0. 0. ... 0. 0. 0.]
cvc_x_pos (1751,)
[0. 0. 0. ... 0. 0. 0.]
cvc_x_pos (1751,)
[0. 0. 0. ... 0. 0. 0.]
cvc_x_pos (1751,)
[0.00403706 0.00403756 0.00403805 ... 0.         0.         0.        ]
cvc_x_pos (1751,)
[0.00518657 0.00518709 0.00518759 ... 0.         0.         0.        ]
cvc_x_pos (1751,)
[0.00460357 0.00460436 0.00460514 ... 0.         0.         0.        ]
cvc_x_pos (1751,)
[0.00472651 0.00472617 0.00472582 ... 0.         0.         0.        ]
cvc_x_pos (1751,)
[0.00418452 0.00418491 0.0041853  ... 0.         0.         0.        ]
cvc_x_pos (1751,)
[0.00471007 0.00471017 0.00471026 ... 0.         0.         0.        ]
cvc_x_pos (1751,)
[0. 0. 0. ... 0. 0. 0.]
cvc_x_pos (1751,)
[0. 0. 0. ... 0. 0. 0.]
cvc_x_pos (1751,)
[0. 0. 0. ... 0. 0. 0.]
cvc_x_pos (1751,)
[0. 0. 0. ... 0. 0. 0.]
cvc_x_pos (1751,)
[0. 0. 0. ... 0. 0. 0.]
cvc_x_pos (1751,)
[0. 0. 0. ... 0. 0. 0.]
cvc_x_pos (1751,)
[0. 0. 0. ... 0. 0. 0.]
cvc_x_pos (1751,)
[0. 0. 0. ... 0. 0. 0.]
cvc_x_pos (1751,)
[0. 0. 0. ... 0. 0. 0.]
cvc_x_pos (1751,)
[0. 0. 0. ... 0. 0. 0.]
cvc_x_pos (1751,)
[0. 0. 0. ... 0. 0. 0.]
cvc_x_pos (1751,)
[0. 0. 0. ... 0. 0. 0.]
cvc_x_pos (1751,)
[0. 0. 0. ... 0. 0. 0.]
cvc_x_pos (1751,)
[0. 0. 0. ... 0. 0. 0.]
cvc_x_pos (1751,)
[0. 0. 0. ... 0. 0. 0.]
cvc_x_pos (1751,)
[0. 0. 0. ... 0. 0. 0.]
cvc_x_pos (1751,)
[0. 0. 0. ... 0. 0. 0.]
cvc_x_pos (1751,)
[0. 0. 0. ... 0. 0. 0.]
cvc_x_pos (1751,)
[0. 0. 0. ... 0. 0. 0.]
cvc_x_pos (1751,)
[0. 0. 0. ... 0. 0. 0.]
cvc_x_pos (1751,)
[0. 0. 0. ... 0. 0. 0.]
cvc_x_pos (1751,)
[0. 0. 0. ... 0. 0. 0.]
cvc_x_pos (1751,)
[0. 0. 0. ... 0. 0. 0.]
cvc_x_pos (1751,)
[0. 0. 0. ... 0. 0. 0.]
cvc_x_pos (1751,)
[0. 0. 0. ... 0. 0. 0.]
cvc_x_pos (1751,)
[0. 0. 0. ... 0. 0. 0.]
cvc_x_pos (1751,)
[0. 0. 0. ... 0. 0. 0.]
cvc_x_pos (1751,)
[0. 0. 0. ... 0. 0. 0.]
cvc_x_pos (1751,)
[0. 0. 0. ... 0. 0. 0.]
cvc_x_pos (1751,)
[0. 0. 0. ... 0. 0. 0.]
cvc_x_pos (1751,)
[0. 0. 0. ... 0. 0. 0.]
cvc_x_pos (1751,)
[0. 0. 0. ... 0. 0. 0.]
cvc_x_pos (1751,)
[0. 0. 0. ... 0. 0. 0.]
cvc_x_pos (1751,)
[0. 0. 0. ... 0. 0. 0.]
cvc_x_pos (1751,)
[0. 0. 0. ... 0. 0. 0.]
cvc_x_pos (1751,)
[0. 0. 0. ... 0. 0. 0.]
cvc_x_pos (1751,)
[0. 0. 0. ... 0. 0. 0.]
cvc_x_pos (1751,)
[0. 0. 0. ... 0. 0. 0.]
cvc_x_pos (1751,)
[0. 0. 0. ... 0. 0. 0.]
cvc_x_pos (1751,)
[0. 0. 0. ... 0. 0. 0.]
cvc_x_pos (1751,)
[0. 0. 0. ... 0. 0. 0.]
cvc_x_pos (1751,)
[0. 0. 0. ... 0. 0. 0.]
cvc_x_pos (1751,)
[0. 0. 0. ... 0. 0. 0.]
cvc_x_pos (1751,)
[0. 0. 0. ... 0. 0. 0.]
cvc_x_pos (1751,)
[0. 0. 0. ... 0. 0. 0.]
cvc_x_pos (1751,)
[0. 0. 0. ... 0. 0. 0.]
cvc_x_pos (1751,)
[0. 0. 0. ... 0. 0. 0.]
cvc_x_pos (1751,)
[0. 0. 0. ... 0. 0. 0.]
cvc_x_pos (1751,)
[0. 0. 0. ... 0. 0. 0.]
cvc_x_pos (1751,)
[0. 0. 0. ... 0. 0. 0.]
cvc_x_pos (1751,)
[0.00412315 0.00412377 0.00412439 ... 0.         0.         0.        ]
cvc_x_pos (1751,)
[0. 0. 0. ... 0. 0. 0.]
cvc_x_pos (1751,)
[0.00381297 0.00381349 0.00381401 ... 0.         0.         0.        ]
cvc_x_pos (1751,)
[0.         0.         0.00537011 ... 0.         0.         0.        ]
cvc_x_pos (1751,)
[0.00449806 0.00449821 0.00449834 ... 0.         0.         0.        ]
cvc_x_pos (1751,)
[0. 0. 0. ... 0. 0. 0.]
cvc_x_pos (1751,)
[0.0043992  0.00439904 0.00439887 ... 0.         0.         0.        ]
cvc_x_pos (1751,)
[0.00488375 0.0048842  0.00488464 ... 0.         0.         0.        ]
cvc_x_pos (1751,)
[0. 0. 0. ... 0. 0. 0.]
cvc_x_pos (1751,)
[0. 0. 0. ... 0. 0. 0.]
cvc_x_pos (1751,)
[0. 0. 0. ... 0. 0. 0.]
cvc_x_pos (1751,)
[0. 0. 0. ... 0. 0. 0.]
cvc_x_pos (1751,)
[0. 0. 0. ... 0. 0. 0.]
cvc_x_pos (1751,)
[0. 0. 0. ... 0. 0. 0.]
cvc_x_pos (1751,)
[0. 0. 0. ... 0. 0. 0.]
cvc_x_pos (1751,)
[0. 0. 0. ... 0. 0. 0.]
cvc_x_pos (1751,)
[0. 0. 0. ... 0. 0. 0.]
cvc_x_pos (1751,)
[0. 0. 0. ... 0. 0. 0.]
cvc_x_pos (1751,)
[0. 0. 0. ... 0. 0. 0.]
cvc_x_pos (1751,)
[0. 0. 0. ... 0. 0. 0.]
cvc_x_pos (1751,)
[0. 0. 0. ... 0. 0. 0.]
cvc_x_pos (1751,)
[0. 0. 0. ... 0. 0. 0.]
cvc_x_pos (1751,)
[0. 0. 0. ... 0. 0. 0.]
cvc_x_pos (1751,)
[0. 0. 0. ... 0. 0. 0.]
cvc_x_pos (1751,)
[0. 0. 0. ... 0. 0. 0.]
cvc_x_pos (1751,)
[0. 0. 0. ... 0. 0. 0.]
cvc_x_pos (1751,)
[0. 0. 0. ... 0. 0. 0.]
cvc_x_pos (1751,)
[0. 0. 0. ... 0. 0. 0.]
cvc_x_pos (1751,)
[0. 0. 0. ... 0. 0. 0.]
cvc_x_pos (1751,)
[0. 0. 0. ... 0. 0. 0.]
cvc_x_pos (1751,)
[0. 0. 0. ... 0. 0. 0.]
cvc_x_pos (1751,)
[0. 0. 0. ... 0. 0. 0.]
cvc_x_pos (1751,)
[0. 0. 0. ... 0. 0. 0.]
cvc_x_pos (1751,)
[0. 0. 0. ... 0. 0. 0.]
cvc_x_pos (1751,)
[0. 0. 0. ... 0. 0. 0.]
cvc_x_pos (1751,)
[0. 0. 0. ... 0. 0. 0.]
cvc_x_pos (1751,)
[0. 0. 0. ... 0. 0. 0.]
cvc_x_pos (1751,)
[0. 0. 0. ... 0. 0. 0.]
cvc_x_pos (1751,)
[0. 0. 0. ... 0. 0. 0.]
cvc_x_pos (1751,)
[0. 0. 0. ... 0. 0. 0.]
cvc_x_pos (1751,)
[0. 0. 0. ... 0. 0. 0.]
cvc_x_pos (1751,)
[0. 0. 0. ... 0. 0. 0.]
cvc_x_pos (1751,)
[0. 0. 0. ... 0. 0. 0.]
cvc_x_pos (1751,)
[0. 0. 0. ... 0. 0. 0.]
cvc_x_pos (1751,)
[0. 0. 0. ... 0. 0. 0.]
cvc_x_pos (1751,)
[0. 0. 0. ... 0. 0. 0.]
cvc_x_pos (1751,)
[0. 0. 0. ... 0. 0. 0.]
cvc_x_pos (1751,)
[0. 0. 0. ... 0. 0. 0.]
cvc_x_pos (1751,)
[0. 0. 0. ... 0. 0. 0.]
cvc_x_pos (1751,)
[0. 0. 0. ... 0. 0. 0.]
cvc_x_pos (1751,)
[0. 0. 0. ... 0. 0. 0.]
cvc_x_pos (1751,)
[0. 0. 0. ... 0. 0. 0.]
cvc_x_pos (1751,)
[0. 0. 0. ... 0. 0. 0.]
cvc_x_pos (1751,)
[0. 0. 0. ... 0. 0. 0.]
cvc_x_pos (1751,)
[0. 0. 0. ... 0. 0. 0.]
cvc_x_pos (1751,)
[0.00458241 0.00458317 0.00458393 ... 0.         0.         0.        ]
cvc_x_pos (1751,)
[0.00470397 0.00470363 0.00470328 ... 0.         0.         0.        ]
cvc_x_pos (1751,)
[0. 0. 0. ... 0. 0. 0.]
cvc_x_pos (1751,)
[0.00388442 0.0038842  0.00388397 ... 0.         0.         0.        ]
cvc_x_pos (1751,)
[0. 0. 0. ... 0. 0. 0.]
cvc_x_pos (1751,)
[0. 0. 0. ... 0. 0. 0.]
cvc_x_pos (1751,)
[0. 0. 0. ... 0. 0. 0.]
cvc_x_pos (1751,)
[0. 0. 0. ... 0. 0. 0.]
cvc_x_pos (1751,)
[0. 0. 0. ... 0. 0. 0.]
cvc_x_pos (1751,)
[0. 0. 0. ... 0. 0. 0.]
cvc_x_pos (1751,)
[0. 0. 0. ... 0. 0. 0.]
cvc_x_pos (1751,)
[0. 0. 0. ... 0. 0. 0.]
cvc_x_pos (1751,)
[0. 0. 0. ... 0. 0. 0.]
cvc_x_pos (1751,)
[0. 0. 0. ... 0. 0. 0.]
cvc_x_pos (1751,)
[0. 0. 0. ... 0. 0. 0.]
cvc_x_pos (1751,)
[0. 0. 0. ... 0. 0. 0.]
cvc_x_pos (1751,)
[0. 0. 0. ... 0. 0. 0.]
cvc_x_pos (1751,)
[0. 0. 0. ... 0. 0. 0.]
cvc_x_pos (1751,)
[0. 0. 0. ... 0. 0. 0.]
cvc_x_pos (1751,)
[0. 0. 0. ... 0. 0. 0.]
cvc_x_pos (1751,)
[0. 0. 0. ... 0. 0. 0.]
cvc_x_pos (1751,)
[0. 0. 0. ... 0. 0. 0.]
cvc_x_pos (1751,)
[0. 0. 0. ... 0. 0. 0.]
cvc_x_pos (1751,)
[0. 0. 0. ... 0. 0. 0.]
cvc_x_pos (1751,)
[0. 0. 0. ... 0. 0. 0.]
cvc_x_pos (1751,)
[0. 0. 0. ... 0. 0. 0.]
cvc_x_pos (1751,)
[0. 0. 0. ... 0. 0. 0.]
cvc_x_pos (1751,)
[0. 0. 0. ... 0. 0. 0.]
cvc_x_pos (1751,)
[0. 0. 0. ... 0. 0. 0.]
cvc_x_pos (1751,)
[0. 0. 0. ... 0. 0. 0.]
cvc_x_pos (1751,)
[0. 0. 0. ... 0. 0. 0.]
cvc_x_pos (1751,)
[0. 0. 0. ... 0. 0. 0.]
cvc_x_pos (1751,)
[0. 0. 0. ... 0. 0. 0.]
cvc_x_pos (1751,)
[0. 0. 0. ... 0. 0. 0.]
cvc_x_pos (1751,)
[0. 0. 0. ... 0. 0. 0.]
cvc_x_pos (1751,)
[0. 0. 0. ... 0. 0. 0.]
cvc_x_pos (1751,)
[0. 0. 0. ... 0. 0. 0.]
cvc_x_pos (1751,)
[0. 0. 0. ... 0. 0. 0.]
cvc_x_pos (1751,)
[0. 0. 0. ... 0. 0. 0.]
cvc_x_pos (1751,)
[0. 0. 0. ... 0. 0. 0.]
cvc_x_pos (1751,)
[0. 0. 0. ... 0. 0. 0.]
cvc_x_pos (1751,)
[0. 0. 0. ... 0. 0. 0.]
cvc_x_pos (1751,)
[0. 0. 0. ... 0. 0. 0.]
cvc_x_pos (1751,)
[0. 0. 0. ... 0. 0. 0.]
cvc_x_pos (1751,)
[0. 0. 0. ... 0. 0. 0.]
cvc_x_pos (1751,)
[0. 0. 0. ... 0. 0. 0.]
cvc_x_pos (1751,)
[0. 0. 0. ... 0. 0. 0.]
cvc_x_pos (1751,)
[0. 0. 0. ... 0. 0. 0.]
cvc_x_pos (1751,)
[0. 0. 0. ... 0. 0. 0.]
cvc_x_pos (1751,)
[0.00451087 0.00451123 0.00451159 ... 0.         0.         0.        ]
cvc_x_pos (1751,)
[0.00619334 0.00619323 0.00619311 ... 0.         0.         0.        ]
cvc_x_pos (1751,)
[0. 0. 0. ... 0. 0. 0.]
cvc_x_pos (1751,)
[0.00488882 0.00488805 0.00488728 ... 0.         0.         0.        ]
cvc_x_pos (1751,)
[0. 0. 0. ... 0. 0. 0.]
cvc_x_pos (1751,)
[0.00427657 0.00427694 0.0042773  ... 0.         0.         0.        ]
cvc_x_pos (1751,)
[0. 0. 0. ... 0. 0. 0.]
cvc_x_pos (1751,)
[0.00459196 0.00459237 0.00459277 ... 0.         0.         0.        ]
cvc_x_pos (1751,)
[0. 0. 0. ... 0. 0. 0.]
cvc_x_pos (1751,)
[0. 0. 0. ... 0. 0. 0.]
cvc_x_pos (1751,)
[0. 0. 0. ... 0. 0. 0.]
cvc_x_pos (1751,)
[0. 0. 0. ... 0. 0. 0.]
cvc_x_pos (1751,)
[0. 0. 0. ... 0. 0. 0.]
cvc_x_pos (1751,)
[0. 0. 0. ... 0. 0. 0.]
cvc_x_pos (1751,)
[0. 0. 0. ... 0. 0. 0.]
cvc_x_pos (1751,)
[0. 0. 0. ... 0. 0. 0.]
cvc_x_pos (1751,)
[0. 0. 0. ... 0. 0. 0.]
cvc_x_pos (1751,)
[0. 0. 0. ... 0. 0. 0.]
cvc_x_pos (1751,)
[0. 0. 0. ... 0. 0. 0.]
cvc_x_pos (1751,)
[0. 0. 0. ... 0. 0. 0.]
cvc_x_pos (1751,)
[0. 0. 0. ... 0. 0. 0.]
cvc_x_pos (1751,)
[0. 0. 0. ... 0. 0. 0.]
cvc_x_pos (1751,)
[0. 0. 0. ... 0. 0. 0.]
cvc_x_pos (1751,)
[0. 0. 0. ... 0. 0. 0.]
cvc_x_pos (1751,)
[0. 0. 0. ... 0. 0. 0.]
cvc_x_pos (1751,)
[0. 0. 0. ... 0. 0. 0.]
cvc_x_pos (1751,)
[0. 0. 0. ... 0. 0. 0.]
cvc_x_pos (1751,)
[0. 0. 0. ... 0. 0. 0.]
cvc_x_pos (1751,)
[0. 0. 0. ... 0. 0. 0.]
cvc_x_pos (1751,)
[0. 0. 0. ... 0. 0. 0.]
cvc_x_pos (1751,)
[0. 0. 0. ... 0. 0. 0.]
cvc_x_pos (1751,)
[0. 0. 0. ... 0. 0. 0.]
cvc_x_pos (1751,)
[0. 0. 0. ... 0. 0. 0.]
cvc_x_pos (1751,)
[0. 0. 0. ... 0. 0. 0.]
cvc_x_pos (1751,)
[0. 0. 0. ... 0. 0. 0.]
cvc_x_pos (1751,)
[0. 0. 0. ... 0. 0. 0.]
cvc_x_pos (1751,)
[0. 0. 0. ... 0. 0. 0.]
cvc_x_pos (1751,)
[0. 0. 0. ... 0. 0. 0.]
cvc_x_pos (1751,)
[0. 0. 0. ... 0. 0. 0.]
cvc_x_pos (1751,)
[0. 0. 0. ... 0. 0. 0.]
cvc_x_pos (1751,)
[0. 0. 0. ... 0. 0. 0.]
cvc_x_pos (1751,)
[0. 0. 0. ... 0. 0. 0.]
cvc_x_pos (1751,)
[0. 0. 0. ... 0. 0. 0.]
cvc_x_pos (1751,)
[0. 0. 0. ... 0. 0. 0.]
cvc_x_pos (1751,)
[0. 0. 0. ... 0. 0. 0.]
cvc_x_pos (1751,)
[0. 0. 0. ... 0. 0. 0.]
cvc_x_pos (1751,)
[0. 0. 0. ... 0. 0. 0.]
cvc_x_pos (1751,)
[0. 0. 0. ... 0. 0. 0.]
cvc_x_pos (1751,)
[0. 0. 0. ... 0. 0. 0.]
cvc_x_pos (1751,)
[0. 0. 0. ... 0. 0. 0.]
cvc_x_pos (1751,)
[0. 0. 0. ... 0. 0. 0.]
cvc_x_pos (1751,)
[0.00479996 0.00480088 0.00480179 ... 0.         0.         0.        ]
cvc_x_pos (1751,)
[0.00581524 0.00581447 0.00581368 ... 0.         0.         0.        ]
cvc_x_pos (1751,)
[0. 0. 0. ... 0. 0. 0.]
cvc_x_pos (1751,)
[0. 0. 0. ... 0. 0. 0.]
cvc_x_pos (1751,)
[0. 0. 0. ... 0. 0. 0.]
cvc_x_pos (1751,)
[0. 0. 0. ... 0. 0. 0.]
cvc_x_pos (1751,)
[0. 0. 0. ... 0. 0. 0.]
cvc_x_pos (1751,)
[0. 0. 0. ... 0. 0. 0.]
cvc_x_pos (1751,)
[0. 0. 0. ... 0. 0. 0.]
cvc_x_pos (1751,)
[0. 0. 0. ... 0. 0. 0.]
cvc_x_pos (1751,)
[0.00498303 0.00498259 0.00498215 ... 0.         0.         0.        ]
cvc_x_pos (1751,)
[0.00494882 0.00494821 0.00494759 ... 0.         0.         0.        ]
cvc_x_pos (1751,)
[0.00368921 0.00368952 0.00368983 ... 0.         0.         0.        ]
cvc_x_pos (1751,)
[0.00484863 0.00484799 0.00484733 ... 0.         0.         0.        ]
cvc_x_pos (1751,)
[0. 0. 0. ... 0. 0. 0.]
cvc_x_pos (1751,)
[0. 0. 0. ... 0. 0. 0.]
cvc_x_pos (1751,)
[0. 0. 0. ... 0. 0. 0.]
cvc_x_pos (1751,)
[0. 0. 0. ... 0. 0. 0.]
cvc_x_pos (1751,)
[0. 0. 0. ... 0. 0. 0.]
cvc_x_pos (1751,)
[0. 0. 0. ... 0. 0. 0.]
cvc_x_pos (1751,)
[0. 0. 0. ... 0. 0. 0.]
cvc_x_pos (1751,)
[0. 0. 0. ... 0. 0. 0.]
cvc_x_pos (1751,)
[0. 0. 0. ... 0. 0. 0.]
cvc_x_pos (1751,)
[0. 0. 0. ... 0. 0. 0.]
cvc_x_pos (1751,)
[0. 0. 0. ... 0. 0. 0.]
cvc_x_pos (1751,)
[0. 0. 0. ... 0. 0. 0.]
cvc_x_pos (1751,)
[0. 0. 0. ... 0. 0. 0.]
cvc_x_pos (1751,)
[0. 0. 0. ... 0. 0. 0.]
cvc_x_pos (1751,)
[0. 0. 0. ... 0. 0. 0.]
cvc_x_pos (1751,)
[0. 0. 0. ... 0. 0. 0.]
cvc_x_pos (1751,)
[0. 0. 0. ... 0. 0. 0.]
cvc_x_pos (1751,)
[0. 0. 0. ... 0. 0. 0.]
cvc_x_pos (1751,)
[0. 0. 0. ... 0. 0. 0.]
cvc_x_pos (1751,)
[0. 0. 0. ... 0. 0. 0.]
cvc_x_pos (1751,)
[0. 0. 0. ... 0. 0. 0.]
cvc_x_pos (1751,)
[0. 0. 0. ... 0. 0. 0.]
cvc_x_pos (1751,)
[0. 0. 0. ... 0. 0. 0.]
cvc_x_pos (1751,)
[0. 0. 0. ... 0. 0. 0.]
cvc_x_pos (1751,)
[0. 0. 0. ... 0. 0. 0.]
cvc_x_pos (1751,)
[0. 0. 0. ... 0. 0. 0.]
cvc_x_pos (1751,)
[0. 0. 0. ... 0. 0. 0.]
cvc_x_pos (1751,)
[0. 0. 0. ... 0. 0. 0.]
cvc_x_pos (1751,)
[0. 0. 0. ... 0. 0. 0.]
cvc_x_pos (1751,)
[0. 0. 0. ... 0. 0. 0.]
cvc_x_pos (1751,)
[0. 0. 0. ... 0. 0. 0.]
cvc_x_pos (1751,)
[0. 0. 0. ... 0. 0. 0.]
cvc_x_pos (1751,)
[0. 0. 0. ... 0. 0. 0.]
cvc_x_pos (1751,)
[0. 0. 0. ... 0. 0. 0.]
cvc_x_pos (1751,)
[0. 0. 0. ... 0. 0. 0.]
cvc_x_pos (1751,)
[0. 0. 0. ... 0. 0. 0.]
cvc_x_pos (1751,)
[0. 0. 0. ... 0. 0. 0.]
cvc_x_pos (1751,)
[0. 0. 0. ... 0. 0. 0.]
cvc_x_pos (1751,)
[0. 0. 0. ... 0. 0. 0.]
cvc_x_pos (1751,)
[0. 0. 0. ... 0. 0. 0.]
cvc_x_pos (1751,)
[0. 0. 0. ... 0. 0. 0.]
cvc_x_pos (1751,)
[0. 0. 0. ... 0. 0. 0.]
cvc_x_pos (1751,)
[0. 0. 0. ... 0. 0. 0.]
cvc_x_pos (1751,)
[0.00488385 0.00488339 0.00488293 ... 0.         0.         0.        ]
cvc_x_pos (1751,)
[0.00380087 0.00380033 0.00379979 ... 0.         0.         0.        ]
cvc_x_pos (1751,)
[0. 0. 0. ... 0. 0. 0.]
cvc_x_pos (1751,)
[0. 0. 0. ... 0. 0. 0.]
cvc_x_pos (1751,)
[0. 0. 0. ... 0. 0. 0.]
cvc_x_pos (1751,)
[0. 0. 0. ... 0. 0. 0.]
cvc_x_pos (1751,)
[0. 0. 0. ... 0. 0. 0.]
cvc_x_pos (1751,)
[0. 0. 0. ... 0. 0. 0.]
cvc_x_pos (1751,)
[0. 0. 0. ... 0. 0. 0.]
cvc_x_pos (1751,)
[0. 0. 0. ... 0. 0. 0.]
cvc_x_pos (1751,)
[0. 0. 0. ... 0. 0. 0.]
cvc_x_pos (1751,)
[0. 0. 0. ... 0. 0. 0.]
cvc_x_pos (1751,)
[0. 0. 0. ... 0. 0. 0.]
cvc_x_pos (1751,)
[0.00467959 0.00467887 0.00467814 ... 0.         0.         0.        ]
cvc_x_pos (1751,)
[0. 0. 0. ... 0. 0. 0.]
cvc_x_pos (1751,)
[0. 0. 0. ... 0. 0. 0.]
cvc_x_pos (1751,)
[0. 0. 0. ... 0. 0. 0.]
cvc_x_pos (1751,)
[0. 0. 0. ... 0. 0. 0.]
cvc_x_pos (1751,)
[0. 0. 0. ... 0. 0. 0.]
cvc_x_pos (1751,)
[0.00507973 0.00507919 0.00507865 ... 0.         0.         0.        ]
cvc_x_pos (1751,)
[0.00518188 0.00518249 0.0051831  ... 0.         0.         0.        ]
cvc_x_pos (1751,)
[0.00402979 0.00402922 0.00402863 ... 0.         0.         0.        ]
cvc_x_pos (1751,)
[0.00424029 0.00424091 0.00424151 ... 0.         0.         0.        ]
cvc_x_pos (1751,)
[0. 0. 0. ... 0. 0. 0.]
cvc_x_pos (1751,)
[0. 0. 0. ... 0. 0. 0.]
cvc_x_pos (1751,)
[0. 0. 0. ... 0. 0. 0.]
cvc_x_pos (1751,)
[0. 0. 0. ... 0. 0. 0.]
cvc_x_pos (1751,)
[0. 0. 0. ... 0. 0. 0.]
cvc_x_pos (1751,)
[0. 0. 0. ... 0. 0. 0.]
cvc_x_pos (1751,)
[0. 0. 0. ... 0. 0. 0.]
cvc_x_pos (1751,)
[0. 0. 0. ... 0. 0. 0.]
cvc_x_pos (1751,)
[0. 0. 0. ... 0. 0. 0.]
cvc_x_pos (1751,)
[0. 0. 0. ... 0. 0. 0.]
cvc_x_pos (1751,)
[0. 0. 0. ... 0. 0. 0.]
cvc_x_pos (1751,)
[0. 0. 0. ... 0. 0. 0.]
cvc_x_pos (1751,)
[0. 0. 0. ... 0. 0. 0.]
cvc_x_pos (1751,)
[0. 0. 0. ... 0. 0. 0.]
cvc_x_pos (1751,)
[0. 0. 0. ... 0. 0. 0.]
cvc_x_pos (1751,)
[0. 0. 0. ... 0. 0. 0.]
cvc_x_pos (1751,)
[0. 0. 0. ... 0. 0. 0.]
cvc_x_pos (1751,)
[0. 0. 0. ... 0. 0. 0.]
cvc_x_pos (1751,)
[0. 0. 0. ... 0. 0. 0.]
cvc_x_pos (1751,)
[0. 0. 0. ... 0. 0. 0.]
cvc_x_pos (1751,)
[0. 0. 0. ... 0. 0. 0.]
cvc_x_pos (1751,)
[0. 0. 0. ... 0. 0. 0.]
cvc_x_pos (1751,)
[0. 0. 0. ... 0. 0. 0.]
cvc_x_pos (1751,)
[0. 0. 0. ... 0. 0. 0.]
cvc_x_pos (1751,)
[0. 0. 0. ... 0. 0. 0.]
cvc_x_pos (1751,)
[0. 0. 0. ... 0. 0. 0.]
cvc_x_pos (1751,)
[0. 0. 0. ... 0. 0. 0.]
cvc_x_pos (1751,)
[0. 0. 0. ... 0. 0. 0.]
cvc_x_pos (1751,)
[0. 0. 0. ... 0. 0. 0.]
cvc_x_pos (1751,)
[0. 0. 0. ... 0. 0. 0.]
cvc_x_pos (1751,)
[0. 0. 0. ... 0. 0. 0.]
cvc_x_pos (1751,)
[0. 0. 0. ... 0. 0. 0.]
cvc_x_pos (1751,)
[0. 0. 0. ... 0. 0. 0.]
cvc_x_pos (1751,)
[0. 0. 0. ... 0. 0. 0.]
cvc_x_pos (1751,)
[0. 0. 0. ... 0. 0. 0.]
cvc_x_pos (1751,)
[0. 0. 0. ... 0. 0. 0.]
cvc_x_pos (1751,)
[0. 0. 0. ... 0. 0. 0.]
cvc_x_pos (1751,)
[0. 0. 0. ... 0. 0. 0.]
cvc_x_pos (1751,)
[0. 0. 0. ... 0. 0. 0.]
cvc_x_pos (1751,)
[0. 0. 0. ... 0. 0. 0.]
cvc_x_pos (1751,)
[0. 0. 0. ... 0. 0. 0.]
cvc_x_pos (1751,)
[0.00469911 0.00469955 0.00469999 ... 0.         0.         0.        ]
cvc_x_pos (1751,)
[0.00479675 0.00479605 0.00479534 ... 0.         0.         0.        ]
cvc_x_pos (1751,)
[0. 0. 0. ... 0. 0. 0.]
cvc_x_pos (1751,)
[0. 0. 0. ... 0. 0. 0.]
cvc_x_pos (1751,)
[0. 0. 0. ... 0. 0. 0.]
cvc_x_pos (1751,)
[0. 0. 0. ... 0. 0. 0.]
cvc_x_pos (1751,)
[0. 0. 0. ... 0. 0. 0.]
cvc_x_pos (1751,)
[0. 0. 0. ... 0. 0. 0.]
cvc_x_pos (1751,)
[0. 0. 0. ... 0. 0. 0.]
cvc_x_pos (1751,)
[0. 0. 0. ... 0. 0. 0.]
cvc_x_pos (1751,)
[0. 0. 0. ... 0. 0. 0.]
cvc_x_pos (1751,)
[0. 0. 0. ... 0. 0. 0.]
cvc_x_pos (1751,)
[0. 0. 0. ... 0. 0. 0.]
cvc_x_pos (1751,)
[0. 0. 0. ... 0. 0. 0.]
cvc_x_pos (1751,)
[0. 0. 0. ... 0. 0. 0.]
cvc_x_pos (1751,)
[0. 0. 0. ... 0. 0. 0.]
cvc_x_pos (1751,)
[0. 0. 0. ... 0. 0. 0.]
cvc_x_pos (1751,)
[0. 0. 0. ... 0. 0. 0.]
cvc_x_pos (1751,)
[0. 0. 0. ... 0. 0. 0.]
cvc_x_pos (1751,)
[0. 0. 0. ... 0. 0. 0.]
cvc_x_pos (1751,)
[0. 0. 0. ... 0. 0. 0.]
cvc_x_pos (1751,)
[0. 0. 0. ... 0. 0. 0.]
cvc_x_pos (1751,)
[0. 0. 0. ... 0. 0. 0.]
cvc_x_pos (1751,)
[0. 0. 0. ... 0. 0. 0.]
cvc_x_pos (1751,)
[0. 0. 0. ... 0. 0. 0.]
cvc_x_pos (1751,)
[0. 0. 0. ... 0. 0. 0.]
cvc_x_pos (1751,)
[0.00458279 0.00458199 0.00458119 ... 0.         0.         0.        ]
cvc_x_pos (1751,)
[0.00460246 0.00460239 0.00460233 ... 0.         0.         0.        ]
cvc_x_pos (1751,)
[0. 0. 0. ... 0. 0. 0.]
cvc_x_pos (1751,)
[0.00474295 0.00474217 0.00474138 ... 0.         0.         0.        ]
cvc_x_pos (1751,)
[0.00406223 0.0040622  0.00406217 ... 0.         0.         0.        ]
cvc_x_pos (1751,)
[0.00441581 0.00441642 0.00441702 ... 0.         0.         0.        ]
cvc_x_pos (1751,)
[0. 0. 0. ... 0. 0. 0.]
cvc_x_pos (1751,)
[0. 0. 0. ... 0. 0. 0.]
cvc_x_pos (1751,)
[0. 0. 0. ... 0. 0. 0.]
cvc_x_pos (1751,)
[0. 0. 0. ... 0. 0. 0.]
cvc_x_pos (1751,)
[0. 0. 0. ... 0. 0. 0.]
cvc_x_pos (1751,)
[0. 0. 0. ... 0. 0. 0.]
cvc_x_pos (1751,)
[0. 0. 0. ... 0. 0. 0.]
cvc_x_pos (1751,)
[0. 0. 0. ... 0. 0. 0.]
cvc_x_pos (1751,)
[0. 0. 0. ... 0. 0. 0.]
cvc_x_pos (1751,)
[0. 0. 0. ... 0. 0. 0.]
cvc_x_pos (1751,)
[0. 0. 0. ... 0. 0. 0.]
cvc_x_pos (1751,)
[0. 0. 0. ... 0. 0. 0.]
cvc_x_pos (1751,)
[0. 0. 0. ... 0. 0. 0.]
cvc_x_pos (1751,)
[0. 0. 0. ... 0. 0. 0.]
cvc_x_pos (1751,)
[0. 0. 0. ... 0. 0. 0.]
cvc_x_pos (1751,)
[0. 0. 0. ... 0. 0. 0.]
cvc_x_pos (1751,)
[0. 0. 0. ... 0. 0. 0.]
cvc_x_pos (1751,)
[0. 0. 0. ... 0. 0. 0.]
cvc_x_pos (1751,)
[0. 0. 0. ... 0. 0. 0.]
cvc_x_pos (1751,)
[0. 0. 0. ... 0. 0. 0.]
cvc_x_pos (1751,)
[0. 0. 0. ... 0. 0. 0.]
cvc_x_pos (1751,)
[0. 0. 0. ... 0. 0. 0.]
cvc_x_pos (1751,)
[0. 0. 0. ... 0. 0. 0.]
cvc_x_pos (1751,)
[0. 0. 0. ... 0. 0. 0.]
cvc_x_pos (1751,)
[0. 0. 0. ... 0. 0. 0.]
cvc_x_pos (1751,)
[0. 0. 0. ... 0. 0. 0.]
cvc_x_pos (1751,)
[0. 0. 0. ... 0. 0. 0.]
cvc_x_pos (1751,)
[0. 0. 0. ... 0. 0. 0.]
cvc_x_pos (1751,)
[0. 0. 0. ... 0. 0. 0.]
cvc_x_pos (1751,)
[0. 0. 0. ... 0. 0. 0.]
cvc_x_pos (1751,)
[0. 0. 0. ... 0. 0. 0.]
cvc_x_pos (1751,)
[0. 0. 0. ... 0. 0. 0.]
cvc_x_pos (1751,)
[0. 0. 0. ... 0. 0. 0.]
cvc_x_pos (1751,)
[0. 0. 0. ... 0. 0. 0.]
cvc_x_pos (1751,)
[0. 0. 0. ... 0. 0. 0.]
cvc_x_pos (1751,)
[0. 0. 0. ... 0. 0. 0.]
cvc_x_pos (1751,)
[0. 0. 0. ... 0. 0. 0.]
cvc_x_pos (1751,)
[0. 0. 0. ... 0. 0. 0.]
cvc_x_pos (1751,)
[0. 0. 0. ... 0. 0. 0.]
cvc_x_pos (1751,)
[0. 0. 0. ... 0. 0. 0.]
cvc_x_pos (1751,)
[0.00436881 0.00436922 0.00436963 ... 0.         0.         0.        ]
cvc_x_pos (1751,)
[0.00470403 0.00470369 0.00470334 ... 0.         0.         0.        ]
cvc_x_pos (1751,)
[0. 0. 0. ... 0. 0. 0.]
cvc_x_pos (1751,)
[0. 0. 0. ... 0. 0. 0.]
cvc_x_pos (1751,)
[0. 0. 0. ... 0. 0. 0.]
cvc_x_pos (1751,)
[0. 0. 0. ... 0. 0. 0.]
cvc_x_pos (1751,)
[0. 0. 0. ... 0. 0. 0.]
cvc_x_pos (1751,)
[0. 0. 0. ... 0. 0. 0.]
cvc_x_pos (1751,)
[0. 0. 0. ... 0. 0. 0.]
cvc_x_pos (1751,)
[0. 0. 0. ... 0. 0. 0.]
cvc_x_pos (1751,)
[0. 0. 0. ... 0. 0. 0.]
cvc_x_pos (1751,)
[0. 0. 0. ... 0. 0. 0.]
cvc_x_pos (1751,)
[0. 0. 0. ... 0. 0. 0.]
cvc_x_pos (1751,)
[0. 0. 0. ... 0. 0. 0.]
cvc_x_pos (1751,)
[0. 0. 0. ... 0. 0. 0.]
cvc_x_pos (1751,)
[0. 0. 0. ... 0. 0. 0.]
cvc_x_pos (1751,)
[0. 0. 0. ... 0. 0. 0.]
cvc_x_pos (1751,)
[0. 0. 0. ... 0. 0. 0.]
cvc_x_pos (1751,)
[0. 0. 0. ... 0. 0. 0.]
cvc_x_pos (1751,)
[0. 0. 0. ... 0. 0. 0.]
cvc_x_pos (1751,)
[0. 0. 0. ... 0. 0. 0.]
cvc_x_pos (1751,)
[0. 0. 0. ... 0. 0. 0.]
cvc_x_pos (1751,)
[0. 0. 0. ... 0. 0. 0.]
cvc_x_pos (1751,)
[0. 0. 0. ... 0. 0. 0.]
cvc_x_pos (1751,)
[0. 0. 0. ... 0. 0. 0.]
cvc_x_pos (1751,)
[0. 0. 0. ... 0. 0. 0.]
cvc_x_pos (1751,)
[0. 0. 0. ... 0. 0. 0.]
cvc_x_pos (1751,)
[0. 0. 0. ... 0. 0. 0.]
cvc_x_pos (1751,)
[0. 0. 0. ... 0. 0. 0.]
cvc_x_pos (1751,)
[0. 0. 0. ... 0. 0. 0.]
cvc_x_pos (1751,)
[0. 0. 0. ... 0. 0. 0.]
cvc_x_pos (1751,)
[0. 0. 0. ... 0. 0. 0.]
cvc_x_pos (1751,)
[0. 0. 0. ... 0. 0. 0.]
cvc_x_pos (1751,)
[0. 0. 0. ... 0. 0. 0.]
cvc_x_pos (1751,)
[0. 0. 0. ... 0. 0. 0.]
cvc_x_pos (1751,)
[0. 0. 0. ... 0. 0. 0.]
cvc_x_pos (1751,)
[0. 0. 0. ... 0. 0. 0.]
cvc_x_pos (1751,)
[0. 0. 0. ... 0. 0. 0.]
cvc_x_pos (1751,)
[0.00505775 0.00505729 0.00505682 ... 0.         0.         0.        ]
cvc_x_pos (1751,)
[0.00423187 0.00423138 0.00423089 ... 0.         0.         0.        ]
cvc_x_pos (1751,)
[0.00508986 0.00509013 0.00509038 ... 0.         0.         0.        ]
cvc_x_pos (1751,)
[0.00446454 0.00446409 0.00446364 ... 0.         0.         0.        ]
cvc_x_pos (1751,)
[0. 0. 0. ... 0. 0. 0.]
cvc_x_pos (1751,)
[0. 0. 0. ... 0. 0. 0.]
cvc_x_pos (1751,)
[0. 0. 0. ... 0. 0. 0.]
cvc_x_pos (1751,)
[0. 0. 0. ... 0. 0. 0.]
cvc_x_pos (1751,)
[0. 0. 0. ... 0. 0. 0.]
cvc_x_pos (1751,)
[0. 0. 0. ... 0. 0. 0.]
cvc_x_pos (1751,)
[0. 0. 0. ... 0. 0. 0.]
cvc_x_pos (1751,)
[0. 0. 0. ... 0. 0. 0.]
cvc_x_pos (1751,)
[0. 0. 0. ... 0. 0. 0.]
cvc_x_pos (1751,)
[0. 0. 0. ... 0. 0. 0.]
cvc_x_pos (1751,)
[0. 0. 0. ... 0. 0. 0.]
cvc_x_pos (1751,)
[0. 0. 0. ... 0. 0. 0.]
cvc_x_pos (1751,)
[0. 0. 0. ... 0. 0. 0.]
cvc_x_pos (1751,)
[0. 0. 0. ... 0. 0. 0.]
cvc_x_pos (1751,)
[0. 0. 0. ... 0. 0. 0.]
cvc_x_pos (1751,)
[0. 0. 0. ... 0. 0. 0.]
cvc_x_pos (1751,)
[0. 0. 0. ... 0. 0. 0.]
cvc_x_pos (1751,)
[0. 0. 0. ... 0. 0. 0.]
cvc_x_pos (1751,)
[0. 0. 0. ... 0. 0. 0.]
cvc_x_pos (1751,)
[0. 0. 0. ... 0. 0. 0.]
cvc_x_pos (1751,)
[0. 0. 0. ... 0. 0. 0.]
cvc_x_pos (1751,)
[0. 0. 0. ... 0. 0. 0.]
cvc_x_pos (1751,)
[0. 0. 0. ... 0. 0. 0.]
cvc_x_pos (1751,)
[0. 0. 0. ... 0. 0. 0.]
cvc_x_pos (1751,)
[0. 0. 0. ... 0. 0. 0.]
cvc_x_pos (1751,)
[0. 0. 0. ... 0. 0. 0.]
cvc_x_pos (1751,)
[0. 0. 0. ... 0. 0. 0.]
cvc_x_pos (1751,)
[0. 0. 0. ... 0. 0. 0.]
cvc_x_pos (1751,)
[0. 0. 0. ... 0. 0. 0.]
cvc_x_pos (1751,)
[0. 0. 0. ... 0. 0. 0.]
cvc_x_pos (1751,)
[0. 0. 0. ... 0. 0. 0.]
cvc_x_pos (1751,)
[0. 0. 0. ... 0. 0. 0.]
cvc_x_pos (1751,)
[0. 0. 0. ... 0. 0. 0.]
cvc_x_pos (1751,)
[0. 0. 0. ... 0. 0. 0.]
cvc_x_pos (1751,)
[0. 0. 0. ... 0. 0. 0.]
cvc_x_pos (1751,)
[0. 0. 0. ... 0. 0. 0.]
cvc_x_pos (1751,)
[0. 0. 0. ... 0. 0. 0.]
cvc_x_pos (1751,)
[0. 0. 0. ... 0. 0. 0.]
cvc_x_pos (1751,)
[0. 0. 0. ... 0. 0. 0.]
cvc_x_pos (1751,)
[0. 0. 0. ... 0. 0. 0.]
cvc_x_pos (1751,)
[0. 0. 0. ... 0. 0. 0.]
cvc_x_pos (1751,)
[0. 0. 0. ... 0. 0. 0.]
cvc_x_pos (1751,)
[0. 0. 0. ... 0. 0. 0.]
cvc_x_pos (1751,)
[0. 0. 0. ... 0. 0. 0.]
cvc_x_pos (1751,)
[0. 0. 0. ... 0. 0. 0.]
cvc_x_pos (1751,)
[0. 0. 0. ... 0. 0. 0.]
cvc_x_pos (1751,)
[0. 0. 0. ... 0. 0. 0.]
cvc_x_pos (1751,)
[0. 0. 0. ... 0. 0. 0.]
cvc_x_pos (1751,)
[0. 0. 0. ... 0. 0. 0.]
cvc_x_pos (1751,)
[0. 0. 0. ... 0. 0. 0.]
cvc_x_pos (1751,)
[0. 0. 0. ... 0. 0. 0.]
cvc_x_pos (1751,)
[0. 0. 0. ... 0. 0. 0.]
cvc_x_pos (1751,)
[0. 0. 0. ... 0. 0. 0.]
cvc_x_pos (1751,)
[0. 0. 0. ... 0. 0. 0.]
cvc_x_pos (1751,)
[0. 0. 0. ... 0. 0. 0.]
cvc_x_pos (1751,)
[0. 0. 0. ... 0. 0. 0.]
cvc_x_pos (1751,)
[0. 0. 0. ... 0. 0. 0.]
cvc_x_pos (1751,)
[0. 0. 0. ... 0. 0. 0.]
cvc_x_pos (1751,)
[0. 0. 0. ... 0. 0. 0.]
cvc_x_pos (1751,)
[0. 0. 0. ... 0. 0. 0.]
cvc_x_pos (1751,)
[0. 0. 0. ... 0. 0. 0.]
cvc_x_pos (1751,)
[0. 0. 0. ... 0. 0. 0.]
cvc_x_pos (1751,)
[0. 0. 0. ... 0. 0. 0.]
cvc_x_pos (1751,)
[0. 0. 0. ... 0. 0. 0.]
cvc_x_pos (1751,)
[0. 0. 0. ... 0. 0. 0.]
cvc_x_pos (1751,)
[0. 0. 0. ... 0. 0. 0.]
cvc_x_pos (1751,)
[0. 0. 0. ... 0. 0. 0.]
cvc_x_pos (1751,)
[0. 0. 0. ... 0. 0. 0.]
cvc_x_pos (1751,)
[0.00386961 0.00387002 0.00387044 ... 0.         0.         0.        ]
cvc_x_pos (1751,)
[0.00597221 0.00597229 0.00597235 ... 0.         0.         0.        ]
cvc_x_pos (1751,)
[0. 0. 0. ... 0. 0. 0.]
cvc_x_pos (1751,)
[0.00437415 0.00437382 0.00437349 ... 0.         0.         0.        ]
cvc_x_pos (1751,)
[0.         0.00400571 0.00400634 ... 0.         0.         0.        ]
cvc_x_pos (1751,)
[0. 0. 0. ... 0. 0. 0.]
cvc_x_pos (1751,)
[0. 0. 0. ... 0. 0. 0.]
cvc_x_pos (1751,)
[0. 0. 0. ... 0. 0. 0.]
cvc_x_pos (1751,)
[0. 0. 0. ... 0. 0. 0.]
cvc_x_pos (1751,)
[0. 0. 0. ... 0. 0. 0.]
cvc_x_pos (1751,)
[0. 0. 0. ... 0. 0. 0.]
cvc_x_pos (1751,)
[0. 0. 0. ... 0. 0. 0.]
cvc_x_pos (1751,)
[0. 0. 0. ... 0. 0. 0.]
cvc_x_pos (1751,)
[0. 0. 0. ... 0. 0. 0.]
cvc_x_pos (1751,)
[0. 0. 0. ... 0. 0. 0.]
cvc_x_pos (1751,)
[0. 0. 0. ... 0. 0. 0.]
cvc_x_pos (1751,)
[0. 0. 0. ... 0. 0. 0.]
cvc_x_pos (1751,)
[0. 0. 0. ... 0. 0. 0.]
cvc_x_pos (1751,)
[0. 0. 0. ... 0. 0. 0.]
cvc_x_pos (1751,)
[0. 0. 0. ... 0. 0. 0.]
cvc_x_pos (1751,)
[0. 0. 0. ... 0. 0. 0.]
cvc_x_pos (1751,)
[0. 0. 0. ... 0. 0. 0.]
cvc_x_pos (1751,)
[0. 0. 0. ... 0. 0. 0.]
cvc_x_pos (1751,)
[0. 0. 0. ... 0. 0. 0.]
cvc_x_pos (1751,)
[0. 0. 0. ... 0. 0. 0.]
cvc_x_pos (1751,)
[0. 0. 0. ... 0. 0. 0.]
cvc_x_pos (1751,)
[0. 0. 0. ... 0. 0. 0.]
cvc_x_pos (1751,)
[0. 0. 0. ... 0. 0. 0.]
cvc_x_pos (1751,)
[0. 0. 0. ... 0. 0. 0.]
cvc_x_pos (1751,)
[0. 0. 0. ... 0. 0. 0.]
cvc_x_pos (1751,)
[0. 0. 0. ... 0. 0. 0.]
cvc_x_pos (1751,)
[0. 0. 0. ... 0. 0. 0.]
cvc_x_pos (1751,)
[0. 0. 0. ... 0. 0. 0.]
cvc_x_pos (1751,)
[0. 0. 0. ... 0. 0. 0.]
cvc_x_pos (1751,)
[0. 0. 0. ... 0. 0. 0.]
cvc_x_pos (1751,)
[0. 0. 0. ... 0. 0. 0.]
cvc_x_pos (1751,)
[0. 0. 0. ... 0. 0. 0.]
cvc_x_pos (1751,)
[0. 0. 0. ... 0. 0. 0.]
cvc_x_pos (1751,)
[0. 0. 0. ... 0. 0. 0.]
cvc_x_pos (1751,)
[0. 0. 0. ... 0. 0. 0.]
cvc_x_pos (1751,)
[0. 0. 0. ... 0. 0. 0.]
cvc_x_pos (1751,)
[0. 0. 0. ... 0. 0. 0.]
cvc_x_pos (1751,)
[0. 0. 0. ... 0. 0. 0.]
cvc_x_pos (1751,)
[0. 0. 0. ... 0. 0. 0.]
cvc_x_pos (1751,)
[0. 0. 0. ... 0. 0. 0.]
cvc_x_pos (1751,)
[0. 0. 0. ... 0. 0. 0.]
cvc_x_pos (1751,)
[0. 0. 0. ... 0. 0. 0.]
cvc_x_pos (1751,)
[0. 0. 0. ... 0. 0. 0.]
cvc_x_pos (1751,)
[0. 0. 0. ... 0. 0. 0.]
cvc_x_pos (1751,)
[0. 0. 0. ... 0. 0. 0.]
cvc_x_pos (1751,)
[0. 0. 0. ... 0. 0. 0.]
cvc_x_pos (1751,)
[0. 0. 0. ... 0. 0. 0.]
cvc_x_pos (1751,)
[0. 0. 0. ... 0. 0. 0.]
cvc_x_pos (1751,)
[0. 0. 0. ... 0. 0. 0.]
cvc_x_pos (1751,)
[0. 0. 0. ... 0. 0. 0.]
cvc_x_pos (1751,)
[0. 0. 0. ... 0. 0. 0.]
cvc_x_pos (1751,)
[0. 0. 0. ... 0. 0. 0.]
cvc_x_pos (1751,)
[0. 0. 0. ... 0. 0. 0.]
cvc_x_pos (1751,)
[0. 0. 0. ... 0. 0. 0.]
cvc_x_pos (1751,)
[0. 0. 0. ... 0. 0. 0.]
cvc_x_pos (1751,)
[0. 0. 0. ... 0. 0. 0.]
cvc_x_pos (1751,)
[0. 0. 0. ... 0. 0. 0.]
cvc_x_pos (1751,)
[0.00433369 0.00433405 0.00433441 ... 0.         0.         0.        ]
cvc_x_pos (1751,)
[0. 0. 0. ... 0. 0. 0.]
cvc_x_pos (1751,)
[0.00452296 0.00452371 0.00452445 ... 0.         0.         0.        ]
cvc_x_pos (1751,)
[0. 0. 0. ... 0. 0. 0.]
cvc_x_pos (1751,)
[0.00476371 0.00476421 0.0047647  ... 0.         0.         0.        ]
cvc_x_pos (1751,)
[0.00498069 0.00498021 0.00497972 ... 0.         0.         0.        ]
cvc_x_pos (1751,)
[0.00422362 0.00422416 0.00422469 ... 0.         0.         0.        ]
cvc_x_pos (1751,)
[0. 0. 0. ... 0. 0. 0.]
cvc_x_pos (1751,)
[0. 0. 0. ... 0. 0. 0.]
cvc_x_pos (1751,)
[0. 0. 0. ... 0. 0. 0.]
cvc_x_pos (1751,)
[0. 0. 0. ... 0. 0. 0.]
cvc_x_pos (1751,)
[0. 0. 0. ... 0. 0. 0.]
cvc_x_pos (1751,)
[0. 0. 0. ... 0. 0. 0.]
cvc_x_pos (1751,)
[0. 0. 0. ... 0. 0. 0.]
cvc_x_pos (1751,)
[0. 0. 0. ... 0. 0. 0.]
cvc_x_pos (1751,)
[0. 0. 0. ... 0. 0. 0.]
cvc_x_pos (1751,)
[0. 0. 0. ... 0. 0. 0.]
cvc_x_pos (1751,)
[0. 0. 0. ... 0. 0. 0.]
cvc_x_pos (1751,)
[0. 0. 0. ... 0. 0. 0.]
cvc_x_pos (1751,)
[0. 0. 0. ... 0. 0. 0.]
cvc_x_pos (1751,)
[0. 0. 0. ... 0. 0. 0.]
cvc_x_pos (1751,)
[0. 0. 0. ... 0. 0. 0.]
cvc_x_pos (1751,)
[0. 0. 0. ... 0. 0. 0.]
cvc_x_pos (1751,)
[0. 0. 0. ... 0. 0. 0.]
cvc_x_pos (1751,)
[0. 0. 0. ... 0. 0. 0.]
cvc_x_pos (1751,)
[0. 0. 0. ... 0. 0. 0.]
cvc_x_pos (1751,)
[0. 0. 0. ... 0. 0. 0.]
cvc_x_pos (1751,)
[0. 0. 0. ... 0. 0. 0.]
cvc_x_pos (1751,)
[0. 0. 0. ... 0. 0. 0.]
cvc_x_pos (1751,)
[0. 0. 0. ... 0. 0. 0.]
cvc_x_pos (1751,)
[0. 0. 0. ... 0. 0. 0.]
cvc_x_pos (1751,)
[0. 0. 0. ... 0. 0. 0.]
cvc_x_pos (1751,)
[0. 0. 0. ... 0. 0. 0.]
cvc_x_pos (1751,)
[0. 0. 0. ... 0. 0. 0.]
cvc_x_pos (1751,)
[0. 0. 0. ... 0. 0. 0.]
cvc_x_pos (1751,)
[0. 0. 0. ... 0. 0. 0.]
cvc_x_pos (1751,)
[0. 0. 0. ... 0. 0. 0.]
cvc_x_pos (1751,)
[0. 0. 0. ... 0. 0. 0.]
cvc_x_pos (1751,)
[0. 0. 0. ... 0. 0. 0.]
cvc_x_pos (1751,)
[0. 0. 0. ... 0. 0. 0.]
cvc_x_pos (1751,)
[0. 0. 0. ... 0. 0. 0.]
cvc_x_pos (1751,)
[0. 0. 0. ... 0. 0. 0.]
cvc_x_pos (1751,)
[0. 0. 0. ... 0. 0. 0.]
cvc_x_pos (1751,)
[0. 0. 0. ... 0. 0. 0.]
cvc_x_pos (1751,)
[0. 0. 0. ... 0. 0. 0.]
cvc_x_pos (1751,)
[0. 0. 0. ... 0. 0. 0.]
cvc_x_pos (1751,)
[0. 0. 0. ... 0. 0. 0.]
cvc_x_pos (1751,)
[0. 0. 0. ... 0. 0. 0.]
cvc_x_pos (1751,)
[0. 0. 0. ... 0. 0. 0.]
cvc_x_pos (1751,)
[0. 0. 0. ... 0. 0. 0.]
cvc_x_pos (1751,)
[0. 0. 0. ... 0. 0. 0.]
cvc_x_pos (1751,)
[0. 0. 0. ... 0. 0. 0.]
cvc_x_pos (1751,)
[0. 0. 0. ... 0. 0. 0.]
cvc_x_pos (1751,)
[0. 0. 0. ... 0. 0. 0.]
cvc_x_pos (1751,)
[0. 0. 0. ... 0. 0. 0.]
cvc_x_pos (1751,)
[0. 0. 0. ... 0. 0. 0.]
cvc_x_pos (1751,)
[0. 0. 0. ... 0. 0. 0.]
cvc_x_pos (1751,)
[0. 0. 0. ... 0. 0. 0.]
cvc_x_pos (1751,)
[0.00428085 0.00428143 0.004282   ... 0.         0.         0.        ]
cvc_x_pos (1751,)
[0.00469302 0.00469382 0.00469462 ... 0.         0.         0.        ]
cvc_x_pos (1751,)
[0.00492164 0.00492256 0.00492347 ... 0.         0.         0.        ]
cvc_x_pos (1751,)
[0.00423849 0.00423789 0.00423729 ... 0.         0.         0.        ]
cvc_x_pos (1751,)
[0.00455145 0.00455183 0.00455221 ... 0.         0.         0.        ]
cvc_x_pos (1751,)
[0. 0. 0. ... 0. 0. 0.]
cvc_x_pos (1751,)
[0. 0. 0. ... 0. 0. 0.]
cvc_x_pos (1751,)
[0. 0. 0. ... 0. 0. 0.]
cvc_x_pos (1751,)
[0. 0. 0. ... 0. 0. 0.]
cvc_x_pos (1751,)
[0. 0. 0. ... 0. 0. 0.]
cvc_x_pos (1751,)
[0. 0. 0. ... 0. 0. 0.]
cvc_x_pos (1751,)
[0. 0. 0. ... 0. 0. 0.]
cvc_x_pos (1751,)
[0. 0. 0. ... 0. 0. 0.]
cvc_x_pos (1751,)
[0. 0. 0. ... 0. 0. 0.]
cvc_x_pos (1751,)
[0. 0. 0. ... 0. 0. 0.]
cvc_x_pos (1751,)
[0. 0. 0. ... 0. 0. 0.]
cvc_x_pos (1751,)
[0. 0. 0. ... 0. 0. 0.]
cvc_x_pos (1751,)
[0. 0. 0. ... 0. 0. 0.]
cvc_x_pos (1751,)
[0. 0. 0. ... 0. 0. 0.]
cvc_x_pos (1751,)
[0. 0. 0. ... 0. 0. 0.]
cvc_x_pos (1751,)
[0. 0. 0. ... 0. 0. 0.]
cvc_x_pos (1751,)
[0. 0. 0. ... 0. 0. 0.]
cvc_x_pos (1751,)
[0. 0. 0. ... 0. 0. 0.]
cvc_x_pos (1751,)
[0. 0. 0. ... 0. 0. 0.]
cvc_x_pos (1751,)
[0. 0. 0. ... 0. 0. 0.]
cvc_x_pos (1751,)
[0. 0. 0. ... 0. 0. 0.]
cvc_x_pos (1751,)
[0. 0. 0. ... 0. 0. 0.]
cvc_x_pos (1751,)
[0. 0. 0. ... 0. 0. 0.]
cvc_x_pos (1751,)
[0. 0. 0. ... 0. 0. 0.]
cvc_x_pos (1751,)
[0. 0. 0. ... 0. 0. 0.]
cvc_x_pos (1751,)
[0. 0. 0. ... 0. 0. 0.]
cvc_x_pos (1751,)
[0. 0. 0. ... 0. 0. 0.]
cvc_x_pos (1751,)
[0. 0. 0. ... 0. 0. 0.]
cvc_x_pos (1751,)
[0. 0. 0. ... 0. 0. 0.]
cvc_x_pos (1751,)
[0. 0. 0. ... 0. 0. 0.]
cvc_x_pos (1751,)
[0. 0. 0. ... 0. 0. 0.]
cvc_x_pos (1751,)
[0. 0. 0. ... 0. 0. 0.]
cvc_x_pos (1751,)
[0. 0. 0. ... 0. 0. 0.]
cvc_x_pos (1751,)
[0. 0. 0. ... 0. 0. 0.]
cvc_x_pos (1751,)
[0. 0. 0. ... 0. 0. 0.]
cvc_x_pos (1751,)
[0. 0. 0. ... 0. 0. 0.]
cvc_x_pos (1751,)
[0. 0. 0. ... 0. 0. 0.]
cvc_x_pos (1751,)
[0. 0. 0. ... 0. 0. 0.]
cvc_x_pos (1751,)
[0. 0. 0. ... 0. 0. 0.]
cvc_x_pos (1751,)
[0. 0. 0. ... 0. 0. 0.]
cvc_x_pos (1751,)
[0. 0. 0. ... 0. 0. 0.]
cvc_x_pos (1751,)
[0. 0. 0. ... 0. 0. 0.]
cvc_x_pos (1751,)
[0.00429397 0.00429459 0.00429519 ... 0.         0.         0.        ]
cvc_x_pos (1751,)
[0. 0. 0. ... 0. 0. 0.]
cvc_x_pos (1751,)
[0. 0. 0. ... 0. 0. 0.]
cvc_x_pos (1751,)
[0.0044811  0.00448161 0.00448212 ... 0.         0.         0.        ]
cvc_x_pos (1751,)
[0.00511728 0.00511748 0.00511767 ... 0.         0.         0.        ]
cvc_x_pos (1751,)
[0.00441192 0.00441252 0.00441312 ... 0.         0.         0.        ]
cvc_x_pos (1751,)
[0. 0. 0. ... 0. 0. 0.]
cvc_x_pos (1751,)
[0.00450223 0.00450296 0.00450368 ... 0.         0.         0.        ]
cvc_x_pos (1751,)
[0. 0. 0. ... 0. 0. 0.]
cvc_x_pos (1751,)
[0. 0. 0. ... 0. 0. 0.]
cvc_x_pos (1751,)
[0. 0. 0. ... 0. 0. 0.]
cvc_x_pos (1751,)
[0. 0. 0. ... 0. 0. 0.]
cvc_x_pos (1751,)
[0. 0. 0. ... 0. 0. 0.]
cvc_x_pos (1751,)
[0. 0. 0. ... 0. 0. 0.]
cvc_x_pos (1751,)
[0. 0. 0. ... 0. 0. 0.]
cvc_x_pos (1751,)
[0. 0. 0. ... 0. 0. 0.]
cvc_x_pos (1751,)
[0. 0. 0. ... 0. 0. 0.]
cvc_x_pos (1751,)
[0. 0. 0. ... 0. 0. 0.]
cvc_x_pos (1751,)
[0. 0. 0. ... 0. 0. 0.]
cvc_x_pos (1751,)
[0. 0. 0. ... 0. 0. 0.]
cvc_x_pos (1751,)
[0. 0. 0. ... 0. 0. 0.]
cvc_x_pos (1751,)
[0. 0. 0. ... 0. 0. 0.]
cvc_x_pos (1751,)
[0. 0. 0. ... 0. 0. 0.]
cvc_x_pos (1751,)
[0. 0. 0. ... 0. 0. 0.]
cvc_x_pos (1751,)
[0. 0. 0. ... 0. 0. 0.]
cvc_x_pos (1751,)
[0. 0. 0. ... 0. 0. 0.]
cvc_x_pos (1751,)
[0. 0. 0. ... 0. 0. 0.]
cvc_x_pos (1751,)
[0. 0. 0. ... 0. 0. 0.]
cvc_x_pos (1751,)
[0. 0. 0. ... 0. 0. 0.]
cvc_x_pos (1751,)
[0. 0. 0. ... 0. 0. 0.]
cvc_x_pos (1751,)
[0. 0. 0. ... 0. 0. 0.]
cvc_x_pos (1751,)
[0. 0. 0. ... 0. 0. 0.]
cvc_x_pos (1751,)
[0. 0. 0. ... 0. 0. 0.]
cvc_x_pos (1751,)
[0. 0. 0. ... 0. 0. 0.]
cvc_x_pos (1751,)
[0. 0. 0. ... 0. 0. 0.]
cvc_x_pos (1751,)
[0. 0. 0. ... 0. 0. 0.]
cvc_x_pos (1751,)
[0. 0. 0. ... 0. 0. 0.]
cvc_x_pos (1751,)
[0. 0. 0. ... 0. 0. 0.]
cvc_x_pos (1751,)
[0. 0. 0. ... 0. 0. 0.]
cvc_x_pos (1751,)
[0. 0. 0. ... 0. 0. 0.]
cvc_x_pos (1751,)
[0. 0. 0. ... 0. 0. 0.]
cvc_x_pos (1751,)
[0. 0. 0. ... 0. 0. 0.]
cvc_x_pos (1751,)
[0. 0. 0. ... 0. 0. 0.]
cvc_x_pos (1751,)
[0. 0. 0. ... 0. 0. 0.]
cvc_x_pos (1751,)
[0.00444085 0.00444135 0.00444184 ... 0.         0.         0.        ]
cvc_x_pos (1751,)
[0.00551287 0.00551292 0.00551296 ... 0.         0.         0.        ]
cvc_x_pos (1751,)
[0. 0. 0. ... 0. 0. 0.]
cvc_x_pos (1751,)
[0.00540246 0.00540319 0.00540391 ... 0.         0.         0.        ]
cvc_x_pos (1751,)
[0.00466533 0.00466617 0.00466701 ... 0.         0.         0.        ]
cvc_x_pos (1751,)
[0. 0. 0. ... 0. 0. 0.]
cvc_x_pos (1751,)
[0. 0. 0. ... 0. 0. 0.]
cvc_x_pos (1751,)
[0. 0. 0. ... 0. 0. 0.]
cvc_x_pos (1751,)
[0. 0. 0. ... 0. 0. 0.]
cvc_x_pos (1751,)
[0. 0. 0. ... 0. 0. 0.]
cvc_x_pos (1751,)
[0. 0. 0. ... 0. 0. 0.]
cvc_x_pos (1751,)
[0. 0. 0. ... 0. 0. 0.]
cvc_x_pos (1751,)
[0. 0. 0. ... 0. 0. 0.]
cvc_x_pos (1751,)
[0. 0. 0. ... 0. 0. 0.]
cvc_x_pos (1751,)
[0. 0. 0. ... 0. 0. 0.]
cvc_x_pos (1751,)
[0. 0. 0. ... 0. 0. 0.]
cvc_x_pos (1751,)
[0. 0. 0. ... 0. 0. 0.]
cvc_x_pos (1751,)
[0. 0. 0. ... 0. 0. 0.]
cvc_x_pos (1751,)
[0. 0. 0. ... 0. 0. 0.]
cvc_x_pos (1751,)
[0. 0. 0. ... 0. 0. 0.]
cvc_x_pos (1751,)
[0. 0. 0. ... 0. 0. 0.]
cvc_x_pos (1751,)
[0. 0. 0. ... 0. 0. 0.]
cvc_x_pos (1751,)
[0. 0. 0. ... 0. 0. 0.]
cvc_x_pos (1751,)
[0. 0. 0. ... 0. 0. 0.]
cvc_x_pos (1751,)
[0. 0. 0. ... 0. 0. 0.]
cvc_x_pos (1751,)
[0. 0. 0. ... 0. 0. 0.]
cvc_x_pos (1751,)
[0. 0. 0. ... 0. 0. 0.]
cvc_x_pos (1751,)
[0. 0. 0. ... 0. 0. 0.]
cvc_x_pos (1751,)
[0. 0. 0. ... 0. 0. 0.]
cvc_x_pos (1751,)
[0. 0. 0. ... 0. 0. 0.]
cvc_x_pos (1751,)
[0. 0. 0. ... 0. 0. 0.]
cvc_x_pos (1751,)
[0. 0. 0. ... 0. 0. 0.]
cvc_x_pos (1751,)
[0. 0. 0. ... 0. 0. 0.]
cvc_x_pos (1751,)
[0. 0. 0. ... 0. 0. 0.]
cvc_x_pos (1751,)
[0. 0. 0. ... 0. 0. 0.]
cvc_x_pos (1751,)
[0. 0. 0. ... 0. 0. 0.]
cvc_x_pos (1751,)
[0. 0. 0. ... 0. 0. 0.]
cvc_x_pos (1751,)
[0. 0. 0. ... 0. 0. 0.]
cvc_x_pos (1751,)
[0. 0. 0. ... 0. 0. 0.]
cvc_x_pos (1751,)
[0.00422074 0.00422114 0.00422152 ... 0.         0.         0.        ]
cvc_x_pos (1751,)
[0.00378462 0.00378406 0.0037835  ... 0.         0.         0.        ]
cvc_x_pos (1751,)
[0.00478219 0.0047816  0.00478099 ... 0.         0.         0.        ]
cvc_x_pos (1751,)
[0.00475305 0.00475285 0.00475263 ... 0.         0.         0.        ]
cvc_x_pos (1751,)
[0.00410738 0.00410688 0.00410638 ... 0.         0.         0.        ]
cvc_x_pos (1751,)
[0. 0. 0. ... 0. 0. 0.]
cvc_x_pos (1751,)
[0. 0. 0. ... 0. 0. 0.]
cvc_x_pos (1751,)
[0. 0. 0. ... 0. 0. 0.]
cvc_x_pos (1751,)
[0. 0. 0. ... 0. 0. 0.]
cvc_x_pos (1751,)
[0. 0. 0. ... 0. 0. 0.]
cvc_x_pos (1751,)
[0. 0. 0. ... 0. 0. 0.]
cvc_x_pos (1751,)
[0. 0. 0. ... 0. 0. 0.]
cvc_x_pos (1751,)
[0. 0. 0. ... 0. 0. 0.]
cvc_x_pos (1751,)
[0. 0. 0. ... 0. 0. 0.]
cvc_x_pos (1751,)
[0. 0. 0. ... 0. 0. 0.]
cvc_x_pos (1751,)
[0. 0. 0. ... 0. 0. 0.]
cvc_x_pos (1751,)
[0. 0. 0. ... 0. 0. 0.]
cvc_x_pos (1751,)
[0. 0. 0. ... 0. 0. 0.]
cvc_x_pos (1751,)
[0. 0. 0. ... 0. 0. 0.]
cvc_x_pos (1751,)
[0. 0. 0. ... 0. 0. 0.]
cvc_x_pos (1751,)
[0. 0. 0. ... 0. 0. 0.]
cvc_x_pos (1751,)
[0. 0. 0. ... 0. 0. 0.]
cvc_x_pos (1751,)
[0. 0. 0. ... 0. 0. 0.]
cvc_x_pos (1751,)
[0. 0. 0. ... 0. 0. 0.]
cvc_x_pos (1751,)
[0. 0. 0. ... 0. 0. 0.]
cvc_x_pos (1751,)
[0. 0. 0. ... 0. 0. 0.]
cvc_x_pos (1751,)
[0. 0. 0. ... 0. 0. 0.]
cvc_x_pos (1751,)
[0. 0. 0. ... 0. 0. 0.]
cvc_x_pos (1751,)
[0. 0. 0. ... 0. 0. 0.]
cvc_x_pos (1751,)
[0. 0. 0. ... 0. 0. 0.]
cvc_x_pos (1751,)
[0. 0. 0. ... 0. 0. 0.]
cvc_x_pos (1751,)
[0. 0. 0. ... 0. 0. 0.]
cvc_x_pos (1751,)
[0. 0. 0. ... 0. 0. 0.]
cvc_x_pos (1751,)
[0. 0. 0. ... 0. 0. 0.]
cvc_x_pos (1751,)
[0. 0. 0. ... 0. 0. 0.]
cvc_x_pos (1751,)
[0. 0. 0. ... 0. 0. 0.]
cvc_x_pos (1751,)
[0. 0. 0. ... 0. 0. 0.]
cvc_x_pos (1751,)
[0. 0. 0. ... 0. 0. 0.]
cvc_x_pos (1751,)
[0. 0. 0. ... 0. 0. 0.]
cvc_x_pos (1751,)
[0. 0. 0. ... 0. 0. 0.]
cvc_x_pos (1751,)
[0.00463039 0.00462991 0.00462942 ... 0.         0.         0.        ]
cvc_x_pos (1751,)
[0. 0. 0. ... 0. 0. 0.]
cvc_x_pos (1751,)
[0. 0. 0. ... 0. 0. 0.]
cvc_x_pos (1751,)
[0. 0. 0. ... 0. 0. 0.]
cvc_x_pos (1751,)
[0. 0. 0. ... 0. 0. 0.]
cvc_x_pos (1751,)
[0. 0. 0. ... 0. 0. 0.]
cvc_x_pos (1751,)
[0. 0. 0. ... 0. 0. 0.]
cvc_x_pos (1751,)
[0. 0. 0. ... 0. 0. 0.]
cvc_x_pos (1751,)
[0.00298744 0.00298724 0.00298704 ... 0.         0.         0.        ]
cvc_x_pos (1751,)
[0.00422434 0.00422399 0.00422363 ... 0.         0.         0.        ]
cvc_x_pos (1751,)
[0.00535256 0.00535199 0.0053514  ... 0.         0.         0.        ]
cvc_x_pos (1751,)
[0.00525857 0.00525749 0.0052564  ... 0.         0.         0.        ]
cvc_x_pos (1751,)
[0.00396086 0.00396063 0.0039604  ... 0.         0.         0.        ]
cvc_x_pos (1751,)
[0.00447992 0.00448044 0.00448096 ... 0.         0.         0.        ]
cvc_x_pos (1751,)
[0. 0. 0. ... 0. 0. 0.]
cvc_x_pos (1751,)
[0. 0. 0. ... 0. 0. 0.]
cvc_x_pos (1751,)
[0. 0. 0. ... 0. 0. 0.]
cvc_x_pos (1751,)
[0. 0. 0. ... 0. 0. 0.]
cvc_x_pos (1751,)
[0. 0. 0. ... 0. 0. 0.]
cvc_x_pos (1751,)
[0. 0. 0. ... 0. 0. 0.]
cvc_x_pos (1751,)
[0. 0. 0. ... 0. 0. 0.]
cvc_x_pos (1751,)
[0. 0. 0. ... 0. 0. 0.]
cvc_x_pos (1751,)
[0. 0. 0. ... 0. 0. 0.]
cvc_x_pos (1751,)
[0. 0. 0. ... 0. 0. 0.]
cvc_x_pos (1751,)
[0. 0. 0. ... 0. 0. 0.]
cvc_x_pos (1751,)
[0. 0. 0. ... 0. 0. 0.]
cvc_x_pos (1751,)
[0. 0. 0. ... 0. 0. 0.]
cvc_x_pos (1751,)
[0. 0. 0. ... 0. 0. 0.]
cvc_x_pos (1751,)
[0. 0. 0. ... 0. 0. 0.]
cvc_x_pos (1751,)
[0. 0. 0. ... 0. 0. 0.]
cvc_x_pos (1751,)
[0. 0. 0. ... 0. 0. 0.]
cvc_x_pos (1751,)
[0. 0. 0. ... 0. 0. 0.]
cvc_x_pos (1751,)
[0. 0. 0. ... 0. 0. 0.]
cvc_x_pos (1751,)
[0. 0. 0. ... 0. 0. 0.]
cvc_x_pos (1751,)
[0. 0. 0. ... 0. 0. 0.]
cvc_x_pos (1751,)
[0. 0. 0. ... 0. 0. 0.]
cvc_x_pos (1751,)
[0. 0. 0. ... 0. 0. 0.]
cvc_x_pos (1751,)
[0. 0. 0. ... 0. 0. 0.]
cvc_x_pos (1751,)
[0. 0. 0. ... 0. 0. 0.]
cvc_x_pos (1751,)
[0. 0. 0. ... 0. 0. 0.]
cvc_x_pos (1751,)
[0. 0. 0. ... 0. 0. 0.]
cvc_x_pos (1751,)
[0. 0. 0. ... 0. 0. 0.]
cvc_x_pos (1751,)
[0. 0. 0. ... 0. 0. 0.]
cvc_x_pos (1751,)
[0. 0. 0. ... 0. 0. 0.]
cvc_x_pos (1751,)
[0. 0. 0. ... 0. 0. 0.]
cvc_x_pos (1751,)
[0. 0. 0. ... 0. 0. 0.]
cvc_x_pos (1751,)
[0. 0. 0. ... 0. 0. 0.]
cvc_x_pos (1751,)
[0. 0. 0. ... 0. 0. 0.]
cvc_x_pos (1751,)
[0.00394925 0.00394914 0.00394903 ... 0.         0.         0.        ]
cvc_x_pos (1751,)
[0. 0. 0. ... 0. 0. 0.]
cvc_x_pos (1751,)
[0. 0. 0. ... 0. 0. 0.]
cvc_x_pos (1751,)
[0. 0. 0. ... 0. 0. 0.]
cvc_x_pos (1751,)
[0. 0. 0. ... 0. 0. 0.]
cvc_x_pos (1751,)
[0. 0. 0. ... 0. 0. 0.]
cvc_x_pos (1751,)
[0. 0. 0. ... 0. 0. 0.]
cvc_x_pos (1751,)
[0. 0. 0. ... 0. 0. 0.]
cvc_x_pos (1751,)
[0. 0. 0. ... 0. 0. 0.]
cvc_x_pos (1751,)
[0. 0. 0. ... 0. 0. 0.]
cvc_x_pos (1751,)
[0. 0. 0. ... 0. 0. 0.]
cvc_x_pos (1751,)
[0. 0. 0. ... 0. 0. 0.]
cvc_x_pos (1751,)
[0. 0. 0. ... 0. 0. 0.]
cvc_x_pos (1751,)
[0. 0. 0. ... 0. 0. 0.]
cvc_x_pos (1751,)
[0. 0. 0. ... 0. 0. 0.]
cvc_x_pos (1751,)
[0.0053379  0.00533708 0.00533625 ... 0.         0.         0.        ]
cvc_x_pos (1751,)
[0. 0. 0. ... 0. 0. 0.]
cvc_x_pos (1751,)
[0. 0. 0. ... 0. 0. 0.]
cvc_x_pos (1751,)
[0. 0. 0. ... 0. 0. 0.]
cvc_x_pos (1751,)
[0.00435078 0.00435038 0.00434997 ... 0.         0.         0.        ]
cvc_x_pos (1751,)
[0. 0. 0. ... 0. 0. 0.]
cvc_x_pos (1751,)
[0.00426448 0.00426422 0.00426395 ... 0.         0.         0.        ]
cvc_x_pos (1751,)
[0. 0. 0. ... 0. 0. 0.]
cvc_x_pos (1751,)
[0.00616251 0.00616141 0.00616029 ... 0.         0.         0.        ]
cvc_x_pos (1751,)
[0.00481701 0.00481773 0.00481844 ... 0.         0.         0.        ]
cvc_x_pos (1751,)
[0. 0. 0. ... 0. 0. 0.]
cvc_x_pos (1751,)
[0. 0. 0. ... 0. 0. 0.]
cvc_x_pos (1751,)
[0. 0. 0. ... 0. 0. 0.]
cvc_x_pos (1751,)
[0. 0. 0. ... 0. 0. 0.]
cvc_x_pos (1751,)
[0. 0. 0. ... 0. 0. 0.]
cvc_x_pos (1751,)
[0. 0. 0. ... 0. 0. 0.]
cvc_x_pos (1751,)
[0. 0. 0. ... 0. 0. 0.]
cvc_x_pos (1751,)
[0. 0. 0. ... 0. 0. 0.]
cvc_x_pos (1751,)
[0. 0. 0. ... 0. 0. 0.]
cvc_x_pos (1751,)
[0. 0. 0. ... 0. 0. 0.]
cvc_x_pos (1751,)
[0. 0. 0. ... 0. 0. 0.]
cvc_x_pos (1751,)
[0. 0. 0. ... 0. 0. 0.]
cvc_x_pos (1751,)
[0. 0. 0. ... 0. 0. 0.]
cvc_x_pos (1751,)
[0. 0. 0. ... 0. 0. 0.]
cvc_x_pos (1751,)
[0. 0. 0. ... 0. 0. 0.]
cvc_x_pos (1751,)
[0. 0. 0. ... 0. 0. 0.]
cvc_x_pos (1751,)
[0. 0. 0. ... 0. 0. 0.]
cvc_x_pos (1751,)
[0. 0. 0. ... 0. 0. 0.]
cvc_x_pos (1751,)
[0. 0. 0. ... 0. 0. 0.]
cvc_x_pos (1751,)
[0. 0. 0. ... 0. 0. 0.]
cvc_x_pos (1751,)
[0. 0. 0. ... 0. 0. 0.]
cvc_x_pos (1751,)
[0. 0. 0. ... 0. 0. 0.]
cvc_x_pos (1751,)
[0. 0. 0. ... 0. 0. 0.]
cvc_x_pos (1751,)
[0. 0. 0. ... 0. 0. 0.]
cvc_x_pos (1751,)
[0. 0. 0. ... 0. 0. 0.]
cvc_x_pos (1751,)
[0. 0. 0. ... 0. 0. 0.]
cvc_x_pos (1751,)
[0. 0. 0. ... 0. 0. 0.]
cvc_x_pos (1751,)
[0. 0. 0. ... 0. 0. 0.]
cvc_x_pos (1751,)
[0. 0. 0. ... 0. 0. 0.]
cvc_x_pos (1751,)
[0. 0. 0. ... 0. 0. 0.]
cvc_x_pos (1751,)
[0. 0. 0. ... 0. 0. 0.]
cvc_x_pos (1751,)
[0.00510683 0.00510596 0.00510508 ... 0.         0.         0.        ]
cvc_x_pos (1751,)
[0. 0. 0. ... 0. 0. 0.]
cvc_x_pos (1751,)
[0. 0. 0. ... 0. 0. 0.]
cvc_x_pos (1751,)
[0. 0. 0. ... 0. 0. 0.]
cvc_x_pos (1751,)
[0. 0. 0. ... 0. 0. 0.]
cvc_x_pos (1751,)
[0. 0. 0. ... 0. 0. 0.]
cvc_x_pos (1751,)
[0. 0. 0. ... 0. 0. 0.]
cvc_x_pos (1751,)
[0. 0. 0. ... 0. 0. 0.]
cvc_x_pos (1751,)
[0. 0. 0. ... 0. 0. 0.]
cvc_x_pos (1751,)
[0. 0. 0. ... 0. 0. 0.]
cvc_x_pos (1751,)
[0. 0. 0. ... 0. 0. 0.]
cvc_x_pos (1751,)
[0. 0. 0. ... 0. 0. 0.]
cvc_x_pos (1751,)
[0. 0. 0. ... 0. 0. 0.]
cvc_x_pos (1751,)
[0. 0. 0. ... 0. 0. 0.]
cvc_x_pos (1751,)
[0. 0. 0. ... 0. 0. 0.]
cvc_x_pos (1751,)
[0. 0. 0. ... 0. 0. 0.]
cvc_x_pos (1751,)
[0. 0. 0. ... 0. 0. 0.]
cvc_x_pos (1751,)
[0. 0. 0. ... 0. 0. 0.]
cvc_x_pos (1751,)
[0. 0. 0. ... 0. 0. 0.]
cvc_x_pos (1751,)
[0. 0. 0. ... 0. 0. 0.]
cvc_x_pos (1751,)
[0. 0. 0. ... 0. 0. 0.]
cvc_x_pos (1751,)
[0. 0. 0. ... 0. 0. 0.]
cvc_x_pos (1751,)
[0. 0. 0. ... 0. 0. 0.]
cvc_x_pos (1751,)
[0. 0. 0. ... 0. 0. 0.]
cvc_x_pos (1751,)
[0. 0. 0. ... 0. 0. 0.]
cvc_x_pos (1751,)
[0. 0. 0. ... 0. 0. 0.]
cvc_x_pos (1751,)
[0. 0. 0. ... 0. 0. 0.]
cvc_x_pos (1751,)
[0. 0. 0. ... 0. 0. 0.]
cvc_x_pos (1751,)
[0.00322569 0.00322562 0.00322555 ... 0.         0.         0.        ]
cvc_x_pos (1751,)
[0. 0. 0. ... 0. 0. 0.]
cvc_x_pos (1751,)
[0.00464078 0.00464051 0.00464022 ... 0.         0.         0.        ]
cvc_x_pos (1751,)
[0. 0. 0. ... 0. 0. 0.]
cvc_x_pos (1751,)
[0.00517624 0.00517694 0.00517764 ... 0.         0.         0.        ]
cvc_x_pos (1751,)
[0. 0. 0. ... 0. 0. 0.]
cvc_x_pos (1751,)
[0. 0. 0. ... 0. 0. 0.]
cvc_x_pos (1751,)
[0. 0. 0. ... 0. 0. 0.]
cvc_x_pos (1751,)
[0. 0. 0. ... 0. 0. 0.]
cvc_x_pos (1751,)
[0. 0. 0. ... 0. 0. 0.]
cvc_x_pos (1751,)
[0. 0. 0. ... 0. 0. 0.]
cvc_x_pos (1751,)
[0. 0. 0. ... 0. 0. 0.]
cvc_x_pos (1751,)
[0. 0. 0. ... 0. 0. 0.]
cvc_x_pos (1751,)
[0. 0. 0. ... 0. 0. 0.]
cvc_x_pos (1751,)
[0. 0. 0. ... 0. 0. 0.]
cvc_x_pos (1751,)
[0. 0. 0. ... 0. 0. 0.]
cvc_x_pos (1751,)
[0. 0. 0. ... 0. 0. 0.]
cvc_x_pos (1751,)
[0. 0. 0. ... 0. 0. 0.]
cvc_x_pos (1751,)
[0. 0. 0. ... 0. 0. 0.]
cvc_x_pos (1751,)
[0. 0. 0. ... 0. 0. 0.]
cvc_x_pos (1751,)
[0. 0. 0. ... 0. 0. 0.]
cvc_x_pos (1751,)
[0. 0. 0. ... 0. 0. 0.]
cvc_x_pos (1751,)
[0. 0. 0. ... 0. 0. 0.]
cvc_x_pos (1751,)
[0. 0. 0. ... 0. 0. 0.]
cvc_x_pos (1751,)
[0. 0. 0. ... 0. 0. 0.]
cvc_x_pos (1751,)
[0. 0. 0. ... 0. 0. 0.]
cvc_x_pos (1751,)
[0. 0. 0. ... 0. 0. 0.]
cvc_x_pos (1751,)
[0. 0. 0. ... 0. 0. 0.]
cvc_x_pos (1751,)
[0. 0. 0. ... 0. 0. 0.]
cvc_x_pos (1751,)
[0. 0. 0. ... 0. 0. 0.]
cvc_x_pos (1751,)
[0. 0. 0. ... 0. 0. 0.]
cvc_x_pos (1751,)
[0. 0. 0. ... 0. 0. 0.]
cvc_x_pos (1751,)
[0. 0. 0. ... 0. 0. 0.]
cvc_x_pos (1751,)
[0. 0. 0. ... 0. 0. 0.]
cvc_x_pos (1751,)
[0.00501569 0.00501553 0.00501536 ... 0.         0.         0.        ]
cvc_x_pos (1751,)
[0.00505338 0.00505282 0.00505226 ... 0.         0.         0.        ]
cvc_x_pos (1751,)
[0. 0. 0. ... 0. 0. 0.]
cvc_x_pos (1751,)
[0. 0. 0. ... 0. 0. 0.]
cvc_x_pos (1751,)
[0. 0. 0. ... 0. 0. 0.]
cvc_x_pos (1751,)
[0. 0. 0. ... 0. 0. 0.]
cvc_x_pos (1751,)
[0. 0. 0. ... 0. 0. 0.]
cvc_x_pos (1751,)
[0. 0. 0. ... 0. 0. 0.]
cvc_x_pos (1751,)
[0. 0. 0. ... 0. 0. 0.]
cvc_x_pos (1751,)
[0. 0. 0. ... 0. 0. 0.]
cvc_x_pos (1751,)
[0. 0. 0. ... 0. 0. 0.]
cvc_x_pos (1751,)
[0. 0. 0. ... 0. 0. 0.]
cvc_x_pos (1751,)
[0. 0. 0. ... 0. 0. 0.]
cvc_x_pos (1751,)
[0. 0. 0. ... 0. 0. 0.]
cvc_x_pos (1751,)
[0. 0. 0. ... 0. 0. 0.]
cvc_x_pos (1751,)
[0. 0. 0. ... 0. 0. 0.]
cvc_x_pos (1751,)
[0. 0. 0. ... 0. 0. 0.]
cvc_x_pos (1751,)
[0. 0. 0. ... 0. 0. 0.]
cvc_x_pos (1751,)
[0. 0. 0. ... 0. 0. 0.]
cvc_x_pos (1751,)
[0. 0. 0. ... 0. 0. 0.]
cvc_x_pos (1751,)
[0. 0. 0. ... 0. 0. 0.]
cvc_x_pos (1751,)
[0. 0. 0. ... 0. 0. 0.]
cvc_x_pos (1751,)
[0. 0. 0. ... 0. 0. 0.]
cvc_x_pos (1751,)
[0. 0. 0. ... 0. 0. 0.]
cvc_x_pos (1751,)
[0. 0. 0. ... 0. 0. 0.]
cvc_x_pos (1751,)
[0. 0. 0. ... 0. 0. 0.]
cvc_x_pos (1751,)
[0. 0. 0. ... 0. 0. 0.]
cvc_x_pos (1751,)
[0. 0. 0. ... 0. 0. 0.]
cvc_x_pos (1751,)
[0. 0. 0. ... 0. 0. 0.]
cvc_x_pos (1751,)
[0. 0. 0. ... 0. 0. 0.]
cvc_x_pos (1751,)
[0. 0. 0. ... 0. 0. 0.]
cvc_x_pos (1751,)
[0. 0. 0. ... 0. 0. 0.]
cvc_x_pos (1751,)
[0. 0. 0. ... 0. 0. 0.]
cvc_x_pos (1751,)
[0. 0. 0. ... 0. 0. 0.]
cvc_x_pos (1751,)
[0. 0. 0. ... 0. 0. 0.]
cvc_x_pos (1751,)
[0. 0. 0. ... 0. 0. 0.]
cvc_x_pos (1751,)
[0.00471333 0.00471252 0.0047117  ... 0.         0.         0.        ]
cvc_x_pos (1751,)
[0.00447203 0.00447142 0.0044708  ... 0.         0.         0.        ]
cvc_x_pos (1751,)
[0. 0. 0. ... 0. 0. 0.]
cvc_x_pos (1751,)
[0.005901   0.00590119 0.00590136 ... 0.         0.         0.        ]
cvc_x_pos (1751,)
[0. 0. 0. ... 0. 0. 0.]
cvc_x_pos (1751,)
[0.00439963 0.00439951 0.00439938 ... 0.         0.         0.        ]
cvc_x_pos (1751,)
[0.00513856 0.00513939 0.00514021 ... 0.         0.         0.        ]
cvc_x_pos (1751,)
[0. 0. 0. ... 0. 0. 0.]
cvc_x_pos (1751,)
[0. 0. 0. ... 0. 0. 0.]
cvc_x_pos (1751,)
[0. 0. 0. ... 0. 0. 0.]
cvc_x_pos (1751,)
[0. 0. 0. ... 0. 0. 0.]
cvc_x_pos (1751,)
[0. 0. 0. ... 0. 0. 0.]
cvc_x_pos (1751,)
[0. 0. 0. ... 0. 0. 0.]
cvc_x_pos (1751,)
[0. 0. 0. ... 0. 0. 0.]
cvc_x_pos (1751,)
[0. 0. 0. ... 0. 0. 0.]
cvc_x_pos (1751,)
[0. 0. 0. ... 0. 0. 0.]
cvc_x_pos (1751,)
[0. 0. 0. ... 0. 0. 0.]
cvc_x_pos (1751,)
[0. 0. 0. ... 0. 0. 0.]
cvc_x_pos (1751,)
[0. 0. 0. ... 0. 0. 0.]
cvc_x_pos (1751,)
[0. 0. 0. ... 0. 0. 0.]
cvc_x_pos (1751,)
[0. 0. 0. ... 0. 0. 0.]
cvc_x_pos (1751,)
[0. 0. 0. ... 0. 0. 0.]
cvc_x_pos (1751,)
[0. 0. 0. ... 0. 0. 0.]
cvc_x_pos (1751,)
[0. 0. 0. ... 0. 0. 0.]
cvc_x_pos (1751,)
[0. 0. 0. ... 0. 0. 0.]
cvc_x_pos (1751,)
[0. 0. 0. ... 0. 0. 0.]
cvc_x_pos (1751,)
[0. 0. 0. ... 0. 0. 0.]
cvc_x_pos (1751,)
[0. 0. 0. ... 0. 0. 0.]
cvc_x_pos (1751,)
[0. 0. 0. ... 0. 0. 0.]
cvc_x_pos (1751,)
[0. 0. 0. ... 0. 0. 0.]
cvc_x_pos (1751,)
[0. 0. 0. ... 0. 0. 0.]
cvc_x_pos (1751,)
[0. 0. 0. ... 0. 0. 0.]
cvc_x_pos (1751,)
[0. 0. 0. ... 0. 0. 0.]
cvc_x_pos (1751,)
[0. 0. 0. ... 0. 0. 0.]
cvc_x_pos (1751,)
[0. 0. 0. ... 0. 0. 0.]
cvc_x_pos (1751,)
[0. 0. 0. ... 0. 0. 0.]
cvc_x_pos (1751,)
[0. 0. 0. ... 0. 0. 0.]
cvc_x_pos (1751,)
[0. 0. 0. ... 0. 0. 0.]
cvc_x_pos (1751,)
[0. 0. 0. ... 0. 0. 0.]
cvc_x_pos (1751,)
[0. 0. 0. ... 0. 0. 0.]
cvc_x_pos (1751,)
[0. 0. 0. ... 0. 0. 0.]
cvc_x_pos (1751,)
[0. 0. 0. ... 0. 0. 0.]
cvc_x_pos (1751,)
[0. 0. 0. ... 0. 0. 0.]
cvc_x_pos (1751,)
[0. 0. 0. ... 0. 0. 0.]
cvc_x_pos (1751,)
[0. 0. 0. ... 0. 0. 0.]
cvc_x_pos (1751,)
[0. 0. 0. ... 0. 0. 0.]
cvc_x_pos (1751,)
[0. 0. 0. ... 0. 0. 0.]
cvc_x_pos (1751,)
[0. 0. 0. ... 0. 0. 0.]
cvc_x_pos (1751,)
[0. 0. 0. ... 0. 0. 0.]
cvc_x_pos (1751,)
[0. 0. 0. ... 0. 0. 0.]
cvc_x_pos (1751,)
[0. 0. 0. ... 0. 0. 0.]
cvc_x_pos (1751,)
[0. 0. 0. ... 0. 0. 0.]
cvc_x_pos (1751,)
[0. 0. 0. ... 0. 0. 0.]
cvc_x_pos (1751,)
[0. 0. 0. ... 0. 0. 0.]
cvc_x_pos (1751,)
[0. 0. 0. ... 0. 0. 0.]
cvc_x_pos (1751,)
[0. 0. 0. ... 0. 0. 0.]
cvc_x_pos (1751,)
[0. 0. 0. ... 0. 0. 0.]
cvc_x_pos (1751,)
[0. 0. 0. ... 0. 0. 0.]
cvc_x_pos (1751,)
[0. 0. 0. ... 0. 0. 0.]
cvc_x_pos (1751,)
[0. 0. 0. ... 0. 0. 0.]
cvc_x_pos (1751,)
[0. 0. 0. ... 0. 0. 0.]
cvc_x_pos (1751,)
[0. 0. 0. ... 0. 0. 0.]
cvc_x_pos (1751,)
[0. 0. 0. ... 0. 0. 0.]
cvc_x_pos (1751,)
[0. 0. 0. ... 0. 0. 0.]
cvc_x_pos (1751,)
[0. 0. 0. ... 0. 0. 0.]
cvc_x_pos (1751,)
[0.00479503 0.00479573 0.00479642 ... 0.         0.         0.        ]
cvc_x_pos (1751,)
[0. 0. 0. ... 0. 0. 0.]
cvc_x_pos (1751,)
[0.0049865  0.00498727 0.00498804 ... 0.         0.         0.        ]
cvc_x_pos (1751,)
[0.00403553 0.00403585 0.00403617 ... 0.         0.         0.        ]
cvc_x_pos (1751,)
[0.         0.00487012 0.00487102 ... 0.         0.         0.        ]
cvc_x_pos (1751,)
[0.00530526 0.00530438 0.00530349 ... 0.         0.         0.        ]
cvc_x_pos (1751,)
[0. 0. 0. ... 0. 0. 0.]
cvc_x_pos (1751,)
[0. 0. 0. ... 0. 0. 0.]
cvc_x_pos (1751,)
[0. 0. 0. ... 0. 0. 0.]
cvc_x_pos (1751,)
[0. 0. 0. ... 0. 0. 0.]
cvc_x_pos (1751,)
[0. 0. 0. ... 0. 0. 0.]
cvc_x_pos (1751,)
[0. 0. 0. ... 0. 0. 0.]
cvc_x_pos (1751,)
[0. 0. 0. ... 0. 0. 0.]
cvc_x_pos (1751,)
[0. 0. 0. ... 0. 0. 0.]
cvc_x_pos (1751,)
[0. 0. 0. ... 0. 0. 0.]
cvc_x_pos (1751,)
[0. 0. 0. ... 0. 0. 0.]
cvc_x_pos (1751,)
[0. 0. 0. ... 0. 0. 0.]
cvc_x_pos (1751,)
[0. 0. 0. ... 0. 0. 0.]
cvc_x_pos (1751,)
[0. 0. 0. ... 0. 0. 0.]
cvc_x_pos (1751,)
[0. 0. 0. ... 0. 0. 0.]
cvc_x_pos (1751,)
[0. 0. 0. ... 0. 0. 0.]
cvc_x_pos (1751,)
[0. 0. 0. ... 0. 0. 0.]
cvc_x_pos (1751,)
[0. 0. 0. ... 0. 0. 0.]
cvc_x_pos (1751,)
[0. 0. 0. ... 0. 0. 0.]
cvc_x_pos (1751,)
[0. 0. 0. ... 0. 0. 0.]
cvc_x_pos (1751,)
[0. 0. 0. ... 0. 0. 0.]
cvc_x_pos (1751,)
[0. 0. 0. ... 0. 0. 0.]
cvc_x_pos (1751,)
[0. 0. 0. ... 0. 0. 0.]
cvc_x_pos (1751,)
[0. 0. 0. ... 0. 0. 0.]
cvc_x_pos (1751,)
[0. 0. 0. ... 0. 0. 0.]
cvc_x_pos (1751,)
[0. 0. 0. ... 0. 0. 0.]
cvc_x_pos (1751,)
[0. 0. 0. ... 0. 0. 0.]
cvc_x_pos (1751,)
[0. 0. 0. ... 0. 0. 0.]
cvc_x_pos (1751,)
[0. 0. 0. ... 0. 0. 0.]
cvc_x_pos (1751,)
[0. 0. 0. ... 0. 0. 0.]
cvc_x_pos (1751,)
[0. 0. 0. ... 0. 0. 0.]
cvc_x_pos (1751,)
[0. 0. 0. ... 0. 0. 0.]
cvc_x_pos (1751,)
[0. 0. 0. ... 0. 0. 0.]
cvc_x_pos (1751,)
[0. 0. 0. ... 0. 0. 0.]
cvc_x_pos (1751,)
[0. 0. 0. ... 0. 0. 0.]
cvc_x_pos (1751,)
[0. 0. 0. ... 0. 0. 0.]
cvc_x_pos (1751,)
[0. 0. 0. ... 0. 0. 0.]
cvc_x_pos (1751,)
[0. 0. 0. ... 0. 0. 0.]
cvc_x_pos (1751,)
[0. 0. 0. ... 0. 0. 0.]
cvc_x_pos (1751,)
[0. 0. 0. ... 0. 0. 0.]
cvc_x_pos (1751,)
[0. 0. 0. ... 0. 0. 0.]
cvc_x_pos (1751,)
[0. 0. 0. ... 0. 0. 0.]
cvc_x_pos (1751,)
[0. 0. 0. ... 0. 0. 0.]
cvc_x_pos (1751,)
[0. 0. 0. ... 0. 0. 0.]
cvc_x_pos (1751,)
[0. 0. 0. ... 0. 0. 0.]
cvc_x_pos (1751,)
[0. 0. 0. ... 0. 0. 0.]
cvc_x_pos (1751,)
[0. 0. 0. ... 0. 0. 0.]
cvc_x_pos (1751,)
[0. 0. 0. ... 0. 0. 0.]
cvc_x_pos (1751,)
[0. 0. 0. ... 0. 0. 0.]
cvc_x_pos (1751,)
[0. 0. 0. ... 0. 0. 0.]
cvc_x_pos (1751,)
[0. 0. 0. ... 0. 0. 0.]
cvc_x_pos (1751,)
[0.0056497  0.00565044 0.00565117 ... 0.         0.         0.        ]
cvc_x_pos (1751,)
[0. 0. 0. ... 0. 0. 0.]
cvc_x_pos (1751,)
[0.00411773 0.00411828 0.00411882 ... 0.         0.         0.        ]
cvc_x_pos (1751,)
[0.00576652 0.00576656 0.00576658 ... 0.         0.         0.        ]
cvc_x_pos (1751,)
[0. 0. 0. ... 0. 0. 0.]
cvc_x_pos (1751,)
[0.00434126 0.00434144 0.00434161 ... 0.         0.         0.        ]
cvc_x_pos (1751,)
[0.00576773 0.00576872 0.00576969 ... 0.         0.         0.        ]
cvc_x_pos (1751,)
[0. 0. 0. ... 0. 0. 0.]
cvc_x_pos (1751,)
[0.00444338 0.00444386 0.00444433 ... 0.         0.         0.        ]
cvc_x_pos (1751,)
[0.00443019 0.00442954 0.00442889 ... 0.         0.         0.        ]
cvc_x_pos (1751,)
[0. 0. 0. ... 0. 0. 0.]
cvc_x_pos (1751,)
[0. 0. 0. ... 0. 0. 0.]
cvc_x_pos (1751,)
[0. 0. 0. ... 0. 0. 0.]
cvc_x_pos (1751,)
[0. 0. 0. ... 0. 0. 0.]
cvc_x_pos (1751,)
[0. 0. 0. ... 0. 0. 0.]
cvc_x_pos (1751,)
[0. 0. 0. ... 0. 0. 0.]
cvc_x_pos (1751,)
[0. 0. 0. ... 0. 0. 0.]
cvc_x_pos (1751,)
[0. 0. 0. ... 0. 0. 0.]
cvc_x_pos (1751,)
[0. 0. 0. ... 0. 0. 0.]
cvc_x_pos (1751,)
[0. 0. 0. ... 0. 0. 0.]
cvc_x_pos (1751,)
[0. 0. 0. ... 0. 0. 0.]
cvc_x_pos (1751,)
[0. 0. 0. ... 0. 0. 0.]
cvc_x_pos (1751,)
[0. 0. 0. ... 0. 0. 0.]
cvc_x_pos (1751,)
[0. 0. 0. ... 0. 0. 0.]
cvc_x_pos (1751,)
[0. 0. 0. ... 0. 0. 0.]
cvc_x_pos (1751,)
[0. 0. 0. ... 0. 0. 0.]
cvc_x_pos (1751,)
[0. 0. 0. ... 0. 0. 0.]
cvc_x_pos (1751,)
[0. 0. 0. ... 0. 0. 0.]
cvc_x_pos (1751,)
[0. 0. 0. ... 0. 0. 0.]
cvc_x_pos (1751,)
[0. 0. 0. ... 0. 0. 0.]
cvc_x_pos (1751,)
[0. 0. 0. ... 0. 0. 0.]
cvc_x_pos (1751,)
[0. 0. 0. ... 0. 0. 0.]
cvc_x_pos (1751,)
[0. 0. 0. ... 0. 0. 0.]
cvc_x_pos (1751,)
[0. 0. 0. ... 0. 0. 0.]
cvc_x_pos (1751,)
[0. 0. 0. ... 0. 0. 0.]
cvc_x_pos (1751,)
[0. 0. 0. ... 0. 0. 0.]
cvc_x_pos (1751,)
[0. 0. 0. ... 0. 0. 0.]
cvc_x_pos (1751,)
[0. 0. 0. ... 0. 0. 0.]
cvc_x_pos (1751,)
[0. 0. 0. ... 0. 0. 0.]
cvc_x_pos (1751,)
[0. 0. 0. ... 0. 0. 0.]
cvc_x_pos (1751,)
[0. 0. 0. ... 0. 0. 0.]
cvc_x_pos (1751,)
[0. 0. 0. ... 0. 0. 0.]
cvc_x_pos (1751,)
[0. 0. 0. ... 0. 0. 0.]
cvc_x_pos (1751,)
[0. 0. 0. ... 0. 0. 0.]
cvc_x_pos (1751,)
[0. 0. 0. ... 0. 0. 0.]
cvc_x_pos (1751,)
[0. 0. 0. ... 0. 0. 0.]
cvc_x_pos (1751,)
[0. 0. 0. ... 0. 0. 0.]
cvc_x_pos (1751,)
[0. 0. 0. ... 0. 0. 0.]
cvc_x_pos (1751,)
[0. 0. 0. ... 0. 0. 0.]
cvc_x_pos (1751,)
[0. 0. 0. ... 0. 0. 0.]
cvc_x_pos (1751,)
[0. 0. 0. ... 0. 0. 0.]
cvc_x_pos (1751,)
[0. 0. 0. ... 0. 0. 0.]
cvc_x_pos (1751,)
[0.00426898 0.00426947 0.00426995 ... 0.         0.         0.        ]
cvc_x_pos (1751,)
[0.00510772 0.00510721 0.00510669 ... 0.         0.         0.        ]
cvc_x_pos (1751,)
[0. 0. 0. ... 0. 0. 0.]
cvc_x_pos (1751,)
[0.00468748 0.00468685 0.00468621 ... 0.         0.         0.        ]
cvc_x_pos (1751,)
[0. 0. 0. ... 0. 0. 0.]
cvc_x_pos (1751,)
[0. 0. 0. ... 0. 0. 0.]
cvc_x_pos (1751,)
[0. 0. 0. ... 0. 0. 0.]
cvc_x_pos (1751,)
[0. 0. 0. ... 0. 0. 0.]
cvc_x_pos (1751,)
[0. 0. 0. ... 0. 0. 0.]
cvc_x_pos (1751,)
[0. 0. 0. ... 0. 0. 0.]
cvc_x_pos (1751,)
[0. 0. 0. ... 0. 0. 0.]
cvc_x_pos (1751,)
[0. 0. 0. ... 0. 0. 0.]
cvc_x_pos (1751,)
[0. 0. 0. ... 0. 0. 0.]
cvc_x_pos (1751,)
[0. 0. 0. ... 0. 0. 0.]
cvc_x_pos (1751,)
[0. 0. 0. ... 0. 0. 0.]
cvc_x_pos (1751,)
[0. 0. 0. ... 0. 0. 0.]
cvc_x_pos (1751,)
[0. 0. 0. ... 0. 0. 0.]
cvc_x_pos (1751,)
[0. 0. 0. ... 0. 0. 0.]
cvc_x_pos (1751,)
[0. 0. 0. ... 0. 0. 0.]
cvc_x_pos (1751,)
[0. 0. 0. ... 0. 0. 0.]
cvc_x_pos (1751,)
[0. 0. 0. ... 0. 0. 0.]
cvc_x_pos (1751,)
[0. 0. 0. ... 0. 0. 0.]
cvc_x_pos (1751,)
[0. 0. 0. ... 0. 0. 0.]
cvc_x_pos (1751,)
[0. 0. 0. ... 0. 0. 0.]
cvc_x_pos (1751,)
[0. 0. 0. ... 0. 0. 0.]
cvc_x_pos (1751,)
[0. 0. 0. ... 0. 0. 0.]
cvc_x_pos (1751,)
[0. 0. 0. ... 0. 0. 0.]
cvc_x_pos (1751,)
[0. 0. 0. ... 0. 0. 0.]
cvc_x_pos (1751,)
[0. 0. 0. ... 0. 0. 0.]
cvc_x_pos (1751,)
[0. 0. 0. ... 0. 0. 0.]
cvc_x_pos (1751,)
[0. 0. 0. ... 0. 0. 0.]
cvc_x_pos (1751,)
[0. 0. 0. ... 0. 0. 0.]
cvc_x_pos (1751,)
[0. 0. 0. ... 0. 0. 0.]
cvc_x_pos (1751,)
[0. 0. 0. ... 0. 0. 0.]
cvc_x_pos (1751,)
[0. 0. 0. ... 0. 0. 0.]
cvc_x_pos (1751,)
[0. 0. 0. ... 0. 0. 0.]
cvc_x_pos (1751,)
[0. 0. 0. ... 0. 0. 0.]
cvc_x_pos (1751,)
[0. 0. 0. ... 0. 0. 0.]
cvc_x_pos (1751,)
[0. 0. 0. ... 0. 0. 0.]
cvc_x_pos (1751,)
[0.00422345 0.00422381 0.00422416 ... 0.         0.         0.        ]
cvc_x_pos (1751,)
[0.00524764 0.005248   0.00524834 ... 0.         0.         0.        ]
cvc_x_pos (1751,)
[0. 0. 0. ... 0. 0. 0.]
cvc_x_pos (1751,)
[0.00431712 0.00431744 0.00431774 ... 0.         0.         0.        ]
cvc_x_pos (1751,)
[0.00444866 0.00444827 0.00444786 ... 0.         0.         0.        ]
cvc_x_pos (1751,)
[0. 0. 0. ... 0. 0. 0.]
cvc_x_pos (1751,)
[0. 0. 0. ... 0. 0. 0.]
cvc_x_pos (1751,)
[0. 0. 0. ... 0. 0. 0.]
cvc_x_pos (1751,)
[0. 0. 0. ... 0. 0. 0.]
cvc_x_pos (1751,)
[0. 0. 0. ... 0. 0. 0.]
cvc_x_pos (1751,)
[0. 0. 0. ... 0. 0. 0.]
cvc_x_pos (1751,)
[0. 0. 0. ... 0. 0. 0.]
cvc_x_pos (1751,)
[0. 0. 0. ... 0. 0. 0.]
cvc_x_pos (1751,)
[0. 0. 0. ... 0. 0. 0.]
cvc_x_pos (1751,)
[0. 0. 0. ... 0. 0. 0.]
cvc_x_pos (1751,)
[0. 0. 0. ... 0. 0. 0.]
cvc_x_pos (1751,)
[0. 0. 0. ... 0. 0. 0.]
cvc_x_pos (1751,)
[0. 0. 0. ... 0. 0. 0.]
cvc_x_pos (1751,)
[0. 0. 0. ... 0. 0. 0.]
cvc_x_pos (1751,)
[0. 0. 0. ... 0. 0. 0.]
cvc_x_pos (1751,)
[0. 0. 0. ... 0. 0. 0.]
cvc_x_pos (1751,)
[0. 0. 0. ... 0. 0. 0.]
cvc_x_pos (1751,)
[0. 0. 0. ... 0. 0. 0.]
cvc_x_pos (1751,)
[0. 0. 0. ... 0. 0. 0.]
cvc_x_pos (1751,)
[0. 0. 0. ... 0. 0. 0.]
cvc_x_pos (1751,)
[0. 0. 0. ... 0. 0. 0.]
cvc_x_pos (1751,)
[0. 0. 0. ... 0. 0. 0.]
cvc_x_pos (1751,)
[0. 0. 0. ... 0. 0. 0.]
cvc_x_pos (1751,)
[0. 0. 0. ... 0. 0. 0.]
cvc_x_pos (1751,)
[0. 0. 0. ... 0. 0. 0.]
cvc_x_pos (1751,)
[0. 0. 0. ... 0. 0. 0.]
cvc_x_pos (1751,)
[0.00397332 0.00397379 0.00397425 ... 0.         0.         0.        ]
cvc_x_pos (1751,)
[0.00552707 0.00552775 0.0055284  ... 0.         0.         0.        ]
cvc_x_pos (1751,)
[0.00421301 0.00421282 0.00421262 ... 0.         0.         0.        ]
cvc_x_pos (1751,)
[0.00433901 0.00433926 0.00433949 ... 0.         0.         0.        ]
cvc_x_pos (1751,)
[0. 0. 0. ... 0. 0. 0.]
cvc_x_pos (1751,)
[0. 0. 0. ... 0. 0. 0.]
cvc_x_pos (1751,)
[0. 0. 0. ... 0. 0. 0.]
cvc_x_pos (1751,)
[0. 0. 0. ... 0. 0. 0.]
cvc_x_pos (1751,)
[0. 0. 0. ... 0. 0. 0.]
cvc_x_pos (1751,)
[0. 0. 0. ... 0. 0. 0.]
cvc_x_pos (1751,)
[0. 0. 0. ... 0. 0. 0.]
cvc_x_pos (1751,)
[0. 0. 0. ... 0. 0. 0.]
cvc_x_pos (1751,)
[0. 0. 0. ... 0. 0. 0.]
cvc_x_pos (1751,)
[0. 0. 0. ... 0. 0. 0.]
cvc_x_pos (1751,)
[0. 0. 0. ... 0. 0. 0.]
cvc_x_pos (1751,)
[0. 0. 0. ... 0. 0. 0.]
cvc_x_pos (1751,)
[0. 0. 0. ... 0. 0. 0.]
cvc_x_pos (1751,)
[0. 0. 0. ... 0. 0. 0.]
cvc_x_pos (1751,)
[0. 0. 0. ... 0. 0. 0.]
cvc_x_pos (1751,)
[0. 0. 0. ... 0. 0. 0.]
cvc_x_pos (1751,)
[0. 0. 0. ... 0. 0. 0.]
cvc_x_pos (1751,)
[0. 0. 0. ... 0. 0. 0.]
cvc_x_pos (1751,)
[0. 0. 0. ... 0. 0. 0.]
cvc_x_pos (1751,)
[0. 0. 0. ... 0. 0. 0.]
cvc_x_pos (1751,)
[0. 0. 0. ... 0. 0. 0.]
cvc_x_pos (1751,)
[0. 0. 0. ... 0. 0. 0.]
cvc_x_pos (1751,)
[0. 0. 0. ... 0. 0. 0.]
cvc_x_pos (1751,)
[0. 0. 0. ... 0. 0. 0.]
cvc_x_pos (1751,)
[0. 0. 0. ... 0. 0. 0.]
cvc_x_pos (1751,)
[0.00453819 0.00453895 0.00453971 ... 0.         0.         0.        ]
cvc_x_pos (1751,)
[0. 0. 0. ... 0. 0. 0.]
cvc_x_pos (1751,)
[0. 0. 0. ... 0. 0. 0.]
cvc_x_pos (1751,)
[0. 0. 0. ... 0. 0. 0.]
cvc_x_pos (1751,)
[0. 0. 0. ... 0. 0. 0.]
cvc_x_pos (1751,)
[0.00519668 0.00519585 0.00519501 ... 0.         0.         0.        ]
cvc_x_pos (1751,)
[0.0038265  0.00382667 0.00382684 ... 0.         0.         0.        ]
cvc_x_pos (1751,)
[0. 0. 0. ... 0. 0. 0.]
cvc_x_pos (1751,)
[0. 0. 0. ... 0. 0. 0.]
cvc_x_pos (1751,)
[0. 0. 0. ... 0. 0. 0.]
cvc_x_pos (1751,)
[0. 0. 0. ... 0. 0. 0.]
cvc_x_pos (1751,)
[0. 0. 0. ... 0. 0. 0.]
cvc_x_pos (1751,)
[0. 0. 0. ... 0. 0. 0.]
cvc_x_pos (1751,)
[0. 0. 0. ... 0. 0. 0.]
cvc_x_pos (1751,)
[0. 0. 0. ... 0. 0. 0.]
cvc_x_pos (1751,)
[0. 0. 0. ... 0. 0. 0.]
cvc_x_pos (1751,)
[0. 0. 0. ... 0. 0. 0.]
cvc_x_pos (1751,)
[0. 0. 0. ... 0. 0. 0.]
cvc_x_pos (1751,)
[0. 0. 0. ... 0. 0. 0.]
cvc_x_pos (1751,)
[0. 0. 0. ... 0. 0. 0.]
cvc_x_pos (1751,)
[0. 0. 0. ... 0. 0. 0.]
cvc_x_pos (1751,)
[0. 0. 0. ... 0. 0. 0.]
cvc_x_pos (1751,)
[0. 0. 0. ... 0. 0. 0.]
cvc_x_pos (1751,)
[0. 0. 0. ... 0. 0. 0.]
cvc_x_pos (1751,)
[0. 0. 0. ... 0. 0. 0.]
cvc_x_pos (1751,)
[0. 0. 0. ... 0. 0. 0.]
cvc_x_pos (1751,)
[0. 0. 0. ... 0. 0. 0.]
cvc_x_pos (1751,)
[0. 0. 0. ... 0. 0. 0.]
cvc_x_pos (1751,)
[0. 0. 0. ... 0. 0. 0.]
cvc_x_pos (1751,)
[0. 0. 0. ... 0. 0. 0.]
cvc_x_pos (1751,)
[0.00413991 0.00414018 0.00414045 ... 0.         0.         0.        ]
cvc_x_pos (1751,)
[0.00473879 0.00473798 0.00473716 ... 0.         0.         0.        ]
cvc_x_pos (1751,)
[0. 0. 0. ... 0. 0. 0.]
cvc_x_pos (1751,)
[0. 0. 0. ... 0. 0. 0.]
cvc_x_pos (1751,)
[0. 0. 0. ... 0. 0. 0.]
cvc_x_pos (1751,)
[0. 0. 0. ... 0. 0. 0.]
cvc_x_pos (1751,)
[0. 0. 0. ... 0. 0. 0.]
cvc_x_pos (1751,)
[0. 0. 0. ... 0. 0. 0.]
cvc_x_pos (1751,)
[0. 0. 0. ... 0. 0. 0.]
cvc_x_pos (1751,)
[0.00441885 0.00441871 0.00441856 ... 0.         0.         0.        ]
cvc_x_pos (1751,)
[0. 0. 0. ... 0. 0. 0.]
cvc_x_pos (1751,)
[0.00465194 0.00465144 0.00465093 ... 0.         0.         0.        ]
cvc_x_pos (1751,)
[0. 0. 0. ... 0. 0. 0.]
cvc_x_pos (1751,)
[0. 0. 0. ... 0. 0. 0.]
cvc_x_pos (1751,)
[0.00379388 0.00379348 0.00379308 ... 0.         0.         0.        ]
cvc_x_pos (1751,)
[0. 0. 0. ... 0. 0. 0.]
cvc_x_pos (1751,)
[0.00507648 0.00507588 0.00507527 ... 0.         0.         0.        ]
cvc_x_pos (1751,)
[0. 0. 0. ... 0. 0. 0.]
cvc_x_pos (1751,)
[0. 0. 0. ... 0. 0. 0.]
cvc_x_pos (1751,)
[0. 0. 0. ... 0. 0. 0.]
cvc_x_pos (1751,)
[0. 0. 0. ... 0. 0. 0.]
cvc_x_pos (1751,)
[0. 0. 0. ... 0. 0. 0.]
cvc_x_pos (1751,)
[0. 0. 0. ... 0. 0. 0.]
cvc_x_pos (1751,)
[0. 0. 0. ... 0. 0. 0.]
cvc_x_pos (1751,)
[0. 0. 0. ... 0. 0. 0.]
cvc_x_pos (1751,)
[0. 0. 0. ... 0. 0. 0.]
cvc_x_pos (1751,)
[0. 0. 0. ... 0. 0. 0.]
cvc_x_pos (1751,)
[0. 0. 0. ... 0. 0. 0.]
cvc_x_pos (1751,)
[0. 0. 0. ... 0. 0. 0.]
cvc_x_pos (1751,)
[0. 0. 0. ... 0. 0. 0.]
cvc_x_pos (1751,)
[0. 0. 0. ... 0. 0. 0.]
cvc_x_pos (1751,)
[0. 0. 0. ... 0. 0. 0.]
cvc_x_pos (1751,)
[0. 0. 0. ... 0. 0. 0.]
cvc_x_pos (1751,)
[0. 0. 0. ... 0. 0. 0.]
cvc_x_pos (1751,)
[0. 0. 0. ... 0. 0. 0.]
cvc_x_pos (1751,)
[0. 0. 0. ... 0. 0. 0.]
cvc_x_pos (1751,)
[0. 0. 0. ... 0. 0. 0.]
cvc_x_pos (1751,)
[0. 0. 0. ... 0. 0. 0.]
cvc_x_pos (1751,)
[0. 0. 0. ... 0. 0. 0.]
cvc_x_pos (1751,)
[0.00541673 0.0054163  0.00541586 ... 0.         0.         0.        ]
cvc_x_pos (1751,)
[0. 0. 0. ... 0. 0. 0.]
cvc_x_pos (1751,)
[0. 0. 0. ... 0. 0. 0.]
cvc_x_pos (1751,)
[0. 0. 0. ... 0. 0. 0.]
cvc_x_pos (1751,)
[0. 0. 0. ... 0. 0. 0.]
cvc_x_pos (1751,)
[0. 0. 0. ... 0. 0. 0.]
cvc_x_pos (1751,)
[0. 0. 0. ... 0. 0. 0.]
cvc_x_pos (1751,)
[0. 0. 0. ... 0. 0. 0.]
cvc_x_pos (1751,)
[0. 0. 0. ... 0. 0. 0.]
cvc_x_pos (1751,)
[0. 0. 0. ... 0. 0. 0.]
cvc_x_pos (1751,)
[0. 0. 0. ... 0. 0. 0.]
cvc_x_pos (1751,)
[0. 0. 0. ... 0. 0. 0.]
cvc_x_pos (1751,)
[0. 0. 0. ... 0. 0. 0.]
cvc_x_pos (1751,)
[0. 0. 0. ... 0. 0. 0.]
cvc_x_pos (1751,)
[0. 0. 0. ... 0. 0. 0.]
cvc_x_pos (1751,)
[0. 0. 0. ... 0. 0. 0.]
cvc_x_pos (1751,)
[0. 0. 0. ... 0. 0. 0.]
cvc_x_pos (1751,)
[0. 0. 0. ... 0. 0. 0.]
cvc_x_pos (1751,)
[0. 0. 0. ... 0. 0. 0.]
cvc_x_pos (1751,)
[0.00462306 0.00462295 0.00462282 ... 0.         0.         0.        ]
cvc_x_pos (1751,)
[0.00338508 0.00338466 0.00338425 ... 0.         0.         0.        ]
cvc_x_pos (1751,)
[0.0043583  0.00435806 0.00435781 ... 0.         0.         0.        ]
cvc_x_pos (1751,)
[0.00465586 0.00465512 0.00465436 ... 0.         0.         0.        ]
cvc_x_pos (1751,)
[0.         0.00433798 0.00433875 ... 0.         0.         0.        ]
cvc_x_pos (1751,)
[0. 0. 0. ... 0. 0. 0.]
cvc_x_pos (1751,)
[0.00482269 0.00482284 0.00482298 ... 0.         0.         0.        ]
cvc_x_pos (1751,)
[0. 0. 0. ... 0. 0. 0.]
cvc_x_pos (1751,)
[0. 0. 0. ... 0. 0. 0.]
cvc_x_pos (1751,)
[0. 0. 0. ... 0. 0. 0.]
cvc_x_pos (1751,)
[0. 0. 0. ... 0. 0. 0.]
cvc_x_pos (1751,)
[0. 0. 0. ... 0. 0. 0.]
cvc_x_pos (1751,)
[0. 0. 0. ... 0. 0. 0.]
cvc_x_pos (1751,)
[0. 0. 0. ... 0. 0. 0.]
cvc_x_pos (1751,)
[0. 0. 0. ... 0. 0. 0.]
cvc_x_pos (1751,)
[0. 0. 0. ... 0. 0. 0.]
cvc_x_pos (1751,)
[0. 0. 0. ... 0. 0. 0.]
cvc_x_pos (1751,)
[0. 0. 0. ... 0. 0. 0.]
cvc_x_pos (1751,)
[0. 0. 0. ... 0. 0. 0.]
cvc_x_pos (1751,)
[0. 0. 0. ... 0. 0. 0.]
cvc_x_pos (1751,)
[0. 0. 0. ... 0. 0. 0.]
cvc_x_pos (1751,)
[0. 0. 0. ... 0. 0. 0.]
cvc_x_pos (1751,)
[0. 0. 0. ... 0. 0. 0.]
cvc_x_pos (1751,)
[0. 0. 0. ... 0. 0. 0.]
cvc_x_pos (1751,)
[0. 0. 0. ... 0. 0. 0.]
cvc_x_pos (1751,)
[0. 0. 0. ... 0. 0. 0.]
cvc_x_pos (1751,)
[0. 0. 0. ... 0. 0. 0.]
cvc_x_pos (1751,)
[0.00563128 0.0056323  0.0056333  ... 0.         0.         0.        ]
cvc_x_pos (1751,)
[0.00478361 0.00478306 0.00478251 ... 0.         0.         0.        ]
cvc_x_pos (1751,)
[0. 0. 0. ... 0. 0. 0.]
cvc_x_pos (1751,)
[0. 0. 0. ... 0. 0. 0.]
cvc_x_pos (1751,)
[0. 0. 0. ... 0. 0. 0.]
cvc_x_pos (1751,)
[0. 0. 0. ... 0. 0. 0.]
cvc_x_pos (1751,)
[0. 0. 0. ... 0. 0. 0.]
cvc_x_pos (1751,)
[0. 0. 0. ... 0. 0. 0.]
cvc_x_pos (1751,)
[0. 0. 0. ... 0. 0. 0.]
cvc_x_pos (1751,)
[0. 0. 0. ... 0. 0. 0.]
cvc_x_pos (1751,)
[0. 0. 0. ... 0. 0. 0.]
cvc_x_pos (1751,)
[0. 0. 0. ... 0. 0. 0.]
cvc_x_pos (1751,)
[0. 0. 0. ... 0. 0. 0.]
cvc_x_pos (1751,)
[0. 0. 0. ... 0. 0. 0.]
cvc_x_pos (1751,)
[0. 0. 0. ... 0. 0. 0.]
cvc_x_pos (1751,)
[0. 0. 0. ... 0. 0. 0.]
cvc_x_pos (1751,)
[0. 0. 0. ... 0. 0. 0.]
cvc_x_pos (1751,)
[0. 0. 0. ... 0. 0. 0.]
cvc_x_pos (1751,)
[0. 0. 0. ... 0. 0. 0.]
cvc_x_pos (1751,)
[0. 0. 0. ... 0. 0. 0.]
cvc_x_pos (1751,)
[0. 0. 0. ... 0. 0. 0.]
cvc_x_pos (1751,)
[0. 0. 0. ... 0. 0. 0.]
cvc_x_pos (1751,)
[0. 0. 0. ... 0. 0. 0.]
cvc_x_pos (1751,)
[0. 0. 0. ... 0. 0. 0.]
cvc_x_pos (1751,)
[0. 0. 0. ... 0. 0. 0.]
cvc_x_pos (1751,)
[0. 0. 0. ... 0. 0. 0.]
cvc_x_pos (1751,)
[0. 0. 0. ... 0. 0. 0.]
cvc_x_pos (1751,)
[0. 0. 0. ... 0. 0. 0.]
cvc_x_pos (1751,)
[0. 0. 0. ... 0. 0. 0.]
cvc_x_pos (1751,)
[0.00622262 0.00622126 0.00621987 ... 0.         0.         0.        ]
cvc_x_pos (1751,)
[0.0042682  0.00426805 0.0042679  ... 0.         0.         0.        ]
cvc_x_pos (1751,)
[0.00533715 0.00533718 0.0053372  ... 0.         0.         0.        ]
cvc_x_pos (1751,)
[0.00463007 0.00462957 0.00462907 ... 0.         0.         0.        ]
cvc_x_pos (1751,)
[0.00403313 0.0040335  0.00403385 ... 0.         0.         0.        ]
cvc_x_pos (1751,)
[0. 0. 0. ... 0. 0. 0.]
cvc_x_pos (1751,)
[0. 0. 0. ... 0. 0. 0.]
cvc_x_pos (1751,)
[0. 0. 0. ... 0. 0. 0.]
cvc_x_pos (1751,)
[0. 0. 0. ... 0. 0. 0.]
cvc_x_pos (1751,)
[0. 0. 0. ... 0. 0. 0.]
cvc_x_pos (1751,)
[0. 0. 0. ... 0. 0. 0.]
cvc_x_pos (1751,)
[0. 0. 0. ... 0. 0. 0.]
cvc_x_pos (1751,)
[0. 0. 0. ... 0. 0. 0.]
cvc_x_pos (1751,)
[0. 0. 0. ... 0. 0. 0.]
cvc_x_pos (1751,)
[0. 0. 0. ... 0. 0. 0.]
cvc_x_pos (1751,)
[0. 0. 0. ... 0. 0. 0.]
cvc_x_pos (1751,)
[0. 0. 0. ... 0. 0. 0.]
cvc_x_pos (1751,)
[0. 0. 0. ... 0. 0. 0.]
cvc_x_pos (1751,)
[0. 0. 0. ... 0. 0. 0.]
cvc_x_pos (1751,)
[0. 0. 0. ... 0. 0. 0.]
cvc_x_pos (1751,)
[0. 0. 0. ... 0. 0. 0.]
cvc_x_pos (1751,)
[0. 0. 0. ... 0. 0. 0.]
cvc_x_pos (1751,)
[0. 0. 0. ... 0. 0. 0.]
cvc_x_pos (1751,)
[0. 0. 0. ... 0. 0. 0.]
cvc_x_pos (1751,)
[0.00466483 0.00466464 0.00466444 ... 0.         0.         0.        ]
cvc_x_pos (1751,)
[0. 0. 0. ... 0. 0. 0.]
cvc_x_pos (1751,)
[0. 0. 0. ... 0. 0. 0.]
cvc_x_pos (1751,)
[0. 0. 0. ... 0. 0. 0.]
cvc_x_pos (1751,)
[0. 0. 0. ... 0. 0. 0.]
cvc_x_pos (1751,)
[0. 0. 0. ... 0. 0. 0.]
cvc_x_pos (1751,)
[0. 0. 0. ... 0. 0. 0.]
cvc_x_pos (1751,)
[0. 0. 0. ... 0. 0. 0.]
cvc_x_pos (1751,)
[0. 0. 0. ... 0. 0. 0.]
cvc_x_pos (1751,)
[0. 0. 0. ... 0. 0. 0.]
cvc_x_pos (1751,)
[0. 0. 0. ... 0. 0. 0.]
cvc_x_pos (1751,)
[0. 0. 0. ... 0. 0. 0.]
cvc_x_pos (1751,)
[0. 0. 0. ... 0. 0. 0.]
cvc_x_pos (1751,)
[0. 0. 0. ... 0. 0. 0.]
cvc_x_pos (1751,)
[0. 0. 0. ... 0. 0. 0.]
cvc_x_pos (1751,)
[0. 0. 0. ... 0. 0. 0.]
cvc_x_pos (1751,)
[0. 0. 0. ... 0. 0. 0.]
cvc_x_pos (1751,)
[0. 0. 0. ... 0. 0. 0.]
cvc_x_pos (1751,)
[0. 0. 0. ... 0. 0. 0.]
cvc_x_pos (1751,)
[0. 0. 0. ... 0. 0. 0.]
cvc_x_pos (1751,)
[0. 0. 0. ... 0. 0. 0.]
cvc_x_pos (1751,)
[0. 0. 0. ... 0. 0. 0.]
cvc_x_pos (1751,)
[0. 0. 0. ... 0. 0. 0.]
cvc_x_pos (1751,)
[0. 0. 0. ... 0. 0. 0.]
cvc_x_pos (1751,)
[0. 0. 0. ... 0. 0. 0.]
cvc_x_pos (1751,)
[0. 0. 0. ... 0. 0. 0.]
cvc_x_pos (1751,)
[0. 0. 0. ... 0. 0. 0.]
cvc_x_pos (1751,)
[0. 0. 0. ... 0. 0. 0.]
cvc_x_pos (1751,)
[0. 0. 0. ... 0. 0. 0.]
cvc_x_pos (1751,)
[0. 0. 0. ... 0. 0. 0.]
cvc_x_pos (1751,)
[0. 0. 0. ... 0. 0. 0.]
cvc_x_pos (1751,)
[0. 0. 0. ... 0. 0. 0.]
cvc_x_pos (1751,)
[0. 0. 0. ... 0. 0. 0.]
cvc_x_pos (1751,)
[0. 0. 0. ... 0. 0. 0.]
cvc_x_pos (1751,)
[0. 0. 0. ... 0. 0. 0.]
cvc_x_pos (1751,)
[0. 0. 0. ... 0. 0. 0.]
cvc_x_pos (1751,)
[0. 0. 0. ... 0. 0. 0.]
cvc_x_pos (1751,)
[0.00459675 0.00459606 0.00459536 ... 0.         0.         0.        ]
cvc_x_pos (1751,)
[0. 0. 0. ... 0. 0. 0.]
cvc_x_pos (1751,)
[0.00456367 0.00456315 0.00456263 ... 0.         0.         0.        ]
cvc_x_pos (1751,)
[0.00393958 0.00393926 0.00393893 ... 0.         0.         0.        ]
cvc_x_pos (1751,)
[0.00431628 0.00431567 0.00431505 ... 0.         0.         0.        ]
cvc_x_pos (1751,)
[0. 0. 0. ... 0. 0. 0.]
cvc_x_pos (1751,)
[0. 0. 0. ... 0. 0. 0.]
cvc_x_pos (1751,)
[0. 0. 0. ... 0. 0. 0.]
cvc_x_pos (1751,)
[0. 0. 0. ... 0. 0. 0.]
cvc_x_pos (1751,)
[0. 0. 0. ... 0. 0. 0.]
cvc_x_pos (1751,)
[0. 0. 0. ... 0. 0. 0.]
cvc_x_pos (1751,)
[0. 0. 0. ... 0. 0. 0.]
cvc_x_pos (1751,)
[0. 0. 0. ... 0. 0. 0.]
cvc_x_pos (1751,)
[0. 0. 0. ... 0. 0. 0.]
cvc_x_pos (1751,)
[0. 0. 0. ... 0. 0. 0.]
cvc_x_pos (1751,)
[0. 0. 0. ... 0. 0. 0.]
cvc_x_pos (1751,)
[0. 0. 0. ... 0. 0. 0.]
cvc_x_pos (1751,)
[0. 0. 0. ... 0. 0. 0.]
cvc_x_pos (1751,)
[0. 0. 0. ... 0. 0. 0.]
cvc_x_pos (1751,)
[0. 0. 0. ... 0. 0. 0.]
cvc_x_pos (1751,)
[0. 0. 0. ... 0. 0. 0.]
cvc_x_pos (1751,)
[0. 0. 0. ... 0. 0. 0.]
cvc_x_pos (1751,)
[0. 0. 0. ... 0. 0. 0.]
cvc_x_pos (1751,)
[0. 0. 0. ... 0. 0. 0.]
cvc_x_pos (1751,)
[0. 0. 0. ... 0. 0. 0.]
cvc_x_pos (1751,)
[0. 0. 0. ... 0. 0. 0.]
cvc_x_pos (1751,)
[0. 0. 0. ... 0. 0. 0.]
cvc_x_pos (1751,)
[0. 0. 0. ... 0. 0. 0.]
cvc_x_pos (1751,)
[0. 0. 0. ... 0. 0. 0.]
cvc_x_pos (1751,)
[0. 0. 0. ... 0. 0. 0.]
cvc_x_pos (1751,)
[0. 0. 0. ... 0. 0. 0.]
cvc_x_pos (1751,)
[0. 0. 0. ... 0. 0. 0.]
cvc_x_pos (1751,)
[0. 0. 0. ... 0. 0. 0.]
cvc_x_pos (1751,)
[0. 0. 0. ... 0. 0. 0.]
cvc_x_pos (1751,)
[0. 0. 0. ... 0. 0. 0.]
cvc_x_pos (1751,)
[0. 0. 0. ... 0. 0. 0.]
cvc_x_pos (1751,)
[0. 0. 0. ... 0. 0. 0.]
cvc_x_pos (1751,)
[0. 0. 0. ... 0. 0. 0.]
cvc_x_pos (1751,)
[0. 0. 0. ... 0. 0. 0.]
cvc_x_pos (1751,)
[0. 0. 0. ... 0. 0. 0.]
cvc_x_pos (1751,)
[0. 0. 0. ... 0. 0. 0.]
cvc_x_pos (1751,)
[0. 0. 0. ... 0. 0. 0.]
cvc_x_pos (1751,)
[0. 0. 0. ... 0. 0. 0.]
cvc_x_pos (1751,)
[0. 0. 0. ... 0. 0. 0.]
cvc_x_pos (1751,)
[0. 0. 0. ... 0. 0. 0.]
cvc_x_pos (1751,)
[0. 0. 0. ... 0. 0. 0.]
cvc_x_pos (1751,)
[0. 0. 0. ... 0. 0. 0.]
cvc_x_pos (1751,)
[0. 0. 0. ... 0. 0. 0.]
cvc_x_pos (1751,)
[0. 0. 0. ... 0. 0. 0.]
cvc_x_pos (1751,)
[0. 0. 0. ... 0. 0. 0.]
cvc_x_pos (1751,)
[0. 0. 0. ... 0. 0. 0.]
cvc_x_pos (1751,)
[0. 0. 0. ... 0. 0. 0.]
cvc_x_pos (1751,)
[0. 0. 0. ... 0. 0. 0.]
cvc_x_pos (1751,)
[0. 0. 0. ... 0. 0. 0.]
cvc_x_pos (1751,)
[0. 0. 0. ... 0. 0. 0.]
cvc_x_pos (1751,)
[0.00456294 0.00456369 0.00456444 ... 0.         0.         0.        ]
cvc_x_pos (1751,)
[0. 0. 0. ... 0. 0. 0.]
cvc_x_pos (1751,)
[0. 0. 0. ... 0. 0. 0.]
cvc_x_pos (1751,)
[0.00491207 0.00491171 0.00491133 ... 0.         0.         0.        ]
cvc_x_pos (1751,)
[0.00415386 0.00415442 0.00415498 ... 0.         0.         0.        ]
cvc_x_pos (1751,)
[0. 0. 0. ... 0. 0. 0.]
cvc_x_pos (1751,)
[0. 0. 0. ... 0. 0. 0.]
cvc_x_pos (1751,)
[0. 0. 0. ... 0. 0. 0.]
cvc_x_pos (1751,)
[0. 0. 0. ... 0. 0. 0.]
cvc_x_pos (1751,)
[0. 0. 0. ... 0. 0. 0.]
cvc_x_pos (1751,)
[0. 0. 0. ... 0. 0. 0.]
cvc_x_pos (1751,)
[0. 0. 0. ... 0. 0. 0.]
cvc_x_pos (1751,)
[0. 0. 0. ... 0. 0. 0.]
cvc_x_pos (1751,)
[0. 0. 0. ... 0. 0. 0.]
cvc_x_pos (1751,)
[0. 0. 0. ... 0. 0. 0.]
cvc_x_pos (1751,)
[0. 0. 0. ... 0. 0. 0.]
cvc_x_pos (1751,)
[0. 0. 0. ... 0. 0. 0.]
cvc_x_pos (1751,)
[0. 0. 0. ... 0. 0. 0.]
cvc_x_pos (1751,)
[0. 0. 0. ... 0. 0. 0.]
cvc_x_pos (1751,)
[0. 0. 0. ... 0. 0. 0.]
cvc_x_pos (1751,)
[0. 0. 0. ... 0. 0. 0.]
cvc_x_pos (1751,)
[0. 0. 0. ... 0. 0. 0.]
cvc_x_pos (1751,)
[0. 0. 0. ... 0. 0. 0.]
cvc_x_pos (1751,)
[0. 0. 0. ... 0. 0. 0.]
cvc_x_pos (1751,)
[0. 0. 0. ... 0. 0. 0.]
cvc_x_pos (1751,)
[0. 0. 0. ... 0. 0. 0.]
cvc_x_pos (1751,)
[0. 0. 0. ... 0. 0. 0.]
cvc_x_pos (1751,)
[0. 0. 0. ... 0. 0. 0.]
cvc_x_pos (1751,)
[0. 0. 0. ... 0. 0. 0.]
cvc_x_pos (1751,)
[0. 0. 0. ... 0. 0. 0.]
cvc_x_pos (1751,)
[0. 0. 0. ... 0. 0. 0.]
cvc_x_pos (1751,)
[0. 0. 0. ... 0. 0. 0.]
cvc_x_pos (1751,)
[0. 0. 0. ... 0. 0. 0.]
cvc_x_pos (1751,)
[0. 0. 0. ... 0. 0. 0.]
cvc_x_pos (1751,)
[0. 0. 0. ... 0. 0. 0.]
cvc_x_pos (1751,)
[0. 0. 0. ... 0. 0. 0.]
cvc_x_pos (1751,)
[0. 0. 0. ... 0. 0. 0.]
cvc_x_pos (1751,)
[0. 0. 0. ... 0. 0. 0.]
cvc_x_pos (1751,)
[0. 0. 0. ... 0. 0. 0.]
cvc_x_pos (1751,)
[0. 0. 0. ... 0. 0. 0.]
cvc_x_pos (1751,)
[0. 0. 0. ... 0. 0. 0.]
cvc_x_pos (1751,)
[0. 0. 0. ... 0. 0. 0.]
cvc_x_pos (1751,)
[0. 0. 0. ... 0. 0. 0.]
cvc_x_pos (1751,)
[0. 0. 0. ... 0. 0. 0.]
cvc_x_pos (1751,)
[0. 0. 0. ... 0. 0. 0.]
cvc_x_pos (1751,)
[0. 0. 0. ... 0. 0. 0.]
cvc_x_pos (1751,)
[0.00526702 0.0052676  0.00526817 ... 0.         0.         0.        ]
cvc_x_pos (1751,)
[0. 0. 0. ... 0. 0. 0.]
cvc_x_pos (1751,)
[0.00510241 0.005103   0.00510358 ... 0.         0.         0.        ]
cvc_x_pos (1751,)
[0.0046034  0.0046042  0.00460499 ... 0.         0.         0.        ]
cvc_x_pos (1751,)
[0.00430294 0.00430273 0.0043025  ... 0.         0.         0.        ]
cvc_x_pos (1751,)
[0.00447609 0.00447666 0.00447722 ... 0.         0.         0.        ]
cvc_x_pos (1751,)
[0.00445318 0.00445288 0.00445257 ... 0.         0.         0.        ]
cvc_x_pos (1751,)
[0.00337345 0.00337364 0.00337382 ... 0.         0.         0.        ]
cvc_x_pos (1751,)
[0. 0. 0. ... 0. 0. 0.]
cvc_x_pos (1751,)
[0. 0. 0. ... 0. 0. 0.]
cvc_x_pos (1751,)
[0. 0. 0. ... 0. 0. 0.]
cvc_x_pos (1751,)
[0. 0. 0. ... 0. 0. 0.]
cvc_x_pos (1751,)
[0. 0. 0. ... 0. 0. 0.]
cvc_x_pos (1751,)
[0. 0. 0. ... 0. 0. 0.]
cvc_x_pos (1751,)
[0. 0. 0. ... 0. 0. 0.]
cvc_x_pos (1751,)
[0. 0. 0. ... 0. 0. 0.]
cvc_x_pos (1751,)
[0. 0. 0. ... 0. 0. 0.]
cvc_x_pos (1751,)
[0. 0. 0. ... 0. 0. 0.]
cvc_x_pos (1751,)
[0. 0. 0. ... 0. 0. 0.]
cvc_x_pos (1751,)
[0. 0. 0. ... 0. 0. 0.]
cvc_x_pos (1751,)
[0. 0. 0. ... 0. 0. 0.]
cvc_x_pos (1751,)
[0. 0. 0. ... 0. 0. 0.]
cvc_x_pos (1751,)
[0. 0. 0. ... 0. 0. 0.]
cvc_x_pos (1751,)
[0. 0. 0. ... 0. 0. 0.]
cvc_x_pos (1751,)
[0. 0. 0. ... 0. 0. 0.]
cvc_x_pos (1751,)
[0. 0. 0. ... 0. 0. 0.]
cvc_x_pos (1751,)
[0. 0. 0. ... 0. 0. 0.]
cvc_x_pos (1751,)
[0. 0. 0. ... 0. 0. 0.]
cvc_x_pos (1751,)
[0. 0. 0. ... 0. 0. 0.]
cvc_x_pos (1751,)
[0. 0. 0. ... 0. 0. 0.]
cvc_x_pos (1751,)
[0. 0. 0. ... 0. 0. 0.]
cvc_x_pos (1751,)
[0. 0. 0. ... 0. 0. 0.]
cvc_x_pos (1751,)
[0. 0. 0. ... 0. 0. 0.]
cvc_x_pos (1751,)
[0. 0. 0. ... 0. 0. 0.]
cvc_x_pos (1751,)
[0. 0. 0. ... 0. 0. 0.]
cvc_x_pos (1751,)
[0. 0. 0. ... 0. 0. 0.]
cvc_x_pos (1751,)
[0. 0. 0. ... 0. 0. 0.]
cvc_x_pos (1751,)
[0. 0. 0. ... 0. 0. 0.]
cvc_x_pos (1751,)
[0.00473727 0.0047381  0.00473892 ... 0.         0.         0.        ]
cvc_x_pos (1751,)
[0. 0. 0. ... 0. 0. 0.]
cvc_x_pos (1751,)
[0.00452372 0.00452421 0.00452469 ... 0.         0.         0.        ]
cvc_x_pos (1751,)
[0. 0. 0. ... 0. 0. 0.]
cvc_x_pos (1751,)
[0.00477583 0.00477603 0.00477621 ... 0.         0.         0.        ]
cvc_x_pos (1751,)
[0.00488751 0.00488786 0.00488821 ... 0.         0.         0.        ]
cvc_x_pos (1751,)
[0. 0. 0. ... 0. 0. 0.]
cvc_x_pos (1751,)
[0.00401174 0.00401159 0.00401145 ... 0.         0.         0.        ]
cvc_x_pos (1751,)
[0. 0. 0. ... 0. 0. 0.]
cvc_x_pos (1751,)
[0. 0. 0. ... 0. 0. 0.]
cvc_x_pos (1751,)
[0. 0. 0. ... 0. 0. 0.]
cvc_x_pos (1751,)
[0. 0. 0. ... 0. 0. 0.]
cvc_x_pos (1751,)
[0. 0. 0. ... 0. 0. 0.]
cvc_x_pos (1751,)
[0. 0. 0. ... 0. 0. 0.]
cvc_x_pos (1751,)
[0. 0. 0. ... 0. 0. 0.]
cvc_x_pos (1751,)
[0. 0. 0. ... 0. 0. 0.]
cvc_x_pos (1751,)
[0. 0. 0. ... 0. 0. 0.]
cvc_x_pos (1751,)
[0. 0. 0. ... 0. 0. 0.]
cvc_x_pos (1751,)
[0. 0. 0. ... 0. 0. 0.]
cvc_x_pos (1751,)
[0. 0. 0. ... 0. 0. 0.]
cvc_x_pos (1751,)
[0. 0. 0. ... 0. 0. 0.]
cvc_x_pos (1751,)
[0. 0. 0. ... 0. 0. 0.]
cvc_x_pos (1751,)
[0. 0. 0. ... 0. 0. 0.]
cvc_x_pos (1751,)
[0. 0. 0. ... 0. 0. 0.]
cvc_x_pos (1751,)
[0. 0. 0. ... 0. 0. 0.]
cvc_x_pos (1751,)
[0. 0. 0. ... 0. 0. 0.]
cvc_x_pos (1751,)
[0. 0. 0. ... 0. 0. 0.]
cvc_x_pos (1751,)
[0. 0. 0. ... 0. 0. 0.]
cvc_x_pos (1751,)
[0. 0. 0. ... 0. 0. 0.]
cvc_x_pos (1751,)
[0. 0. 0. ... 0. 0. 0.]
cvc_x_pos (1751,)
[0. 0. 0. ... 0. 0. 0.]
cvc_x_pos (1751,)
[0. 0. 0. ... 0. 0. 0.]
cvc_x_pos (1751,)
[0.00444978 0.00445042 0.00445105 ... 0.         0.         0.        ]
cvc_x_pos (1751,)
[0.00533676 0.00533683 0.00533689 ... 0.         0.         0.        ]
cvc_x_pos (1751,)
[0. 0. 0. ... 0. 0. 0.]
cvc_x_pos (1751,)
[0.00412053 0.00411998 0.00411943 ... 0.         0.         0.        ]
cvc_x_pos (1751,)
[0. 0. 0. ... 0. 0. 0.]
cvc_x_pos (1751,)
[0. 0. 0. ... 0. 0. 0.]
cvc_x_pos (1751,)
[0. 0. 0. ... 0. 0. 0.]
cvc_x_pos (1751,)
[0. 0. 0. ... 0. 0. 0.]
cvc_x_pos (1751,)
[0. 0. 0. ... 0. 0. 0.]
cvc_x_pos (1751,)
[0. 0. 0. ... 0. 0. 0.]
cvc_x_pos (1751,)
[0. 0. 0. ... 0. 0. 0.]
cvc_x_pos (1751,)
[0. 0. 0. ... 0. 0. 0.]
cvc_x_pos (1751,)
[0. 0. 0. ... 0. 0. 0.]
cvc_x_pos (1751,)
[0. 0. 0. ... 0. 0. 0.]
cvc_x_pos (1751,)
[0. 0. 0. ... 0. 0. 0.]
cvc_x_pos (1751,)
[0. 0. 0. ... 0. 0. 0.]
cvc_x_pos (1751,)
[0. 0. 0. ... 0. 0. 0.]
cvc_x_pos (1751,)
[0. 0. 0. ... 0. 0. 0.]
cvc_x_pos (1751,)
[0. 0. 0. ... 0. 0. 0.]
cvc_x_pos (1751,)
[0. 0. 0. ... 0. 0. 0.]
cvc_x_pos (1751,)
[0.00440083 0.00440083 0.00440082 ... 0.         0.         0.        ]
cvc_x_pos (1751,)
[0. 0. 0. ... 0. 0. 0.]
cvc_x_pos (1751,)
[0.00439768 0.00439747 0.00439725 ... 0.         0.         0.        ]
cvc_x_pos (1751,)
[0. 0. 0. ... 0. 0. 0.]
cvc_x_pos (1751,)
[0.00588533 0.00588456 0.00588378 ... 0.         0.         0.        ]
cvc_x_pos (1751,)
[0. 0. 0. ... 0. 0. 0.]
cvc_x_pos (1751,)
[0. 0. 0. ... 0. 0. 0.]
cvc_x_pos (1751,)
[0. 0. 0. ... 0. 0. 0.]
cvc_x_pos (1751,)
[0. 0. 0. ... 0. 0. 0.]
cvc_x_pos (1751,)
[0. 0. 0. ... 0. 0. 0.]
cvc_x_pos (1751,)
[0. 0. 0. ... 0. 0. 0.]
cvc_x_pos (1751,)
[0. 0. 0. ... 0. 0. 0.]
cvc_x_pos (1751,)
[0. 0. 0. ... 0. 0. 0.]
cvc_x_pos (1751,)
[0. 0. 0. ... 0. 0. 0.]
cvc_x_pos (1751,)
[0. 0. 0. ... 0. 0. 0.]
cvc_x_pos (1751,)
[0. 0. 0. ... 0. 0. 0.]
cvc_x_pos (1751,)
[0. 0. 0. ... 0. 0. 0.]
cvc_x_pos (1751,)
[0. 0. 0. ... 0. 0. 0.]
cvc_x_pos (1751,)
[0. 0. 0. ... 0. 0. 0.]
cvc_x_pos (1751,)
[0. 0. 0. ... 0. 0. 0.]
cvc_x_pos (1751,)
[0.00458074 0.00458062 0.00458049 ... 0.         0.         0.        ]
cvc_x_pos (1751,)
[0.00443881 0.00443827 0.00443771 ... 0.         0.         0.        ]
cvc_x_pos (1751,)
[0.00498447 0.00498408 0.00498367 ... 0.         0.         0.        ]
cvc_x_pos (1751,)
[0.00370445 0.00370475 0.00370506 ... 0.         0.         0.        ]
cvc_x_pos (1751,)
[0. 0. 0. ... 0. 0. 0.]
cvc_x_pos (1751,)
[0. 0. 0. ... 0. 0. 0.]
cvc_x_pos (1751,)
[0. 0. 0. ... 0. 0. 0.]
cvc_x_pos (1751,)
[0. 0. 0. ... 0. 0. 0.]
cvc_x_pos (1751,)
[0. 0. 0. ... 0. 0. 0.]
cvc_x_pos (1751,)
[0. 0. 0. ... 0. 0. 0.]
cvc_x_pos (1751,)
[0. 0. 0. ... 0. 0. 0.]
cvc_x_pos (1751,)
[0. 0. 0. ... 0. 0. 0.]
cvc_x_pos (1751,)
[0. 0. 0. ... 0. 0. 0.]
cvc_x_pos (1751,)
[0. 0. 0. ... 0. 0. 0.]
cvc_x_pos (1751,)
[0. 0. 0. ... 0. 0. 0.]
cvc_x_pos (1751,)
[0. 0. 0. ... 0. 0. 0.]
cvc_x_pos (1751,)
[0. 0. 0. ... 0. 0. 0.]
cvc_x_pos (1751,)
[0. 0. 0. ... 0. 0. 0.]
cvc_x_pos (1751,)
[0. 0. 0. ... 0. 0. 0.]
cvc_x_pos (1751,)
[0.00489418 0.00489425 0.00489431 ... 0.         0.         0.        ]
cvc_x_pos (1751,)
[0. 0. 0. ... 0. 0. 0.]
cvc_x_pos (1751,)
[0. 0. 0. ... 0. 0. 0.]
cvc_x_pos (1751,)
[0. 0. 0. ... 0. 0. 0.]
cvc_x_pos (1751,)
[0. 0. 0. ... 0. 0. 0.]
cvc_x_pos (1751,)
[0. 0. 0. ... 0. 0. 0.]
cvc_x_pos (1751,)
[0. 0. 0. ... 0. 0. 0.]
cvc_x_pos (1751,)
[0. 0. 0. ... 0. 0. 0.]
cvc_x_pos (1751,)
[0. 0. 0. ... 0. 0. 0.]
cvc_x_pos (1751,)
[0. 0. 0. ... 0. 0. 0.]
cvc_x_pos (1751,)
[0. 0. 0. ... 0. 0. 0.]
cvc_x_pos (1751,)
[0.00493585 0.00493548 0.0049351  ... 0.         0.         0.        ]
cvc_x_pos (1751,)
[0.00498936 0.0049886  0.00498784 ... 0.         0.         0.        ]
cvc_x_pos (1751,)
[0.00556983 0.00556947 0.0055691  ... 0.         0.         0.        ]
cvc_x_pos (1751,)
[0. 0. 0. ... 0. 0. 0.]
cvc_x_pos (1751,)
[0.00587526 0.00587617 0.00587707 ... 0.         0.         0.        ]
cvc_x_pos (1751,)
[0. 0. 0. ... 0. 0. 0.]
cvc_x_pos (1751,)
[0. 0. 0. ... 0. 0. 0.]
cvc_x_pos (1751,)
[0. 0. 0. ... 0. 0. 0.]
cvc_x_pos (1751,)
[0. 0. 0. ... 0. 0. 0.]
cvc_x_pos (1751,)
[0. 0. 0. ... 0. 0. 0.]
cvc_x_pos (1751,)
[0. 0. 0. ... 0. 0. 0.]
cvc_x_pos (1751,)
[0. 0. 0. ... 0. 0. 0.]
cvc_x_pos (1751,)
[0. 0. 0. ... 0. 0. 0.]
cvc_x_pos (1751,)
[0. 0. 0. ... 0. 0. 0.]
cvc_x_pos (1751,)
[0. 0. 0. ... 0. 0. 0.]
cvc_x_pos (1751,)
[0. 0. 0. ... 0. 0. 0.]
cvc_x_pos (1751,)
[0. 0. 0. ... 0. 0. 0.]
cvc_x_pos (1751,)
[0.00407131 0.00407075 0.00407019 ... 0.         0.         0.        ]
cvc_x_pos (1751,)
[0. 0. 0. ... 0. 0. 0.]
cvc_x_pos (1751,)
[0. 0. 0. ... 0. 0. 0.]
cvc_x_pos (1751,)
[0. 0. 0. ... 0. 0. 0.]
cvc_x_pos (1751,)
[0. 0. 0. ... 0. 0. 0.]
cvc_x_pos (1751,)
[0. 0. 0. ... 0. 0. 0.]
cvc_x_pos (1751,)
[0. 0. 0. ... 0. 0. 0.]
cvc_x_pos (1751,)
[0. 0. 0. ... 0. 0. 0.]
cvc_x_pos (1751,)
[0. 0. 0. ... 0. 0. 0.]
cvc_x_pos (1751,)
[0. 0. 0. ... 0. 0. 0.]
cvc_x_pos (1751,)
[0. 0. 0. ... 0. 0. 0.]
cvc_x_pos (1751,)
[0. 0. 0. ... 0. 0. 0.]
cvc_x_pos (1751,)
[0. 0. 0. ... 0. 0. 0.]
cvc_x_pos (1751,)
[0. 0. 0. ... 0. 0. 0.]
cvc_x_pos (1751,)
[0. 0. 0. ... 0. 0. 0.]
cvc_x_pos (1751,)
[0. 0. 0. ... 0. 0. 0.]
cvc_x_pos (1751,)
[0. 0. 0. ... 0. 0. 0.]
cvc_x_pos (1751,)
[0. 0. 0. ... 0. 0. 0.]
cvc_x_pos (1751,)
[0. 0. 0. ... 0. 0. 0.]
cvc_x_pos (1751,)
[0. 0. 0. ... 0. 0. 0.]
cvc_x_pos (1751,)
[0. 0. 0. ... 0. 0. 0.]
cvc_x_pos (1751,)
[0. 0. 0. ... 0. 0. 0.]
cvc_x_pos (1751,)
[0. 0. 0. ... 0. 0. 0.]
cvc_x_pos (1751,)
[0.00537515 0.00537584 0.00537653 ... 0.         0.         0.        ]
cvc_x_pos (1751,)
[0. 0. 0. ... 0. 0. 0.]
cvc_x_pos (1751,)
[0.00475476 0.00475485 0.00475493 ... 0.         0.         0.        ]
cvc_x_pos (1751,)
[0. 0. 0. ... 0. 0. 0.]
cvc_x_pos (1751,)
[0.00477643 0.00477659 0.00477674 ... 0.         0.         0.        ]
cvc_x_pos (1751,)
[0. 0. 0. ... 0. 0. 0.]
cvc_x_pos (1751,)
[0. 0. 0. ... 0. 0. 0.]
cvc_x_pos (1751,)
[0. 0. 0. ... 0. 0. 0.]
cvc_x_pos (1751,)
[0. 0. 0. ... 0. 0. 0.]
cvc_x_pos (1751,)
[0. 0. 0. ... 0. 0. 0.]
cvc_x_pos (1751,)
[0. 0. 0. ... 0. 0. 0.]
cvc_x_pos (1751,)
[0. 0. 0. ... 0. 0. 0.]
cvc_x_pos (1751,)
[0. 0. 0. ... 0. 0. 0.]
cvc_x_pos (1751,)
[0. 0. 0. ... 0. 0. 0.]
cvc_x_pos (1751,)
[0. 0. 0. ... 0. 0. 0.]
cvc_x_pos (1751,)
[0.00462789 0.00462842 0.00462895 ... 0.         0.         0.        ]
cvc_x_pos (1751,)
[0. 0. 0. ... 0. 0. 0.]
cvc_x_pos (1751,)
[0. 0. 0. ... 0. 0. 0.]
cvc_x_pos (1751,)
[0. 0. 0. ... 0. 0. 0.]
cvc_x_pos (1751,)
[0. 0. 0. ... 0. 0. 0.]
cvc_x_pos (1751,)
[0. 0. 0. ... 0. 0. 0.]
cvc_x_pos (1751,)
[0. 0. 0. ... 0. 0. 0.]
cvc_x_pos (1751,)
[0. 0. 0. ... 0. 0. 0.]
cvc_x_pos (1751,)
[0. 0. 0. ... 0. 0. 0.]
cvc_x_pos (1751,)
[0. 0. 0. ... 0. 0. 0.]
cvc_x_pos (1751,)
[0. 0. 0. ... 0. 0. 0.]
cvc_x_pos (1751,)
[0. 0. 0. ... 0. 0. 0.]
cvc_x_pos (1751,)
[0. 0. 0. ... 0. 0. 0.]
cvc_x_pos (1751,)
[0. 0. 0. ... 0. 0. 0.]
cvc_x_pos (1751,)
[0. 0. 0. ... 0. 0. 0.]
cvc_x_pos (1751,)
[0. 0. 0. ... 0. 0. 0.]
cvc_x_pos (1751,)
[0. 0. 0. ... 0. 0. 0.]
cvc_x_pos (1751,)
[0. 0. 0. ... 0. 0. 0.]
cvc_x_pos (1751,)
[0. 0. 0. ... 0. 0. 0.]
cvc_x_pos (1751,)
[0. 0. 0. ... 0. 0. 0.]
cvc_x_pos (1751,)
[0. 0. 0. ... 0. 0. 0.]
cvc_x_pos (1751,)
[0. 0. 0. ... 0. 0. 0.]
cvc_x_pos (1751,)
[0. 0. 0. ... 0. 0. 0.]
cvc_x_pos (1751,)
[0. 0. 0. ... 0. 0. 0.]
cvc_x_pos (1751,)
[0. 0. 0. ... 0. 0. 0.]
cvc_x_pos (1751,)
[0. 0. 0. ... 0. 0. 0.]
cvc_x_pos (1751,)
[0. 0. 0. ... 0. 0. 0.]
cvc_x_pos (1751,)
[0. 0. 0. ... 0. 0. 0.]
cvc_x_pos (1751,)
[0. 0. 0. ... 0. 0. 0.]
cvc_x_pos (1751,)
[0. 0. 0. ... 0. 0. 0.]
cvc_x_pos (1751,)
[0.00402875 0.00402819 0.00402762 ... 0.         0.         0.        ]
cvc_x_pos (1751,)
[0.00466662 0.00466669 0.00466675 ... 0.         0.         0.        ]
cvc_x_pos (1751,)
[0. 0. 0. ... 0. 0. 0.]
cvc_x_pos (1751,)
[0.00458164 0.00458164 0.00458162 ... 0.         0.         0.        ]
cvc_x_pos (1751,)
[0. 0. 0. ... 0. 0. 0.]
cvc_x_pos (1751,)
[0.0059719  0.00597202 0.00597212 ... 0.         0.         0.        ]
cvc_x_pos (1751,)
[0. 0. 0. ... 0. 0. 0.]
cvc_x_pos (1751,)
[0.00449446 0.00449473 0.00449499 ... 0.         0.         0.        ]
cvc_x_pos (1751,)
[0.00422378 0.00422321 0.00422264 ... 0.         0.         0.        ]
cvc_x_pos (1751,)
[0. 0. 0. ... 0. 0. 0.]
cvc_x_pos (1751,)
[0. 0. 0. ... 0. 0. 0.]
cvc_x_pos (1751,)
[0. 0. 0. ... 0. 0. 0.]
cvc_x_pos (1751,)
[0. 0. 0. ... 0. 0. 0.]
cvc_x_pos (1751,)
[0. 0. 0. ... 0. 0. 0.]
cvc_x_pos (1751,)
[0. 0. 0. ... 0. 0. 0.]
cvc_x_pos (1751,)
[0. 0. 0. ... 0. 0. 0.]
cvc_x_pos (1751,)
[0. 0. 0. ... 0. 0. 0.]
cvc_x_pos (1751,)
[0.00508903 0.00508982 0.0050906  ... 0.         0.         0.        ]
cvc_x_pos (1751,)
[0. 0. 0. ... 0. 0. 0.]
cvc_x_pos (1751,)
[0. 0. 0. ... 0. 0. 0.]
cvc_x_pos (1751,)
[0. 0. 0. ... 0. 0. 0.]
cvc_x_pos (1751,)
[0. 0. 0. ... 0. 0. 0.]
cvc_x_pos (1751,)
[0. 0. 0. ... 0. 0. 0.]
cvc_x_pos (1751,)
[0. 0. 0. ... 0. 0. 0.]
cvc_x_pos (1751,)
[0. 0. 0. ... 0. 0. 0.]
cvc_x_pos (1751,)
[0. 0. 0. ... 0. 0. 0.]
cvc_x_pos (1751,)
[0. 0. 0. ... 0. 0. 0.]
cvc_x_pos (1751,)
[0. 0. 0. ... 0. 0. 0.]
cvc_x_pos (1751,)
[0. 0. 0. ... 0. 0. 0.]
cvc_x_pos (1751,)
[0. 0. 0. ... 0. 0. 0.]
cvc_x_pos (1751,)
[0. 0. 0. ... 0. 0. 0.]
cvc_x_pos (1751,)
[0. 0. 0. ... 0. 0. 0.]
cvc_x_pos (1751,)
[0. 0. 0. ... 0. 0. 0.]
cvc_x_pos (1751,)
[0. 0. 0. ... 0. 0. 0.]
cvc_x_pos (1751,)
[0. 0. 0. ... 0. 0. 0.]
cvc_x_pos (1751,)
[0. 0. 0. ... 0. 0. 0.]
cvc_x_pos (1751,)
[0. 0. 0. ... 0. 0. 0.]
cvc_x_pos (1751,)
[0. 0. 0. ... 0. 0. 0.]
cvc_x_pos (1751,)
[0. 0. 0. ... 0. 0. 0.]
cvc_x_pos (1751,)
[0. 0. 0. ... 0. 0. 0.]
cvc_x_pos (1751,)
[0. 0. 0. ... 0. 0. 0.]
cvc_x_pos (1751,)
[0. 0. 0. ... 0. 0. 0.]
cvc_x_pos (1751,)
[0. 0. 0. ... 0. 0. 0.]
cvc_x_pos (1751,)
[0. 0. 0. ... 0. 0. 0.]
cvc_x_pos (1751,)
[0. 0. 0. ... 0. 0. 0.]
cvc_x_pos (1751,)
[0. 0. 0. ... 0. 0. 0.]
cvc_x_pos (1751,)
[0. 0. 0. ... 0. 0. 0.]
cvc_x_pos (1751,)
[0. 0. 0. ... 0. 0. 0.]
cvc_x_pos (1751,)
[0. 0. 0. ... 0. 0. 0.]
cvc_x_pos (1751,)
[0. 0. 0. ... 0. 0. 0.]
cvc_x_pos (1751,)
[0. 0. 0. ... 0. 0. 0.]
cvc_x_pos (1751,)
[0. 0. 0. ... 0. 0. 0.]
cvc_x_pos (1751,)
[0. 0. 0. ... 0. 0. 0.]
cvc_x_pos (1751,)
[0. 0. 0. ... 0. 0. 0.]
cvc_x_pos (1751,)
[0. 0. 0. ... 0. 0. 0.]
cvc_x_pos (1751,)
[0. 0. 0. ... 0. 0. 0.]
cvc_x_pos (1751,)
[0. 0. 0. ... 0. 0. 0.]
cvc_x_pos (1751,)
[0. 0. 0. ... 0. 0. 0.]
cvc_x_pos (1751,)
[0.00492524 0.00492466 0.00492407 ... 0.         0.         0.        ]
cvc_x_pos (1751,)
[0.00489512 0.00489415 0.         ... 0.         0.         0.        ]
cvc_x_pos (1751,)
[0.00374395 0.00374397 0.00374398 ... 0.         0.         0.        ]
cvc_x_pos (1751,)
[0. 0. 0. ... 0. 0. 0.]
cvc_x_pos (1751,)
[0. 0. 0. ... 0. 0. 0.]
cvc_x_pos (1751,)
[0.00485944 0.00485989 0.00486033 ... 0.         0.         0.        ]
cvc_x_pos (1751,)
[0.00423211 0.00423146 0.00423081 ... 0.         0.         0.        ]
cvc_x_pos (1751,)
[0. 0. 0. ... 0. 0. 0.]
cvc_x_pos (1751,)
[0. 0. 0. ... 0. 0. 0.]
cvc_x_pos (1751,)
[0. 0. 0. ... 0. 0. 0.]
cvc_x_pos (1751,)
[0. 0. 0. ... 0. 0. 0.]
cvc_x_pos (1751,)
[0. 0. 0. ... 0. 0. 0.]
cvc_x_pos (1751,)
[0. 0. 0. ... 0. 0. 0.]
cvc_x_pos (1751,)
[0. 0. 0. ... 0. 0. 0.]
cvc_x_pos (1751,)
[0. 0. 0. ... 0. 0. 0.]
cvc_x_pos (1751,)
[0. 0. 0. ... 0. 0. 0.]
cvc_x_pos (1751,)
[0. 0. 0. ... 0. 0. 0.]
cvc_x_pos (1751,)
[0. 0. 0. ... 0. 0. 0.]
cvc_x_pos (1751,)
[0. 0. 0. ... 0. 0. 0.]
cvc_x_pos (1751,)
[0. 0. 0. ... 0. 0. 0.]
cvc_x_pos (1751,)
[0. 0. 0. ... 0. 0. 0.]
cvc_x_pos (1751,)
[0. 0. 0. ... 0. 0. 0.]
cvc_x_pos (1751,)
[0. 0. 0. ... 0. 0. 0.]
cvc_x_pos (1751,)
[0. 0. 0. ... 0. 0. 0.]
cvc_x_pos (1751,)
[0. 0. 0. ... 0. 0. 0.]
cvc_x_pos (1751,)
[0. 0. 0. ... 0. 0. 0.]
cvc_x_pos (1751,)
[0. 0. 0. ... 0. 0. 0.]
cvc_x_pos (1751,)
[0. 0. 0. ... 0. 0. 0.]
cvc_x_pos (1751,)
[0. 0. 0. ... 0. 0. 0.]
cvc_x_pos (1751,)
[0. 0. 0. ... 0. 0. 0.]
cvc_x_pos (1751,)
[0. 0. 0. ... 0. 0. 0.]
cvc_x_pos (1751,)
[0. 0. 0. ... 0. 0. 0.]
cvc_x_pos (1751,)
[0. 0. 0. ... 0. 0. 0.]
cvc_x_pos (1751,)
[0. 0. 0. ... 0. 0. 0.]
cvc_x_pos (1751,)
[0. 0. 0. ... 0. 0. 0.]
cvc_x_pos (1751,)
[0. 0. 0. ... 0. 0. 0.]
cvc_x_pos (1751,)
[0. 0. 0. ... 0. 0. 0.]
cvc_x_pos (1751,)
[0. 0. 0. ... 0. 0. 0.]
cvc_x_pos (1751,)
[0. 0. 0. ... 0. 0. 0.]
cvc_x_pos (1751,)
[0. 0. 0. ... 0. 0. 0.]
cvc_x_pos (1751,)
[0. 0. 0. ... 0. 0. 0.]
cvc_x_pos (1751,)
[0. 0. 0. ... 0. 0. 0.]
cvc_x_pos (1751,)
[0. 0. 0. ... 0. 0. 0.]
cvc_x_pos (1751,)
[0. 0. 0. ... 0. 0. 0.]
cvc_x_pos (1751,)
[0. 0. 0. ... 0. 0. 0.]
cvc_x_pos (1751,)
[0. 0. 0. ... 0. 0. 0.]
cvc_x_pos (1751,)
[0. 0. 0. ... 0. 0. 0.]
cvc_x_pos (1751,)
[0. 0. 0. ... 0. 0. 0.]
cvc_x_pos (1751,)
[0. 0. 0. ... 0. 0. 0.]
cvc_x_pos (1751,)
[0. 0. 0. ... 0. 0. 0.]
cvc_x_pos (1751,)
[0.00479522 0.00479553 0.00479583 ... 0.         0.         0.        ]
cvc_x_pos (1751,)
[0.00541793 0.00541754 0.00541713 ... 0.         0.         0.        ]
cvc_x_pos (1751,)
[0. 0. 0. ... 0. 0. 0.]
cvc_x_pos (1751,)
[0.00506499 0.00506475 0.00506451 ... 0.         0.         0.        ]
cvc_x_pos (1751,)
[0. 0. 0. ... 0. 0. 0.]
cvc_x_pos (1751,)
[0.00494694 0.00494629 0.00494563 ... 0.         0.         0.        ]
cvc_x_pos (1751,)
[0. 0. 0. ... 0. 0. 0.]
cvc_x_pos (1751,)
[0.00430599 0.00430591 0.00430583 ... 0.         0.         0.        ]
cvc_x_pos (1751,)
[0.00394519 0.00394562 0.00394604 ... 0.         0.         0.        ]
cvc_x_pos (1751,)
[0. 0. 0. ... 0. 0. 0.]
cvc_x_pos (1751,)
[0. 0. 0. ... 0. 0. 0.]
cvc_x_pos (1751,)
[0. 0. 0. ... 0. 0. 0.]
cvc_x_pos (1751,)
[0. 0. 0. ... 0. 0. 0.]
cvc_x_pos (1751,)
[0. 0. 0. ... 0. 0. 0.]
cvc_x_pos (1751,)
[0. 0. 0. ... 0. 0. 0.]
cvc_x_pos (1751,)
[0. 0. 0. ... 0. 0. 0.]
cvc_x_pos (1751,)
[0. 0. 0. ... 0. 0. 0.]
cvc_x_pos (1751,)
[0. 0. 0. ... 0. 0. 0.]
cvc_x_pos (1751,)
[0. 0. 0. ... 0. 0. 0.]
cvc_x_pos (1751,)
[0. 0. 0. ... 0. 0. 0.]
cvc_x_pos (1751,)
[0. 0. 0. ... 0. 0. 0.]
cvc_x_pos (1751,)
[0. 0. 0. ... 0. 0. 0.]
cvc_x_pos (1751,)
[0. 0. 0. ... 0. 0. 0.]
cvc_x_pos (1751,)
[0. 0. 0. ... 0. 0. 0.]
cvc_x_pos (1751,)
[0. 0. 0. ... 0. 0. 0.]
cvc_x_pos (1751,)
[0. 0. 0. ... 0. 0. 0.]
cvc_x_pos (1751,)
[0. 0. 0. ... 0. 0. 0.]
cvc_x_pos (1751,)
[0. 0. 0. ... 0. 0. 0.]
cvc_x_pos (1751,)
[0. 0. 0. ... 0. 0. 0.]
cvc_x_pos (1751,)
[0. 0. 0. ... 0. 0. 0.]
cvc_x_pos (1751,)
[0. 0. 0. ... 0. 0. 0.]
cvc_x_pos (1751,)
[0. 0. 0. ... 0. 0. 0.]
cvc_x_pos (1751,)
[0. 0. 0. ... 0. 0. 0.]
cvc_x_pos (1751,)
[0. 0. 0. ... 0. 0. 0.]
cvc_x_pos (1751,)
[0. 0. 0. ... 0. 0. 0.]
cvc_x_pos (1751,)
[0. 0. 0. ... 0. 0. 0.]
cvc_x_pos (1751,)
[0. 0. 0. ... 0. 0. 0.]
cvc_x_pos (1751,)
[0. 0. 0. ... 0. 0. 0.]
cvc_x_pos (1751,)
[0. 0. 0. ... 0. 0. 0.]
cvc_x_pos (1751,)
[0. 0. 0. ... 0. 0. 0.]
cvc_x_pos (1751,)
[0. 0. 0. ... 0. 0. 0.]
cvc_x_pos (1751,)
[0. 0. 0. ... 0. 0. 0.]
cvc_x_pos (1751,)
[0.00543104 0.00543224 0.00543342 ... 0.         0.         0.        ]
cvc_x_pos (1751,)
[0.00423076 0.00423094 0.00423112 ... 0.         0.         0.        ]
cvc_x_pos (1751,)
[0.00448208 0.00448278 0.00448347 ... 0.         0.         0.        ]
cvc_x_pos (1751,)
[0. 0. 0. ... 0. 0. 0.]
cvc_x_pos (1751,)
[0. 0. 0. ... 0. 0. 0.]
cvc_x_pos (1751,)
[0.00389966 0.00389987 0.00390008 ... 0.         0.         0.        ]
cvc_x_pos (1751,)
[0.00330333 0.00330365 0.00330397 ... 0.         0.         0.        ]
cvc_x_pos (1751,)
[0. 0. 0. ... 0. 0. 0.]
cvc_x_pos (1751,)
[0. 0. 0. ... 0. 0. 0.]
cvc_x_pos (1751,)
[0. 0. 0. ... 0. 0. 0.]
cvc_x_pos (1751,)
[0. 0. 0. ... 0. 0. 0.]
cvc_x_pos (1751,)
[0. 0. 0. ... 0. 0. 0.]
cvc_x_pos (1751,)
[0. 0. 0. ... 0. 0. 0.]
cvc_x_pos (1751,)
[0. 0. 0. ... 0. 0. 0.]
cvc_x_pos (1751,)
[0. 0. 0. ... 0. 0. 0.]
cvc_x_pos (1751,)
[0. 0. 0. ... 0. 0. 0.]
cvc_x_pos (1751,)
[0. 0. 0. ... 0. 0. 0.]
cvc_x_pos (1751,)
[0. 0. 0. ... 0. 0. 0.]
cvc_x_pos (1751,)
[0. 0. 0. ... 0. 0. 0.]
cvc_x_pos (1751,)
[0. 0. 0. ... 0. 0. 0.]
cvc_x_pos (1751,)
[0. 0. 0. ... 0. 0. 0.]
cvc_x_pos (1751,)
[0. 0. 0. ... 0. 0. 0.]
cvc_x_pos (1751,)
[0. 0. 0. ... 0. 0. 0.]
cvc_x_pos (1751,)
[0. 0. 0. ... 0. 0. 0.]
cvc_x_pos (1751,)
[0. 0. 0. ... 0. 0. 0.]
cvc_x_pos (1751,)
[0. 0. 0. ... 0. 0. 0.]
cvc_x_pos (1751,)
[0. 0. 0. ... 0. 0. 0.]
cvc_x_pos (1751,)
[0.00369089 0.00369132 0.00369174 ... 0.         0.         0.        ]
cvc_x_pos (1751,)
[0. 0. 0. ... 0. 0. 0.]
cvc_x_pos (1751,)
[0. 0. 0. ... 0. 0. 0.]
cvc_x_pos (1751,)
[0. 0. 0. ... 0. 0. 0.]
cvc_x_pos (1751,)
[0.00546387 0.00546501 0.00546613 ... 0.         0.         0.        ]
cvc_x_pos (1751,)
[0. 0. 0. ... 0. 0. 0.]
cvc_x_pos (1751,)
[0.00432488 0.00432484 0.00432481 ... 0.         0.         0.        ]
cvc_x_pos (1751,)
[0. 0. 0. ... 0. 0. 0.]
cvc_x_pos (1751,)
[0.00473351 0.00473411 0.00473471 ... 0.         0.         0.        ]
cvc_x_pos (1751,)
[0.00443957 0.00443952 0.00443947 ... 0.         0.         0.        ]
cvc_x_pos (1751,)
[0. 0. 0. ... 0. 0. 0.]
cvc_x_pos (1751,)
[0. 0. 0. ... 0. 0. 0.]
cvc_x_pos (1751,)
[0. 0. 0. ... 0. 0. 0.]
cvc_x_pos (1751,)
[0. 0. 0. ... 0. 0. 0.]
cvc_x_pos (1751,)
[0. 0. 0. ... 0. 0. 0.]
cvc_x_pos (1751,)
[0. 0. 0. ... 0. 0. 0.]
cvc_x_pos (1751,)
[0. 0. 0. ... 0. 0. 0.]
cvc_x_pos (1751,)
[0. 0. 0. ... 0. 0. 0.]
cvc_x_pos (1751,)
[0. 0. 0. ... 0. 0. 0.]
cvc_x_pos (1751,)
[0. 0. 0. ... 0. 0. 0.]
cvc_x_pos (1751,)
[0. 0. 0. ... 0. 0. 0.]
cvc_x_pos (1751,)
[0. 0. 0. ... 0. 0. 0.]
cvc_x_pos (1751,)
[0. 0. 0. ... 0. 0. 0.]
cvc_x_pos (1751,)
[0. 0. 0. ... 0. 0. 0.]
cvc_x_pos (1751,)
[0. 0. 0. ... 0. 0. 0.]
cvc_x_pos (1751,)
[0. 0. 0. ... 0. 0. 0.]
cvc_x_pos (1751,)
[0.00501483 0.00501502 0.00501521 ... 0.         0.         0.        ]
cvc_x_pos (1751,)
[0. 0. 0. ... 0. 0. 0.]
cvc_x_pos (1751,)
[0.0049075  0.00490831 0.00490911 ... 0.         0.         0.        ]
cvc_x_pos (1751,)
[0. 0. 0. ... 0. 0. 0.]
cvc_x_pos (1751,)
[0.00494258 0.00494264 0.0049427  ... 0.         0.         0.        ]
cvc_x_pos (1751,)
[0. 0. 0. ... 0. 0. 0.]
cvc_x_pos (1751,)
[0.00429527 0.00429489 0.00429451 ... 0.         0.         0.        ]
cvc_x_pos (1751,)
[0. 0. 0. ... 0. 0. 0.]
cvc_x_pos (1751,)
[0. 0. 0. ... 0. 0. 0.]
cvc_x_pos (1751,)
[0. 0. 0. ... 0. 0. 0.]
cvc_x_pos (1751,)
[0. 0. 0. ... 0. 0. 0.]
cvc_x_pos (1751,)
[0. 0. 0. ... 0. 0. 0.]
cvc_x_pos (1751,)
[0. 0. 0. ... 0. 0. 0.]
cvc_x_pos (1751,)
[0. 0. 0. ... 0. 0. 0.]
cvc_x_pos (1751,)
[0.         0.00517442 0.00517548 ... 0.         0.         0.        ]
cvc_x_pos (1751,)
[0.00383889 0.00383832 0.00383774 ... 0.         0.         0.        ]
cvc_x_pos (1751,)
[0. 0. 0. ... 0. 0. 0.]
cvc_x_pos (1751,)
[0.0044788  0.00447871 0.00447861 ... 0.         0.         0.        ]
cvc_x_pos (1751,)
[0. 0. 0. ... 0. 0. 0.]
cvc_x_pos (1751,)
[0.0053765  0.00537581 0.00537511 ... 0.         0.         0.        ]
cvc_x_pos (1751,)
[0.00497884 0.00497968 0.00498052 ... 0.         0.         0.        ]
cvc_x_pos (1751,)
[0. 0. 0. ... 0. 0. 0.]
cvc_x_pos (1751,)
[0. 0. 0. ... 0. 0. 0.]
cvc_x_pos (1751,)
[0. 0. 0. ... 0. 0. 0.]
cvc_x_pos (1751,)
[0. 0. 0. ... 0. 0. 0.]
cvc_x_pos (1751,)
[0.00461779 0.0046181  0.00461841 ... 0.         0.         0.        ]
cvc_x_pos (1751,)
[0.00517014 0.00516935 0.00516856 ... 0.         0.         0.        ]
cvc_x_pos (1751,)
[0. 0. 0. ... 0. 0. 0.]
cvc_x_pos (1751,)
[0.00503504 0.00503465 0.00503425 ... 0.         0.         0.        ]
cvc_x_pos (1751,)
[0. 0. 0. ... 0. 0. 0.]
cvc_x_pos (1751,)
[0.00401291 0.00401283 0.00401273 ... 0.         0.         0.        ]
cvc_x_pos (1751,)
[0.00448212 0.00448137 0.00448061 ... 0.         0.         0.        ]
cvc_x_pos (1751,)
[0.00406141 0.00406151 0.0040616  ... 0.         0.         0.        ]
cvc_x_pos (1751,)
[0. 0. 0. ... 0. 0. 0.]
cvc_x_pos (1751,)
[0. 0. 0. ... 0. 0. 0.]
cvc_x_pos (1751,)
[0. 0. 0. ... 0. 0. 0.]
cvc_x_pos (1751,)
[0.00480872 0.00480951 0.0048103  ... 0.         0.         0.        ]
cvc_x_pos (1751,)
[0.00531342 0.00531266 0.00531189 ... 0.         0.         0.        ]
cvc_x_pos (1751,)
[0. 0. 0. ... 0. 0. 0.]
cvc_x_pos (1751,)
[0. 0. 0. ... 0. 0. 0.]
cvc_x_pos (1751,)
[0. 0. 0. ... 0. 0. 0.]
cvc_x_pos (1751,)
[0. 0. 0. ... 0. 0. 0.]
cvc_x_pos (1751,)
[0. 0. 0. ... 0. 0. 0.]
cvc_x_pos (1751,)
[0. 0. 0. ... 0. 0. 0.]
cvc_x_pos (1751,)
[0. 0. 0. ... 0. 0. 0.]
cvc_x_pos (1751,)
[0. 0. 0. ... 0. 0. 0.]
cvc_x_pos (1751,)
[0. 0. 0. ... 0. 0. 0.]
cvc_x_pos (1751,)
[0. 0. 0. ... 0. 0. 0.]
cvc_x_pos (1751,)
[0.0047577  0.0047571  0.00475648 ... 0.         0.         0.        ]
cvc_x_pos (1751,)
[0.00453751 0.00453668 0.         ... 0.         0.         0.        ]
cvc_x_pos (1751,)
[0.00430272 0.00430293 0.00430314 ... 0.         0.         0.        ]
cvc_x_pos (1751,)
[0. 0. 0. ... 0. 0. 0.]
cvc_x_pos (1751,)
[0.00382967 0.00382964 0.00382961 ... 0.         0.         0.        ]
cvc_x_pos (1751,)
[0.00524572 0.00524529 0.00524485 ... 0.         0.         0.        ]
cvc_x_pos (1751,)
[0. 0. 0. ... 0. 0. 0.]
cvc_x_pos (1751,)
[0.00472557 0.00472521 0.00472484 ... 0.         0.         0.        ]
cvc_x_pos (1751,)
[0. 0. 0. ... 0. 0. 0.]
cvc_x_pos (1751,)
[0. 0. 0. ... 0. 0. 0.]
cvc_x_pos (1751,)
[0. 0. 0. ... 0. 0. 0.]
cvc_x_pos (1751,)
[0. 0. 0. ... 0. 0. 0.]
cvc_x_pos (1751,)
[0. 0. 0. ... 0. 0. 0.]
cvc_x_pos (1751,)
[0. 0. 0. ... 0. 0. 0.]
cvc_x_pos (1751,)
[0. 0. 0. ... 0. 0. 0.]
cvc_x_pos (1751,)
[0. 0. 0. ... 0. 0. 0.]
cvc_x_pos (1751,)
[0. 0. 0. ... 0. 0. 0.]
cvc_x_pos (1751,)
[0. 0. 0. ... 0. 0. 0.]
cvc_x_pos (1751,)
[0. 0. 0. ... 0. 0. 0.]
cvc_x_pos (1751,)
[0. 0. 0. ... 0. 0. 0.]
cvc_x_pos (1751,)
[0. 0. 0. ... 0. 0. 0.]
cvc_x_pos (1751,)
[0. 0. 0. ... 0. 0. 0.]
cvc_x_pos (1751,)
[0. 0. 0. ... 0. 0. 0.]
cvc_x_pos (1751,)
[0. 0. 0. ... 0. 0. 0.]
cvc_x_pos (1751,)
[0. 0. 0. ... 0. 0. 0.]
cvc_x_pos (1751,)
[0. 0. 0. ... 0. 0. 0.]
cvc_x_pos (1751,)
[0. 0. 0. ... 0. 0. 0.]
cvc_x_pos (1751,)
[0. 0. 0. ... 0. 0. 0.]
cvc_x_pos (1751,)
[0. 0. 0. ... 0. 0. 0.]
cvc_x_pos (1751,)
[0. 0. 0. ... 0. 0. 0.]
cvc_x_pos (1751,)
[0. 0. 0. ... 0. 0. 0.]
cvc_x_pos (1751,)
[0.00455001 0.0045496  0.00454918 ... 0.         0.         0.        ]
cvc_x_pos (1751,)
[0.00593486 0.00593457 0.00593427 ... 0.         0.         0.        ]
cvc_x_pos (1751,)
[0.00428794 0.00428841 0.00428888 ... 0.         0.         0.        ]
cvc_x_pos (1751,)
[0. 0. 0. ... 0. 0. 0.]
cvc_x_pos (1751,)
[0. 0. 0. ... 0. 0. 0.]
cvc_x_pos (1751,)
[0. 0. 0. ... 0. 0. 0.]
cvc_x_pos (1751,)
[0. 0. 0. ... 0. 0. 0.]
cvc_x_pos (1751,)
[0. 0. 0. ... 0. 0. 0.]
cvc_x_pos (1751,)
[0. 0. 0. ... 0. 0. 0.]
cvc_x_pos (1751,)
[0. 0. 0. ... 0. 0. 0.]
cvc_x_pos (1751,)
[0. 0. 0. ... 0. 0. 0.]
cvc_x_pos (1751,)
[0. 0. 0. ... 0. 0. 0.]
cvc_x_pos (1751,)
[0. 0. 0. ... 0. 0. 0.]
cvc_x_pos (1751,)
[0. 0. 0. ... 0. 0. 0.]
cvc_x_pos (1751,)
[0. 0. 0. ... 0. 0. 0.]
cvc_x_pos (1751,)
[0. 0. 0. ... 0. 0. 0.]
cvc_x_pos (1751,)
[0. 0. 0. ... 0. 0. 0.]
cvc_x_pos (1751,)
[0. 0. 0. ... 0. 0. 0.]
cvc_x_pos (1751,)
[0. 0. 0. ... 0. 0. 0.]
cvc_x_pos (1751,)
[0. 0. 0. ... 0. 0. 0.]
cvc_x_pos (1751,)
[0. 0. 0. ... 0. 0. 0.]
cvc_x_pos (1751,)
[0. 0. 0. ... 0. 0. 0.]
cvc_x_pos (1751,)
[0. 0. 0. ... 0. 0. 0.]
cvc_x_pos (1751,)
[0. 0. 0. ... 0. 0. 0.]
cvc_x_pos (1751,)
[0. 0. 0. ... 0. 0. 0.]
cvc_x_pos (1751,)
[0. 0. 0. ... 0. 0. 0.]
cvc_x_pos (1751,)
[0. 0. 0. ... 0. 0. 0.]
cvc_x_pos (1751,)
[0. 0. 0. ... 0. 0. 0.]
cvc_x_pos (1751,)
[0. 0. 0. ... 0. 0. 0.]
cvc_x_pos (1751,)
[0. 0. 0. ... 0. 0. 0.]
cvc_x_pos (1751,)
[0. 0. 0. ... 0. 0. 0.]
cvc_x_pos (1751,)
[0. 0. 0. ... 0. 0. 0.]
cvc_x_pos (1751,)
[0. 0. 0. ... 0. 0. 0.]
cvc_x_pos (1751,)
[0. 0. 0. ... 0. 0. 0.]
cvc_x_pos (1751,)
[0. 0. 0. ... 0. 0. 0.]
cvc_x_pos (1751,)
[0. 0. 0. ... 0. 0. 0.]
cvc_x_pos (1751,)
[0.00445925 0.0044587  0.00445815 ... 0.         0.         0.        ]
cvc_x_pos (1751,)
[0. 0. 0. ... 0. 0. 0.]
cvc_x_pos (1751,)
[0.00539197 0.00539171 0.00539143 ... 0.         0.         0.        ]
cvc_x_pos (1751,)
[0. 0. 0. ... 0. 0. 0.]
cvc_x_pos (1751,)
[0.00486537 0.00486505 0.00486472 ... 0.         0.         0.        ]
cvc_x_pos (1751,)
[0. 0. 0. ... 0. 0. 0.]
cvc_x_pos (1751,)
[0.00457637 0.00457665 0.00457692 ... 0.         0.         0.        ]
cvc_x_pos (1751,)
[0. 0. 0. ... 0. 0. 0.]
cvc_x_pos (1751,)
[0. 0. 0. ... 0. 0. 0.]
cvc_x_pos (1751,)
[0. 0. 0. ... 0. 0. 0.]
cvc_x_pos (1751,)
[0. 0. 0. ... 0. 0. 0.]
cvc_x_pos (1751,)
[0. 0. 0. ... 0. 0. 0.]
cvc_x_pos (1751,)
[0. 0. 0. ... 0. 0. 0.]
cvc_x_pos (1751,)
[0. 0. 0. ... 0. 0. 0.]
cvc_x_pos (1751,)
[0. 0. 0. ... 0. 0. 0.]
cvc_x_pos (1751,)
[0. 0. 0. ... 0. 0. 0.]
cvc_x_pos (1751,)
[0. 0. 0. ... 0. 0. 0.]
cvc_x_pos (1751,)
[0. 0. 0. ... 0. 0. 0.]
cvc_x_pos (1751,)
[0. 0. 0. ... 0. 0. 0.]
cvc_x_pos (1751,)
[0. 0. 0. ... 0. 0. 0.]
cvc_x_pos (1751,)
[0. 0. 0. ... 0. 0. 0.]
cvc_x_pos (1751,)
[0. 0. 0. ... 0. 0. 0.]
cvc_x_pos (1751,)
[0. 0. 0. ... 0. 0. 0.]
cvc_x_pos (1751,)
[0. 0. 0. ... 0. 0. 0.]
cvc_x_pos (1751,)
[0. 0. 0. ... 0. 0. 0.]
cvc_x_pos (1751,)
[0. 0. 0. ... 0. 0. 0.]
cvc_x_pos (1751,)
[0. 0. 0. ... 0. 0. 0.]
cvc_x_pos (1751,)
[0. 0. 0. ... 0. 0. 0.]
cvc_x_pos (1751,)
[0. 0. 0. ... 0. 0. 0.]
cvc_x_pos (1751,)
[0. 0. 0. ... 0. 0. 0.]
cvc_x_pos (1751,)
[0. 0. 0. ... 0. 0. 0.]
cvc_x_pos (1751,)
[0. 0. 0. ... 0. 0. 0.]
cvc_x_pos (1751,)
[0. 0. 0. ... 0. 0. 0.]
cvc_x_pos (1751,)
[0. 0. 0. ... 0. 0. 0.]
cvc_x_pos (1751,)
[0. 0. 0. ... 0. 0. 0.]
cvc_x_pos (1751,)
[0. 0. 0. ... 0. 0. 0.]
cvc_x_pos (1751,)
[0. 0. 0. ... 0. 0. 0.]
cvc_x_pos (1751,)
[0. 0. 0. ... 0. 0. 0.]
cvc_x_pos (1751,)
[0. 0. 0. ... 0. 0. 0.]
cvc_x_pos (1751,)
[0. 0. 0. ... 0. 0. 0.]
cvc_x_pos (1751,)
[0. 0. 0. ... 0. 0. 0.]
cvc_x_pos (1751,)
[0. 0. 0. ... 0. 0. 0.]
cvc_x_pos (1751,)
[0. 0. 0. ... 0. 0. 0.]
cvc_x_pos (1751,)
[0. 0. 0. ... 0. 0. 0.]
cvc_x_pos (1751,)
[0. 0. 0. ... 0. 0. 0.]
cvc_x_pos (1751,)
[0. 0. 0. ... 0. 0. 0.]
cvc_x_pos (1751,)
[0. 0. 0. ... 0. 0. 0.]
cvc_x_pos (1751,)
[0. 0. 0. ... 0. 0. 0.]
cvc_x_pos (1751,)
[0. 0. 0. ... 0. 0. 0.]
cvc_x_pos (1751,)
[0.00358811 0.00358774 0.00358736 ... 0.         0.         0.        ]
cvc_x_pos (1751,)
[0.00505552 0.00505501 0.00505449 ... 0.         0.         0.        ]
cvc_x_pos (1751,)
[0. 0. 0. ... 0. 0. 0.]
cvc_x_pos (1751,)
[0.00430011 0.00429952 0.00429891 ... 0.         0.         0.        ]
cvc_x_pos (1751,)
[0.00508189 0.00508102 0.00508015 ... 0.         0.         0.        ]
cvc_x_pos (1751,)
[0.00480057 0.00480051 0.00480045 ... 0.         0.         0.        ]
cvc_x_pos (1751,)
[0. 0. 0. ... 0. 0. 0.]
cvc_x_pos (1751,)
[0.00524939 0.00524969 0.00524997 ... 0.         0.         0.        ]
cvc_x_pos (1751,)
[0. 0. 0. ... 0. 0. 0.]
cvc_x_pos (1751,)
[0. 0. 0. ... 0. 0. 0.]
cvc_x_pos (1751,)
[0. 0. 0. ... 0. 0. 0.]
cvc_x_pos (1751,)
[0. 0. 0. ... 0. 0. 0.]
cvc_x_pos (1751,)
[0. 0. 0. ... 0. 0. 0.]
cvc_x_pos (1751,)
[0. 0. 0. ... 0. 0. 0.]
cvc_x_pos (1751,)
[0. 0. 0. ... 0. 0. 0.]
cvc_x_pos (1751,)
[0. 0. 0. ... 0. 0. 0.]
cvc_x_pos (1751,)
[0. 0. 0. ... 0. 0. 0.]
cvc_x_pos (1751,)
[0. 0. 0. ... 0. 0. 0.]
cvc_x_pos (1751,)
[0. 0. 0. ... 0. 0. 0.]
cvc_x_pos (1751,)
[0. 0. 0. ... 0. 0. 0.]
cvc_x_pos (1751,)
[0. 0. 0. ... 0. 0. 0.]
cvc_x_pos (1751,)
[0. 0. 0. ... 0. 0. 0.]
cvc_x_pos (1751,)
[0. 0. 0. ... 0. 0. 0.]
cvc_x_pos (1751,)
[0. 0. 0. ... 0. 0. 0.]
cvc_x_pos (1751,)
[0. 0. 0. ... 0. 0. 0.]
cvc_x_pos (1751,)
[0. 0. 0. ... 0. 0. 0.]
cvc_x_pos (1751,)
[0. 0. 0. ... 0. 0. 0.]
cvc_x_pos (1751,)
[0. 0. 0. ... 0. 0. 0.]
cvc_x_pos (1751,)
[0. 0. 0. ... 0. 0. 0.]
cvc_x_pos (1751,)
[0. 0. 0. ... 0. 0. 0.]
cvc_x_pos (1751,)
[0. 0. 0. ... 0. 0. 0.]
cvc_x_pos (1751,)
[0. 0. 0. ... 0. 0. 0.]
cvc_x_pos (1751,)
[0. 0. 0. ... 0. 0. 0.]
cvc_x_pos (1751,)
[0. 0. 0. ... 0. 0. 0.]
cvc_x_pos (1751,)
[0. 0. 0. ... 0. 0. 0.]
cvc_x_pos (1751,)
[0. 0. 0. ... 0. 0. 0.]
cvc_x_pos (1751,)
[0. 0. 0. ... 0. 0. 0.]
cvc_x_pos (1751,)
[0. 0. 0. ... 0. 0. 0.]
cvc_x_pos (1751,)
[0. 0. 0. ... 0. 0. 0.]
cvc_x_pos (1751,)
[0. 0. 0. ... 0. 0. 0.]
cvc_x_pos (1751,)
[0. 0. 0. ... 0. 0. 0.]
cvc_x_pos (1751,)
[0. 0. 0. ... 0. 0. 0.]
cvc_x_pos (1751,)
[0. 0. 0. ... 0. 0. 0.]
cvc_x_pos (1751,)
[0. 0. 0. ... 0. 0. 0.]
cvc_x_pos (1751,)
[0. 0. 0. ... 0. 0. 0.]
cvc_x_pos (1751,)
[0. 0. 0. ... 0. 0. 0.]
cvc_x_pos (1751,)
[0. 0. 0. ... 0. 0. 0.]
cvc_x_pos (1751,)
[0. 0. 0. ... 0. 0. 0.]
cvc_x_pos (1751,)
[0. 0. 0. ... 0. 0. 0.]
cvc_x_pos (1751,)
[0. 0. 0. ... 0. 0. 0.]
cvc_x_pos (1751,)
[0. 0. 0. ... 0. 0. 0.]
cvc_x_pos (1751,)
[0.00508909 0.00508986 0.00509062 ... 0.         0.         0.        ]
cvc_x_pos (1751,)
[0. 0. 0. ... 0. 0. 0.]
cvc_x_pos (1751,)
[0.00566484 0.00566518 0.0056655  ... 0.         0.         0.        ]
cvc_x_pos (1751,)
[0.00415999 0.00415935 0.00415871 ... 0.         0.         0.        ]
cvc_x_pos (1751,)
[0.00445943 0.0044594  0.00445936 ... 0.         0.         0.        ]
cvc_x_pos (1751,)
[0. 0. 0. ... 0. 0. 0.]
cvc_x_pos (1751,)
[0. 0. 0. ... 0. 0. 0.]
cvc_x_pos (1751,)
[0. 0. 0. ... 0. 0. 0.]
cvc_x_pos (1751,)
[0. 0. 0. ... 0. 0. 0.]
cvc_x_pos (1751,)
[0. 0. 0. ... 0. 0. 0.]
cvc_x_pos (1751,)
[0. 0. 0. ... 0. 0. 0.]
cvc_x_pos (1751,)
[0. 0. 0. ... 0. 0. 0.]
cvc_x_pos (1751,)
[0. 0. 0. ... 0. 0. 0.]
cvc_x_pos (1751,)
[0. 0. 0. ... 0. 0. 0.]
cvc_x_pos (1751,)
[0. 0. 0. ... 0. 0. 0.]
cvc_x_pos (1751,)
[0. 0. 0. ... 0. 0. 0.]
cvc_x_pos (1751,)
[0. 0. 0. ... 0. 0. 0.]
cvc_x_pos (1751,)
[0. 0. 0. ... 0. 0. 0.]
cvc_x_pos (1751,)
[0. 0. 0. ... 0. 0. 0.]
cvc_x_pos (1751,)
[0. 0. 0. ... 0. 0. 0.]
cvc_x_pos (1751,)
[0. 0. 0. ... 0. 0. 0.]
cvc_x_pos (1751,)
[0. 0. 0. ... 0. 0. 0.]
cvc_x_pos (1751,)
[0. 0. 0. ... 0. 0. 0.]
cvc_x_pos (1751,)
[0. 0. 0. ... 0. 0. 0.]
cvc_x_pos (1751,)
[0. 0. 0. ... 0. 0. 0.]
cvc_x_pos (1751,)
[0. 0. 0. ... 0. 0. 0.]
cvc_x_pos (1751,)
[0. 0. 0. ... 0. 0. 0.]
cvc_x_pos (1751,)
[0. 0. 0. ... 0. 0. 0.]
cvc_x_pos (1751,)
[0. 0. 0. ... 0. 0. 0.]
cvc_x_pos (1751,)
[0. 0. 0. ... 0. 0. 0.]
cvc_x_pos (1751,)
[0. 0. 0. ... 0. 0. 0.]
cvc_x_pos (1751,)
[0. 0. 0. ... 0. 0. 0.]
cvc_x_pos (1751,)
[0. 0. 0. ... 0. 0. 0.]
cvc_x_pos (1751,)
[0. 0. 0. ... 0. 0. 0.]
cvc_x_pos (1751,)
[0. 0. 0. ... 0. 0. 0.]
cvc_x_pos (1751,)
[0. 0. 0. ... 0. 0. 0.]
cvc_x_pos (1751,)
[0. 0. 0. ... 0. 0. 0.]
cvc_x_pos (1751,)
[0. 0. 0. ... 0. 0. 0.]
cvc_x_pos (1751,)
[0. 0. 0. ... 0. 0. 0.]
cvc_x_pos (1751,)
[0.00458627 0.00458704 0.00458781 ... 0.         0.         0.        ]
cvc_x_pos (1751,)
[0. 0. 0. ... 0. 0. 0.]
cvc_x_pos (1751,)
[0.00519791 0.00519775 0.00519759 ... 0.         0.         0.        ]
cvc_x_pos (1751,)
[0. 0. 0. ... 0. 0. 0.]
cvc_x_pos (1751,)
[0.00449639 0.00449661 0.00449682 ... 0.         0.         0.        ]
cvc_x_pos (1751,)
[0.00448193 0.00448266 0.00448339 ... 0.         0.         0.        ]
cvc_x_pos (1751,)
[0. 0. 0. ... 0. 0. 0.]
cvc_x_pos (1751,)
[0.00384405 0.0038441  0.00384415 ... 0.         0.         0.        ]
cvc_x_pos (1751,)
[0.00429128 0.00429063 0.00428997 ... 0.         0.         0.        ]
cvc_x_pos (1751,)
[0.00592671 0.00592792 0.00592911 ... 0.         0.         0.        ]
cvc_x_pos (1751,)
[0. 0. 0. ... 0. 0. 0.]
cvc_x_pos (1751,)
[0. 0. 0. ... 0. 0. 0.]
cvc_x_pos (1751,)
[0. 0. 0. ... 0. 0. 0.]
cvc_x_pos (1751,)
[0. 0. 0. ... 0. 0. 0.]
cvc_x_pos (1751,)
[0. 0. 0. ... 0. 0. 0.]
cvc_x_pos (1751,)
[0. 0. 0. ... 0. 0. 0.]
cvc_x_pos (1751,)
[0. 0. 0. ... 0. 0. 0.]
cvc_x_pos (1751,)
[0. 0. 0. ... 0. 0. 0.]
cvc_x_pos (1751,)
[0. 0. 0. ... 0. 0. 0.]
cvc_x_pos (1751,)
[0. 0. 0. ... 0. 0. 0.]
cvc_x_pos (1751,)
[0. 0. 0. ... 0. 0. 0.]
cvc_x_pos (1751,)
[0. 0. 0. ... 0. 0. 0.]
cvc_x_pos (1751,)
[0. 0. 0. ... 0. 0. 0.]
cvc_x_pos (1751,)
[0. 0. 0. ... 0. 0. 0.]
cvc_x_pos (1751,)
[0. 0. 0. ... 0. 0. 0.]
cvc_x_pos (1751,)
[0. 0. 0. ... 0. 0. 0.]
cvc_x_pos (1751,)
[0. 0. 0. ... 0. 0. 0.]
cvc_x_pos (1751,)
[0. 0. 0. ... 0. 0. 0.]
cvc_x_pos (1751,)
[0. 0. 0. ... 0. 0. 0.]
cvc_x_pos (1751,)
[0. 0. 0. ... 0. 0. 0.]
cvc_x_pos (1751,)
[0. 0. 0. ... 0. 0. 0.]
cvc_x_pos (1751,)
[0. 0. 0. ... 0. 0. 0.]
cvc_x_pos (1751,)
[0.00485025 0.00485086 0.00485147 ... 0.         0.         0.        ]
cvc_x_pos (1751,)
[0.00412381 0.00412356 0.0041233  ... 0.         0.         0.        ]
cvc_x_pos (1751,)
[0.0044567  0.00445689 0.00445708 ... 0.         0.         0.        ]
cvc_x_pos (1751,)
[0.00455779 0.00455756 0.00455734 ... 0.         0.         0.        ]
cvc_x_pos (1751,)
[0. 0. 0. ... 0. 0. 0.]
cvc_x_pos (1751,)
[0. 0. 0. ... 0. 0. 0.]
cvc_x_pos (1751,)
[0.00497636 0.00497546 0.00497456 ... 0.         0.         0.        ]
cvc_x_pos (1751,)
[0.00394384 0.0039441  0.00394436 ... 0.         0.         0.        ]
cvc_x_pos (1751,)
[0. 0. 0. ... 0. 0. 0.]
cvc_x_pos (1751,)
[0. 0. 0. ... 0. 0. 0.]
cvc_x_pos (1751,)
[0. 0. 0. ... 0. 0. 0.]
cvc_x_pos (1751,)
[0. 0. 0. ... 0. 0. 0.]
cvc_x_pos (1751,)
[0. 0. 0. ... 0. 0. 0.]
cvc_x_pos (1751,)
[0. 0. 0. ... 0. 0. 0.]
cvc_x_pos (1751,)
[0. 0. 0. ... 0. 0. 0.]
cvc_x_pos (1751,)
[0. 0. 0. ... 0. 0. 0.]
cvc_x_pos (1751,)
[0. 0. 0. ... 0. 0. 0.]
cvc_x_pos (1751,)
[0.00569992 0.00570009 0.00570025 ... 0.         0.         0.        ]
cvc_x_pos (1751,)
[0. 0. 0. ... 0. 0. 0.]
cvc_x_pos (1751,)
[0.00425641 0.00425682 0.00425722 ... 0.         0.         0.        ]
cvc_x_pos (1751,)
[0.00496578 0.00496595 0.00496611 ... 0.         0.         0.        ]
cvc_x_pos (1751,)
[0.         0.         0.00470822 ... 0.         0.         0.        ]
cvc_x_pos (1751,)
[0.00381583 0.00381619 0.00381655 ... 0.         0.         0.        ]
cvc_x_pos (1751,)
[0.00419724 0.00419676 0.00419628 ... 0.         0.         0.        ]
cvc_x_pos (1751,)
[0. 0. 0. ... 0. 0. 0.]
cvc_x_pos (1751,)
[0.00510237 0.00510176 0.00510113 ... 0.         0.         0.        ]
cvc_x_pos (1751,)
[0. 0. 0. ... 0. 0. 0.]
cvc_x_pos (1751,)
[0. 0. 0. ... 0. 0. 0.]
cvc_x_pos (1751,)
[0. 0. 0. ... 0. 0. 0.]
cvc_x_pos (1751,)
[0. 0. 0. ... 0. 0. 0.]
cvc_x_pos (1751,)
[0.0039853  0.00398494 0.00398458 ... 0.         0.         0.        ]
cvc_x_pos (1751,)
[0. 0. 0. ... 0. 0. 0.]
cvc_x_pos (1751,)
[0.00504834 0.005049   0.00504964 ... 0.         0.         0.        ]
cvc_x_pos (1751,)
[0.00475    0.00474969 0.00474938 ... 0.         0.         0.        ]
cvc_x_pos (1751,)
[0. 0. 0. ... 0. 0. 0.]
cvc_x_pos (1751,)
[0.00503763 0.00503732 0.005037   ... 0.         0.         0.        ]
cvc_x_pos (1751,)
[0. 0. 0. ... 0. 0. 0.]
cvc_x_pos (1751,)
[0. 0. 0. ... 0. 0. 0.]
cvc_x_pos (1751,)
[0. 0. 0. ... 0. 0. 0.]
cvc_x_pos (1751,)
[0. 0. 0. ... 0. 0. 0.]
cvc_x_pos (1751,)
[0. 0. 0. ... 0. 0. 0.]
cvc_x_pos (1751,)
[0.00478324 0.00478267 0.00478209 ... 0.         0.         0.        ]
cvc_x_pos (1751,)
[0. 0. 0. ... 0. 0. 0.]
cvc_x_pos (1751,)
[0.00461898 0.00461833 0.00461768 ... 0.         0.         0.        ]
cvc_x_pos (1751,)
[0.00517053 0.00517036 0.00517017 ... 0.         0.         0.        ]
cvc_x_pos (1751,)
[0.00520288 0.00520214 0.00520138 ... 0.         0.         0.        ]
cvc_x_pos (1751,)
[0.00443532 0.00443606 0.0044368  ... 0.         0.         0.        ]
cvc_x_pos (1751,)
[0. 0. 0. ... 0. 0. 0.]
cvc_x_pos (1751,)
[0. 0. 0. ... 0. 0. 0.]
cvc_x_pos (1751,)
[0. 0. 0. ... 0. 0. 0.]
cvc_x_pos (1751,)
[0. 0. 0. ... 0. 0. 0.]
cvc_x_pos (1751,)
[0. 0. 0. ... 0. 0. 0.]
cvc_x_pos (1751,)
[0. 0. 0. ... 0. 0. 0.]
cvc_x_pos (1751,)
[0. 0. 0. ... 0. 0. 0.]
cvc_x_pos (1751,)
[0. 0. 0. ... 0. 0. 0.]
cvc_x_pos (1751,)
[0. 0. 0. ... 0. 0. 0.]
cvc_x_pos (1751,)
[0. 0. 0. ... 0. 0. 0.]
cvc_x_pos (1751,)
[0. 0. 0. ... 0. 0. 0.]
cvc_x_pos (1751,)
[0. 0. 0. ... 0. 0. 0.]
cvc_x_pos (1751,)
[0. 0. 0. ... 0. 0. 0.]
cvc_x_pos (1751,)
[0.00504378 0.00504279 0.         ... 0.         0.         0.        ]
cvc_x_pos (1751,)
[0. 0. 0. ... 0. 0. 0.]
cvc_x_pos (1751,)
[0.00501489 0.00501468 0.00501446 ... 0.         0.         0.        ]
cvc_x_pos (1751,)
[0. 0. 0. ... 0. 0. 0.]
cvc_x_pos (1751,)
[0.0047234  0.00472268 0.00472196 ... 0.         0.         0.        ]
cvc_x_pos (1751,)
[0.00517037 0.00517017 0.00516997 ... 0.         0.         0.        ]
cvc_x_pos (1751,)
[0. 0. 0. ... 0. 0. 0.]
cvc_x_pos (1751,)
[0.00454344 0.00454397 0.00454449 ... 0.         0.         0.        ]
cvc_x_pos (1751,)
[0. 0. 0. ... 0. 0. 0.]
cvc_x_pos (1751,)
[0. 0. 0. ... 0. 0. 0.]
cvc_x_pos (1751,)
[0. 0. 0. ... 0. 0. 0.]
cvc_x_pos (1751,)
[0. 0. 0. ... 0. 0. 0.]
cvc_x_pos (1751,)
[0. 0. 0. ... 0. 0. 0.]
cvc_x_pos (1751,)
[0. 0. 0. ... 0. 0. 0.]
cvc_x_pos (1751,)
[0. 0. 0. ... 0. 0. 0.]
cvc_x_pos (1751,)
[0. 0. 0. ... 0. 0. 0.]
cvc_x_pos (1751,)
[0. 0. 0. ... 0. 0. 0.]
cvc_x_pos (1751,)
[0. 0. 0. ... 0. 0. 0.]
cvc_x_pos (1751,)
[0. 0. 0. ... 0. 0. 0.]
cvc_x_pos (1751,)
[0. 0. 0. ... 0. 0. 0.]
cvc_x_pos (1751,)
[0. 0. 0. ... 0. 0. 0.]
cvc_x_pos (1751,)
[0. 0. 0. ... 0. 0. 0.]
cvc_x_pos (1751,)
[0. 0. 0. ... 0. 0. 0.]
cvc_x_pos (1751,)
[0. 0. 0. ... 0. 0. 0.]
cvc_x_pos (1751,)
[0. 0. 0. ... 0. 0. 0.]
cvc_x_pos (1751,)
[0. 0. 0. ... 0. 0. 0.]
cvc_x_pos (1751,)
[0. 0. 0. ... 0. 0. 0.]
cvc_x_pos (1751,)
[0. 0. 0. ... 0. 0. 0.]
cvc_x_pos (1751,)
[0. 0. 0. ... 0. 0. 0.]
cvc_x_pos (1751,)
[0. 0. 0. ... 0. 0. 0.]
cvc_x_pos (1751,)
[0. 0. 0. ... 0. 0. 0.]
cvc_x_pos (1751,)
[0. 0. 0. ... 0. 0. 0.]
cvc_x_pos (1751,)
[0. 0. 0. ... 0. 0. 0.]
cvc_x_pos (1751,)
[0. 0. 0. ... 0. 0. 0.]
cvc_x_pos (1751,)
[0.00398063 0.00398052 0.0039804  ... 0.         0.         0.        ]
cvc_x_pos (1751,)
[0.00418541 0.00418483 0.00418424 ... 0.         0.         0.        ]
cvc_x_pos (1751,)
[0.00432427 0.00432419 0.00432409 ... 0.         0.         0.        ]
cvc_x_pos (1751,)
[0.00436006 0.00435951 0.00435896 ... 0.         0.         0.        ]
cvc_x_pos (1751,)
[0. 0. 0. ... 0. 0. 0.]
cvc_x_pos (1751,)
[0. 0. 0. ... 0. 0. 0.]
cvc_x_pos (1751,)
[0. 0. 0. ... 0. 0. 0.]
cvc_x_pos (1751,)
[0. 0. 0. ... 0. 0. 0.]
cvc_x_pos (1751,)
[0. 0. 0. ... 0. 0. 0.]
cvc_x_pos (1751,)
[0. 0. 0. ... 0. 0. 0.]
cvc_x_pos (1751,)
[0. 0. 0. ... 0. 0. 0.]
cvc_x_pos (1751,)
[0. 0. 0. ... 0. 0. 0.]
cvc_x_pos (1751,)
[0. 0. 0. ... 0. 0. 0.]
cvc_x_pos (1751,)
[0. 0. 0. ... 0. 0. 0.]
cvc_x_pos (1751,)
[0. 0. 0. ... 0. 0. 0.]
cvc_x_pos (1751,)
[0. 0. 0. ... 0. 0. 0.]
cvc_x_pos (1751,)
[0. 0. 0. ... 0. 0. 0.]
cvc_x_pos (1751,)
[0. 0. 0. ... 0. 0. 0.]
cvc_x_pos (1751,)
[0. 0. 0. ... 0. 0. 0.]
cvc_x_pos (1751,)
[0. 0. 0. ... 0. 0. 0.]
cvc_x_pos (1751,)
[0. 0. 0. ... 0. 0. 0.]
cvc_x_pos (1751,)
[0. 0. 0. ... 0. 0. 0.]
cvc_x_pos (1751,)
[0. 0. 0. ... 0. 0. 0.]
cvc_x_pos (1751,)
[0. 0. 0. ... 0. 0. 0.]
cvc_x_pos (1751,)
[0. 0. 0. ... 0. 0. 0.]
cvc_x_pos (1751,)
[0. 0. 0. ... 0. 0. 0.]
cvc_x_pos (1751,)
[0. 0. 0. ... 0. 0. 0.]
cvc_x_pos (1751,)
[0. 0. 0. ... 0. 0. 0.]
cvc_x_pos (1751,)
[0. 0. 0. ... 0. 0. 0.]
cvc_x_pos (1751,)
[0. 0. 0. ... 0. 0. 0.]
cvc_x_pos (1751,)
[0. 0. 0. ... 0. 0. 0.]
cvc_x_pos (1751,)
[0. 0. 0. ... 0. 0. 0.]
cvc_x_pos (1751,)
[0. 0. 0. ... 0. 0. 0.]
cvc_x_pos (1751,)
[0. 0. 0. ... 0. 0. 0.]
cvc_x_pos (1751,)
[0. 0. 0. ... 0. 0. 0.]
cvc_x_pos (1751,)
[0. 0. 0. ... 0. 0. 0.]
cvc_x_pos (1751,)
[0. 0. 0. ... 0. 0. 0.]
cvc_x_pos (1751,)
[0.00454085 0.0045401  0.00453934 ... 0.         0.         0.        ]
cvc_x_pos (1751,)
[0. 0. 0. ... 0. 0. 0.]
cvc_x_pos (1751,)
[0.00396525 0.00396516 0.00396507 ... 0.         0.         0.        ]
cvc_x_pos (1751,)
[0.00385007 0.00384978 0.00384948 ... 0.         0.         0.        ]
cvc_x_pos (1751,)
[0.00512958 0.00513053 0.00513147 ... 0.         0.         0.        ]
cvc_x_pos (1751,)
[0. 0. 0. ... 0. 0. 0.]
cvc_x_pos (1751,)
[0. 0. 0. ... 0. 0. 0.]
cvc_x_pos (1751,)
[0. 0. 0. ... 0. 0. 0.]
cvc_x_pos (1751,)
[0. 0. 0. ... 0. 0. 0.]
cvc_x_pos (1751,)
[0. 0. 0. ... 0. 0. 0.]
cvc_x_pos (1751,)
[0. 0. 0. ... 0. 0. 0.]
cvc_x_pos (1751,)
[0. 0. 0. ... 0. 0. 0.]
cvc_x_pos (1751,)
[0. 0. 0. ... 0. 0. 0.]
cvc_x_pos (1751,)
[0. 0. 0. ... 0. 0. 0.]
cvc_x_pos (1751,)
[0. 0. 0. ... 0. 0. 0.]
cvc_x_pos (1751,)
[0. 0. 0. ... 0. 0. 0.]
cvc_x_pos (1751,)
[0. 0. 0. ... 0. 0. 0.]
cvc_x_pos (1751,)
[0. 0. 0. ... 0. 0. 0.]
cvc_x_pos (1751,)
[0. 0. 0. ... 0. 0. 0.]
cvc_x_pos (1751,)
[0. 0. 0. ... 0. 0. 0.]
cvc_x_pos (1751,)
[0. 0. 0. ... 0. 0. 0.]
cvc_x_pos (1751,)
[0. 0. 0. ... 0. 0. 0.]
cvc_x_pos (1751,)
[0. 0. 0. ... 0. 0. 0.]
cvc_x_pos (1751,)
[0. 0. 0. ... 0. 0. 0.]
cvc_x_pos (1751,)
[0. 0. 0. ... 0. 0. 0.]
cvc_x_pos (1751,)
[0. 0. 0. ... 0. 0. 0.]
cvc_x_pos (1751,)
[0. 0. 0. ... 0. 0. 0.]
cvc_x_pos (1751,)
[0. 0. 0. ... 0. 0. 0.]
cvc_x_pos (1751,)
[0. 0. 0. ... 0. 0. 0.]
cvc_x_pos (1751,)
[0. 0. 0. ... 0. 0. 0.]
cvc_x_pos (1751,)
[0. 0. 0. ... 0. 0. 0.]
cvc_x_pos (1751,)
[0. 0. 0. ... 0. 0. 0.]
cvc_x_pos (1751,)
[0. 0. 0. ... 0. 0. 0.]
cvc_x_pos (1751,)
[0. 0. 0. ... 0. 0. 0.]
cvc_x_pos (1751,)
[0. 0. 0. ... 0. 0. 0.]
cvc_x_pos (1751,)
[0. 0. 0. ... 0. 0. 0.]
cvc_x_pos (1751,)
[0. 0. 0. ... 0. 0. 0.]
cvc_x_pos (1751,)
[0. 0. 0. ... 0. 0. 0.]
cvc_x_pos (1751,)
[0. 0. 0. ... 0. 0. 0.]
cvc_x_pos (1751,)
[0. 0. 0. ... 0. 0. 0.]
cvc_x_pos (1751,)
[0. 0. 0. ... 0. 0. 0.]
cvc_x_pos (1751,)
[0. 0. 0. ... 0. 0. 0.]
cvc_x_pos (1751,)
[0. 0. 0. ... 0. 0. 0.]
cvc_x_pos (1751,)
[0. 0. 0. ... 0. 0. 0.]
cvc_x_pos (1751,)
[0. 0. 0. ... 0. 0. 0.]
cvc_x_pos (1751,)
[0. 0. 0. ... 0. 0. 0.]
cvc_x_pos (1751,)
[0. 0. 0. ... 0. 0. 0.]
cvc_x_pos (1751,)
[0. 0. 0. ... 0. 0. 0.]
cvc_x_pos (1751,)
[0.00446733 0.0044669  0.00446647 ... 0.         0.         0.        ]
cvc_x_pos (1751,)
[0.00570884 0.00570969 0.00571052 ... 0.         0.         0.        ]
cvc_x_pos (1751,)
[0.00487258 0.00487163 0.00487067 ... 0.         0.         0.        ]
cvc_x_pos (1751,)
[0.00412728 0.00412742 0.00412755 ... 0.         0.         0.        ]
cvc_x_pos (1751,)
[0. 0. 0. ... 0. 0. 0.]
cvc_x_pos (1751,)
[0.00560017 0.00560056 0.00560093 ... 0.         0.         0.        ]
cvc_x_pos (1751,)
[0. 0. 0. ... 0. 0. 0.]
cvc_x_pos (1751,)
[0. 0. 0. ... 0. 0. 0.]
cvc_x_pos (1751,)
[0. 0. 0. ... 0. 0. 0.]
cvc_x_pos (1751,)
[0. 0. 0. ... 0. 0. 0.]
cvc_x_pos (1751,)
[0. 0. 0. ... 0. 0. 0.]
cvc_x_pos (1751,)
[0. 0. 0. ... 0. 0. 0.]
cvc_x_pos (1751,)
[0. 0. 0. ... 0. 0. 0.]
cvc_x_pos (1751,)
[0. 0. 0. ... 0. 0. 0.]
cvc_x_pos (1751,)
[0. 0. 0. ... 0. 0. 0.]
cvc_x_pos (1751,)
[0.00436323 0.00436275 0.00436226 ... 0.         0.         0.        ]
cvc_x_pos (1751,)
[0. 0. 0. ... 0. 0. 0.]
cvc_x_pos (1751,)
[0. 0. 0. ... 0. 0. 0.]
cvc_x_pos (1751,)
[0. 0. 0. ... 0. 0. 0.]
cvc_x_pos (1751,)
[0. 0. 0. ... 0. 0. 0.]
cvc_x_pos (1751,)
[0. 0. 0. ... 0. 0. 0.]
cvc_x_pos (1751,)
[0. 0. 0. ... 0. 0. 0.]
cvc_x_pos (1751,)
[0. 0. 0. ... 0. 0. 0.]
cvc_x_pos (1751,)
[0. 0. 0. ... 0. 0. 0.]
cvc_x_pos (1751,)
[0. 0. 0. ... 0. 0. 0.]
cvc_x_pos (1751,)
[0. 0. 0. ... 0. 0. 0.]
cvc_x_pos (1751,)
[0. 0. 0. ... 0. 0. 0.]
cvc_x_pos (1751,)
[0. 0. 0. ... 0. 0. 0.]
cvc_x_pos (1751,)
[0. 0. 0. ... 0. 0. 0.]
cvc_x_pos (1751,)
[0. 0. 0. ... 0. 0. 0.]
cvc_x_pos (1751,)
[0. 0. 0. ... 0. 0. 0.]
cvc_x_pos (1751,)
[0. 0. 0. ... 0. 0. 0.]
cvc_x_pos (1751,)
[0. 0. 0. ... 0. 0. 0.]
cvc_x_pos (1751,)
[0. 0. 0. ... 0. 0. 0.]
cvc_x_pos (1751,)
[0. 0. 0. ... 0. 0. 0.]
cvc_x_pos (1751,)
[0. 0. 0. ... 0. 0. 0.]
cvc_x_pos (1751,)
[0. 0. 0. ... 0. 0. 0.]
cvc_x_pos (1751,)
[0. 0. 0. ... 0. 0. 0.]
cvc_x_pos (1751,)
[0. 0. 0. ... 0. 0. 0.]
cvc_x_pos (1751,)
[0. 0. 0. ... 0. 0. 0.]
cvc_x_pos (1751,)
[0. 0. 0. ... 0. 0. 0.]
cvc_x_pos (1751,)
[0. 0. 0. ... 0. 0. 0.]
cvc_x_pos (1751,)
[0. 0. 0. ... 0. 0. 0.]
cvc_x_pos (1751,)
[0. 0. 0. ... 0. 0. 0.]
cvc_x_pos (1751,)
[0. 0. 0. ... 0. 0. 0.]
cvc_x_pos (1751,)
[0. 0. 0. ... 0. 0. 0.]
cvc_x_pos (1751,)
[0. 0. 0. ... 0. 0. 0.]
cvc_x_pos (1751,)
[0. 0. 0. ... 0. 0. 0.]
cvc_x_pos (1751,)
[0. 0. 0. ... 0. 0. 0.]
cvc_x_pos (1751,)
[0. 0. 0. ... 0. 0. 0.]
cvc_x_pos (1751,)
[0. 0. 0. ... 0. 0. 0.]
cvc_x_pos (1751,)
[0. 0. 0. ... 0. 0. 0.]
cvc_x_pos (1751,)
[0. 0. 0. ... 0. 0. 0.]
cvc_x_pos (1751,)
[0. 0. 0. ... 0. 0. 0.]
cvc_x_pos (1751,)
[0. 0. 0. ... 0. 0. 0.]
cvc_x_pos (1751,)
[0. 0. 0. ... 0. 0. 0.]
cvc_x_pos (1751,)
[0.00443973 0.00444048 0.00444123 ... 0.         0.         0.        ]
cvc_x_pos (1751,)
[0. 0. 0. ... 0. 0. 0.]
cvc_x_pos (1751,)
[0.00506732 0.00506725 0.00506717 ... 0.         0.         0.        ]
cvc_x_pos (1751,)
[0. 0. 0. ... 0. 0. 0.]
cvc_x_pos (1751,)
[0.00457213 0.00457251 0.00457288 ... 0.         0.         0.        ]
cvc_x_pos (1751,)
[0.00507767 0.0050786  0.00507952 ... 0.         0.         0.        ]
cvc_x_pos (1751,)
[0. 0. 0. ... 0. 0. 0.]
cvc_x_pos (1751,)
[0. 0. 0. ... 0. 0. 0.]
cvc_x_pos (1751,)
[0. 0. 0. ... 0. 0. 0.]
cvc_x_pos (1751,)
[0. 0. 0. ... 0. 0. 0.]
cvc_x_pos (1751,)
[0. 0. 0. ... 0. 0. 0.]
cvc_x_pos (1751,)
[0. 0. 0. ... 0. 0. 0.]
cvc_x_pos (1751,)
[0. 0. 0. ... 0. 0. 0.]
cvc_x_pos (1751,)
[0. 0. 0. ... 0. 0. 0.]
cvc_x_pos (1751,)
[0. 0. 0. ... 0. 0. 0.]
cvc_x_pos (1751,)
[0. 0. 0. ... 0. 0. 0.]
cvc_x_pos (1751,)
[0.0042304  0.0042302  0.00422999 ... 0.         0.         0.        ]
cvc_x_pos (1751,)
[0. 0. 0. ... 0. 0. 0.]
cvc_x_pos (1751,)
[0. 0. 0. ... 0. 0. 0.]
cvc_x_pos (1751,)
[0. 0. 0. ... 0. 0. 0.]
cvc_x_pos (1751,)
[0. 0. 0. ... 0. 0. 0.]
cvc_x_pos (1751,)
[0. 0. 0. ... 0. 0. 0.]
cvc_x_pos (1751,)
[0. 0. 0. ... 0. 0. 0.]
cvc_x_pos (1751,)
[0. 0. 0. ... 0. 0. 0.]
cvc_x_pos (1751,)
[0. 0. 0. ... 0. 0. 0.]
cvc_x_pos (1751,)
[0. 0. 0. ... 0. 0. 0.]
cvc_x_pos (1751,)
[0. 0. 0. ... 0. 0. 0.]
cvc_x_pos (1751,)
[0. 0. 0. ... 0. 0. 0.]
cvc_x_pos (1751,)
[0. 0. 0. ... 0. 0. 0.]
cvc_x_pos (1751,)
[0. 0. 0. ... 0. 0. 0.]
cvc_x_pos (1751,)
[0. 0. 0. ... 0. 0. 0.]
cvc_x_pos (1751,)
[0. 0. 0. ... 0. 0. 0.]
cvc_x_pos (1751,)
[0. 0. 0. ... 0. 0. 0.]
cvc_x_pos (1751,)
[0. 0. 0. ... 0. 0. 0.]
cvc_x_pos (1751,)
[0. 0. 0. ... 0. 0. 0.]
cvc_x_pos (1751,)
[0. 0. 0. ... 0. 0. 0.]
cvc_x_pos (1751,)
[0. 0. 0. ... 0. 0. 0.]
cvc_x_pos (1751,)
[0. 0. 0. ... 0. 0. 0.]
cvc_x_pos (1751,)
[0. 0. 0. ... 0. 0. 0.]
cvc_x_pos (1751,)
[0. 0. 0. ... 0. 0. 0.]
cvc_x_pos (1751,)
[0. 0. 0. ... 0. 0. 0.]
cvc_x_pos (1751,)
[0. 0. 0. ... 0. 0. 0.]
cvc_x_pos (1751,)
[0. 0. 0. ... 0. 0. 0.]
cvc_x_pos (1751,)
[0. 0. 0. ... 0. 0. 0.]
cvc_x_pos (1751,)
[0. 0. 0. ... 0. 0. 0.]
cvc_x_pos (1751,)
[0. 0. 0. ... 0. 0. 0.]
cvc_x_pos (1751,)
[0.00453183 0.00453248 0.00453312 ... 0.         0.         0.        ]
cvc_x_pos (1751,)
[0. 0. 0. ... 0. 0. 0.]
cvc_x_pos (1751,)
[0.00362639 0.0036268  0.00362721 ... 0.         0.         0.        ]
cvc_x_pos (1751,)
[0.00571017 0.00571099 0.0057118  ... 0.         0.         0.        ]
cvc_x_pos (1751,)
[0. 0. 0. ... 0. 0. 0.]
cvc_x_pos (1751,)
[0.00447313 0.00447342 0.00447371 ... 0.         0.         0.        ]
cvc_x_pos (1751,)
[0.00530205 0.00530163 0.0053012  ... 0.         0.         0.        ]
cvc_x_pos (1751,)
[0.0043948  0.00439539 0.00439598 ... 0.         0.         0.        ]
cvc_x_pos (1751,)
[0. 0. 0. ... 0. 0. 0.]
cvc_x_pos (1751,)
[0. 0. 0. ... 0. 0. 0.]
cvc_x_pos (1751,)
[0. 0. 0. ... 0. 0. 0.]
cvc_x_pos (1751,)
[0. 0. 0. ... 0. 0. 0.]
cvc_x_pos (1751,)
[0. 0. 0. ... 0. 0. 0.]
cvc_x_pos (1751,)
[0. 0. 0. ... 0. 0. 0.]
cvc_x_pos (1751,)
[0. 0. 0. ... 0. 0. 0.]
cvc_x_pos (1751,)
[0. 0. 0. ... 0. 0. 0.]
cvc_x_pos (1751,)
[0. 0. 0. ... 0. 0. 0.]
cvc_x_pos (1751,)
[0. 0. 0. ... 0. 0. 0.]
cvc_x_pos (1751,)
[0. 0. 0. ... 0. 0. 0.]
cvc_x_pos (1751,)
[0. 0. 0. ... 0. 0. 0.]
cvc_x_pos (1751,)
[0.00434252 0.00434264 0.00434275 ... 0.         0.         0.        ]
cvc_x_pos (1751,)
[0. 0. 0. ... 0. 0. 0.]
cvc_x_pos (1751,)
[0. 0. 0. ... 0. 0. 0.]
cvc_x_pos (1751,)
[0. 0. 0. ... 0. 0. 0.]
cvc_x_pos (1751,)
[0. 0. 0. ... 0. 0. 0.]
cvc_x_pos (1751,)
[0. 0. 0. ... 0. 0. 0.]
cvc_x_pos (1751,)
[0. 0. 0. ... 0. 0. 0.]
cvc_x_pos (1751,)
[0. 0. 0. ... 0. 0. 0.]
cvc_x_pos (1751,)
[0. 0. 0. ... 0. 0. 0.]
cvc_x_pos (1751,)
[0. 0. 0. ... 0. 0. 0.]
cvc_x_pos (1751,)
[0. 0. 0. ... 0. 0. 0.]
cvc_x_pos (1751,)
[0. 0. 0. ... 0. 0. 0.]
cvc_x_pos (1751,)
[0. 0. 0. ... 0. 0. 0.]
cvc_x_pos (1751,)
[0. 0. 0. ... 0. 0. 0.]
cvc_x_pos (1751,)
[0. 0. 0. ... 0. 0. 0.]
cvc_x_pos (1751,)
[0. 0. 0. ... 0. 0. 0.]
cvc_x_pos (1751,)
[0. 0. 0. ... 0. 0. 0.]
cvc_x_pos (1751,)
[0. 0. 0. ... 0. 0. 0.]
cvc_x_pos (1751,)
[0.00371316 0.00371353 0.0037139  ... 0.         0.         0.        ]
cvc_x_pos (1751,)
[0. 0. 0. ... 0. 0. 0.]
cvc_x_pos (1751,)
[0.0047736  0.00477387 0.00477414 ... 0.         0.         0.        ]
cvc_x_pos (1751,)
[0. 0. 0. ... 0. 0. 0.]
cvc_x_pos (1751,)
[0.00425108 0.00425117 0.00425125 ... 0.         0.         0.        ]
cvc_x_pos (1751,)
[0. 0. 0. ... 0. 0. 0.]
cvc_x_pos (1751,)
[0.0059159  0.00591505 0.00591418 ... 0.         0.         0.        ]
cvc_x_pos (1751,)
[0. 0. 0. ... 0. 0. 0.]
cvc_x_pos (1751,)
[0. 0. 0. ... 0. 0. 0.]
cvc_x_pos (1751,)
[0. 0. 0. ... 0. 0. 0.]
cvc_x_pos (1751,)
[0. 0. 0. ... 0. 0. 0.]
cvc_x_pos (1751,)
[0. 0. 0. ... 0. 0. 0.]
cvc_x_pos (1751,)
[0. 0. 0. ... 0. 0. 0.]
cvc_x_pos (1751,)
[0. 0. 0. ... 0. 0. 0.]
cvc_x_pos (1751,)
[0. 0. 0. ... 0. 0. 0.]
cvc_x_pos (1751,)
[0. 0. 0. ... 0. 0. 0.]
cvc_x_pos (1751,)
[0. 0. 0. ... 0. 0. 0.]
cvc_x_pos (1751,)
[0. 0. 0. ... 0. 0. 0.]
cvc_x_pos (1751,)
[0. 0. 0. ... 0. 0. 0.]
cvc_x_pos (1751,)
[0. 0. 0. ... 0. 0. 0.]
cvc_x_pos (1751,)
[0. 0. 0. ... 0. 0. 0.]
cvc_x_pos (1751,)
[0.00384995 0.00384966 0.00384936 ... 0.         0.         0.        ]
cvc_x_pos (1751,)
[0. 0. 0. ... 0. 0. 0.]
cvc_x_pos (1751,)
[0. 0. 0. ... 0. 0. 0.]
cvc_x_pos (1751,)
[0. 0. 0. ... 0. 0. 0.]
cvc_x_pos (1751,)
[0. 0. 0. ... 0. 0. 0.]
cvc_x_pos (1751,)
[0. 0. 0. ... 0. 0. 0.]
cvc_x_pos (1751,)
[0. 0. 0. ... 0. 0. 0.]
cvc_x_pos (1751,)
[0. 0. 0. ... 0. 0. 0.]
cvc_x_pos (1751,)
[0. 0. 0. ... 0. 0. 0.]
cvc_x_pos (1751,)
[0. 0. 0. ... 0. 0. 0.]
cvc_x_pos (1751,)
[0. 0. 0. ... 0. 0. 0.]
cvc_x_pos (1751,)
[0. 0. 0. ... 0. 0. 0.]
cvc_x_pos (1751,)
[0.00459055 0.00459011 0.00458965 ... 0.         0.         0.        ]
cvc_x_pos (1751,)
[0. 0. 0. ... 0. 0. 0.]
cvc_x_pos (1751,)
[0.00519847 0.00519838 0.00519828 ... 0.         0.         0.        ]
cvc_x_pos (1751,)
[0. 0. 0. ... 0. 0. 0.]
cvc_x_pos (1751,)
[0. 0. 0. ... 0. 0. 0.]
cvc_x_pos (1751,)
[0. 0. 0. ... 0. 0. 0.]
cvc_x_pos (1751,)
[0. 0. 0. ... 0. 0. 0.]
cvc_x_pos (1751,)
[0. 0. 0. ... 0. 0. 0.]
cvc_x_pos (1751,)
[0. 0. 0. ... 0. 0. 0.]
cvc_x_pos (1751,)
[0. 0. 0. ... 0. 0. 0.]
cvc_x_pos (1751,)
[0. 0. 0. ... 0. 0. 0.]
cvc_x_pos (1751,)
[0. 0. 0. ... 0. 0. 0.]
cvc_x_pos (1751,)
[0. 0. 0. ... 0. 0. 0.]
cvc_x_pos (1751,)
[0. 0. 0. ... 0. 0. 0.]
cvc_x_pos (1751,)
[0. 0. 0. ... 0. 0. 0.]
cvc_x_pos (1751,)
[0. 0. 0. ... 0. 0. 0.]
cvc_x_pos (1751,)
[0. 0. 0. ... 0. 0. 0.]
cvc_x_pos (1751,)
[0. 0. 0. ... 0. 0. 0.]
cvc_x_pos (1751,)
[0. 0. 0. ... 0. 0. 0.]
cvc_x_pos (1751,)
[0.00523068 0.00523139 0.00523209 ... 0.         0.         0.        ]
cvc_x_pos (1751,)
[0.00438191 0.0043814  0.00438088 ... 0.         0.         0.        ]
cvc_x_pos (1751,)
[0. 0. 0. ... 0. 0. 0.]
cvc_x_pos (1751,)
[0.00472784 0.00472814 0.00472842 ... 0.         0.         0.        ]
cvc_x_pos (1751,)
[0.00455619 0.00455646 0.00455672 ... 0.         0.         0.        ]
cvc_x_pos (1751,)
[0. 0. 0. ... 0. 0. 0.]
cvc_x_pos (1751,)
[0.00484406 0.00484337 0.00484268 ... 0.         0.         0.        ]
cvc_x_pos (1751,)
[0. 0. 0. ... 0. 0. 0.]
cvc_x_pos (1751,)
[0. 0. 0. ... 0. 0. 0.]
cvc_x_pos (1751,)
[0. 0. 0. ... 0. 0. 0.]
cvc_x_pos (1751,)
[0. 0. 0. ... 0. 0. 0.]
cvc_x_pos (1751,)
[0. 0. 0. ... 0. 0. 0.]
cvc_x_pos (1751,)
[0. 0. 0. ... 0. 0. 0.]
cvc_x_pos (1751,)
[0. 0. 0. ... 0. 0. 0.]
cvc_x_pos (1751,)
[0. 0. 0. ... 0. 0. 0.]
cvc_x_pos (1751,)
[0. 0. 0. ... 0. 0. 0.]
cvc_x_pos (1751,)
[0. 0. 0. ... 0. 0. 0.]
cvc_x_pos (1751,)
[0. 0. 0. ... 0. 0. 0.]
cvc_x_pos (1751,)
[0. 0. 0. ... 0. 0. 0.]
cvc_x_pos (1751,)
[0. 0. 0. ... 0. 0. 0.]
cvc_x_pos (1751,)
[0. 0. 0. ... 0. 0. 0.]
cvc_x_pos (1751,)
[0. 0. 0. ... 0. 0. 0.]
cvc_x_pos (1751,)
[0. 0. 0. ... 0. 0. 0.]
cvc_x_pos (1751,)
[0.00426948 0.00426943 0.00426937 ... 0.         0.         0.        ]
cvc_x_pos (1751,)
[0. 0. 0. ... 0. 0. 0.]
cvc_x_pos (1751,)
[0.00514518 0.00514511 0.00514503 ... 0.         0.         0.        ]
cvc_x_pos (1751,)
[0. 0. 0. ... 0. 0. 0.]
cvc_x_pos (1751,)
[0.005365   0.00536513 0.00536525 ... 0.         0.         0.        ]
cvc_x_pos (1751,)
[0. 0. 0. ... 0. 0. 0.]
cvc_x_pos (1751,)
[0. 0. 0. ... 0. 0. 0.]
cvc_x_pos (1751,)
[0. 0. 0. ... 0. 0. 0.]
cvc_x_pos (1751,)
[0. 0. 0. ... 0. 0. 0.]
cvc_x_pos (1751,)
[0. 0. 0. ... 0. 0. 0.]
cvc_x_pos (1751,)
[0. 0. 0. ... 0. 0. 0.]
cvc_x_pos (1751,)
[0. 0. 0. ... 0. 0. 0.]
cvc_x_pos (1751,)
[0. 0. 0. ... 0. 0. 0.]
cvc_x_pos (1751,)
[0. 0. 0. ... 0. 0. 0.]
cvc_x_pos (1751,)
[0. 0. 0. ... 0. 0. 0.]
cvc_x_pos (1751,)
[0. 0. 0. ... 0. 0. 0.]
cvc_x_pos (1751,)
[0. 0. 0. ... 0. 0. 0.]
cvc_x_pos (1751,)
[0. 0. 0. ... 0. 0. 0.]
cvc_x_pos (1751,)
[0. 0. 0. ... 0. 0. 0.]
cvc_x_pos (1751,)
[0. 0. 0. ... 0. 0. 0.]
cvc_x_pos (1751,)
[0. 0. 0. ... 0. 0. 0.]
cvc_x_pos (1751,)
[0. 0. 0. ... 0. 0. 0.]
cvc_x_pos (1751,)
[0. 0. 0. ... 0. 0. 0.]
cvc_x_pos (1751,)
[0. 0. 0. ... 0. 0. 0.]
cvc_x_pos (1751,)
[0. 0. 0. ... 0. 0. 0.]
cvc_x_pos (1751,)
[0. 0. 0. ... 0. 0. 0.]
cvc_x_pos (1751,)
[0. 0. 0. ... 0. 0. 0.]
cvc_x_pos (1751,)
[0. 0. 0. ... 0. 0. 0.]
cvc_x_pos (1751,)
[0.00411854 0.00411797 0.00411739 ... 0.         0.         0.        ]
cvc_x_pos (1751,)
[0. 0. 0. ... 0. 0. 0.]
cvc_x_pos (1751,)
[0. 0. 0. ... 0. 0. 0.]
cvc_x_pos (1751,)
[0. 0. 0. ... 0. 0. 0.]
cvc_x_pos (1751,)
[0.00514052 0.00514019 0.00513984 ... 0.         0.         0.        ]
cvc_x_pos (1751,)
[0. 0. 0. ... 0. 0. 0.]
cvc_x_pos (1751,)
[0.00489725 0.00489661 0.00489595 ... 0.         0.         0.        ]
cvc_x_pos (1751,)
[0.00536405 0.00536424 0.00536443 ... 0.         0.         0.        ]
cvc_x_pos (1751,)
[0. 0. 0. ... 0. 0. 0.]
cvc_x_pos (1751,)
[0. 0. 0. ... 0. 0. 0.]
cvc_x_pos (1751,)
[0. 0. 0. ... 0. 0. 0.]
cvc_x_pos (1751,)
[0. 0. 0. ... 0. 0. 0.]
cvc_x_pos (1751,)
[0. 0. 0. ... 0. 0. 0.]
cvc_x_pos (1751,)
[0. 0. 0. ... 0. 0. 0.]
cvc_x_pos (1751,)
[0. 0. 0. ... 0. 0. 0.]
cvc_x_pos (1751,)
[0. 0. 0. ... 0. 0. 0.]
cvc_x_pos (1751,)
[0. 0. 0. ... 0. 0. 0.]
cvc_x_pos (1751,)
[0. 0. 0. ... 0. 0. 0.]
cvc_x_pos (1751,)
[0. 0. 0. ... 0. 0. 0.]
cvc_x_pos (1751,)
[0. 0. 0. ... 0. 0. 0.]
cvc_x_pos (1751,)
[0. 0. 0. ... 0. 0. 0.]
cvc_x_pos (1751,)
[0. 0. 0. ... 0. 0. 0.]
cvc_x_pos (1751,)
[0. 0. 0. ... 0. 0. 0.]
cvc_x_pos (1751,)
[0. 0. 0. ... 0. 0. 0.]
cvc_x_pos (1751,)
[0. 0. 0. ... 0. 0. 0.]
cvc_x_pos (1751,)
[0. 0. 0. ... 0. 0. 0.]
cvc_x_pos (1751,)
[0. 0. 0. ... 0. 0. 0.]
cvc_x_pos (1751,)
[0. 0. 0. ... 0. 0. 0.]
cvc_x_pos (1751,)
[0. 0. 0. ... 0. 0. 0.]
cvc_x_pos (1751,)
[0. 0. 0. ... 0. 0. 0.]
cvc_x_pos (1751,)
[0. 0. 0. ... 0. 0. 0.]
cvc_x_pos (1751,)
[0. 0. 0. ... 0. 0. 0.]
cvc_x_pos (1751,)
[0. 0. 0. ... 0. 0. 0.]
cvc_x_pos (1751,)
[0. 0. 0. ... 0. 0. 0.]
cvc_x_pos (1751,)
[0. 0. 0. ... 0. 0. 0.]
cvc_x_pos (1751,)
[0. 0. 0. ... 0. 0. 0.]
cvc_x_pos (1751,)
[0. 0. 0. ... 0. 0. 0.]
cvc_x_pos (1751,)
[0. 0. 0. ... 0. 0. 0.]
cvc_x_pos (1751,)
[0. 0. 0. ... 0. 0. 0.]
cvc_x_pos (1751,)
[0. 0. 0. ... 0. 0. 0.]
cvc_x_pos (1751,)
[0. 0. 0. ... 0. 0. 0.]
cvc_x_pos (1751,)
[0.00431093 0.00431048 0.00431002 ... 0.         0.         0.        ]
cvc_x_pos (1751,)
[0. 0. 0. ... 0. 0. 0.]
cvc_x_pos (1751,)
[0.0040544  0.0040547  0.00405499 ... 0.         0.         0.        ]
cvc_x_pos (1751,)
[0. 0. 0. ... 0. 0. 0.]
cvc_x_pos (1751,)
[0.0048939  0.00489378 0.00489366 ... 0.         0.         0.        ]
cvc_x_pos (1751,)
[0. 0. 0. ... 0. 0. 0.]
cvc_x_pos (1751,)
[0. 0. 0. ... 0. 0. 0.]
cvc_x_pos (1751,)
[0. 0. 0. ... 0. 0. 0.]
cvc_x_pos (1751,)
[0. 0. 0. ... 0. 0. 0.]
cvc_x_pos (1751,)
[0. 0. 0. ... 0. 0. 0.]
cvc_x_pos (1751,)
[0. 0. 0. ... 0. 0. 0.]
cvc_x_pos (1751,)
[0. 0. 0. ... 0. 0. 0.]
cvc_x_pos (1751,)
[0. 0. 0. ... 0. 0. 0.]
cvc_x_pos (1751,)
[0. 0. 0. ... 0. 0. 0.]
cvc_x_pos (1751,)
[0. 0. 0. ... 0. 0. 0.]
cvc_x_pos (1751,)
[0. 0. 0. ... 0. 0. 0.]
cvc_x_pos (1751,)
[0. 0. 0. ... 0. 0. 0.]
cvc_x_pos (1751,)
[0. 0. 0. ... 0. 0. 0.]
cvc_x_pos (1751,)
[0. 0. 0. ... 0. 0. 0.]
cvc_x_pos (1751,)
[0. 0. 0. ... 0. 0. 0.]
cvc_x_pos (1751,)
[0. 0. 0. ... 0. 0. 0.]
cvc_x_pos (1751,)
[0. 0. 0. ... 0. 0. 0.]
cvc_x_pos (1751,)
[0. 0. 0. ... 0. 0. 0.]
cvc_x_pos (1751,)
[0. 0. 0. ... 0. 0. 0.]
cvc_x_pos (1751,)
[0. 0. 0. ... 0. 0. 0.]
cvc_x_pos (1751,)
[0. 0. 0. ... 0. 0. 0.]
cvc_x_pos (1751,)
[0. 0. 0. ... 0. 0. 0.]
cvc_x_pos (1751,)
[0. 0. 0. ... 0. 0. 0.]
cvc_x_pos (1751,)
[0. 0. 0. ... 0. 0. 0.]
cvc_x_pos (1751,)
[0. 0. 0. ... 0. 0. 0.]
cvc_x_pos (1751,)
[0. 0. 0. ... 0. 0. 0.]
cvc_x_pos (1751,)
[0. 0. 0. ... 0. 0. 0.]
cvc_x_pos (1751,)
[0. 0. 0. ... 0. 0. 0.]
cvc_x_pos (1751,)
[0. 0. 0. ... 0. 0. 0.]
cvc_x_pos (1751,)
[0. 0. 0. ... 0. 0. 0.]
cvc_x_pos (1751,)
[0. 0. 0. ... 0. 0. 0.]
cvc_x_pos (1751,)
[0. 0. 0. ... 0. 0. 0.]
cvc_x_pos (1751,)
[0. 0. 0. ... 0. 0. 0.]
cvc_x_pos (1751,)
[0. 0. 0. ... 0. 0. 0.]
cvc_x_pos (1751,)
[0. 0. 0. ... 0. 0. 0.]
cvc_x_pos (1751,)
[0. 0. 0. ... 0. 0. 0.]
cvc_x_pos (1751,)
[0. 0. 0. ... 0. 0. 0.]
cvc_x_pos (1751,)
[0. 0. 0. ... 0. 0. 0.]
cvc_x_pos (1751,)
[0. 0. 0. ... 0. 0. 0.]
cvc_x_pos (1751,)
[0. 0. 0. ... 0. 0. 0.]
cvc_x_pos (1751,)
[0. 0. 0. ... 0. 0. 0.]
cvc_x_pos (1751,)
[0.00464506 0.004645   0.00464493 ... 0.         0.         0.        ]
cvc_x_pos (1751,)
[0. 0. 0. ... 0. 0. 0.]
cvc_x_pos (1751,)
[0.00382965 0.00382966 0.00382967 ... 0.         0.         0.        ]
cvc_x_pos (1751,)
[0.00395619 0.0039557  0.00395521 ... 0.         0.         0.        ]
cvc_x_pos (1751,)
[0.00451324 0.00451355 0.00451385 ... 0.         0.         0.        ]
cvc_x_pos (1751,)
[0. 0. 0. ... 0. 0. 0.]
cvc_x_pos (1751,)
[0. 0. 0. ... 0. 0. 0.]
cvc_x_pos (1751,)
[0. 0. 0. ... 0. 0. 0.]
cvc_x_pos (1751,)
[0. 0. 0. ... 0. 0. 0.]
cvc_x_pos (1751,)
[0. 0. 0. ... 0. 0. 0.]
cvc_x_pos (1751,)
[0. 0. 0. ... 0. 0. 0.]
cvc_x_pos (1751,)
[0. 0. 0. ... 0. 0. 0.]
cvc_x_pos (1751,)
[0. 0. 0. ... 0. 0. 0.]
cvc_x_pos (1751,)
[0. 0. 0. ... 0. 0. 0.]
cvc_x_pos (1751,)
[0. 0. 0. ... 0. 0. 0.]
cvc_x_pos (1751,)
[0. 0. 0. ... 0. 0. 0.]
cvc_x_pos (1751,)
[0. 0. 0. ... 0. 0. 0.]
cvc_x_pos (1751,)
[0. 0. 0. ... 0. 0. 0.]
cvc_x_pos (1751,)
[0. 0. 0. ... 0. 0. 0.]
cvc_x_pos (1751,)
[0. 0. 0. ... 0. 0. 0.]
cvc_x_pos (1751,)
[0. 0. 0. ... 0. 0. 0.]
cvc_x_pos (1751,)
[0. 0. 0. ... 0. 0. 0.]
cvc_x_pos (1751,)
[0. 0. 0. ... 0. 0. 0.]
cvc_x_pos (1751,)
[0. 0. 0. ... 0. 0. 0.]
cvc_x_pos (1751,)
[0. 0. 0. ... 0. 0. 0.]
cvc_x_pos (1751,)
[0. 0. 0. ... 0. 0. 0.]
cvc_x_pos (1751,)
[0. 0. 0. ... 0. 0. 0.]
cvc_x_pos (1751,)
[0. 0. 0. ... 0. 0. 0.]
cvc_x_pos (1751,)
[0. 0. 0. ... 0. 0. 0.]
cvc_x_pos (1751,)
[0. 0. 0. ... 0. 0. 0.]
cvc_x_pos (1751,)
[0. 0. 0. ... 0. 0. 0.]
cvc_x_pos (1751,)
[0. 0. 0. ... 0. 0. 0.]
cvc_x_pos (1751,)
[0. 0. 0. ... 0. 0. 0.]
cvc_x_pos (1751,)
[0. 0. 0. ... 0. 0. 0.]
cvc_x_pos (1751,)
[0. 0. 0. ... 0. 0. 0.]
cvc_x_pos (1751,)
[0. 0. 0. ... 0. 0. 0.]
cvc_x_pos (1751,)
[0. 0. 0. ... 0. 0. 0.]
cvc_x_pos (1751,)
[0. 0. 0. ... 0. 0. 0.]
cvc_x_pos (1751,)
[0. 0. 0. ... 0. 0. 0.]
cvc_x_pos (1751,)
[0. 0. 0. ... 0. 0. 0.]
cvc_x_pos (1751,)
[0. 0. 0. ... 0. 0. 0.]
cvc_x_pos (1751,)
[0. 0. 0. ... 0. 0. 0.]
cvc_x_pos (1751,)
[0. 0. 0. ... 0. 0. 0.]
cvc_x_pos (1751,)
[0. 0. 0. ... 0. 0. 0.]
cvc_x_pos (1751,)
[0. 0. 0. ... 0. 0. 0.]
cvc_x_pos (1751,)
[0. 0. 0. ... 0. 0. 0.]
cvc_x_pos (1751,)
[0. 0. 0. ... 0. 0. 0.]
cvc_x_pos (1751,)
[0. 0. 0. ... 0. 0. 0.]
cvc_x_pos (1751,)
[0. 0. 0. ... 0. 0. 0.]
cvc_x_pos (1751,)
[0. 0. 0. ... 0. 0. 0.]
cvc_x_pos (1751,)
[0. 0. 0. ... 0. 0. 0.]
cvc_x_pos (1751,)
[0. 0. 0. ... 0. 0. 0.]
cvc_x_pos (1751,)
[0.00414564 0.00414518 0.00414473 ... 0.         0.         0.        ]
cvc_x_pos (1751,)
[0.00419652 0.00419637 0.00419621 ... 0.         0.         0.        ]
cvc_x_pos (1751,)
[0. 0. 0. ... 0. 0. 0.]
cvc_x_pos (1751,)
[0.00465273 0.00465225 0.00465176 ... 0.         0.         0.        ]
cvc_x_pos (1751,)
[0. 0. 0. ... 0. 0. 0.]
cvc_x_pos (1751,)
[0.00453497 0.00453524 0.00453551 ... 0.         0.         0.        ]
cvc_x_pos (1751,)
[0. 0. 0. ... 0. 0. 0.]
cvc_x_pos (1751,)
[0.0050672  0.00506713 0.00506705 ... 0.         0.         0.        ]
cvc_x_pos (1751,)
[0. 0. 0. ... 0. 0. 0.]
cvc_x_pos (1751,)
[0. 0. 0. ... 0. 0. 0.]
cvc_x_pos (1751,)
[0. 0. 0. ... 0. 0. 0.]
cvc_x_pos (1751,)
[0. 0. 0. ... 0. 0. 0.]
cvc_x_pos (1751,)
[0. 0. 0. ... 0. 0. 0.]
cvc_x_pos (1751,)
[0. 0. 0. ... 0. 0. 0.]
cvc_x_pos (1751,)
[0. 0. 0. ... 0. 0. 0.]
cvc_x_pos (1751,)
[0. 0. 0. ... 0. 0. 0.]
cvc_x_pos (1751,)
[0. 0. 0. ... 0. 0. 0.]
cvc_x_pos (1751,)
[0. 0. 0. ... 0. 0. 0.]
cvc_x_pos (1751,)
[0. 0. 0. ... 0. 0. 0.]
cvc_x_pos (1751,)
[0. 0. 0. ... 0. 0. 0.]
cvc_x_pos (1751,)
[0. 0. 0. ... 0. 0. 0.]
cvc_x_pos (1751,)
[0. 0. 0. ... 0. 0. 0.]
cvc_x_pos (1751,)
[0. 0. 0. ... 0. 0. 0.]
cvc_x_pos (1751,)
[0. 0. 0. ... 0. 0. 0.]
cvc_x_pos (1751,)
[0. 0. 0. ... 0. 0. 0.]
cvc_x_pos (1751,)
[0. 0. 0. ... 0. 0. 0.]
cvc_x_pos (1751,)
[0. 0. 0. ... 0. 0. 0.]
cvc_x_pos (1751,)
[0.00569036 0.00568923 0.00568809 ... 0.         0.         0.        ]
cvc_x_pos (1751,)
[0.00490923 0.00490965 0.00491005 ... 0.         0.         0.        ]
cvc_x_pos (1751,)
[0. 0. 0. ... 0. 0. 0.]
cvc_x_pos (1751,)
[0. 0. 0. ... 0. 0. 0.]
cvc_x_pos (1751,)
[0. 0. 0. ... 0. 0. 0.]
cvc_x_pos (1751,)
[0. 0. 0. ... 0. 0. 0.]
cvc_x_pos (1751,)
[0. 0. 0. ... 0. 0. 0.]
cvc_x_pos (1751,)
[0. 0. 0. ... 0. 0. 0.]
cvc_x_pos (1751,)
[0. 0. 0. ... 0. 0. 0.]
cvc_x_pos (1751,)
[0. 0. 0. ... 0. 0. 0.]
cvc_x_pos (1751,)
[0. 0. 0. ... 0. 0. 0.]
cvc_x_pos (1751,)
[0. 0. 0. ... 0. 0. 0.]
cvc_x_pos (1751,)
[0. 0. 0. ... 0. 0. 0.]
cvc_x_pos (1751,)
[0. 0. 0. ... 0. 0. 0.]
cvc_x_pos (1751,)
[0. 0. 0. ... 0. 0. 0.]
cvc_x_pos (1751,)
[0. 0. 0. ... 0. 0. 0.]
cvc_x_pos (1751,)
[0. 0. 0. ... 0. 0. 0.]
cvc_x_pos (1751,)
[0. 0. 0. ... 0. 0. 0.]
cvc_x_pos (1751,)
[0. 0. 0. ... 0. 0. 0.]
cvc_x_pos (1751,)
[0. 0. 0. ... 0. 0. 0.]
cvc_x_pos (1751,)
[0. 0. 0. ... 0. 0. 0.]
cvc_x_pos (1751,)
[0. 0. 0. ... 0. 0. 0.]
cvc_x_pos (1751,)
[0. 0. 0. ... 0. 0. 0.]
cvc_x_pos (1751,)
[0. 0. 0. ... 0. 0. 0.]
cvc_x_pos (1751,)
[0. 0. 0. ... 0. 0. 0.]
cvc_x_pos (1751,)
[0. 0. 0. ... 0. 0. 0.]
cvc_x_pos (1751,)
[0. 0. 0. ... 0. 0. 0.]
cvc_x_pos (1751,)
[0. 0. 0. ... 0. 0. 0.]
cvc_x_pos (1751,)
[0. 0. 0. ... 0. 0. 0.]
cvc_x_pos (1751,)
[0. 0. 0. ... 0. 0. 0.]
cvc_x_pos (1751,)
[0. 0. 0. ... 0. 0. 0.]
cvc_x_pos (1751,)
[0. 0. 0. ... 0. 0. 0.]
cvc_x_pos (1751,)
[0. 0. 0. ... 0. 0. 0.]
cvc_x_pos (1751,)
[0. 0. 0. ... 0. 0. 0.]
cvc_x_pos (1751,)
[0. 0. 0. ... 0. 0. 0.]
cvc_x_pos (1751,)
[0. 0. 0. ... 0. 0. 0.]
cvc_x_pos (1751,)
[0. 0. 0. ... 0. 0. 0.]
cvc_x_pos (1751,)
[0. 0. 0. ... 0. 0. 0.]
cvc_x_pos (1751,)
[0. 0. 0. ... 0. 0. 0.]
cvc_x_pos (1751,)
[0.00391018 0.00391048 0.00391077 ... 0.         0.         0.        ]
cvc_x_pos (1751,)
[0. 0. 0. ... 0. 0. 0.]
cvc_x_pos (1751,)
[0.00469363 0.00469444 0.00469525 ... 0.         0.         0.        ]
cvc_x_pos (1751,)
[0.00437096 0.00437134 0.00437171 ... 0.         0.         0.        ]
cvc_x_pos (1751,)
[0.00571733 0.00571803 0.00571871 ... 0.         0.         0.        ]
cvc_x_pos (1751,)
[0.00498464 0.00498425 0.00498384 ... 0.         0.         0.        ]
cvc_x_pos (1751,)
[0.         0.00531256 0.00531366 ... 0.         0.         0.        ]
cvc_x_pos (1751,)
[0.00494553 0.00494487 0.0049442  ... 0.         0.         0.        ]
cvc_x_pos (1751,)
[0.0049428  0.00494281 0.0049428  ... 0.         0.         0.        ]
cvc_x_pos (1751,)
[0. 0. 0. ... 0. 0. 0.]
cvc_x_pos (1751,)
[0. 0. 0. ... 0. 0. 0.]
cvc_x_pos (1751,)
[0. 0. 0. ... 0. 0. 0.]
cvc_x_pos (1751,)
[0. 0. 0. ... 0. 0. 0.]
cvc_x_pos (1751,)
[0. 0. 0. ... 0. 0. 0.]
cvc_x_pos (1751,)
[0. 0. 0. ... 0. 0. 0.]
cvc_x_pos (1751,)
[0. 0. 0. ... 0. 0. 0.]
cvc_x_pos (1751,)
[0. 0. 0. ... 0. 0. 0.]
cvc_x_pos (1751,)
[0. 0. 0. ... 0. 0. 0.]
cvc_x_pos (1751,)
[0. 0. 0. ... 0. 0. 0.]
cvc_x_pos (1751,)
[0. 0. 0. ... 0. 0. 0.]
cvc_x_pos (1751,)
[0. 0. 0. ... 0. 0. 0.]
cvc_x_pos (1751,)
[0. 0. 0. ... 0. 0. 0.]
cvc_x_pos (1751,)
[0. 0. 0. ... 0. 0. 0.]
cvc_x_pos (1751,)
[0. 0. 0. ... 0. 0. 0.]
cvc_x_pos (1751,)
[0. 0. 0. ... 0. 0. 0.]
cvc_x_pos (1751,)
[0. 0. 0. ... 0. 0. 0.]
cvc_x_pos (1751,)
[0. 0. 0. ... 0. 0. 0.]
cvc_x_pos (1751,)
[0. 0. 0. ... 0. 0. 0.]
cvc_x_pos (1751,)
[0. 0. 0. ... 0. 0. 0.]
cvc_x_pos (1751,)
[0. 0. 0. ... 0. 0. 0.]
cvc_x_pos (1751,)
[0.00501438 0.00501514 0.00501589 ... 0.         0.         0.        ]
cvc_x_pos (1751,)
[0. 0. 0. ... 0. 0. 0.]
cvc_x_pos (1751,)
[0. 0. 0. ... 0. 0. 0.]
cvc_x_pos (1751,)
[0. 0. 0. ... 0. 0. 0.]
cvc_x_pos (1751,)
[0. 0. 0. ... 0. 0. 0.]
cvc_x_pos (1751,)
[0. 0. 0. ... 0. 0. 0.]
cvc_x_pos (1751,)
[0. 0. 0. ... 0. 0. 0.]
cvc_x_pos (1751,)
[0. 0. 0. ... 0. 0. 0.]
cvc_x_pos (1751,)
[0. 0. 0. ... 0. 0. 0.]
cvc_x_pos (1751,)
[0. 0. 0. ... 0. 0. 0.]
cvc_x_pos (1751,)
[0. 0. 0. ... 0. 0. 0.]
cvc_x_pos (1751,)
[0. 0. 0. ... 0. 0. 0.]
cvc_x_pos (1751,)
[0. 0. 0. ... 0. 0. 0.]
cvc_x_pos (1751,)
[0. 0. 0. ... 0. 0. 0.]
cvc_x_pos (1751,)
[0. 0. 0. ... 0. 0. 0.]
cvc_x_pos (1751,)
[0. 0. 0. ... 0. 0. 0.]
cvc_x_pos (1751,)
[0. 0. 0. ... 0. 0. 0.]
cvc_x_pos (1751,)
[0. 0. 0. ... 0. 0. 0.]
cvc_x_pos (1751,)
[0. 0. 0. ... 0. 0. 0.]
cvc_x_pos (1751,)
[0. 0. 0. ... 0. 0. 0.]
cvc_x_pos (1751,)
[0. 0. 0. ... 0. 0. 0.]
cvc_x_pos (1751,)
[0. 0. 0. ... 0. 0. 0.]
cvc_x_pos (1751,)
[0. 0. 0. ... 0. 0. 0.]
cvc_x_pos (1751,)
[0. 0. 0. ... 0. 0. 0.]
cvc_x_pos (1751,)
[0. 0. 0. ... 0. 0. 0.]
cvc_x_pos (1751,)
[0. 0. 0. ... 0. 0. 0.]
cvc_x_pos (1751,)
[0. 0. 0. ... 0. 0. 0.]
cvc_x_pos (1751,)
[0. 0. 0. ... 0. 0. 0.]
cvc_x_pos (1751,)
[0.00507773 0.00507869 0.00507964 ... 0.         0.         0.        ]
cvc_x_pos (1751,)
[0. 0. 0. ... 0. 0. 0.]
cvc_x_pos (1751,)
[0.0049465  0.00494714 0.00494778 ... 0.         0.         0.        ]
cvc_x_pos (1751,)
[0.00411102 0.00411091 0.00411078 ... 0.         0.         0.        ]
cvc_x_pos (1751,)
[0.00407261 0.0040731  0.00407358 ... 0.         0.         0.        ]
cvc_x_pos (1751,)
[0. 0. 0. ... 0. 0. 0.]
cvc_x_pos (1751,)
[0. 0. 0. ... 0. 0. 0.]
cvc_x_pos (1751,)
[0. 0. 0. ... 0. 0. 0.]
cvc_x_pos (1751,)
[0. 0. 0. ... 0. 0. 0.]
cvc_x_pos (1751,)
[0. 0. 0. ... 0. 0. 0.]
cvc_x_pos (1751,)
[0. 0. 0. ... 0. 0. 0.]
cvc_x_pos (1751,)
[0. 0. 0. ... 0. 0. 0.]
cvc_x_pos (1751,)
[0. 0. 0. ... 0. 0. 0.]
cvc_x_pos (1751,)
[0. 0. 0. ... 0. 0. 0.]
cvc_x_pos (1751,)
[0. 0. 0. ... 0. 0. 0.]
cvc_x_pos (1751,)
[0. 0. 0. ... 0. 0. 0.]
cvc_x_pos (1751,)
[0. 0. 0. ... 0. 0. 0.]
cvc_x_pos (1751,)
[0. 0. 0. ... 0. 0. 0.]
cvc_x_pos (1751,)
[0. 0. 0. ... 0. 0. 0.]
cvc_x_pos (1751,)
[0. 0. 0. ... 0. 0. 0.]
cvc_x_pos (1751,)
[0. 0. 0. ... 0. 0. 0.]
cvc_x_pos (1751,)
[0. 0. 0. ... 0. 0. 0.]
cvc_x_pos (1751,)
[0. 0. 0. ... 0. 0. 0.]
cvc_x_pos (1751,)
[0. 0. 0. ... 0. 0. 0.]
cvc_x_pos (1751,)
[0. 0. 0. ... 0. 0. 0.]
cvc_x_pos (1751,)
[0. 0. 0. ... 0. 0. 0.]
cvc_x_pos (1751,)
[0. 0. 0. ... 0. 0. 0.]
cvc_x_pos (1751,)
[0. 0. 0. ... 0. 0. 0.]
cvc_x_pos (1751,)
[0.00404552 0.00404546 0.00404539 ... 0.         0.         0.        ]
cvc_x_pos (1751,)
[0. 0. 0. ... 0. 0. 0.]
cvc_x_pos (1751,)
[0. 0. 0. ... 0. 0. 0.]
cvc_x_pos (1751,)
[0. 0. 0. ... 0. 0. 0.]
cvc_x_pos (1751,)
[0. 0. 0. ... 0. 0. 0.]
cvc_x_pos (1751,)
[0. 0. 0. ... 0. 0. 0.]
cvc_x_pos (1751,)
[0. 0. 0. ... 0. 0. 0.]
cvc_x_pos (1751,)
[0. 0. 0. ... 0. 0. 0.]
cvc_x_pos (1751,)
[0. 0. 0. ... 0. 0. 0.]
cvc_x_pos (1751,)
[0. 0. 0. ... 0. 0. 0.]
cvc_x_pos (1751,)
[0. 0. 0. ... 0. 0. 0.]
cvc_x_pos (1751,)
[0. 0. 0. ... 0. 0. 0.]
cvc_x_pos (1751,)
[0. 0. 0. ... 0. 0. 0.]
cvc_x_pos (1751,)
[0. 0. 0. ... 0. 0. 0.]
cvc_x_pos (1751,)
[0. 0. 0. ... 0. 0. 0.]
cvc_x_pos (1751,)
[0. 0. 0. ... 0. 0. 0.]
cvc_x_pos (1751,)
[0. 0. 0. ... 0. 0. 0.]
cvc_x_pos (1751,)
[0. 0. 0. ... 0. 0. 0.]
cvc_x_pos (1751,)
[0. 0. 0. ... 0. 0. 0.]
cvc_x_pos (1751,)
[0. 0. 0. ... 0. 0. 0.]
cvc_x_pos (1751,)
[0.00515571 0.00515631 0.0051569  ... 0.         0.         0.        ]
cvc_x_pos (1751,)
[0. 0. 0. ... 0. 0. 0.]
cvc_x_pos (1751,)
[0.00482199 0.00482179 0.00482159 ... 0.         0.         0.        ]
cvc_x_pos (1751,)
[0.00392555 0.00392604 0.00392653 ... 0.         0.         0.        ]
cvc_x_pos (1751,)
[0.004522   0.00452125 0.00452049 ... 0.         0.         0.        ]
cvc_x_pos (1751,)
[0. 0. 0. ... 0. 0. 0.]
cvc_x_pos (1751,)
[0. 0. 0. ... 0. 0. 0.]
cvc_x_pos (1751,)
[0. 0. 0. ... 0. 0. 0.]
cvc_x_pos (1751,)
[0. 0. 0. ... 0. 0. 0.]
cvc_x_pos (1751,)
[0. 0. 0. ... 0. 0. 0.]
cvc_x_pos (1751,)
[0. 0. 0. ... 0. 0. 0.]
cvc_x_pos (1751,)
[0. 0. 0. ... 0. 0. 0.]
cvc_x_pos (1751,)
[0. 0. 0. ... 0. 0. 0.]
cvc_x_pos (1751,)
[0. 0. 0. ... 0. 0. 0.]
cvc_x_pos (1751,)
[0. 0. 0. ... 0. 0. 0.]
cvc_x_pos (1751,)
[0. 0. 0. ... 0. 0. 0.]
cvc_x_pos (1751,)
[0. 0. 0. ... 0. 0. 0.]
cvc_x_pos (1751,)
[0. 0. 0. ... 0. 0. 0.]
cvc_x_pos (1751,)
[0. 0. 0. ... 0. 0. 0.]
cvc_x_pos (1751,)
[0. 0. 0. ... 0. 0. 0.]
cvc_x_pos (1751,)
[0. 0. 0. ... 0. 0. 0.]
cvc_x_pos (1751,)
[0. 0. 0. ... 0. 0. 0.]
cvc_x_pos (1751,)
[0. 0. 0. ... 0. 0. 0.]
cvc_x_pos (1751,)
[0. 0. 0. ... 0. 0. 0.]
cvc_x_pos (1751,)
[0. 0. 0. ... 0. 0. 0.]
cvc_x_pos (1751,)
[0. 0. 0. ... 0. 0. 0.]
cvc_x_pos (1751,)
[0. 0. 0. ... 0. 0. 0.]
cvc_x_pos (1751,)
[0. 0. 0. ... 0. 0. 0.]
cvc_x_pos (1751,)
[0.00487993 0.00487941 0.00487887 ... 0.         0.         0.        ]
cvc_x_pos (1751,)
[0. 0. 0. ... 0. 0. 0.]
cvc_x_pos (1751,)
[0. 0. 0. ... 0. 0. 0.]
cvc_x_pos (1751,)
[0. 0. 0. ... 0. 0. 0.]
cvc_x_pos (1751,)
[0. 0. 0. ... 0. 0. 0.]
cvc_x_pos (1751,)
[0. 0. 0. ... 0. 0. 0.]
cvc_x_pos (1751,)
[0. 0. 0. ... 0. 0. 0.]
cvc_x_pos (1751,)
[0. 0. 0. ... 0. 0. 0.]
cvc_x_pos (1751,)
[0. 0. 0. ... 0. 0. 0.]
cvc_x_pos (1751,)
[0. 0. 0. ... 0. 0. 0.]
cvc_x_pos (1751,)
[0. 0. 0. ... 0. 0. 0.]
cvc_x_pos (1751,)
[0.00500943 0.00500981 0.00501019 ... 0.         0.         0.        ]
cvc_x_pos (1751,)
[0.00481719 0.00481791 0.00481863 ... 0.         0.         0.        ]
cvc_x_pos (1751,)
[0.00482862 0.00482804 0.00482744 ... 0.         0.         0.        ]
cvc_x_pos (1751,)
[0.00512588 0.00512653 0.00512716 ... 0.         0.         0.        ]
cvc_x_pos (1751,)
[0.00459538 0.00459504 0.00459469 ... 0.         0.         0.        ]
cvc_x_pos (1751,)
[0. 0. 0. ... 0. 0. 0.]
cvc_x_pos (1751,)
[0. 0. 0. ... 0. 0. 0.]
cvc_x_pos (1751,)
[0. 0. 0. ... 0. 0. 0.]
cvc_x_pos (1751,)
[0. 0. 0. ... 0. 0. 0.]
cvc_x_pos (1751,)
[0. 0. 0. ... 0. 0. 0.]
cvc_x_pos (1751,)
[0. 0. 0. ... 0. 0. 0.]
cvc_x_pos (1751,)
[0. 0. 0. ... 0. 0. 0.]
cvc_x_pos (1751,)
[0. 0. 0. ... 0. 0. 0.]
cvc_x_pos (1751,)
[0. 0. 0. ... 0. 0. 0.]
cvc_x_pos (1751,)
[0. 0. 0. ... 0. 0. 0.]
cvc_x_pos (1751,)
[0. 0. 0. ... 0. 0. 0.]
cvc_x_pos (1751,)
[0. 0. 0. ... 0. 0. 0.]
cvc_x_pos (1751,)
[0. 0. 0. ... 0. 0. 0.]
cvc_x_pos (1751,)
[0. 0. 0. ... 0. 0. 0.]
cvc_x_pos (1751,)
[0. 0. 0. ... 0. 0. 0.]
cvc_x_pos (1751,)
[0. 0. 0. ... 0. 0. 0.]
cvc_x_pos (1751,)
[0. 0. 0. ... 0. 0. 0.]
cvc_x_pos (1751,)
[0. 0. 0. ... 0. 0. 0.]
cvc_x_pos (1751,)
[0. 0. 0. ... 0. 0. 0.]
cvc_x_pos (1751,)
[0. 0. 0. ... 0. 0. 0.]
cvc_x_pos (1751,)
[0. 0. 0. ... 0. 0. 0.]
cvc_x_pos (1751,)
[0. 0. 0. ... 0. 0. 0.]
cvc_x_pos (1751,)
[0. 0. 0. ... 0. 0. 0.]
cvc_x_pos (1751,)
[0. 0. 0. ... 0. 0. 0.]
cvc_x_pos (1751,)
[0.00424221 0.00424187 0.00424152 ... 0.         0.         0.        ]
cvc_x_pos (1751,)
[0.00468051 0.00468121 0.0046819  ... 0.         0.         0.        ]
cvc_x_pos (1751,)
[0.00394325 0.00394352 0.00394378 ... 0.         0.         0.        ]
cvc_x_pos (1751,)
[0. 0. 0. ... 0. 0. 0.]
cvc_x_pos (1751,)
[0.00425872 0.0042593  0.00425987 ... 0.         0.         0.        ]
cvc_x_pos (1751,)
[0.00460719 0.00460771 0.00460823 ... 0.         0.         0.        ]
cvc_x_pos (1751,)
[0.00447895 0.00447886 0.00447877 ... 0.         0.         0.        ]
cvc_x_pos (1751,)
[0. 0. 0. ... 0. 0. 0.]
cvc_x_pos (1751,)
[0. 0. 0. ... 0. 0. 0.]
cvc_x_pos (1751,)
[0. 0. 0. ... 0. 0. 0.]
cvc_x_pos (1751,)
[0. 0. 0. ... 0. 0. 0.]
cvc_x_pos (1751,)
[0. 0. 0. ... 0. 0. 0.]
cvc_x_pos (1751,)
[0. 0. 0. ... 0. 0. 0.]
cvc_x_pos (1751,)
[0. 0. 0. ... 0. 0. 0.]
cvc_x_pos (1751,)
[0. 0. 0. ... 0. 0. 0.]
cvc_x_pos (1751,)
[0. 0. 0. ... 0. 0. 0.]
cvc_x_pos (1751,)
[0. 0. 0. ... 0. 0. 0.]
cvc_x_pos (1751,)
[0. 0. 0. ... 0. 0. 0.]
cvc_x_pos (1751,)
[0. 0. 0. ... 0. 0. 0.]
cvc_x_pos (1751,)
[0. 0. 0. ... 0. 0. 0.]
cvc_x_pos (1751,)
[0. 0. 0. ... 0. 0. 0.]
cvc_x_pos (1751,)
[0. 0. 0. ... 0. 0. 0.]
cvc_x_pos (1751,)
[0. 0. 0. ... 0. 0. 0.]
cvc_x_pos (1751,)
[0. 0. 0. ... 0. 0. 0.]
cvc_x_pos (1751,)
[0. 0. 0. ... 0. 0. 0.]
cvc_x_pos (1751,)
[0. 0. 0. ... 0. 0. 0.]
cvc_x_pos (1751,)
[0. 0. 0. ... 0. 0. 0.]
cvc_x_pos (1751,)
[0. 0. 0. ... 0. 0. 0.]
cvc_x_pos (1751,)
[0. 0. 0. ... 0. 0. 0.]
cvc_x_pos (1751,)
[0. 0. 0. ... 0. 0. 0.]
cvc_x_pos (1751,)
[0. 0. 0. ... 0. 0. 0.]
cvc_x_pos (1751,)
[0. 0. 0. ... 0. 0. 0.]
cvc_x_pos (1751,)
[0. 0. 0. ... 0. 0. 0.]
cvc_x_pos (1751,)
[0.00468401 0.00468373 0.00468343 ... 0.         0.         0.        ]
cvc_x_pos (1751,)
[0. 0. 0. ... 0. 0. 0.]
cvc_x_pos (1751,)
[0.00390385 0.00390378 0.00390372 ... 0.         0.         0.        ]
cvc_x_pos (1751,)
[0.00519779 0.00519698 0.00519616 ... 0.         0.         0.        ]
cvc_x_pos (1751,)
[0.00513672 0.00513716 0.00513758 ... 0.         0.         0.        ]
cvc_x_pos (1751,)
[0.00432957 0.00432893 0.00432828 ... 0.         0.         0.        ]
cvc_x_pos (1751,)
[0.00412246 0.00412274 0.00412302 ... 0.         0.         0.        ]
cvc_x_pos (1751,)
[0. 0. 0. ... 0. 0. 0.]
cvc_x_pos (1751,)
[0. 0. 0. ... 0. 0. 0.]
cvc_x_pos (1751,)
[0. 0. 0. ... 0. 0. 0.]
cvc_x_pos (1751,)
[0. 0. 0. ... 0. 0. 0.]
cvc_x_pos (1751,)
[0. 0. 0. ... 0. 0. 0.]
cvc_x_pos (1751,)
[0. 0. 0. ... 0. 0. 0.]
cvc_x_pos (1751,)
[0. 0. 0. ... 0. 0. 0.]
cvc_x_pos (1751,)
[0. 0. 0. ... 0. 0. 0.]
cvc_x_pos (1751,)
[0. 0. 0. ... 0. 0. 0.]
cvc_x_pos (1751,)
[0. 0. 0. ... 0. 0. 0.]
cvc_x_pos (1751,)
[0. 0. 0. ... 0. 0. 0.]
cvc_x_pos (1751,)
[0. 0. 0. ... 0. 0. 0.]
cvc_x_pos (1751,)
[0. 0. 0. ... 0. 0. 0.]
cvc_x_pos (1751,)
[0. 0. 0. ... 0. 0. 0.]
cvc_x_pos (1751,)
[0. 0. 0. ... 0. 0. 0.]
cvc_x_pos (1751,)
[0. 0. 0. ... 0. 0. 0.]
cvc_x_pos (1751,)
[0. 0. 0. ... 0. 0. 0.]
cvc_x_pos (1751,)
[0. 0. 0. ... 0. 0. 0.]
cvc_x_pos (1751,)
[0. 0. 0. ... 0. 0. 0.]
cvc_x_pos (1751,)
[0. 0. 0. ... 0. 0. 0.]
cvc_x_pos (1751,)
[0. 0. 0. ... 0. 0. 0.]
cvc_x_pos (1751,)
[0. 0. 0. ... 0. 0. 0.]
cvc_x_pos (1751,)
[0. 0. 0. ... 0. 0. 0.]
cvc_x_pos (1751,)
[0. 0. 0. ... 0. 0. 0.]
cvc_x_pos (1751,)
[0. 0. 0. ... 0. 0. 0.]
cvc_x_pos (1751,)
[0. 0. 0. ... 0. 0. 0.]
cvc_x_pos (1751,)
[0. 0. 0. ... 0. 0. 0.]
cvc_x_pos (1751,)
[0. 0. 0. ... 0. 0. 0.]
cvc_x_pos (1751,)
[0. 0. 0. ... 0. 0. 0.]
cvc_x_pos (1751,)
[0. 0. 0. ... 0. 0. 0.]
cvc_x_pos (1751,)
[0. 0. 0. ... 0. 0. 0.]
cvc_x_pos (1751,)
[0. 0. 0. ... 0. 0. 0.]
cvc_x_pos (1751,)
[0. 0. 0. ... 0. 0. 0.]
cvc_x_pos (1751,)
[0.00436146 0.00436158 0.00436169 ... 0.         0.         0.        ]
cvc_x_pos (1751,)
[0. 0. 0. ... 0. 0. 0.]
cvc_x_pos (1751,)
[0.0051645  0.00516491 0.00516531 ... 0.         0.         0.        ]
cvc_x_pos (1751,)
[0. 0. 0. ... 0. 0. 0.]
cvc_x_pos (1751,)
[0.00512547 0.00512613 0.00512678 ... 0.         0.         0.        ]
cvc_x_pos (1751,)
[0. 0. 0. ... 0. 0. 0.]
cvc_x_pos (1751,)
[0. 0. 0. ... 0. 0. 0.]
cvc_x_pos (1751,)
[0. 0. 0. ... 0. 0. 0.]
cvc_x_pos (1751,)
[0. 0. 0. ... 0. 0. 0.]
cvc_x_pos (1751,)
[0. 0. 0. ... 0. 0. 0.]
cvc_x_pos (1751,)
[0. 0. 0. ... 0. 0. 0.]
cvc_x_pos (1751,)
[0. 0. 0. ... 0. 0. 0.]
cvc_x_pos (1751,)
[0. 0. 0. ... 0. 0. 0.]
cvc_x_pos (1751,)
[0. 0. 0. ... 0. 0. 0.]
cvc_x_pos (1751,)
[0. 0. 0. ... 0. 0. 0.]
cvc_x_pos (1751,)
[0. 0. 0. ... 0. 0. 0.]
cvc_x_pos (1751,)
[0. 0. 0. ... 0. 0. 0.]
cvc_x_pos (1751,)
[0. 0. 0. ... 0. 0. 0.]
cvc_x_pos (1751,)
[0. 0. 0. ... 0. 0. 0.]
cvc_x_pos (1751,)
[0. 0. 0. ... 0. 0. 0.]
cvc_x_pos (1751,)
[0. 0. 0. ... 0. 0. 0.]
cvc_x_pos (1751,)
[0. 0. 0. ... 0. 0. 0.]
cvc_x_pos (1751,)
[0. 0. 0. ... 0. 0. 0.]
cvc_x_pos (1751,)
[0. 0. 0. ... 0. 0. 0.]
cvc_x_pos (1751,)
[0. 0. 0. ... 0. 0. 0.]
cvc_x_pos (1751,)
[0. 0. 0. ... 0. 0. 0.]
cvc_x_pos (1751,)
[0. 0. 0. ... 0. 0. 0.]
cvc_x_pos (1751,)
[0. 0. 0. ... 0. 0. 0.]
cvc_x_pos (1751,)
[0. 0. 0. ... 0. 0. 0.]
cvc_x_pos (1751,)
[0. 0. 0. ... 0. 0. 0.]
cvc_x_pos (1751,)
[0. 0. 0. ... 0. 0. 0.]
cvc_x_pos (1751,)
[0. 0. 0. ... 0. 0. 0.]
cvc_x_pos (1751,)
[0. 0. 0. ... 0. 0. 0.]
cvc_x_pos (1751,)
[0. 0. 0. ... 0. 0. 0.]
cvc_x_pos (1751,)
[0. 0. 0. ... 0. 0. 0.]
cvc_x_pos (1751,)
[0. 0. 0. ... 0. 0. 0.]
cvc_x_pos (1751,)
[0. 0. 0. ... 0. 0. 0.]
cvc_x_pos (1751,)
[0. 0. 0. ... 0. 0. 0.]
cvc_x_pos (1751,)
[0. 0. 0. ... 0. 0. 0.]
cvc_x_pos (1751,)
[0. 0. 0. ... 0. 0. 0.]
cvc_x_pos (1751,)
[0. 0. 0. ... 0. 0. 0.]
cvc_x_pos (1751,)
[0. 0. 0. ... 0. 0. 0.]
cvc_x_pos (1751,)
[0. 0. 0. ... 0. 0. 0.]
cvc_x_pos (1751,)
[0. 0. 0. ... 0. 0. 0.]
cvc_x_pos (1751,)
[0. 0. 0. ... 0. 0. 0.]
cvc_x_pos (1751,)
[0. 0. 0. ... 0. 0. 0.]
cvc_x_pos (1751,)
[0.00496692 0.00496697 0.00496702 ... 0.         0.         0.        ]
cvc_x_pos (1751,)
[0. 0. 0. ... 0. 0. 0.]
cvc_x_pos (1751,)
[0.00475523 0.0047552  0.00475516 ... 0.         0.         0.        ]
cvc_x_pos (1751,)
[0.00383412 0.0038338  0.00383349 ... 0.         0.         0.        ]
cvc_x_pos (1751,)
[0.00491042 0.00491081 0.0049112  ... 0.         0.         0.        ]
cvc_x_pos (1751,)
[0.00453071 0.00453032 0.00452992 ... 0.         0.         0.        ]
cvc_x_pos (1751,)
[0. 0. 0. ... 0. 0. 0.]
cvc_x_pos (1751,)
[0. 0. 0. ... 0. 0. 0.]
cvc_x_pos (1751,)
[0. 0. 0. ... 0. 0. 0.]
cvc_x_pos (1751,)
[0. 0. 0. ... 0. 0. 0.]
cvc_x_pos (1751,)
[0. 0. 0. ... 0. 0. 0.]
cvc_x_pos (1751,)
[0. 0. 0. ... 0. 0. 0.]
cvc_x_pos (1751,)
[0. 0. 0. ... 0. 0. 0.]
cvc_x_pos (1751,)
[0. 0. 0. ... 0. 0. 0.]
cvc_x_pos (1751,)
[0. 0. 0. ... 0. 0. 0.]
cvc_x_pos (1751,)
[0. 0. 0. ... 0. 0. 0.]
cvc_x_pos (1751,)
[0. 0. 0. ... 0. 0. 0.]
cvc_x_pos (1751,)
[0. 0. 0. ... 0. 0. 0.]
cvc_x_pos (1751,)
[0. 0. 0. ... 0. 0. 0.]
cvc_x_pos (1751,)
[0. 0. 0. ... 0. 0. 0.]
cvc_x_pos (1751,)
[0. 0. 0. ... 0. 0. 0.]
cvc_x_pos (1751,)
[0. 0. 0. ... 0. 0. 0.]
cvc_x_pos (1751,)
[0. 0. 0. ... 0. 0. 0.]
cvc_x_pos (1751,)
[0. 0. 0. ... 0. 0. 0.]
cvc_x_pos (1751,)
[0. 0. 0. ... 0. 0. 0.]
cvc_x_pos (1751,)
[0. 0. 0. ... 0. 0. 0.]
cvc_x_pos (1751,)
[0. 0. 0. ... 0. 0. 0.]
cvc_x_pos (1751,)
[0. 0. 0. ... 0. 0. 0.]
cvc_x_pos (1751,)
[0. 0. 0. ... 0. 0. 0.]
cvc_x_pos (1751,)
[0. 0. 0. ... 0. 0. 0.]
cvc_x_pos (1751,)
[0. 0. 0. ... 0. 0. 0.]
cvc_x_pos (1751,)
[0. 0. 0. ... 0. 0. 0.]
cvc_x_pos (1751,)
[0. 0. 0. ... 0. 0. 0.]
cvc_x_pos (1751,)
[0. 0. 0. ... 0. 0. 0.]
cvc_x_pos (1751,)
[0. 0. 0. ... 0. 0. 0.]
cvc_x_pos (1751,)
[0. 0. 0. ... 0. 0. 0.]
cvc_x_pos (1751,)
[0. 0. 0. ... 0. 0. 0.]
cvc_x_pos (1751,)
[0. 0. 0. ... 0. 0. 0.]
cvc_x_pos (1751,)
[0. 0. 0. ... 0. 0. 0.]
cvc_x_pos (1751,)
[0. 0. 0. ... 0. 0. 0.]
cvc_x_pos (1751,)
[0. 0. 0. ... 0. 0. 0.]
cvc_x_pos (1751,)
[0. 0. 0. ... 0. 0. 0.]
cvc_x_pos (1751,)
[0. 0. 0. ... 0. 0. 0.]
cvc_x_pos (1751,)
[0. 0. 0. ... 0. 0. 0.]
cvc_x_pos (1751,)
[0. 0. 0. ... 0. 0. 0.]
cvc_x_pos (1751,)
[0. 0. 0. ... 0. 0. 0.]
cvc_x_pos (1751,)
[0. 0. 0. ... 0. 0. 0.]
cvc_x_pos (1751,)
[0. 0. 0. ... 0. 0. 0.]
cvc_x_pos (1751,)
[0. 0. 0. ... 0. 0. 0.]
cvc_x_pos (1751,)
[0. 0. 0. ... 0. 0. 0.]
cvc_x_pos (1751,)
[0. 0. 0. ... 0. 0. 0.]
cvc_x_pos (1751,)
[0. 0. 0. ... 0. 0. 0.]
cvc_x_pos (1751,)
[0. 0. 0. ... 0. 0. 0.]
cvc_x_pos (1751,)
[0. 0. 0. ... 0. 0. 0.]
cvc_x_pos (1751,)
[0. 0. 0. ... 0. 0. 0.]
cvc_x_pos (1751,)
[0.00468472 0.00468405 0.00468338 ... 0.         0.         0.        ]
cvc_x_pos (1751,)
[0. 0. 0. ... 0. 0. 0.]
cvc_x_pos (1751,)
[0.00509051 0.00509025 0.00508998 ... 0.         0.         0.        ]
cvc_x_pos (1751,)
[0. 0. 0. ... 0. 0. 0.]
cvc_x_pos (1751,)
[0.0044879  0.00448831 0.00448871 ... 0.         0.         0.        ]
cvc_x_pos (1751,)
[0.00424933 0.00424883 0.00424832 ... 0.         0.         0.        ]
cvc_x_pos (1751,)
[0. 0. 0. ... 0. 0. 0.]
cvc_x_pos (1751,)
[0. 0. 0. ... 0. 0. 0.]
cvc_x_pos (1751,)
[0. 0. 0. ... 0. 0. 0.]
cvc_x_pos (1751,)
[0. 0. 0. ... 0. 0. 0.]
cvc_x_pos (1751,)
[0. 0. 0. ... 0. 0. 0.]
cvc_x_pos (1751,)
[0. 0. 0. ... 0. 0. 0.]
cvc_x_pos (1751,)
[0. 0. 0. ... 0. 0. 0.]
cvc_x_pos (1751,)
[0. 0. 0. ... 0. 0. 0.]
cvc_x_pos (1751,)
[0. 0. 0. ... 0. 0. 0.]
cvc_x_pos (1751,)
[0. 0. 0. ... 0. 0. 0.]
cvc_x_pos (1751,)
[0. 0. 0. ... 0. 0. 0.]
cvc_x_pos (1751,)
[0. 0. 0. ... 0. 0. 0.]
cvc_x_pos (1751,)
[0. 0. 0. ... 0. 0. 0.]
cvc_x_pos (1751,)
[0. 0. 0. ... 0. 0. 0.]
cvc_x_pos (1751,)
[0. 0. 0. ... 0. 0. 0.]
cvc_x_pos (1751,)
[0. 0. 0. ... 0. 0. 0.]
cvc_x_pos (1751,)
[0. 0. 0. ... 0. 0. 0.]
cvc_x_pos (1751,)
[0. 0. 0. ... 0. 0. 0.]
cvc_x_pos (1751,)
[0. 0. 0. ... 0. 0. 0.]
cvc_x_pos (1751,)
[0. 0. 0. ... 0. 0. 0.]
cvc_x_pos (1751,)
[0. 0. 0. ... 0. 0. 0.]
cvc_x_pos (1751,)
[0. 0. 0. ... 0. 0. 0.]
cvc_x_pos (1751,)
[0. 0. 0. ... 0. 0. 0.]
cvc_x_pos (1751,)
[0. 0. 0. ... 0. 0. 0.]
cvc_x_pos (1751,)
[0. 0. 0. ... 0. 0. 0.]
cvc_x_pos (1751,)
[0. 0. 0. ... 0. 0. 0.]
cvc_x_pos (1751,)
[0. 0. 0. ... 0. 0. 0.]
cvc_x_pos (1751,)
[0. 0. 0. ... 0. 0. 0.]
cvc_x_pos (1751,)
[0. 0. 0. ... 0. 0. 0.]
cvc_x_pos (1751,)
[0. 0. 0. ... 0. 0. 0.]
cvc_x_pos (1751,)
[0. 0. 0. ... 0. 0. 0.]
cvc_x_pos (1751,)
[0. 0. 0. ... 0. 0. 0.]
cvc_x_pos (1751,)
[0. 0. 0. ... 0. 0. 0.]
cvc_x_pos (1751,)
[0. 0. 0. ... 0. 0. 0.]
cvc_x_pos (1751,)
[0. 0. 0. ... 0. 0. 0.]
cvc_x_pos (1751,)
[0. 0. 0. ... 0. 0. 0.]
cvc_x_pos (1751,)
[0. 0. 0. ... 0. 0. 0.]
cvc_x_pos (1751,)
[0. 0. 0. ... 0. 0. 0.]
cvc_x_pos (1751,)
[0. 0. 0. ... 0. 0. 0.]
cvc_x_pos (1751,)
[0. 0. 0. ... 0. 0. 0.]
cvc_x_pos (1751,)
[0. 0. 0. ... 0. 0. 0.]
cvc_x_pos (1751,)
[0. 0. 0. ... 0. 0. 0.]
cvc_x_pos (1751,)
[0. 0. 0. ... 0. 0. 0.]
cvc_x_pos (1751,)
[0. 0. 0. ... 0. 0. 0.]
cvc_x_pos (1751,)
[0. 0. 0. ... 0. 0. 0.]
cvc_x_pos (1751,)
[0. 0. 0. ... 0. 0. 0.]
cvc_x_pos (1751,)
[0. 0. 0. ... 0. 0. 0.]
cvc_x_pos (1751,)
[0. 0. 0. ... 0. 0. 0.]
cvc_x_pos (1751,)
[0. 0. 0. ... 0. 0. 0.]
cvc_x_pos (1751,)
[0. 0. 0. ... 0. 0. 0.]
cvc_x_pos (1751,)
[0. 0. 0. ... 0. 0. 0.]
cvc_x_pos (1751,)
[0. 0. 0. ... 0. 0. 0.]
cvc_x_pos (1751,)
[0. 0. 0. ... 0. 0. 0.]
cvc_x_pos (1751,)
[0. 0. 0. ... 0. 0. 0.]
cvc_x_pos (1751,)
[0. 0. 0. ... 0. 0. 0.]
cvc_x_pos (1751,)
[0. 0. 0. ... 0. 0. 0.]
cvc_x_pos (1751,)
[0. 0. 0. ... 0. 0. 0.]
cvc_x_pos (1751,)
[0. 0. 0. ... 0. 0. 0.]
cvc_x_pos (1751,)
[0.00381442 0.00381433 0.00381423 ... 0.         0.         0.        ]
cvc_x_pos (1751,)
[0.00397641 0.00397617 0.00397593 ... 0.         0.         0.        ]
cvc_x_pos (1751,)
[0.00475524 0.00475518 0.00475511 ... 0.         0.         0.        ]
cvc_x_pos (1751,)
[0.0047505  0.00474978 0.00474905 ... 0.         0.         0.        ]
cvc_x_pos (1751,)
[0.00426459 0.00426484 0.00426509 ... 0.         0.         0.        ]
cvc_x_pos (1751,)
[0. 0. 0. ... 0. 0. 0.]
cvc_x_pos (1751,)
[0. 0. 0. ... 0. 0. 0.]
cvc_x_pos (1751,)
[0. 0. 0. ... 0. 0. 0.]
cvc_x_pos (1751,)
[0. 0. 0. ... 0. 0. 0.]
cvc_x_pos (1751,)
[0. 0. 0. ... 0. 0. 0.]
cvc_x_pos (1751,)
[0. 0. 0. ... 0. 0. 0.]
cvc_x_pos (1751,)
[0. 0. 0. ... 0. 0. 0.]
cvc_x_pos (1751,)
[0. 0. 0. ... 0. 0. 0.]
cvc_x_pos (1751,)
[0. 0. 0. ... 0. 0. 0.]
cvc_x_pos (1751,)
[0. 0. 0. ... 0. 0. 0.]
cvc_x_pos (1751,)
[0. 0. 0. ... 0. 0. 0.]
cvc_x_pos (1751,)
[0. 0. 0. ... 0. 0. 0.]
cvc_x_pos (1751,)
[0. 0. 0. ... 0. 0. 0.]
cvc_x_pos (1751,)
[0. 0. 0. ... 0. 0. 0.]
cvc_x_pos (1751,)
[0. 0. 0. ... 0. 0. 0.]
cvc_x_pos (1751,)
[0. 0. 0. ... 0. 0. 0.]
cvc_x_pos (1751,)
[0. 0. 0. ... 0. 0. 0.]
cvc_x_pos (1751,)
[0. 0. 0. ... 0. 0. 0.]
cvc_x_pos (1751,)
[0. 0. 0. ... 0. 0. 0.]
cvc_x_pos (1751,)
[0. 0. 0. ... 0. 0. 0.]
cvc_x_pos (1751,)
[0. 0. 0. ... 0. 0. 0.]
cvc_x_pos (1751,)
[0. 0. 0. ... 0. 0. 0.]
cvc_x_pos (1751,)
[0. 0. 0. ... 0. 0. 0.]
cvc_x_pos (1751,)
[0. 0. 0. ... 0. 0. 0.]
cvc_x_pos (1751,)
[0. 0. 0. ... 0. 0. 0.]
cvc_x_pos (1751,)
[0. 0. 0. ... 0. 0. 0.]
cvc_x_pos (1751,)
[0. 0. 0. ... 0. 0. 0.]
cvc_x_pos (1751,)
[0. 0. 0. ... 0. 0. 0.]
cvc_x_pos (1751,)
[0. 0. 0. ... 0. 0. 0.]
cvc_x_pos (1751,)
[0.00442011 0.00442007 0.00442002 ... 0.         0.         0.        ]
cvc_x_pos (1751,)
[0.00507029 0.00507132 0.00507234 ... 0.         0.         0.        ]
cvc_x_pos (1751,)
[0. 0. 0. ... 0. 0. 0.]
cvc_x_pos (1751,)
[0. 0. 0. ... 0. 0. 0.]
cvc_x_pos (1751,)
[0. 0. 0. ... 0. 0. 0.]
cvc_x_pos (1751,)
[0. 0. 0. ... 0. 0. 0.]
cvc_x_pos (1751,)
[0. 0. 0. ... 0. 0. 0.]
cvc_x_pos (1751,)
[0. 0. 0. ... 0. 0. 0.]
cvc_x_pos (1751,)
[0. 0. 0. ... 0. 0. 0.]
cvc_x_pos (1751,)
[0. 0. 0. ... 0. 0. 0.]
cvc_x_pos (1751,)
[0. 0. 0. ... 0. 0. 0.]
cvc_x_pos (1751,)
[0. 0. 0. ... 0. 0. 0.]
cvc_x_pos (1751,)
[0. 0. 0. ... 0. 0. 0.]
cvc_x_pos (1751,)
[0. 0. 0. ... 0. 0. 0.]
cvc_x_pos (1751,)
[0. 0. 0. ... 0. 0. 0.]
cvc_x_pos (1751,)
[0. 0. 0. ... 0. 0. 0.]
cvc_x_pos (1751,)
[0. 0. 0. ... 0. 0. 0.]
cvc_x_pos (1751,)
[0. 0. 0. ... 0. 0. 0.]
cvc_x_pos (1751,)
[0. 0. 0. ... 0. 0. 0.]
cvc_x_pos (1751,)
[0. 0. 0. ... 0. 0. 0.]
cvc_x_pos (1751,)
[0. 0. 0. ... 0. 0. 0.]
cvc_x_pos (1751,)
[0. 0. 0. ... 0. 0. 0.]
cvc_x_pos (1751,)
[0. 0. 0. ... 0. 0. 0.]
cvc_x_pos (1751,)
[0. 0. 0. ... 0. 0. 0.]
cvc_x_pos (1751,)
[0. 0. 0. ... 0. 0. 0.]
cvc_x_pos (1751,)
[0. 0. 0. ... 0. 0. 0.]
cvc_x_pos (1751,)
[0. 0. 0. ... 0. 0. 0.]
cvc_x_pos (1751,)
[0. 0. 0. ... 0. 0. 0.]
cvc_x_pos (1751,)
[0. 0. 0. ... 0. 0. 0.]
cvc_x_pos (1751,)
[0. 0. 0. ... 0. 0. 0.]
cvc_x_pos (1751,)
[0. 0. 0. ... 0. 0. 0.]
cvc_x_pos (1751,)
[0. 0. 0. ... 0. 0. 0.]
cvc_x_pos (1751,)
[0. 0. 0. ... 0. 0. 0.]
cvc_x_pos (1751,)
[0. 0. 0. ... 0. 0. 0.]
cvc_x_pos (1751,)
[0. 0. 0. ... 0. 0. 0.]
cvc_x_pos (1751,)
[0. 0. 0. ... 0. 0. 0.]
cvc_x_pos (1751,)
[0.00452596 0.00452667 0.00452737 ... 0.         0.         0.        ]
cvc_x_pos (1751,)
[0.00475228 0.00475251 0.00475273 ... 0.         0.         0.        ]
cvc_x_pos (1751,)
[0. 0. 0. ... 0. 0. 0.]
cvc_x_pos (1751,)
[0.00430302 0.00430323 0.00430343 ... 0.         0.         0.        ]
cvc_x_pos (1751,)
[0. 0. 0. ... 0. 0. 0.]
cvc_x_pos (1751,)
[0.00556776 0.00556733 0.00556687 ... 0.         0.         0.        ]
cvc_x_pos (1751,)
[0. 0. 0. ... 0. 0. 0.]
cvc_x_pos (1751,)
[0. 0. 0. ... 0. 0. 0.]
cvc_x_pos (1751,)
[0. 0. 0. ... 0. 0. 0.]
cvc_x_pos (1751,)
[0. 0. 0. ... 0. 0. 0.]
cvc_x_pos (1751,)
[0. 0. 0. ... 0. 0. 0.]
cvc_x_pos (1751,)
[0. 0. 0. ... 0. 0. 0.]
cvc_x_pos (1751,)
[0. 0. 0. ... 0. 0. 0.]
cvc_x_pos (1751,)
[0. 0. 0. ... 0. 0. 0.]
cvc_x_pos (1751,)
[0. 0. 0. ... 0. 0. 0.]
cvc_x_pos (1751,)
[0. 0. 0. ... 0. 0. 0.]
cvc_x_pos (1751,)
[0. 0. 0. ... 0. 0. 0.]
cvc_x_pos (1751,)
[0. 0. 0. ... 0. 0. 0.]
cvc_x_pos (1751,)
[0. 0. 0. ... 0. 0. 0.]
cvc_x_pos (1751,)
[0. 0. 0. ... 0. 0. 0.]
cvc_x_pos (1751,)
[0. 0. 0. ... 0. 0. 0.]
cvc_x_pos (1751,)
[0. 0. 0. ... 0. 0. 0.]
cvc_x_pos (1751,)
[0. 0. 0. ... 0. 0. 0.]
cvc_x_pos (1751,)
[0. 0. 0. ... 0. 0. 0.]
cvc_x_pos (1751,)
[0. 0. 0. ... 0. 0. 0.]
cvc_x_pos (1751,)
[0. 0. 0. ... 0. 0. 0.]
cvc_x_pos (1751,)
[0. 0. 0. ... 0. 0. 0.]
cvc_x_pos (1751,)
[0. 0. 0. ... 0. 0. 0.]
cvc_x_pos (1751,)
[0. 0. 0. ... 0. 0. 0.]
cvc_x_pos (1751,)
[0. 0. 0. ... 0. 0. 0.]
cvc_x_pos (1751,)
[0. 0. 0. ... 0. 0. 0.]
cvc_x_pos (1751,)
[0. 0. 0. ... 0. 0. 0.]
cvc_x_pos (1751,)
[0. 0. 0. ... 0. 0. 0.]
cvc_x_pos (1751,)
[0. 0. 0. ... 0. 0. 0.]
cvc_x_pos (1751,)
[0. 0. 0. ... 0. 0. 0.]
cvc_x_pos (1751,)
[0. 0. 0. ... 0. 0. 0.]
cvc_x_pos (1751,)
[0. 0. 0. ... 0. 0. 0.]
cvc_x_pos (1751,)
[0.00431224 0.0043116  0.00431094 ... 0.         0.         0.        ]
cvc_x_pos (1751,)
[0.00426798 0.0042685  0.00426902 ... 0.         0.         0.        ]
cvc_x_pos (1751,)
[0. 0. 0. ... 0. 0. 0.]
cvc_x_pos (1751,)
[0. 0. 0. ... 0. 0. 0.]
cvc_x_pos (1751,)
[0. 0. 0. ... 0. 0. 0.]
cvc_x_pos (1751,)
[0. 0. 0. ... 0. 0. 0.]
cvc_x_pos (1751,)
[0. 0. 0. ... 0. 0. 0.]
cvc_x_pos (1751,)
[0. 0. 0. ... 0. 0. 0.]
cvc_x_pos (1751,)
[0. 0. 0. ... 0. 0. 0.]
cvc_x_pos (1751,)
[0. 0. 0. ... 0. 0. 0.]
cvc_x_pos (1751,)
[0. 0. 0. ... 0. 0. 0.]
cvc_x_pos (1751,)
[0. 0. 0. ... 0. 0. 0.]
cvc_x_pos (1751,)
[0. 0. 0. ... 0. 0. 0.]
cvc_x_pos (1751,)
[0. 0. 0. ... 0. 0. 0.]
cvc_x_pos (1751,)
[0. 0. 0. ... 0. 0. 0.]
cvc_x_pos (1751,)
[0. 0. 0. ... 0. 0. 0.]
cvc_x_pos (1751,)
[0. 0. 0. ... 0. 0. 0.]
cvc_x_pos (1751,)
[0. 0. 0. ... 0. 0. 0.]
cvc_x_pos (1751,)
[0. 0. 0. ... 0. 0. 0.]
cvc_x_pos (1751,)
[0. 0. 0. ... 0. 0. 0.]
cvc_x_pos (1751,)
[0. 0. 0. ... 0. 0. 0.]
cvc_x_pos (1751,)
[0. 0. 0. ... 0. 0. 0.]
cvc_x_pos (1751,)
[0. 0. 0. ... 0. 0. 0.]
cvc_x_pos (1751,)
[0. 0. 0. ... 0. 0. 0.]
cvc_x_pos (1751,)
[0. 0. 0. ... 0. 0. 0.]
cvc_x_pos (1751,)
[0. 0. 0. ... 0. 0. 0.]
cvc_x_pos (1751,)
[0. 0. 0. ... 0. 0. 0.]
cvc_x_pos (1751,)
[0. 0. 0. ... 0. 0. 0.]
cvc_x_pos (1751,)
[0.         0.         0.00464205 ... 0.         0.         0.        ]
cvc_x_pos (1751,)
[0.00378305 0.00378344 0.00378382 ... 0.         0.         0.        ]
cvc_x_pos (1751,)
[0.00466119 0.00466149 0.00466179 ... 0.         0.         0.        ]
cvc_x_pos (1751,)
[0.004347   0.0043477  0.00434838 ... 0.         0.         0.        ]
cvc_x_pos (1751,)
[0.00448165 0.00448091 0.00448016 ... 0.         0.         0.        ]
cvc_x_pos (1751,)
[0.         0.00419182 0.00419249 ... 0.         0.         0.        ]
cvc_x_pos (1751,)
[0. 0. 0. ... 0. 0. 0.]
cvc_x_pos (1751,)
[0. 0. 0. ... 0. 0. 0.]
cvc_x_pos (1751,)
[0. 0. 0. ... 0. 0. 0.]
cvc_x_pos (1751,)
[0. 0. 0. ... 0. 0. 0.]
cvc_x_pos (1751,)
[0. 0. 0. ... 0. 0. 0.]
cvc_x_pos (1751,)
[0. 0. 0. ... 0. 0. 0.]
cvc_x_pos (1751,)
[0. 0. 0. ... 0. 0. 0.]
cvc_x_pos (1751,)
[0. 0. 0. ... 0. 0. 0.]
cvc_x_pos (1751,)
[0. 0. 0. ... 0. 0. 0.]
cvc_x_pos (1751,)
[0. 0. 0. ... 0. 0. 0.]
cvc_x_pos (1751,)
[0. 0. 0. ... 0. 0. 0.]
cvc_x_pos (1751,)
[0. 0. 0. ... 0. 0. 0.]
cvc_x_pos (1751,)
[0. 0. 0. ... 0. 0. 0.]
cvc_x_pos (1751,)
[0. 0. 0. ... 0. 0. 0.]
cvc_x_pos (1751,)
[0. 0. 0. ... 0. 0. 0.]
cvc_x_pos (1751,)
[0. 0. 0. ... 0. 0. 0.]
cvc_x_pos (1751,)
[0. 0. 0. ... 0. 0. 0.]
cvc_x_pos (1751,)
[0. 0. 0. ... 0. 0. 0.]
cvc_x_pos (1751,)
[0. 0. 0. ... 0. 0. 0.]
cvc_x_pos (1751,)
[0. 0. 0. ... 0. 0. 0.]
cvc_x_pos (1751,)
[0. 0. 0. ... 0. 0. 0.]
cvc_x_pos (1751,)
[0. 0. 0. ... 0. 0. 0.]
cvc_x_pos (1751,)
[0. 0. 0. ... 0. 0. 0.]
cvc_x_pos (1751,)
[0. 0. 0. ... 0. 0. 0.]
cvc_x_pos (1751,)
[0. 0. 0. ... 0. 0. 0.]
cvc_x_pos (1751,)
[0. 0. 0. ... 0. 0. 0.]
cvc_x_pos (1751,)
[0. 0. 0. ... 0. 0. 0.]
cvc_x_pos (1751,)
[0. 0. 0. ... 0. 0. 0.]
cvc_x_pos (1751,)
[0. 0. 0. ... 0. 0. 0.]
cvc_x_pos (1751,)
[0. 0. 0. ... 0. 0. 0.]
cvc_x_pos (1751,)
[0. 0. 0. ... 0. 0. 0.]
cvc_x_pos (1751,)
[0. 0. 0. ... 0. 0. 0.]
cvc_x_pos (1751,)
[0.00453174 0.00453209 0.00453244 ... 0.         0.         0.        ]
cvc_x_pos (1751,)
[0. 0. 0. ... 0. 0. 0.]
cvc_x_pos (1751,)
[0. 0. 0. ... 0. 0. 0.]
cvc_x_pos (1751,)
[0. 0. 0. ... 0. 0. 0.]
cvc_x_pos (1751,)
[0. 0. 0. ... 0. 0. 0.]
cvc_x_pos (1751,)
[0. 0. 0. ... 0. 0. 0.]
cvc_x_pos (1751,)
[0. 0. 0. ... 0. 0. 0.]
cvc_x_pos (1751,)
[0. 0. 0. ... 0. 0. 0.]
cvc_x_pos (1751,)
[0. 0. 0. ... 0. 0. 0.]
cvc_x_pos (1751,)
[0. 0. 0. ... 0. 0. 0.]
cvc_x_pos (1751,)
[0. 0. 0. ... 0. 0. 0.]
cvc_x_pos (1751,)
[0. 0. 0. ... 0. 0. 0.]
cvc_x_pos (1751,)
[0. 0. 0. ... 0. 0. 0.]
cvc_x_pos (1751,)
[0. 0. 0. ... 0. 0. 0.]
cvc_x_pos (1751,)
[0. 0. 0. ... 0. 0. 0.]
cvc_x_pos (1751,)
[0. 0. 0. ... 0. 0. 0.]
cvc_x_pos (1751,)
[0. 0. 0. ... 0. 0. 0.]
cvc_x_pos (1751,)
[0. 0. 0. ... 0. 0. 0.]
cvc_x_pos (1751,)
[0.00414375 0.00414357 0.00414339 ... 0.         0.         0.        ]
cvc_x_pos (1751,)
[0. 0. 0. ... 0. 0. 0.]
cvc_x_pos (1751,)
[0.00427021 0.00427084 0.00427146 ... 0.         0.         0.        ]
cvc_x_pos (1751,)
[0.00523858 0.00523918 0.00523976 ... 0.         0.         0.        ]
cvc_x_pos (1751,)
[0.00511364 0.00511448 0.00511531 ... 0.         0.         0.        ]
cvc_x_pos (1751,)
[0.00402928 0.00402921 0.00402915 ... 0.         0.         0.        ]
cvc_x_pos (1751,)
[0.         0.00484563 0.00484655 ... 0.         0.         0.        ]
cvc_x_pos (1751,)
[0.00442699 0.00442656 0.00442612 ... 0.         0.         0.        ]
cvc_x_pos (1751,)
[0. 0. 0. ... 0. 0. 0.]
cvc_x_pos (1751,)
[0. 0. 0. ... 0. 0. 0.]
cvc_x_pos (1751,)
[0. 0. 0. ... 0. 0. 0.]
cvc_x_pos (1751,)
[0. 0. 0. ... 0. 0. 0.]
cvc_x_pos (1751,)
[0. 0. 0. ... 0. 0. 0.]
cvc_x_pos (1751,)
[0. 0. 0. ... 0. 0. 0.]
cvc_x_pos (1751,)
[0. 0. 0. ... 0. 0. 0.]
cvc_x_pos (1751,)
[0. 0. 0. ... 0. 0. 0.]
cvc_x_pos (1751,)
[0. 0. 0. ... 0. 0. 0.]
cvc_x_pos (1751,)
[0. 0. 0. ... 0. 0. 0.]
cvc_x_pos (1751,)
[0. 0. 0. ... 0. 0. 0.]
cvc_x_pos (1751,)
[0. 0. 0. ... 0. 0. 0.]
cvc_x_pos (1751,)
[0. 0. 0. ... 0. 0. 0.]
cvc_x_pos (1751,)
[0. 0. 0. ... 0. 0. 0.]
cvc_x_pos (1751,)
[0. 0. 0. ... 0. 0. 0.]
cvc_x_pos (1751,)
[0. 0. 0. ... 0. 0. 0.]
cvc_x_pos (1751,)
[0. 0. 0. ... 0. 0. 0.]
cvc_x_pos (1751,)
[0. 0. 0. ... 0. 0. 0.]
cvc_x_pos (1751,)
[0. 0. 0. ... 0. 0. 0.]
cvc_x_pos (1751,)
[0. 0. 0. ... 0. 0. 0.]
cvc_x_pos (1751,)
[0. 0. 0. ... 0. 0. 0.]
cvc_x_pos (1751,)
[0. 0. 0. ... 0. 0. 0.]
cvc_x_pos (1751,)
[0. 0. 0. ... 0. 0. 0.]
cvc_x_pos (1751,)
[0. 0. 0. ... 0. 0. 0.]
cvc_x_pos (1751,)
[0. 0. 0. ... 0. 0. 0.]
cvc_x_pos (1751,)
[0. 0. 0. ... 0. 0. 0.]
cvc_x_pos (1751,)
[0. 0. 0. ... 0. 0. 0.]
cvc_x_pos (1751,)
[0. 0. 0. ... 0. 0. 0.]
cvc_x_pos (1751,)
[0. 0. 0. ... 0. 0. 0.]
cvc_x_pos (1751,)
[0. 0. 0. ... 0. 0. 0.]
cvc_x_pos (1751,)
[0. 0. 0. ... 0. 0. 0.]
cvc_x_pos (1751,)
[0. 0. 0. ... 0. 0. 0.]
cvc_x_pos (1751,)
[0. 0. 0. ... 0. 0. 0.]
cvc_x_pos (1751,)
[0.00501588 0.00501602 0.00501614 ... 0.         0.         0.        ]
cvc_x_pos (1751,)
[0.004999   0.0049996  0.00500019 ... 0.         0.         0.        ]
cvc_x_pos (1751,)
[0. 0. 0. ... 0. 0. 0.]
cvc_x_pos (1751,)
[0. 0. 0. ... 0. 0. 0.]
cvc_x_pos (1751,)
[0. 0. 0. ... 0. 0. 0.]
cvc_x_pos (1751,)
[0. 0. 0. ... 0. 0. 0.]
cvc_x_pos (1751,)
[0. 0. 0. ... 0. 0. 0.]
cvc_x_pos (1751,)
[0. 0. 0. ... 0. 0. 0.]
cvc_x_pos (1751,)
[0. 0. 0. ... 0. 0. 0.]
cvc_x_pos (1751,)
[0.00493539 0.00493619 0.00493698 ... 0.         0.         0.        ]
cvc_x_pos (1751,)
[0.00514847 0.0051495  0.00515052 ... 0.         0.         0.        ]
cvc_x_pos (1751,)
[0.00490595 0.00490545 0.00490493 ... 0.         0.         0.        ]
cvc_x_pos (1751,)
[0. 0. 0. ... 0. 0. 0.]
cvc_x_pos (1751,)
[0.00505753 0.00505706 0.00505658 ... 0.         0.         0.        ]
cvc_x_pos (1751,)
[0.00493863 0.00493936 0.00494009 ... 0.         0.         0.        ]
cvc_x_pos (1751,)
[0. 0. 0. ... 0. 0. 0.]
cvc_x_pos (1751,)
[0. 0. 0. ... 0. 0. 0.]
cvc_x_pos (1751,)
[0. 0. 0. ... 0. 0. 0.]
cvc_x_pos (1751,)
[0. 0. 0. ... 0. 0. 0.]
cvc_x_pos (1751,)
[0. 0. 0. ... 0. 0. 0.]
cvc_x_pos (1751,)
[0. 0. 0. ... 0. 0. 0.]
cvc_x_pos (1751,)
[0. 0. 0. ... 0. 0. 0.]
cvc_x_pos (1751,)
[0. 0. 0. ... 0. 0. 0.]
cvc_x_pos (1751,)
[0. 0. 0. ... 0. 0. 0.]
cvc_x_pos (1751,)
[0. 0. 0. ... 0. 0. 0.]
cvc_x_pos (1751,)
[0. 0. 0. ... 0. 0. 0.]
cvc_x_pos (1751,)
[0. 0. 0. ... 0. 0. 0.]
cvc_x_pos (1751,)
[0. 0. 0. ... 0. 0. 0.]
cvc_x_pos (1751,)
[0. 0. 0. ... 0. 0. 0.]
cvc_x_pos (1751,)
[0. 0. 0. ... 0. 0. 0.]
cvc_x_pos (1751,)
[0. 0. 0. ... 0. 0. 0.]
cvc_x_pos (1751,)
[0. 0. 0. ... 0. 0. 0.]
cvc_x_pos (1751,)
[0. 0. 0. ... 0. 0. 0.]
cvc_x_pos (1751,)
[0. 0. 0. ... 0. 0. 0.]
cvc_x_pos (1751,)
[0. 0. 0. ... 0. 0. 0.]
cvc_x_pos (1751,)
[0. 0. 0. ... 0. 0. 0.]
cvc_x_pos (1751,)
[0. 0. 0. ... 0. 0. 0.]
cvc_x_pos (1751,)
[0. 0. 0. ... 0. 0. 0.]
cvc_x_pos (1751,)
[0. 0. 0. ... 0. 0. 0.]
cvc_x_pos (1751,)
[0. 0. 0. ... 0. 0. 0.]
cvc_x_pos (1751,)
[0. 0. 0. ... 0. 0. 0.]
cvc_x_pos (1751,)
[0. 0. 0. ... 0. 0. 0.]
cvc_x_pos (1751,)
[0. 0. 0. ... 0. 0. 0.]
cvc_x_pos (1751,)
[0. 0. 0. ... 0. 0. 0.]
cvc_x_pos (1751,)
[0. 0. 0. ... 0. 0. 0.]
cvc_x_pos (1751,)
[0. 0. 0. ... 0. 0. 0.]
cvc_x_pos (1751,)
[0. 0. 0. ... 0. 0. 0.]
cvc_x_pos (1751,)
[0. 0. 0. ... 0. 0. 0.]
cvc_x_pos (1751,)
[0. 0. 0. ... 0. 0. 0.]
cvc_x_pos (1751,)
[0. 0. 0. ... 0. 0. 0.]
cvc_x_pos (1751,)
[0.00388676 0.00388715 0.00388753 ... 0.         0.         0.        ]
cvc_x_pos (1751,)
[0.00507402 0.00507465 0.00507528 ... 0.         0.         0.        ]
cvc_x_pos (1751,)
[0.00383833 0.00383877 0.00383921 ... 0.         0.         0.        ]
cvc_x_pos (1751,)
[0.00555812 0.00555744 0.00555674 ... 0.         0.         0.        ]
cvc_x_pos (1751,)
[0.00455005 0.00455045 0.00455085 ... 0.         0.         0.        ]
cvc_x_pos (1751,)
[0.00489789 0.00489728 0.00489666 ... 0.         0.         0.        ]
cvc_x_pos (1751,)
[0. 0. 0. ... 0. 0. 0.]
cvc_x_pos (1751,)
[0. 0. 0. ... 0. 0. 0.]
cvc_x_pos (1751,)
[0. 0. 0. ... 0. 0. 0.]
cvc_x_pos (1751,)
[0. 0. 0. ... 0. 0. 0.]
cvc_x_pos (1751,)
[0. 0. 0. ... 0. 0. 0.]
cvc_x_pos (1751,)
[0. 0. 0. ... 0. 0. 0.]
cvc_x_pos (1751,)
[0. 0. 0. ... 0. 0. 0.]
cvc_x_pos (1751,)
[0. 0. 0. ... 0. 0. 0.]
cvc_x_pos (1751,)
[0. 0. 0. ... 0. 0. 0.]
cvc_x_pos (1751,)
[0. 0. 0. ... 0. 0. 0.]
cvc_x_pos (1751,)
[0. 0. 0. ... 0. 0. 0.]
cvc_x_pos (1751,)
[0. 0. 0. ... 0. 0. 0.]
cvc_x_pos (1751,)
[0. 0. 0. ... 0. 0. 0.]
cvc_x_pos (1751,)
[0. 0. 0. ... 0. 0. 0.]
cvc_x_pos (1751,)
[0. 0. 0. ... 0. 0. 0.]
cvc_x_pos (1751,)
[0. 0. 0. ... 0. 0. 0.]
cvc_x_pos (1751,)
[0. 0. 0. ... 0. 0. 0.]
cvc_x_pos (1751,)
[0. 0. 0. ... 0. 0. 0.]
cvc_x_pos (1751,)
[0. 0. 0. ... 0. 0. 0.]
cvc_x_pos (1751,)
[0. 0. 0. ... 0. 0. 0.]
cvc_x_pos (1751,)
[0. 0. 0. ... 0. 0. 0.]
cvc_x_pos (1751,)
[0. 0. 0. ... 0. 0. 0.]
cvc_x_pos (1751,)
[0. 0. 0. ... 0. 0. 0.]
cvc_x_pos (1751,)
[0. 0. 0. ... 0. 0. 0.]
cvc_x_pos (1751,)
[0. 0. 0. ... 0. 0. 0.]
cvc_x_pos (1751,)
[0. 0. 0. ... 0. 0. 0.]
cvc_x_pos (1751,)
[0. 0. 0. ... 0. 0. 0.]
cvc_x_pos (1751,)
[0. 0. 0. ... 0. 0. 0.]
cvc_x_pos (1751,)
[0. 0. 0. ... 0. 0. 0.]
cvc_x_pos (1751,)
[0. 0. 0. ... 0. 0. 0.]
cvc_x_pos (1751,)
[0. 0. 0. ... 0. 0. 0.]
cvc_x_pos (1751,)
[0. 0. 0. ... 0. 0. 0.]
cvc_x_pos (1751,)
[0. 0. 0. ... 0. 0. 0.]
cvc_x_pos (1751,)
[0. 0. 0. ... 0. 0. 0.]
cvc_x_pos (1751,)
[0. 0. 0. ... 0. 0. 0.]
cvc_x_pos (1751,)
[0. 0. 0. ... 0. 0. 0.]
cvc_x_pos (1751,)
[0.00496625 0.0049661  0.00496595 ... 0.         0.         0.        ]
cvc_x_pos (1751,)
[0. 0. 0. ... 0. 0. 0.]
cvc_x_pos (1751,)
[0.00509223 0.00509237 0.0050925  ... 0.         0.         0.        ]
cvc_x_pos (1751,)
[0. 0. 0. ... 0. 0. 0.]
cvc_x_pos (1751,)
[0.00532835 0.00532881 0.00532926 ... 0.         0.         0.        ]
cvc_x_pos (1751,)
[0.00509765 0.00509666 0.00509566 ... 0.         0.         0.        ]
cvc_x_pos (1751,)
[0. 0. 0. ... 0. 0. 0.]
cvc_x_pos (1751,)
[0. 0. 0. ... 0. 0. 0.]
cvc_x_pos (1751,)
[0. 0. 0. ... 0. 0. 0.]
cvc_x_pos (1751,)
[0. 0. 0. ... 0. 0. 0.]
cvc_x_pos (1751,)
[0. 0. 0. ... 0. 0. 0.]
cvc_x_pos (1751,)
[0. 0. 0. ... 0. 0. 0.]
cvc_x_pos (1751,)
[0. 0. 0. ... 0. 0. 0.]
cvc_x_pos (1751,)
[0. 0. 0. ... 0. 0. 0.]
cvc_x_pos (1751,)
[0. 0. 0. ... 0. 0. 0.]
cvc_x_pos (1751,)
[0. 0. 0. ... 0. 0. 0.]
cvc_x_pos (1751,)
[0. 0. 0. ... 0. 0. 0.]
cvc_x_pos (1751,)
[0. 0. 0. ... 0. 0. 0.]
cvc_x_pos (1751,)
[0. 0. 0. ... 0. 0. 0.]
cvc_x_pos (1751,)
[0. 0. 0. ... 0. 0. 0.]
cvc_x_pos (1751,)
[0. 0. 0. ... 0. 0. 0.]
cvc_x_pos (1751,)
[0. 0. 0. ... 0. 0. 0.]
cvc_x_pos (1751,)
[0. 0. 0. ... 0. 0. 0.]
cvc_x_pos (1751,)
[0. 0. 0. ... 0. 0. 0.]
cvc_x_pos (1751,)
[0. 0. 0. ... 0. 0. 0.]
cvc_x_pos (1751,)
[0. 0. 0. ... 0. 0. 0.]
cvc_x_pos (1751,)
[0. 0. 0. ... 0. 0. 0.]
cvc_x_pos (1751,)
[0. 0. 0. ... 0. 0. 0.]
cvc_x_pos (1751,)
[0. 0. 0. ... 0. 0. 0.]
cvc_x_pos (1751,)
[0. 0. 0. ... 0. 0. 0.]
cvc_x_pos (1751,)
[0. 0. 0. ... 0. 0. 0.]
cvc_x_pos (1751,)
[0. 0. 0. ... 0. 0. 0.]
cvc_x_pos (1751,)
[0. 0. 0. ... 0. 0. 0.]
cvc_x_pos (1751,)
[0. 0. 0. ... 0. 0. 0.]
cvc_x_pos (1751,)
[0. 0. 0. ... 0. 0. 0.]
cvc_x_pos (1751,)
[0. 0. 0. ... 0. 0. 0.]
cvc_x_pos (1751,)
[0. 0. 0. ... 0. 0. 0.]
cvc_x_pos (1751,)
[0. 0. 0. ... 0. 0. 0.]
cvc_x_pos (1751,)
[0. 0. 0. ... 0. 0. 0.]
cvc_x_pos (1751,)
[0. 0. 0. ... 0. 0. 0.]
cvc_x_pos (1751,)
[0. 0. 0. ... 0. 0. 0.]
cvc_x_pos (1751,)
[0. 0. 0. ... 0. 0. 0.]
cvc_x_pos (1751,)
[0. 0. 0. ... 0. 0. 0.]
cvc_x_pos (1751,)
[0. 0. 0. ... 0. 0. 0.]
cvc_x_pos (1751,)
[0. 0. 0. ... 0. 0. 0.]
cvc_x_pos (1751,)
[0. 0. 0. ... 0. 0. 0.]
cvc_x_pos (1751,)
[0. 0. 0. ... 0. 0. 0.]
cvc_x_pos (1751,)
[0. 0. 0. ... 0. 0. 0.]
cvc_x_pos (1751,)
[0.00459471 0.00459405 0.0045934  ... 0.         0.         0.        ]
cvc_x_pos (1751,)
[0.00519205 0.00519244 0.00519283 ... 0.         0.         0.        ]
cvc_x_pos (1751,)
[0.00432613 0.00432566 0.00432518 ... 0.         0.         0.        ]
cvc_x_pos (1751,)
[0.00466438 0.00466499 0.0046656  ... 0.         0.         0.        ]
cvc_x_pos (1751,)
[0.00438522 0.00438456 0.00438389 ... 0.         0.         0.        ]
cvc_x_pos (1751,)
[0.00468853 0.00468856 0.00468859 ... 0.         0.         0.        ]
cvc_x_pos (1751,)
[0. 0. 0. ... 0. 0. 0.]
cvc_x_pos (1751,)
[0. 0. 0. ... 0. 0. 0.]
cvc_x_pos (1751,)
[0. 0. 0. ... 0. 0. 0.]
cvc_x_pos (1751,)
[0. 0. 0. ... 0. 0. 0.]
cvc_x_pos (1751,)
[0. 0. 0. ... 0. 0. 0.]
cvc_x_pos (1751,)
[0. 0. 0. ... 0. 0. 0.]
cvc_x_pos (1751,)
[0. 0. 0. ... 0. 0. 0.]
cvc_x_pos (1751,)
[0. 0. 0. ... 0. 0. 0.]
cvc_x_pos (1751,)
[0. 0. 0. ... 0. 0. 0.]
cvc_x_pos (1751,)
[0. 0. 0. ... 0. 0. 0.]
cvc_x_pos (1751,)
[0. 0. 0. ... 0. 0. 0.]
cvc_x_pos (1751,)
[0. 0. 0. ... 0. 0. 0.]
cvc_x_pos (1751,)
[0. 0. 0. ... 0. 0. 0.]
cvc_x_pos (1751,)
[0. 0. 0. ... 0. 0. 0.]
cvc_x_pos (1751,)
[0. 0. 0. ... 0. 0. 0.]
cvc_x_pos (1751,)
[0. 0. 0. ... 0. 0. 0.]
cvc_x_pos (1751,)
[0. 0. 0. ... 0. 0. 0.]
cvc_x_pos (1751,)
[0. 0. 0. ... 0. 0. 0.]
cvc_x_pos (1751,)
[0. 0. 0. ... 0. 0. 0.]
cvc_x_pos (1751,)
[0. 0. 0. ... 0. 0. 0.]
cvc_x_pos (1751,)
[0. 0. 0. ... 0. 0. 0.]
cvc_x_pos (1751,)
[0. 0. 0. ... 0. 0. 0.]
cvc_x_pos (1751,)
[0. 0. 0. ... 0. 0. 0.]
cvc_x_pos (1751,)
[0. 0. 0. ... 0. 0. 0.]
cvc_x_pos (1751,)
[0. 0. 0. ... 0. 0. 0.]
cvc_x_pos (1751,)
[0. 0. 0. ... 0. 0. 0.]
cvc_x_pos (1751,)
[0. 0. 0. ... 0. 0. 0.]
cvc_x_pos (1751,)
[0. 0. 0. ... 0. 0. 0.]
cvc_x_pos (1751,)
[0. 0. 0. ... 0. 0. 0.]
cvc_x_pos (1751,)
[0. 0. 0. ... 0. 0. 0.]
cvc_x_pos (1751,)
[0. 0. 0. ... 0. 0. 0.]
cvc_x_pos (1751,)
[0. 0. 0. ... 0. 0. 0.]
cvc_x_pos (1751,)
[0. 0. 0. ... 0. 0. 0.]
cvc_x_pos (1751,)
[0. 0. 0. ... 0. 0. 0.]
cvc_x_pos (1751,)
[0. 0. 0. ... 0. 0. 0.]
cvc_x_pos (1751,)
[0. 0. 0. ... 0. 0. 0.]
cvc_x_pos (1751,)
[0. 0. 0. ... 0. 0. 0.]
cvc_x_pos (1751,)
[0. 0. 0. ... 0. 0. 0.]
cvc_x_pos (1751,)
[0. 0. 0. ... 0. 0. 0.]
cvc_x_pos (1751,)
[0. 0. 0. ... 0. 0. 0.]
cvc_x_pos (1751,)
[0. 0. 0. ... 0. 0. 0.]
cvc_x_pos (1751,)
[0. 0. 0. ... 0. 0. 0.]
cvc_x_pos (1751,)
[0. 0. 0. ... 0. 0. 0.]
cvc_x_pos (1751,)
[0. 0. 0. ... 0. 0. 0.]
cvc_x_pos (1751,)
[0. 0. 0. ... 0. 0. 0.]
cvc_x_pos (1751,)
[0. 0. 0. ... 0. 0. 0.]
cvc_x_pos (1751,)
[0. 0. 0. ... 0. 0. 0.]
cvc_x_pos (1751,)
[0. 0. 0. ... 0. 0. 0.]
cvc_x_pos (1751,)
[0. 0. 0. ... 0. 0. 0.]
cvc_x_pos (1751,)
[0. 0. 0. ... 0. 0. 0.]
cvc_x_pos (1751,)
[0.00417986 0.00417923 0.0041786  ... 0.         0.         0.        ]
cvc_x_pos (1751,)
[0. 0. 0. ... 0. 0. 0.]
cvc_x_pos (1751,)
[0. 0. 0. ... 0. 0. 0.]
cvc_x_pos (1751,)
[0.00497346 0.00497252 0.00497156 ... 0.         0.         0.        ]
cvc_x_pos (1751,)
[0.00391916 0.0039192  0.00391925 ... 0.         0.         0.        ]
cvc_x_pos (1751,)
[0.00432489 0.00432486 0.00432483 ... 0.         0.         0.        ]
cvc_x_pos (1751,)
[0.0050508  0.00504988 0.00504895 ... 0.         0.         0.        ]
cvc_x_pos (1751,)
[0.00506094 0.00506131 0.00506167 ... 0.         0.         0.        ]
cvc_x_pos (1751,)
[0. 0. 0. ... 0. 0. 0.]
cvc_x_pos (1751,)
[0. 0. 0. ... 0. 0. 0.]
cvc_x_pos (1751,)
[0. 0. 0. ... 0. 0. 0.]
cvc_x_pos (1751,)
[0. 0. 0. ... 0. 0. 0.]
cvc_x_pos (1751,)
[0. 0. 0. ... 0. 0. 0.]
cvc_x_pos (1751,)
[0. 0. 0. ... 0. 0. 0.]
cvc_x_pos (1751,)
[0. 0. 0. ... 0. 0. 0.]
cvc_x_pos (1751,)
[0. 0. 0. ... 0. 0. 0.]
cvc_x_pos (1751,)
[0. 0. 0. ... 0. 0. 0.]
cvc_x_pos (1751,)
[0. 0. 0. ... 0. 0. 0.]
cvc_x_pos (1751,)
[0. 0. 0. ... 0. 0. 0.]
cvc_x_pos (1751,)
[0. 0. 0. ... 0. 0. 0.]
cvc_x_pos (1751,)
[0. 0. 0. ... 0. 0. 0.]
cvc_x_pos (1751,)
[0. 0. 0. ... 0. 0. 0.]
cvc_x_pos (1751,)
[0. 0. 0. ... 0. 0. 0.]
cvc_x_pos (1751,)
[0. 0. 0. ... 0. 0. 0.]
cvc_x_pos (1751,)
[0. 0. 0. ... 0. 0. 0.]
cvc_x_pos (1751,)
[0. 0. 0. ... 0. 0. 0.]
cvc_x_pos (1751,)
[0. 0. 0. ... 0. 0. 0.]
cvc_x_pos (1751,)
[0. 0. 0. ... 0. 0. 0.]
cvc_x_pos (1751,)
[0. 0. 0. ... 0. 0. 0.]
cvc_x_pos (1751,)
[0. 0. 0. ... 0. 0. 0.]
cvc_x_pos (1751,)
[0. 0. 0. ... 0. 0. 0.]
cvc_x_pos (1751,)
[0. 0. 0. ... 0. 0. 0.]
cvc_x_pos (1751,)
[0. 0. 0. ... 0. 0. 0.]
cvc_x_pos (1751,)
[0. 0. 0. ... 0. 0. 0.]
cvc_x_pos (1751,)
[0. 0. 0. ... 0. 0. 0.]
cvc_x_pos (1751,)
[0. 0. 0. ... 0. 0. 0.]
cvc_x_pos (1751,)
[0. 0. 0. ... 0. 0. 0.]
cvc_x_pos (1751,)
[0. 0. 0. ... 0. 0. 0.]
cvc_x_pos (1751,)
[0. 0. 0. ... 0. 0. 0.]
cvc_x_pos (1751,)
[0. 0. 0. ... 0. 0. 0.]
cvc_x_pos (1751,)
[0. 0. 0. ... 0. 0. 0.]
cvc_x_pos (1751,)
[0. 0. 0. ... 0. 0. 0.]
cvc_x_pos (1751,)
[0. 0. 0. ... 0. 0. 0.]
cvc_x_pos (1751,)
[0. 0. 0. ... 0. 0. 0.]
cvc_x_pos (1751,)
[0. 0. 0. ... 0. 0. 0.]
cvc_x_pos (1751,)
[0. 0. 0. ... 0. 0. 0.]
cvc_x_pos (1751,)
[0. 0. 0. ... 0. 0. 0.]
cvc_x_pos (1751,)
[0. 0. 0. ... 0. 0. 0.]
cvc_x_pos (1751,)
[0. 0. 0. ... 0. 0. 0.]
cvc_x_pos (1751,)
[0. 0. 0. ... 0. 0. 0.]
cvc_x_pos (1751,)
[0. 0. 0. ... 0. 0. 0.]
cvc_x_pos (1751,)
[0. 0. 0. ... 0. 0. 0.]
cvc_x_pos (1751,)
[0. 0. 0. ... 0. 0. 0.]
cvc_x_pos (1751,)
[0. 0. 0. ... 0. 0. 0.]
cvc_x_pos (1751,)
[0. 0. 0. ... 0. 0. 0.]
cvc_x_pos (1751,)
[0. 0. 0. ... 0. 0. 0.]
cvc_x_pos (1751,)
[0. 0. 0. ... 0. 0. 0.]
cvc_x_pos (1751,)
[0. 0. 0. ... 0. 0. 0.]
cvc_x_pos (1751,)
[0. 0. 0. ... 0. 0. 0.]
cvc_x_pos (1751,)
[0. 0. 0. ... 0. 0. 0.]
cvc_x_pos (1751,)
[0. 0. 0. ... 0. 0. 0.]
cvc_x_pos (1751,)
[0. 0. 0. ... 0. 0. 0.]
cvc_x_pos (1751,)
[0. 0. 0. ... 0. 0. 0.]
cvc_x_pos (1751,)
[0. 0. 0. ... 0. 0. 0.]
cvc_x_pos (1751,)
[0. 0. 0. ... 0. 0. 0.]
cvc_x_pos (1751,)
[0. 0. 0. ... 0. 0. 0.]
cvc_x_pos (1751,)
[0.00401357 0.00401356 0.00401354 ... 0.         0.         0.        ]
cvc_x_pos (1751,)
[0. 0. 0. ... 0. 0. 0.]
cvc_x_pos (1751,)
[0. 0. 0. ... 0. 0. 0.]
cvc_x_pos (1751,)
[0.00556945 0.00557045 0.00557143 ... 0.         0.         0.        ]
cvc_x_pos (1751,)
[0. 0. 0. ... 0. 0. 0.]
cvc_x_pos (1751,)
[0.00443988 0.00444063 0.00444136 ... 0.         0.         0.        ]
cvc_x_pos (1751,)
[0. 0. 0. ... 0. 0. 0.]
cvc_x_pos (1751,)
[0. 0. 0. ... 0. 0. 0.]
cvc_x_pos (1751,)
[0. 0. 0. ... 0. 0. 0.]
cvc_x_pos (1751,)
[0. 0. 0. ... 0. 0. 0.]
cvc_x_pos (1751,)
[0. 0. 0. ... 0. 0. 0.]
cvc_x_pos (1751,)
[0. 0. 0. ... 0. 0. 0.]
cvc_x_pos (1751,)
[0. 0. 0. ... 0. 0. 0.]
cvc_x_pos (1751,)
[0. 0. 0. ... 0. 0. 0.]
cvc_x_pos (1751,)
[0. 0. 0. ... 0. 0. 0.]
cvc_x_pos (1751,)
[0. 0. 0. ... 0. 0. 0.]
cvc_x_pos (1751,)
[0. 0. 0. ... 0. 0. 0.]
cvc_x_pos (1751,)
[0. 0. 0. ... 0. 0. 0.]
cvc_x_pos (1751,)
[0. 0. 0. ... 0. 0. 0.]
cvc_x_pos (1751,)
[0. 0. 0. ... 0. 0. 0.]
cvc_x_pos (1751,)
[0. 0. 0. ... 0. 0. 0.]
cvc_x_pos (1751,)
[0. 0. 0. ... 0. 0. 0.]
cvc_x_pos (1751,)
[0. 0. 0. ... 0. 0. 0.]
cvc_x_pos (1751,)
[0. 0. 0. ... 0. 0. 0.]
cvc_x_pos (1751,)
[0. 0. 0. ... 0. 0. 0.]
cvc_x_pos (1751,)
[0. 0. 0. ... 0. 0. 0.]
cvc_x_pos (1751,)
[0. 0. 0. ... 0. 0. 0.]
cvc_x_pos (1751,)
[0. 0. 0. ... 0. 0. 0.]
cvc_x_pos (1751,)
[0. 0. 0. ... 0. 0. 0.]
cvc_x_pos (1751,)
[0. 0. 0. ... 0. 0. 0.]
cvc_x_pos (1751,)
[0. 0. 0. ... 0. 0. 0.]
cvc_x_pos (1751,)
[0. 0. 0. ... 0. 0. 0.]
cvc_x_pos (1751,)
[0. 0. 0. ... 0. 0. 0.]
cvc_x_pos (1751,)
[0. 0. 0. ... 0. 0. 0.]
cvc_x_pos (1751,)
[0. 0. 0. ... 0. 0. 0.]
cvc_x_pos (1751,)
[0. 0. 0. ... 0. 0. 0.]
cvc_x_pos (1751,)
[0. 0. 0. ... 0. 0. 0.]
cvc_x_pos (1751,)
[0. 0. 0. ... 0. 0. 0.]
cvc_x_pos (1751,)
[0. 0. 0. ... 0. 0. 0.]
cvc_x_pos (1751,)
[0. 0. 0. ... 0. 0. 0.]
cvc_x_pos (1751,)
[0. 0. 0. ... 0. 0. 0.]
cvc_x_pos (1751,)
[0. 0. 0. ... 0. 0. 0.]
cvc_x_pos (1751,)
[0. 0. 0. ... 0. 0. 0.]
cvc_x_pos (1751,)
[0. 0. 0. ... 0. 0. 0.]
cvc_x_pos (1751,)
[0. 0. 0. ... 0. 0. 0.]
cvc_x_pos (1751,)
[0. 0. 0. ... 0. 0. 0.]
cvc_x_pos (1751,)
[0. 0. 0. ... 0. 0. 0.]
cvc_x_pos (1751,)
[0. 0. 0. ... 0. 0. 0.]
cvc_x_pos (1751,)
[0. 0. 0. ... 0. 0. 0.]
cvc_x_pos (1751,)
[0. 0. 0. ... 0. 0. 0.]
cvc_x_pos (1751,)
[0. 0. 0. ... 0. 0. 0.]
cvc_x_pos (1751,)
[0. 0. 0. ... 0. 0. 0.]
cvc_x_pos (1751,)
[0. 0. 0. ... 0. 0. 0.]
cvc_x_pos (1751,)
[0. 0. 0. ... 0. 0. 0.]
cvc_x_pos (1751,)
[0. 0. 0. ... 0. 0. 0.]
cvc_x_pos (1751,)
[0. 0. 0. ... 0. 0. 0.]
cvc_x_pos (1751,)
[0. 0. 0. ... 0. 0. 0.]
cvc_x_pos (1751,)
[0. 0. 0. ... 0. 0. 0.]
cvc_x_pos (1751,)
[0. 0. 0. ... 0. 0. 0.]
cvc_x_pos (1751,)
[0. 0. 0. ... 0. 0. 0.]
cvc_x_pos (1751,)
[0. 0. 0. ... 0. 0. 0.]
cvc_x_pos (1751,)
[0. 0. 0. ... 0. 0. 0.]
cvc_x_pos (1751,)
[0. 0. 0. ... 0. 0. 0.]
cvc_x_pos (1751,)
[0. 0. 0. ... 0. 0. 0.]
cvc_x_pos (1751,)
[0. 0. 0. ... 0. 0. 0.]
cvc_x_pos (1751,)
[0. 0. 0. ... 0. 0. 0.]
cvc_x_pos (1751,)
[0. 0. 0. ... 0. 0. 0.]
cvc_x_pos (1751,)
[0. 0. 0. ... 0. 0. 0.]
cvc_x_pos (1751,)
[0. 0. 0. ... 0. 0. 0.]
cvc_x_pos (1751,)
[0. 0. 0. ... 0. 0. 0.]
cvc_x_pos (1751,)
[0. 0. 0. ... 0. 0. 0.]
cvc_x_pos (1751,)
[0. 0. 0. ... 0. 0. 0.]
cvc_x_pos (1751,)
[0. 0. 0. ... 0. 0. 0.]
cvc_x_pos (1751,)
[0.00494262 0.00494258 0.00494253 ... 0.         0.         0.        ]
cvc_x_pos (1751,)
[0. 0. 0. ... 0. 0. 0.]
cvc_x_pos (1751,)
[0.0037656  0.00376535 0.0037651  ... 0.         0.         0.        ]
cvc_x_pos (1751,)
[0. 0. 0. ... 0. 0. 0.]
cvc_x_pos (1751,)
[0.00413671 0.00413618 0.00413564 ... 0.         0.         0.        ]
cvc_x_pos (1751,)
[0.0041953  0.0041951  0.00419489 ... 0.         0.         0.        ]
cvc_x_pos (1751,)
[0. 0. 0. ... 0. 0. 0.]
cvc_x_pos (1751,)
[0. 0. 0. ... 0. 0. 0.]
cvc_x_pos (1751,)
[0. 0. 0. ... 0. 0. 0.]
cvc_x_pos (1751,)
[0. 0. 0. ... 0. 0. 0.]
cvc_x_pos (1751,)
[0. 0. 0. ... 0. 0. 0.]
cvc_x_pos (1751,)
[0. 0. 0. ... 0. 0. 0.]
cvc_x_pos (1751,)
[0. 0. 0. ... 0. 0. 0.]
cvc_x_pos (1751,)
[0. 0. 0. ... 0. 0. 0.]
cvc_x_pos (1751,)
[0. 0. 0. ... 0. 0. 0.]
cvc_x_pos (1751,)
[0. 0. 0. ... 0. 0. 0.]
cvc_x_pos (1751,)
[0. 0. 0. ... 0. 0. 0.]
cvc_x_pos (1751,)
[0. 0. 0. ... 0. 0. 0.]
cvc_x_pos (1751,)
[0. 0. 0. ... 0. 0. 0.]
cvc_x_pos (1751,)
[0. 0. 0. ... 0. 0. 0.]
cvc_x_pos (1751,)
[0. 0. 0. ... 0. 0. 0.]
cvc_x_pos (1751,)
[0. 0. 0. ... 0. 0. 0.]
cvc_x_pos (1751,)
[0. 0. 0. ... 0. 0. 0.]
cvc_x_pos (1751,)
[0. 0. 0. ... 0. 0. 0.]
cvc_x_pos (1751,)
[0. 0. 0. ... 0. 0. 0.]
cvc_x_pos (1751,)
[0. 0. 0. ... 0. 0. 0.]
cvc_x_pos (1751,)
[0. 0. 0. ... 0. 0. 0.]
cvc_x_pos (1751,)
[0. 0. 0. ... 0. 0. 0.]
cvc_x_pos (1751,)
[0. 0. 0. ... 0. 0. 0.]
cvc_x_pos (1751,)
[0. 0. 0. ... 0. 0. 0.]
cvc_x_pos (1751,)
[0. 0. 0. ... 0. 0. 0.]
cvc_x_pos (1751,)
[0. 0. 0. ... 0. 0. 0.]
cvc_x_pos (1751,)
[0. 0. 0. ... 0. 0. 0.]
cvc_x_pos (1751,)
[0. 0. 0. ... 0. 0. 0.]
cvc_x_pos (1751,)
[0. 0. 0. ... 0. 0. 0.]
cvc_x_pos (1751,)
[0. 0. 0. ... 0. 0. 0.]
cvc_x_pos (1751,)
[0. 0. 0. ... 0. 0. 0.]
cvc_x_pos (1751,)
[0. 0. 0. ... 0. 0. 0.]
cvc_x_pos (1751,)
[0. 0. 0. ... 0. 0. 0.]
cvc_x_pos (1751,)
[0. 0. 0. ... 0. 0. 0.]
cvc_x_pos (1751,)
[0. 0. 0. ... 0. 0. 0.]
cvc_x_pos (1751,)
[0. 0. 0. ... 0. 0. 0.]
cvc_x_pos (1751,)
[0. 0. 0. ... 0. 0. 0.]
cvc_x_pos (1751,)
[0. 0. 0. ... 0. 0. 0.]
cvc_x_pos (1751,)
[0. 0. 0. ... 0. 0. 0.]
cvc_x_pos (1751,)
[0.00508729 0.00508693 0.00508655 ... 0.         0.         0.        ]
cvc_x_pos (1751,)
[0. 0. 0. ... 0. 0. 0.]
cvc_x_pos (1751,)
[0. 0. 0. ... 0. 0. 0.]
cvc_x_pos (1751,)
[0. 0. 0. ... 0. 0. 0.]
cvc_x_pos (1751,)
[0. 0. 0. ... 0. 0. 0.]
cvc_x_pos (1751,)
[0. 0. 0. ... 0. 0. 0.]
cvc_x_pos (1751,)
[0. 0. 0. ... 0. 0. 0.]
cvc_x_pos (1751,)
[0. 0. 0. ... 0. 0. 0.]
cvc_x_pos (1751,)
[0. 0. 0. ... 0. 0. 0.]
cvc_x_pos (1751,)
[0. 0. 0. ... 0. 0. 0.]
cvc_x_pos (1751,)
[0. 0. 0. ... 0. 0. 0.]
cvc_x_pos (1751,)
[0. 0. 0. ... 0. 0. 0.]
cvc_x_pos (1751,)
[0. 0. 0. ... 0. 0. 0.]
cvc_x_pos (1751,)
[0. 0. 0. ... 0. 0. 0.]
cvc_x_pos (1751,)
[0. 0. 0. ... 0. 0. 0.]
cvc_x_pos (1751,)
[0. 0. 0. ... 0. 0. 0.]
cvc_x_pos (1751,)
[0. 0. 0. ... 0. 0. 0.]
cvc_x_pos (1751,)
[0. 0. 0. ... 0. 0. 0.]
cvc_x_pos (1751,)
[0. 0. 0. ... 0. 0. 0.]
cvc_x_pos (1751,)
[0. 0. 0. ... 0. 0. 0.]
cvc_x_pos (1751,)
[0. 0. 0. ... 0. 0. 0.]
cvc_x_pos (1751,)
[0. 0. 0. ... 0. 0. 0.]
cvc_x_pos (1751,)
[0. 0. 0. ... 0. 0. 0.]
cvc_x_pos (1751,)
[0. 0. 0. ... 0. 0. 0.]
cvc_x_pos (1751,)
[0. 0. 0. ... 0. 0. 0.]
cvc_x_pos (1751,)
[0. 0. 0. ... 0. 0. 0.]
cvc_x_pos (1751,)
[0. 0. 0. ... 0. 0. 0.]
cvc_x_pos (1751,)
[0. 0. 0. ... 0. 0. 0.]
cvc_x_pos (1751,)
[0. 0. 0. ... 0. 0. 0.]
cvc_x_pos (1751,)
[0. 0. 0. ... 0. 0. 0.]
cvc_x_pos (1751,)
[0. 0. 0. ... 0. 0. 0.]
cvc_x_pos (1751,)
[0. 0. 0. ... 0. 0. 0.]
cvc_x_pos (1751,)
[0. 0. 0. ... 0. 0. 0.]
cvc_x_pos (1751,)
[0. 0. 0. ... 0. 0. 0.]
cvc_x_pos (1751,)
[0.00435145 0.00435184 0.00435222 ... 0.         0.         0.        ]
cvc_x_pos (1751,)
[0. 0. 0. ... 0. 0. 0.]
cvc_x_pos (1751,)
[0.00481614 0.00481686 0.00481758 ... 0.         0.         0.        ]
cvc_x_pos (1751,)
[0. 0. 0. ... 0. 0. 0.]
cvc_x_pos (1751,)
[0. 0. 0. ... 0. 0. 0.]
cvc_x_pos (1751,)
[0.00570508 0.00570602 0.00570694 ... 0.         0.         0.        ]
cvc_x_pos (1751,)
[0. 0. 0. ... 0. 0. 0.]
cvc_x_pos (1751,)
[0.00477774 0.0047778  0.00477786 ... 0.         0.         0.        ]
cvc_x_pos (1751,)
[0. 0. 0. ... 0. 0. 0.]
cvc_x_pos (1751,)
[0. 0. 0. ... 0. 0. 0.]
cvc_x_pos (1751,)
[0. 0. 0. ... 0. 0. 0.]
cvc_x_pos (1751,)
[0. 0. 0. ... 0. 0. 0.]
cvc_x_pos (1751,)
[0. 0. 0. ... 0. 0. 0.]
cvc_x_pos (1751,)
[0. 0. 0. ... 0. 0. 0.]
cvc_x_pos (1751,)
[0. 0. 0. ... 0. 0. 0.]
cvc_x_pos (1751,)
[0. 0. 0. ... 0. 0. 0.]
cvc_x_pos (1751,)
[0. 0. 0. ... 0. 0. 0.]
cvc_x_pos (1751,)
[0. 0. 0. ... 0. 0. 0.]
cvc_x_pos (1751,)
[0. 0. 0. ... 0. 0. 0.]
cvc_x_pos (1751,)
[0. 0. 0. ... 0. 0. 0.]
cvc_x_pos (1751,)
[0. 0. 0. ... 0. 0. 0.]
cvc_x_pos (1751,)
[0. 0. 0. ... 0. 0. 0.]
cvc_x_pos (1751,)
[0. 0. 0. ... 0. 0. 0.]
cvc_x_pos (1751,)
[0. 0. 0. ... 0. 0. 0.]
cvc_x_pos (1751,)
[0. 0. 0. ... 0. 0. 0.]
cvc_x_pos (1751,)
[0. 0. 0. ... 0. 0. 0.]
cvc_x_pos (1751,)
[0. 0. 0. ... 0. 0. 0.]
cvc_x_pos (1751,)
[0. 0. 0. ... 0. 0. 0.]
cvc_x_pos (1751,)
[0. 0. 0. ... 0. 0. 0.]
cvc_x_pos (1751,)
[0. 0. 0. ... 0. 0. 0.]
cvc_x_pos (1751,)
[0. 0. 0. ... 0. 0. 0.]
cvc_x_pos (1751,)
[0. 0. 0. ... 0. 0. 0.]
cvc_x_pos (1751,)
[0. 0. 0. ... 0. 0. 0.]
cvc_x_pos (1751,)
[0. 0. 0. ... 0. 0. 0.]
cvc_x_pos (1751,)
[0. 0. 0. ... 0. 0. 0.]
cvc_x_pos (1751,)
[0. 0. 0. ... 0. 0. 0.]
cvc_x_pos (1751,)
[0. 0. 0. ... 0. 0. 0.]
cvc_x_pos (1751,)
[0. 0. 0. ... 0. 0. 0.]
cvc_x_pos (1751,)
[0. 0. 0. ... 0. 0. 0.]
cvc_x_pos (1751,)
[0. 0. 0. ... 0. 0. 0.]
cvc_x_pos (1751,)
[0. 0. 0. ... 0. 0. 0.]
cvc_x_pos (1751,)
[0. 0. 0. ... 0. 0. 0.]
cvc_x_pos (1751,)
[0. 0. 0. ... 0. 0. 0.]
cvc_x_pos (1751,)
[0. 0. 0. ... 0. 0. 0.]
cvc_x_pos (1751,)
[0. 0. 0. ... 0. 0. 0.]
cvc_x_pos (1751,)
[0. 0. 0. ... 0. 0. 0.]
cvc_x_pos (1751,)
[0. 0. 0. ... 0. 0. 0.]
cvc_x_pos (1751,)
[0. 0. 0. ... 0. 0. 0.]
cvc_x_pos (1751,)
[0. 0. 0. ... 0. 0. 0.]
cvc_x_pos (1751,)
[0.0050971  0.0050961  0.00509509 ... 0.         0.         0.        ]
cvc_x_pos (1751,)
[0.00482376 0.00482381 0.00482384 ... 0.         0.         0.        ]
cvc_x_pos (1751,)
[0. 0. 0. ... 0. 0. 0.]
cvc_x_pos (1751,)
[0. 0. 0. ... 0. 0. 0.]
cvc_x_pos (1751,)
[0. 0. 0. ... 0. 0. 0.]
cvc_x_pos (1751,)
[0. 0. 0. ... 0. 0. 0.]
cvc_x_pos (1751,)
[0. 0. 0. ... 0. 0. 0.]
cvc_x_pos (1751,)
[0. 0. 0. ... 0. 0. 0.]
cvc_x_pos (1751,)
[0. 0. 0. ... 0. 0. 0.]
cvc_x_pos (1751,)
[0. 0. 0. ... 0. 0. 0.]
cvc_x_pos (1751,)
[0. 0. 0. ... 0. 0. 0.]
cvc_x_pos (1751,)
[0. 0. 0. ... 0. 0. 0.]
cvc_x_pos (1751,)
[0. 0. 0. ... 0. 0. 0.]
cvc_x_pos (1751,)
[0. 0. 0. ... 0. 0. 0.]
cvc_x_pos (1751,)
[0. 0. 0. ... 0. 0. 0.]
cvc_x_pos (1751,)
[0. 0. 0. ... 0. 0. 0.]
cvc_x_pos (1751,)
[0. 0. 0. ... 0. 0. 0.]
cvc_x_pos (1751,)
[0. 0. 0. ... 0. 0. 0.]
cvc_x_pos (1751,)
[0. 0. 0. ... 0. 0. 0.]
cvc_x_pos (1751,)
[0. 0. 0. ... 0. 0. 0.]
cvc_x_pos (1751,)
[0. 0. 0. ... 0. 0. 0.]
cvc_x_pos (1751,)
[0. 0. 0. ... 0. 0. 0.]
cvc_x_pos (1751,)
[0. 0. 0. ... 0. 0. 0.]
cvc_x_pos (1751,)
[0. 0. 0. ... 0. 0. 0.]
cvc_x_pos (1751,)
[0. 0. 0. ... 0. 0. 0.]
cvc_x_pos (1751,)
[0. 0. 0. ... 0. 0. 0.]
cvc_x_pos (1751,)
[0.00541517 0.00541563 0.00541608 ... 0.         0.         0.        ]
cvc_x_pos (1751,)
[0. 0. 0. ... 0. 0. 0.]
cvc_x_pos (1751,)
[0.00529468 0.00529525 0.00529581 ... 0.         0.         0.        ]
cvc_x_pos (1751,)
[0.00519216 0.00519255 0.00519292 ... 0.         0.         0.        ]
cvc_x_pos (1751,)
[0. 0. 0. ... 0. 0. 0.]
cvc_x_pos (1751,)
[0.0042725 0.0042731 0.0042737 ... 0.        0.        0.       ]
cvc_x_pos (1751,)
[0.00439295 0.00439261 0.00439227 ... 0.         0.         0.        ]
cvc_x_pos (1751,)
[0. 0. 0. ... 0. 0. 0.]
cvc_x_pos (1751,)
[0. 0. 0. ... 0. 0. 0.]
cvc_x_pos (1751,)
[0. 0. 0. ... 0. 0. 0.]
cvc_x_pos (1751,)
[0. 0. 0. ... 0. 0. 0.]
cvc_x_pos (1751,)
[0. 0. 0. ... 0. 0. 0.]
cvc_x_pos (1751,)
[0. 0. 0. ... 0. 0. 0.]
cvc_x_pos (1751,)
[0. 0. 0. ... 0. 0. 0.]
cvc_x_pos (1751,)
[0. 0. 0. ... 0. 0. 0.]
cvc_x_pos (1751,)
[0. 0. 0. ... 0. 0. 0.]
cvc_x_pos (1751,)
[0. 0. 0. ... 0. 0. 0.]
cvc_x_pos (1751,)
[0. 0. 0. ... 0. 0. 0.]
cvc_x_pos (1751,)
[0. 0. 0. ... 0. 0. 0.]
cvc_x_pos (1751,)
[0. 0. 0. ... 0. 0. 0.]
cvc_x_pos (1751,)
[0. 0. 0. ... 0. 0. 0.]
cvc_x_pos (1751,)
[0. 0. 0. ... 0. 0. 0.]
cvc_x_pos (1751,)
[0. 0. 0. ... 0. 0. 0.]
cvc_x_pos (1751,)
[0. 0. 0. ... 0. 0. 0.]
cvc_x_pos (1751,)
[0. 0. 0. ... 0. 0. 0.]
cvc_x_pos (1751,)
[0. 0. 0. ... 0. 0. 0.]
cvc_x_pos (1751,)
[0. 0. 0. ... 0. 0. 0.]
cvc_x_pos (1751,)
[0. 0. 0. ... 0. 0. 0.]
cvc_x_pos (1751,)
[0. 0. 0. ... 0. 0. 0.]
cvc_x_pos (1751,)
[0. 0. 0. ... 0. 0. 0.]
cvc_x_pos (1751,)
[0. 0. 0. ... 0. 0. 0.]
cvc_x_pos (1751,)
[0. 0. 0. ... 0. 0. 0.]
cvc_x_pos (1751,)
[0. 0. 0. ... 0. 0. 0.]
cvc_x_pos (1751,)
[0. 0. 0. ... 0. 0. 0.]
cvc_x_pos (1751,)
[0. 0. 0. ... 0. 0. 0.]
cvc_x_pos (1751,)
[0. 0. 0. ... 0. 0. 0.]
cvc_x_pos (1751,)
[0. 0. 0. ... 0. 0. 0.]
cvc_x_pos (1751,)
[0. 0. 0. ... 0. 0. 0.]
cvc_x_pos (1751,)
[0. 0. 0. ... 0. 0. 0.]
cvc_x_pos (1751,)
[0. 0. 0. ... 0. 0. 0.]
cvc_x_pos (1751,)
[0. 0. 0. ... 0. 0. 0.]
cvc_x_pos (1751,)
[0. 0. 0. ... 0. 0. 0.]
cvc_x_pos (1751,)
[0. 0. 0. ... 0. 0. 0.]
cvc_x_pos (1751,)
[0. 0. 0. ... 0. 0. 0.]
cvc_x_pos (1751,)
[0. 0. 0. ... 0. 0. 0.]
cvc_x_pos (1751,)
[0. 0. 0. ... 0. 0. 0.]
cvc_x_pos (1751,)
[0. 0. 0. ... 0. 0. 0.]
cvc_x_pos (1751,)
[0. 0. 0. ... 0. 0. 0.]
cvc_x_pos (1751,)
[0. 0. 0. ... 0. 0. 0.]
cvc_x_pos (1751,)
[0. 0. 0. ... 0. 0. 0.]
cvc_x_pos (1751,)
[0.00489048 0.00489021 0.00488992 ... 0.         0.         0.        ]
cvc_x_pos (1751,)
[0. 0. 0. ... 0. 0. 0.]
cvc_x_pos (1751,)
[0. 0. 0. ... 0. 0. 0.]
cvc_x_pos (1751,)
[0. 0. 0. ... 0. 0. 0.]
cvc_x_pos (1751,)
[0. 0. 0. ... 0. 0. 0.]
cvc_x_pos (1751,)
[0. 0. 0. ... 0. 0. 0.]
cvc_x_pos (1751,)
[0. 0. 0. ... 0. 0. 0.]
cvc_x_pos (1751,)
[0. 0. 0. ... 0. 0. 0.]
cvc_x_pos (1751,)
[0. 0. 0. ... 0. 0. 0.]
cvc_x_pos (1751,)
[0. 0. 0. ... 0. 0. 0.]
cvc_x_pos (1751,)
[0. 0. 0. ... 0. 0. 0.]
cvc_x_pos (1751,)
[0. 0. 0. ... 0. 0. 0.]
cvc_x_pos (1751,)
[0. 0. 0. ... 0. 0. 0.]
cvc_x_pos (1751,)
[0. 0. 0. ... 0. 0. 0.]
cvc_x_pos (1751,)
[0. 0. 0. ... 0. 0. 0.]
cvc_x_pos (1751,)
[0. 0. 0. ... 0. 0. 0.]
cvc_x_pos (1751,)
[0.00494719 0.00494811 0.00494903 ... 0.         0.         0.        ]
cvc_x_pos (1751,)
[0. 0. 0. ... 0. 0. 0.]
cvc_x_pos (1751,)
[0.00453947 0.00453935 0.00453923 ... 0.         0.         0.        ]
cvc_x_pos (1751,)
[0. 0. 0. ... 0. 0. 0.]
cvc_x_pos (1751,)
[0.00524992 0.00524964 0.00524934 ... 0.         0.         0.        ]
cvc_x_pos (1751,)
[0. 0. 0. ... 0. 0. 0.]
cvc_x_pos (1751,)
[0.00585325 0.00585256 0.00585186 ... 0.         0.         0.        ]
cvc_x_pos (1751,)
[0. 0. 0. ... 0. 0. 0.]
cvc_x_pos (1751,)
[0. 0. 0. ... 0. 0. 0.]
cvc_x_pos (1751,)
[0. 0. 0. ... 0. 0. 0.]
cvc_x_pos (1751,)
[0. 0. 0. ... 0. 0. 0.]
cvc_x_pos (1751,)
[0. 0. 0. ... 0. 0. 0.]
cvc_x_pos (1751,)
[0. 0. 0. ... 0. 0. 0.]
cvc_x_pos (1751,)
[0. 0. 0. ... 0. 0. 0.]
cvc_x_pos (1751,)
[0. 0. 0. ... 0. 0. 0.]
cvc_x_pos (1751,)
[0. 0. 0. ... 0. 0. 0.]
cvc_x_pos (1751,)
[0. 0. 0. ... 0. 0. 0.]
cvc_x_pos (1751,)
[0. 0. 0. ... 0. 0. 0.]
cvc_x_pos (1751,)
[0. 0. 0. ... 0. 0. 0.]
cvc_x_pos (1751,)
[0. 0. 0. ... 0. 0. 0.]
cvc_x_pos (1751,)
[0. 0. 0. ... 0. 0. 0.]
cvc_x_pos (1751,)
[0. 0. 0. ... 0. 0. 0.]
cvc_x_pos (1751,)
[0. 0. 0. ... 0. 0. 0.]
cvc_x_pos (1751,)
[0. 0. 0. ... 0. 0. 0.]
cvc_x_pos (1751,)
[0. 0. 0. ... 0. 0. 0.]
cvc_x_pos (1751,)
[0. 0. 0. ... 0. 0. 0.]
cvc_x_pos (1751,)
[0. 0. 0. ... 0. 0. 0.]
cvc_x_pos (1751,)
[0. 0. 0. ... 0. 0. 0.]
cvc_x_pos (1751,)
[0. 0. 0. ... 0. 0. 0.]
cvc_x_pos (1751,)
[0. 0. 0. ... 0. 0. 0.]
cvc_x_pos (1751,)
[0. 0. 0. ... 0. 0. 0.]
cvc_x_pos (1751,)
[0. 0. 0. ... 0. 0. 0.]
cvc_x_pos (1751,)
[0. 0. 0. ... 0. 0. 0.]
cvc_x_pos (1751,)
[0. 0. 0. ... 0. 0. 0.]
cvc_x_pos (1751,)
[0. 0. 0. ... 0. 0. 0.]
cvc_x_pos (1751,)
[0. 0. 0. ... 0. 0. 0.]
cvc_x_pos (1751,)
[0. 0. 0. ... 0. 0. 0.]
cvc_x_pos (1751,)
[0. 0. 0. ... 0. 0. 0.]
cvc_x_pos (1751,)
[0. 0. 0. ... 0. 0. 0.]
cvc_x_pos (1751,)
[0. 0. 0. ... 0. 0. 0.]
cvc_x_pos (1751,)
[0. 0. 0. ... 0. 0. 0.]
cvc_x_pos (1751,)
[0. 0. 0. ... 0. 0. 0.]
cvc_x_pos (1751,)
[0. 0. 0. ... 0. 0. 0.]
cvc_x_pos (1751,)
[0. 0. 0. ... 0. 0. 0.]
cvc_x_pos (1751,)
[0. 0. 0. ... 0. 0. 0.]
cvc_x_pos (1751,)
[0. 0. 0. ... 0. 0. 0.]
cvc_x_pos (1751,)
[0. 0. 0. ... 0. 0. 0.]
cvc_x_pos (1751,)
[0. 0. 0. ... 0. 0. 0.]
cvc_x_pos (1751,)
[0. 0. 0. ... 0. 0. 0.]
cvc_x_pos (1751,)
[0. 0. 0. ... 0. 0. 0.]
cvc_x_pos (1751,)
[0.00509474 0.         0.         ... 0.         0.         0.        ]
cvc_x_pos (1751,)
[0.00520091 0.00520165 0.00520238 ... 0.         0.         0.        ]
cvc_x_pos (1751,)
[0. 0. 0. ... 0. 0. 0.]
cvc_x_pos (1751,)
[0. 0. 0. ... 0. 0. 0.]
cvc_x_pos (1751,)
[0. 0. 0. ... 0. 0. 0.]
cvc_x_pos (1751,)
[0. 0. 0. ... 0. 0. 0.]
cvc_x_pos (1751,)
[0. 0. 0. ... 0. 0. 0.]
cvc_x_pos (1751,)
[0. 0. 0. ... 0. 0. 0.]
cvc_x_pos (1751,)
[0. 0. 0. ... 0. 0. 0.]
cvc_x_pos (1751,)
[0.00439494 0.00439555 0.00439614 ... 0.         0.         0.        ]
cvc_x_pos (1751,)
[0. 0. 0. ... 0. 0. 0.]
cvc_x_pos (1751,)
[0.00394199 0.00394227 0.00394255 ... 0.         0.         0.        ]
cvc_x_pos (1751,)
[0. 0. 0. ... 0. 0. 0.]
cvc_x_pos (1751,)
[0. 0. 0. ... 0. 0. 0.]
cvc_x_pos (1751,)
[0. 0. 0. ... 0. 0. 0.]
cvc_x_pos (1751,)
[0.0045606  0.00456065 0.00456068 ... 0.         0.         0.        ]
cvc_x_pos (1751,)
[0.00486945 0.00486961 0.00486975 ... 0.         0.         0.        ]
cvc_x_pos (1751,)
[0. 0. 0. ... 0. 0. 0.]
cvc_x_pos (1751,)
[0. 0. 0. ... 0. 0. 0.]
cvc_x_pos (1751,)
[0. 0. 0. ... 0. 0. 0.]
cvc_x_pos (1751,)
[0. 0. 0. ... 0. 0. 0.]
cvc_x_pos (1751,)
[0. 0. 0. ... 0. 0. 0.]
cvc_x_pos (1751,)
[0. 0. 0. ... 0. 0. 0.]
cvc_x_pos (1751,)
[0. 0. 0. ... 0. 0. 0.]
cvc_x_pos (1751,)
[0. 0. 0. ... 0. 0. 0.]
cvc_x_pos (1751,)
[0. 0. 0. ... 0. 0. 0.]
cvc_x_pos (1751,)
[0. 0. 0. ... 0. 0. 0.]
cvc_x_pos (1751,)
[0. 0. 0. ... 0. 0. 0.]
cvc_x_pos (1751,)
[0. 0. 0. ... 0. 0. 0.]
cvc_x_pos (1751,)
[0. 0. 0. ... 0. 0. 0.]
cvc_x_pos (1751,)
[0. 0. 0. ... 0. 0. 0.]
cvc_x_pos (1751,)
[0. 0. 0. ... 0. 0. 0.]
cvc_x_pos (1751,)
[0. 0. 0. ... 0. 0. 0.]
cvc_x_pos (1751,)
[0. 0. 0. ... 0. 0. 0.]
cvc_x_pos (1751,)
[0. 0. 0. ... 0. 0. 0.]
cvc_x_pos (1751,)
[0. 0. 0. ... 0. 0. 0.]
cvc_x_pos (1751,)
[0. 0. 0. ... 0. 0. 0.]
cvc_x_pos (1751,)
[0. 0. 0. ... 0. 0. 0.]
cvc_x_pos (1751,)
[0. 0. 0. ... 0. 0. 0.]
cvc_x_pos (1751,)
[0. 0. 0. ... 0. 0. 0.]
cvc_x_pos (1751,)
[0. 0. 0. ... 0. 0. 0.]
cvc_x_pos (1751,)
[0. 0. 0. ... 0. 0. 0.]
cvc_x_pos (1751,)
[0. 0. 0. ... 0. 0. 0.]
cvc_x_pos (1751,)
[0. 0. 0. ... 0. 0. 0.]
cvc_x_pos (1751,)
[0. 0. 0. ... 0. 0. 0.]
cvc_x_pos (1751,)
[0. 0. 0. ... 0. 0. 0.]
cvc_x_pos (1751,)
[0. 0. 0. ... 0. 0. 0.]
cvc_x_pos (1751,)
[0. 0. 0. ... 0. 0. 0.]
cvc_x_pos (1751,)
[0. 0. 0. ... 0. 0. 0.]
cvc_x_pos (1751,)
[0. 0. 0. ... 0. 0. 0.]
cvc_x_pos (1751,)
[0. 0. 0. ... 0. 0. 0.]
cvc_x_pos (1751,)
[0. 0. 0. ... 0. 0. 0.]
cvc_x_pos (1751,)
[0. 0. 0. ... 0. 0. 0.]
cvc_x_pos (1751,)
[0. 0. 0. ... 0. 0. 0.]
cvc_x_pos (1751,)
[0. 0. 0. ... 0. 0. 0.]
cvc_x_pos (1751,)
[0. 0. 0. ... 0. 0. 0.]
cvc_x_pos (1751,)
[0. 0. 0. ... 0. 0. 0.]
cvc_x_pos (1751,)
[0. 0. 0. ... 0. 0. 0.]
cvc_x_pos (1751,)
[0. 0. 0. ... 0. 0. 0.]
cvc_x_pos (1751,)
[0. 0. 0. ... 0. 0. 0.]
cvc_x_pos (1751,)
[0. 0. 0. ... 0. 0. 0.]
cvc_x_pos (1751,)
[0.00441972 0.00441918 0.00441864 ... 0.         0.         0.        ]
cvc_x_pos (1751,)
[0.00534396 0.00534505 0.00534613 ... 0.         0.         0.        ]
cvc_x_pos (1751,)
[0. 0. 0. ... 0. 0. 0.]
cvc_x_pos (1751,)
[0.00489009 0.00489039 0.00489067 ... 0.         0.         0.        ]
cvc_x_pos (1751,)
[0.00469408 0.00469461 0.00469513 ... 0.         0.         0.        ]
cvc_x_pos (1751,)
[0.0051547  0.00515408 0.00515344 ... 0.         0.         0.        ]
cvc_x_pos (1751,)
[0. 0. 0. ... 0. 0. 0.]
cvc_x_pos (1751,)
[0. 0. 0. ... 0. 0. 0.]
cvc_x_pos (1751,)
[0. 0. 0. ... 0. 0. 0.]
cvc_x_pos (1751,)
[0. 0. 0. ... 0. 0. 0.]
cvc_x_pos (1751,)
[0. 0. 0. ... 0. 0. 0.]
cvc_x_pos (1751,)
[0. 0. 0. ... 0. 0. 0.]
cvc_x_pos (1751,)
[0. 0. 0. ... 0. 0. 0.]
cvc_x_pos (1751,)
[0. 0. 0. ... 0. 0. 0.]
cvc_x_pos (1751,)
[0. 0. 0. ... 0. 0. 0.]
cvc_x_pos (1751,)
[0. 0. 0. ... 0. 0. 0.]
cvc_x_pos (1751,)
[0. 0. 0. ... 0. 0. 0.]
cvc_x_pos (1751,)
[0. 0. 0. ... 0. 0. 0.]
cvc_x_pos (1751,)
[0. 0. 0. ... 0. 0. 0.]
cvc_x_pos (1751,)
[0. 0. 0. ... 0. 0. 0.]
cvc_x_pos (1751,)
[0. 0. 0. ... 0. 0. 0.]
cvc_x_pos (1751,)
[0. 0. 0. ... 0. 0. 0.]
cvc_x_pos (1751,)
[0. 0. 0. ... 0. 0. 0.]
cvc_x_pos (1751,)
[0. 0. 0. ... 0. 0. 0.]
cvc_x_pos (1751,)
[0. 0. 0. ... 0. 0. 0.]
cvc_x_pos (1751,)
[0. 0. 0. ... 0. 0. 0.]
cvc_x_pos (1751,)
[0. 0. 0. ... 0. 0. 0.]
cvc_x_pos (1751,)
[0. 0. 0. ... 0. 0. 0.]
cvc_x_pos (1751,)
[0. 0. 0. ... 0. 0. 0.]
cvc_x_pos (1751,)
[0. 0. 0. ... 0. 0. 0.]
cvc_x_pos (1751,)
[0. 0. 0. ... 0. 0. 0.]
cvc_x_pos (1751,)
[0. 0. 0. ... 0. 0. 0.]
cvc_x_pos (1751,)
[0. 0. 0. ... 0. 0. 0.]
cvc_x_pos (1751,)
[0. 0. 0. ... 0. 0. 0.]
cvc_x_pos (1751,)
[0. 0. 0. ... 0. 0. 0.]
cvc_x_pos (1751,)
[0. 0. 0. ... 0. 0. 0.]
cvc_x_pos (1751,)
[0. 0. 0. ... 0. 0. 0.]
cvc_x_pos (1751,)
[0. 0. 0. ... 0. 0. 0.]
cvc_x_pos (1751,)
[0. 0. 0. ... 0. 0. 0.]
cvc_x_pos (1751,)
[0. 0. 0. ... 0. 0. 0.]
cvc_x_pos (1751,)
[0. 0. 0. ... 0. 0. 0.]
cvc_x_pos (1751,)
[0. 0. 0. ... 0. 0. 0.]
cvc_x_pos (1751,)
[0. 0. 0. ... 0. 0. 0.]
cvc_x_pos (1751,)
[0. 0. 0. ... 0. 0. 0.]
cvc_x_pos (1751,)
[0. 0. 0. ... 0. 0. 0.]
cvc_x_pos (1751,)
[0. 0. 0. ... 0. 0. 0.]
cvc_x_pos (1751,)
[0. 0. 0. ... 0. 0. 0.]
cvc_x_pos (1751,)
[0. 0. 0. ... 0. 0. 0.]
cvc_x_pos (1751,)
[0. 0. 0. ... 0. 0. 0.]
cvc_x_pos (1751,)
[0. 0. 0. ... 0. 0. 0.]
cvc_x_pos (1751,)
[0. 0. 0. ... 0. 0. 0.]
cvc_x_pos (1751,)
[0. 0. 0. ... 0. 0. 0.]
cvc_x_pos (1751,)
[0.00416908 0.0041687  0.00416831 ... 0.         0.         0.        ]
cvc_x_pos (1751,)
[0.00386967 0.00386988 0.00387008 ... 0.         0.         0.        ]
cvc_x_pos (1751,)
[0. 0. 0. ... 0. 0. 0.]
cvc_x_pos (1751,)
[0.00490854 0.00490809 0.00490764 ... 0.         0.         0.        ]
cvc_x_pos (1751,)
[0. 0. 0. ... 0. 0. 0.]
cvc_x_pos (1751,)
[0. 0. 0. ... 0. 0. 0.]
cvc_x_pos (1751,)
[0. 0. 0. ... 0. 0. 0.]
cvc_x_pos (1751,)
[0. 0. 0. ... 0. 0. 0.]
cvc_x_pos (1751,)
[0. 0. 0. ... 0. 0. 0.]
cvc_x_pos (1751,)
[0. 0. 0. ... 0. 0. 0.]
cvc_x_pos (1751,)
[0. 0. 0. ... 0. 0. 0.]
cvc_x_pos (1751,)
[0. 0. 0. ... 0. 0. 0.]
cvc_x_pos (1751,)
[0. 0. 0. ... 0. 0. 0.]
cvc_x_pos (1751,)
[0. 0. 0. ... 0. 0. 0.]
cvc_x_pos (1751,)
[0. 0. 0. ... 0. 0. 0.]
cvc_x_pos (1751,)
[0. 0. 0. ... 0. 0. 0.]
cvc_x_pos (1751,)
[0. 0. 0. ... 0. 0. 0.]
cvc_x_pos (1751,)
[0. 0. 0. ... 0. 0. 0.]
cvc_x_pos (1751,)
[0. 0. 0. ... 0. 0. 0.]
cvc_x_pos (1751,)
[0. 0. 0. ... 0. 0. 0.]
cvc_x_pos (1751,)
[0. 0. 0. ... 0. 0. 0.]
cvc_x_pos (1751,)
[0. 0. 0. ... 0. 0. 0.]
cvc_x_pos (1751,)
[0. 0. 0. ... 0. 0. 0.]
cvc_x_pos (1751,)
[0. 0. 0. ... 0. 0. 0.]
cvc_x_pos (1751,)
[0. 0. 0. ... 0. 0. 0.]
cvc_x_pos (1751,)
[0. 0. 0. ... 0. 0. 0.]
cvc_x_pos (1751,)
[0. 0. 0. ... 0. 0. 0.]
cvc_x_pos (1751,)
[0. 0. 0. ... 0. 0. 0.]
cvc_x_pos (1751,)
[0. 0. 0. ... 0. 0. 0.]
cvc_x_pos (1751,)
[0. 0. 0. ... 0. 0. 0.]
cvc_x_pos (1751,)
[0. 0. 0. ... 0. 0. 0.]
cvc_x_pos (1751,)
[0. 0. 0. ... 0. 0. 0.]
cvc_x_pos (1751,)
[0. 0. 0. ... 0. 0. 0.]
cvc_x_pos (1751,)
[0. 0. 0. ... 0. 0. 0.]
cvc_x_pos (1751,)
[0. 0. 0. ... 0. 0. 0.]
cvc_x_pos (1751,)
[0. 0. 0. ... 0. 0. 0.]
cvc_x_pos (1751,)
[0. 0. 0. ... 0. 0. 0.]
cvc_x_pos (1751,)
[0. 0. 0. ... 0. 0. 0.]
cvc_x_pos (1751,)
[0. 0. 0. ... 0. 0. 0.]
cvc_x_pos (1751,)
[0. 0. 0. ... 0. 0. 0.]
cvc_x_pos (1751,)
[0. 0. 0. ... 0. 0. 0.]
cvc_x_pos (1751,)
[0. 0. 0. ... 0. 0. 0.]
cvc_x_pos (1751,)
[0. 0. 0. ... 0. 0. 0.]
cvc_x_pos (1751,)
[0. 0. 0. ... 0. 0. 0.]
cvc_x_pos (1751,)
[0. 0. 0. ... 0. 0. 0.]
cvc_x_pos (1751,)
[0. 0. 0. ... 0. 0. 0.]
cvc_x_pos (1751,)
[0. 0. 0. ... 0. 0. 0.]
cvc_x_pos (1751,)
[0. 0. 0. ... 0. 0. 0.]
cvc_x_pos (1751,)
[0. 0. 0. ... 0. 0. 0.]
cvc_x_pos (1751,)
[0. 0. 0. ... 0. 0. 0.]
cvc_x_pos (1751,)
[0. 0. 0. ... 0. 0. 0.]
cvc_x_pos (1751,)
[0. 0. 0. ... 0. 0. 0.]
cvc_x_pos (1751,)
[0. 0. 0. ... 0. 0. 0.]
cvc_x_pos (1751,)
[0. 0. 0. ... 0. 0. 0.]
cvc_x_pos (1751,)
[0. 0. 0. ... 0. 0. 0.]
cvc_x_pos (1751,)
[0.00479504 0.00479471 0.00479437 ... 0.         0.         0.        ]
cvc_x_pos (1751,)
[0. 0. 0. ... 0. 0. 0.]
cvc_x_pos (1751,)
[0.00536645 0.00536562 0.00536479 ... 0.         0.         0.        ]
cvc_x_pos (1751,)
[0. 0. 0. ... 0. 0. 0.]
cvc_x_pos (1751,)
[0.0050415  0.00504137 0.00504123 ... 0.         0.         0.        ]
cvc_x_pos (1751,)
[0. 0. 0. ... 0. 0. 0.]
cvc_x_pos (1751,)
[0.00419186 0.00419157 0.00419128 ... 0.         0.         0.        ]
cvc_x_pos (1751,)
[0.00392704 0.00392676 0.00392648 ... 0.         0.         0.        ]
cvc_x_pos (1751,)
[0.00506619 0.00506635 0.00506649 ... 0.         0.         0.        ]
cvc_x_pos (1751,)
[0. 0. 0. ... 0. 0. 0.]
cvc_x_pos (1751,)
[0. 0. 0. ... 0. 0. 0.]
cvc_x_pos (1751,)
[0. 0. 0. ... 0. 0. 0.]
cvc_x_pos (1751,)
[0. 0. 0. ... 0. 0. 0.]
cvc_x_pos (1751,)
[0. 0. 0. ... 0. 0. 0.]
cvc_x_pos (1751,)
[0. 0. 0. ... 0. 0. 0.]
cvc_x_pos (1751,)
[0. 0. 0. ... 0. 0. 0.]
cvc_x_pos (1751,)
[0. 0. 0. ... 0. 0. 0.]
cvc_x_pos (1751,)
[0. 0. 0. ... 0. 0. 0.]
cvc_x_pos (1751,)
[0. 0. 0. ... 0. 0. 0.]
cvc_x_pos (1751,)
[0. 0. 0. ... 0. 0. 0.]
cvc_x_pos (1751,)
[0. 0. 0. ... 0. 0. 0.]
cvc_x_pos (1751,)
[0. 0. 0. ... 0. 0. 0.]
cvc_x_pos (1751,)
[0. 0. 0. ... 0. 0. 0.]
cvc_x_pos (1751,)
[0. 0. 0. ... 0. 0. 0.]
cvc_x_pos (1751,)
[0. 0. 0. ... 0. 0. 0.]
cvc_x_pos (1751,)
[0. 0. 0. ... 0. 0. 0.]
cvc_x_pos (1751,)
[0. 0. 0. ... 0. 0. 0.]
cvc_x_pos (1751,)
[0. 0. 0. ... 0. 0. 0.]
cvc_x_pos (1751,)
[0. 0. 0. ... 0. 0. 0.]
cvc_x_pos (1751,)
[0. 0. 0. ... 0. 0. 0.]
cvc_x_pos (1751,)
[0. 0. 0. ... 0. 0. 0.]
cvc_x_pos (1751,)
[0. 0. 0. ... 0. 0. 0.]
cvc_x_pos (1751,)
[0. 0. 0. ... 0. 0. 0.]
cvc_x_pos (1751,)
[0. 0. 0. ... 0. 0. 0.]
cvc_x_pos (1751,)
[0. 0. 0. ... 0. 0. 0.]
cvc_x_pos (1751,)
[0. 0. 0. ... 0. 0. 0.]
cvc_x_pos (1751,)
[0. 0. 0. ... 0. 0. 0.]
cvc_x_pos (1751,)
[0. 0. 0. ... 0. 0. 0.]
cvc_x_pos (1751,)
[0. 0. 0. ... 0. 0. 0.]
cvc_x_pos (1751,)
[0. 0. 0. ... 0. 0. 0.]
cvc_x_pos (1751,)
[0. 0. 0. ... 0. 0. 0.]
cvc_x_pos (1751,)
[0. 0. 0. ... 0. 0. 0.]
cvc_x_pos (1751,)
[0. 0. 0. ... 0. 0. 0.]
cvc_x_pos (1751,)
[0. 0. 0. ... 0. 0. 0.]
cvc_x_pos (1751,)
[0. 0. 0. ... 0. 0. 0.]
cvc_x_pos (1751,)
[0. 0. 0. ... 0. 0. 0.]
cvc_x_pos (1751,)
[0. 0. 0. ... 0. 0. 0.]
cvc_x_pos (1751,)
[0. 0. 0. ... 0. 0. 0.]
cvc_x_pos (1751,)
[0. 0. 0. ... 0. 0. 0.]
cvc_x_pos (1751,)
[0. 0. 0. ... 0. 0. 0.]
cvc_x_pos (1751,)
[0. 0. 0. ... 0. 0. 0.]
cvc_x_pos (1751,)
[0. 0. 0. ... 0. 0. 0.]
cvc_x_pos (1751,)
[0. 0. 0. ... 0. 0. 0.]
cvc_x_pos (1751,)
[0. 0. 0. ... 0. 0. 0.]
cvc_x_pos (1751,)
[0. 0. 0. ... 0. 0. 0.]
cvc_x_pos (1751,)
[0. 0. 0. ... 0. 0. 0.]
cvc_x_pos (1751,)
[0. 0. 0. ... 0. 0. 0.]
cvc_x_pos (1751,)
[0. 0. 0. ... 0. 0. 0.]
cvc_x_pos (1751,)
[0. 0. 0. ... 0. 0. 0.]
cvc_x_pos (1751,)
[0. 0. 0. ... 0. 0. 0.]
cvc_x_pos (1751,)
[0. 0. 0. ... 0. 0. 0.]
cvc_x_pos (1751,)
[0. 0. 0. ... 0. 0. 0.]
cvc_x_pos (1751,)
[0. 0. 0. ... 0. 0. 0.]
cvc_x_pos (1751,)
[0. 0. 0. ... 0. 0. 0.]
cvc_x_pos (1751,)
[0. 0. 0. ... 0. 0. 0.]
cvc_x_pos (1751,)
[0. 0. 0. ... 0. 0. 0.]
cvc_x_pos (1751,)
[0.00448759 0.0044869  0.0044862  ... 0.         0.         0.        ]
cvc_x_pos (1751,)
[0. 0. 0. ... 0. 0. 0.]
cvc_x_pos (1751,)
[0.00480693 0.00480609 0.00480524 ... 0.         0.         0.        ]
cvc_x_pos (1751,)
[0.00475317 0.00475251 0.00475184 ... 0.         0.         0.        ]
cvc_x_pos (1751,)
[0. 0. 0. ... 0. 0. 0.]
cvc_x_pos (1751,)
[0. 0. 0. ... 0. 0. 0.]
cvc_x_pos (1751,)
[0.00484126 0.00484052 0.00483977 ... 0.         0.         0.        ]
cvc_x_pos (1751,)
[0.00479704 0.00479731 0.00479756 ... 0.         0.         0.        ]
cvc_x_pos (1751,)
[0. 0. 0. ... 0. 0. 0.]
cvc_x_pos (1751,)
[0. 0. 0. ... 0. 0. 0.]
cvc_x_pos (1751,)
[0. 0. 0. ... 0. 0. 0.]
cvc_x_pos (1751,)
[0. 0. 0. ... 0. 0. 0.]
cvc_x_pos (1751,)
[0. 0. 0. ... 0. 0. 0.]
cvc_x_pos (1751,)
[0. 0. 0. ... 0. 0. 0.]
cvc_x_pos (1751,)
[0. 0. 0. ... 0. 0. 0.]
cvc_x_pos (1751,)
[0. 0. 0. ... 0. 0. 0.]
cvc_x_pos (1751,)
[0. 0. 0. ... 0. 0. 0.]
cvc_x_pos (1751,)
[0. 0. 0. ... 0. 0. 0.]
cvc_x_pos (1751,)
[0. 0. 0. ... 0. 0. 0.]
cvc_x_pos (1751,)
[0. 0. 0. ... 0. 0. 0.]
cvc_x_pos (1751,)
[0. 0. 0. ... 0. 0. 0.]
cvc_x_pos (1751,)
[0. 0. 0. ... 0. 0. 0.]
cvc_x_pos (1751,)
[0. 0. 0. ... 0. 0. 0.]
cvc_x_pos (1751,)
[0. 0. 0. ... 0. 0. 0.]
cvc_x_pos (1751,)
[0. 0. 0. ... 0. 0. 0.]
cvc_x_pos (1751,)
[0. 0. 0. ... 0. 0. 0.]
cvc_x_pos (1751,)
[0. 0. 0. ... 0. 0. 0.]
cvc_x_pos (1751,)
[0. 0. 0. ... 0. 0. 0.]
cvc_x_pos (1751,)
[0. 0. 0. ... 0. 0. 0.]
cvc_x_pos (1751,)
[0. 0. 0. ... 0. 0. 0.]
cvc_x_pos (1751,)
[0. 0. 0. ... 0. 0. 0.]
cvc_x_pos (1751,)
[0. 0. 0. ... 0. 0. 0.]
cvc_x_pos (1751,)
[0. 0. 0. ... 0. 0. 0.]
cvc_x_pos (1751,)
[0. 0. 0. ... 0. 0. 0.]
cvc_x_pos (1751,)
[0. 0. 0. ... 0. 0. 0.]
cvc_x_pos (1751,)
[0. 0. 0. ... 0. 0. 0.]
cvc_x_pos (1751,)
[0. 0. 0. ... 0. 0. 0.]
cvc_x_pos (1751,)
[0. 0. 0. ... 0. 0. 0.]
cvc_x_pos (1751,)
[0. 0. 0. ... 0. 0. 0.]
cvc_x_pos (1751,)
[0. 0. 0. ... 0. 0. 0.]
cvc_x_pos (1751,)
[0. 0. 0. ... 0. 0. 0.]
cvc_x_pos (1751,)
[0. 0. 0. ... 0. 0. 0.]
cvc_x_pos (1751,)
[0. 0. 0. ... 0. 0. 0.]
cvc_x_pos (1751,)
[0. 0. 0. ... 0. 0. 0.]
cvc_x_pos (1751,)
[0. 0. 0. ... 0. 0. 0.]
cvc_x_pos (1751,)
[0. 0. 0. ... 0. 0. 0.]
cvc_x_pos (1751,)
[0. 0. 0. ... 0. 0. 0.]
cvc_x_pos (1751,)
[0. 0. 0. ... 0. 0. 0.]
cvc_x_pos (1751,)
[0. 0. 0. ... 0. 0. 0.]
cvc_x_pos (1751,)
[0. 0. 0. ... 0. 0. 0.]
cvc_x_pos (1751,)
[0. 0. 0. ... 0. 0. 0.]
cvc_x_pos (1751,)
[0. 0. 0. ... 0. 0. 0.]
cvc_x_pos (1751,)
[0. 0. 0. ... 0. 0. 0.]
cvc_x_pos (1751,)
[0. 0. 0. ... 0. 0. 0.]
cvc_x_pos (1751,)
[0. 0. 0. ... 0. 0. 0.]
cvc_x_pos (1751,)
[0. 0. 0. ... 0. 0. 0.]
cvc_x_pos (1751,)
[0. 0. 0. ... 0. 0. 0.]
cvc_x_pos (1751,)
[0. 0. 0. ... 0. 0. 0.]
cvc_x_pos (1751,)
[0. 0. 0. ... 0. 0. 0.]
cvc_x_pos (1751,)
[0. 0. 0. ... 0. 0. 0.]
cvc_x_pos (1751,)
[0. 0. 0. ... 0. 0. 0.]
cvc_x_pos (1751,)
[0. 0. 0. ... 0. 0. 0.]
cvc_x_pos (1751,)
[0. 0. 0. ... 0. 0. 0.]
cvc_x_pos (1751,)
[0. 0. 0. ... 0. 0. 0.]
cvc_x_pos (1751,)
[0. 0. 0. ... 0. 0. 0.]
cvc_x_pos (1751,)
[0. 0. 0. ... 0. 0. 0.]
cvc_x_pos (1751,)
[0. 0. 0. ... 0. 0. 0.]
cvc_x_pos (1751,)
[0. 0. 0. ... 0. 0. 0.]
cvc_x_pos (1751,)
[0. 0. 0. ... 0. 0. 0.]
cvc_x_pos (1751,)
[0. 0. 0. ... 0. 0. 0.]
cvc_x_pos (1751,)
[0. 0. 0. ... 0. 0. 0.]
cvc_x_pos (1751,)
[0. 0. 0. ... 0. 0. 0.]
cvc_x_pos (1751,)
[0. 0. 0. ... 0. 0. 0.]
cvc_x_pos (1751,)
[0. 0. 0. ... 0. 0. 0.]
cvc_x_pos (1751,)
[0. 0. 0. ... 0. 0. 0.]
cvc_x_pos (1751,)
[0. 0. 0. ... 0. 0. 0.]
cvc_x_pos (1751,)
[0.00370443 0.00370396 0.00370349 ... 0.         0.         0.        ]
cvc_x_pos (1751,)
[0. 0. 0. ... 0. 0. 0.]
cvc_x_pos (1751,)
[0. 0. 0. ... 0. 0. 0.]
cvc_x_pos (1751,)
[0.00486806 0.00486828 0.00486849 ... 0.         0.         0.        ]
cvc_x_pos (1751,)
[0. 0. 0. ... 0. 0. 0.]
cvc_x_pos (1751,)
[0.0055544  0.00555366 0.0055529  ... 0.         0.         0.        ]
cvc_x_pos (1751,)
[0.00432481 0.00432484 0.00432486 ... 0.         0.         0.        ]
cvc_x_pos (1751,)
[0. 0. 0. ... 0. 0. 0.]
cvc_x_pos (1751,)
[0.00473139 0.00473203 0.00473266 ... 0.         0.         0.        ]
cvc_x_pos (1751,)
[0. 0. 0. ... 0. 0. 0.]
cvc_x_pos (1751,)
[0. 0. 0. ... 0. 0. 0.]
cvc_x_pos (1751,)
[0. 0. 0. ... 0. 0. 0.]
cvc_x_pos (1751,)
[0. 0. 0. ... 0. 0. 0.]
cvc_x_pos (1751,)
[0. 0. 0. ... 0. 0. 0.]
cvc_x_pos (1751,)
[0. 0. 0. ... 0. 0. 0.]
cvc_x_pos (1751,)
[0. 0. 0. ... 0. 0. 0.]
cvc_x_pos (1751,)
[0. 0. 0. ... 0. 0. 0.]
cvc_x_pos (1751,)
[0. 0. 0. ... 0. 0. 0.]
cvc_x_pos (1751,)
[0. 0. 0. ... 0. 0. 0.]
cvc_x_pos (1751,)
[0. 0. 0. ... 0. 0. 0.]
cvc_x_pos (1751,)
[0. 0. 0. ... 0. 0. 0.]
cvc_x_pos (1751,)
[0. 0. 0. ... 0. 0. 0.]
cvc_x_pos (1751,)
[0. 0. 0. ... 0. 0. 0.]
cvc_x_pos (1751,)
[0. 0. 0. ... 0. 0. 0.]
cvc_x_pos (1751,)
[0. 0. 0. ... 0. 0. 0.]
cvc_x_pos (1751,)
[0. 0. 0. ... 0. 0. 0.]
cvc_x_pos (1751,)
[0. 0. 0. ... 0. 0. 0.]
cvc_x_pos (1751,)
[0. 0. 0. ... 0. 0. 0.]
cvc_x_pos (1751,)
[0. 0. 0. ... 0. 0. 0.]
cvc_x_pos (1751,)
[0. 0. 0. ... 0. 0. 0.]
cvc_x_pos (1751,)
[0. 0. 0. ... 0. 0. 0.]
cvc_x_pos (1751,)
[0. 0. 0. ... 0. 0. 0.]
cvc_x_pos (1751,)
[0. 0. 0. ... 0. 0. 0.]
cvc_x_pos (1751,)
[0. 0. 0. ... 0. 0. 0.]
cvc_x_pos (1751,)
[0. 0. 0. ... 0. 0. 0.]
cvc_x_pos (1751,)
[0. 0. 0. ... 0. 0. 0.]
cvc_x_pos (1751,)
[0. 0. 0. ... 0. 0. 0.]
cvc_x_pos (1751,)
[0. 0. 0. ... 0. 0. 0.]
cvc_x_pos (1751,)
[0. 0. 0. ... 0. 0. 0.]
cvc_x_pos (1751,)
[0. 0. 0. ... 0. 0. 0.]
cvc_x_pos (1751,)
[0. 0. 0. ... 0. 0. 0.]
cvc_x_pos (1751,)
[0. 0. 0. ... 0. 0. 0.]
cvc_x_pos (1751,)
[0. 0. 0. ... 0. 0. 0.]
cvc_x_pos (1751,)
[0. 0. 0. ... 0. 0. 0.]
cvc_x_pos (1751,)
[0. 0. 0. ... 0. 0. 0.]
cvc_x_pos (1751,)
[0. 0. 0. ... 0. 0. 0.]
cvc_x_pos (1751,)
[0. 0. 0. ... 0. 0. 0.]
cvc_x_pos (1751,)
[0. 0. 0. ... 0. 0. 0.]
cvc_x_pos (1751,)
[0. 0. 0. ... 0. 0. 0.]
cvc_x_pos (1751,)
[0. 0. 0. ... 0. 0. 0.]
cvc_x_pos (1751,)
[0. 0. 0. ... 0. 0. 0.]
cvc_x_pos (1751,)
[0. 0. 0. ... 0. 0. 0.]
cvc_x_pos (1751,)
[0. 0. 0. ... 0. 0. 0.]
cvc_x_pos (1751,)
[0. 0. 0. ... 0. 0. 0.]
cvc_x_pos (1751,)
[0. 0. 0. ... 0. 0. 0.]
cvc_x_pos (1751,)
[0. 0. 0. ... 0. 0. 0.]
cvc_x_pos (1751,)
[0. 0. 0. ... 0. 0. 0.]
cvc_x_pos (1751,)
[0. 0. 0. ... 0. 0. 0.]
cvc_x_pos (1751,)
[0. 0. 0. ... 0. 0. 0.]
cvc_x_pos (1751,)
[0. 0. 0. ... 0. 0. 0.]
cvc_x_pos (1751,)
[0. 0. 0. ... 0. 0. 0.]
cvc_x_pos (1751,)
[0. 0. 0. ... 0. 0. 0.]
cvc_x_pos (1751,)
[0. 0. 0. ... 0. 0. 0.]
cvc_x_pos (1751,)
[0. 0. 0. ... 0. 0. 0.]
cvc_x_pos (1751,)
[0. 0. 0. ... 0. 0. 0.]
cvc_x_pos (1751,)
[0. 0. 0. ... 0. 0. 0.]
cvc_x_pos (1751,)
[0. 0. 0. ... 0. 0. 0.]
cvc_x_pos (1751,)
[0. 0. 0. ... 0. 0. 0.]
cvc_x_pos (1751,)
[0. 0. 0. ... 0. 0. 0.]
cvc_x_pos (1751,)
[0. 0. 0. ... 0. 0. 0.]
cvc_x_pos (1751,)
[0. 0. 0. ... 0. 0. 0.]
cvc_x_pos (1751,)
[0. 0. 0. ... 0. 0. 0.]
cvc_x_pos (1751,)
[0. 0. 0. ... 0. 0. 0.]
cvc_x_pos (1751,)
[0. 0. 0. ... 0. 0. 0.]
cvc_x_pos (1751,)
[0. 0. 0. ... 0. 0. 0.]
cvc_x_pos (1751,)
[0. 0. 0. ... 0. 0. 0.]
cvc_x_pos (1751,)
[0. 0. 0. ... 0. 0. 0.]
cvc_x_pos (1751,)
[0. 0. 0. ... 0. 0. 0.]
cvc_x_pos (1751,)
[0. 0. 0. ... 0. 0. 0.]
cvc_x_pos (1751,)
[0. 0. 0. ... 0. 0. 0.]
cvc_x_pos (1751,)
[0. 0. 0. ... 0. 0. 0.]
cvc_x_pos (1751,)
[0. 0. 0. ... 0. 0. 0.]
cvc_x_pos (1751,)
[0. 0. 0. ... 0. 0. 0.]
cvc_x_pos (1751,)
[0. 0. 0. ... 0. 0. 0.]
cvc_x_pos (1751,)
[0.00439125 0.00439088 0.0043905  ... 0.         0.         0.        ]
cvc_x_pos (1751,)
[0.00343661 0.00343689 0.00343716 ... 0.         0.         0.        ]
cvc_x_pos (1751,)
[0. 0. 0. ... 0. 0. 0.]
cvc_x_pos (1751,)
[0.00542218 0.00542198 0.00542178 ... 0.         0.         0.        ]
cvc_x_pos (1751,)
[0. 0. 0. ... 0. 0. 0.]
Saved simulation data to simulation_outputs/round-11/global/vcm_trials-100_stretch-global_a-1_b-0.1_Ndc-None_Nfvc-17500.pkl
====================================================================== 


 -+-+-+-+-+-+-+-+-+-+-+-+-+-+-+-+-+-+-+-+-+-+-+-+-+-+-+-+-+-+ RUNNING SIMULATIONS FOR DISTORTION=stretch-global-5 -+-+-+-+-+-+-+-+-+-+-+-+-+-+-+-+-+-+-+-+-+-+-+-+-+-+-+-+-+-+
======================================================================
Running new simulation for ***Vector Cell Model*** with distortion=stretch-global (a=1, b=0.1)...
PARAMETERS:
	M=10, min_scale=25, scale_ratio=1.5, m=20, r_max=30, poiss_time_w=0.1
	N_fvc=20000 (VCM)
	cvc_pos=[[0.         0.04411894 0.06606757],...,[498.31244957 499.15622478 500.        ]] (VCM)
	fvc_pos=[[0.         0.02500125 0.0500025 ],...,[499.9499975  499.97499875 500.        ]] (VCM)
	Scales=[25.0, 37.5, 56.25, 84.38, 126.56, 189.84, 284.77, 427.15, 640.72, 961.08]
OPEN FIELD: True
cvc_x_pos (2001,)
[0. 0. 0. ... 0. 0. 0.]
cvc_x_pos (2001,)
[0. 0. 0. ... 0. 0. 0.]
cvc_x_pos (2001,)
[0. 0. 0. ... 0. 0. 0.]
cvc_x_pos (2001,)
[0. 0. 0. ... 0. 0. 0.]
cvc_x_pos (2001,)
[0. 0. 0. ... 0. 0. 0.]
cvc_x_pos (2001,)
[0. 0. 0. ... 0. 0. 0.]
cvc_x_pos (2001,)
[0. 0. 0. ... 0. 0. 0.]
cvc_x_pos (2001,)
[0. 0. 0. ... 0. 0. 0.]
cvc_x_pos (2001,)
[0. 0. 0. ... 0. 0. 0.]
cvc_x_pos (2001,)
[0. 0. 0. ... 0. 0. 0.]
cvc_x_pos (2001,)
[0. 0. 0. ... 0. 0. 0.]
cvc_x_pos (2001,)
[0. 0. 0. ... 0. 0. 0.]
cvc_x_pos (2001,)
[0. 0. 0. ... 0. 0. 0.]
cvc_x_pos (2001,)
[0. 0. 0. ... 0. 0. 0.]
cvc_x_pos (2001,)
[0. 0. 0. ... 0. 0. 0.]
cvc_x_pos (2001,)
[0. 0. 0. ... 0. 0. 0.]
cvc_x_pos (2001,)
[0. 0. 0. ... 0. 0. 0.]
cvc_x_pos (2001,)
[0. 0. 0. ... 0. 0. 0.]
cvc_x_pos (2001,)
[0. 0. 0. ... 0. 0. 0.]
cvc_x_pos (2001,)
[0. 0. 0. ... 0. 0. 0.]
cvc_x_pos (2001,)
[0. 0. 0. ... 0. 0. 0.]
cvc_x_pos (2001,)
[0. 0. 0. ... 0. 0. 0.]
cvc_x_pos (2001,)
[0. 0. 0. ... 0. 0. 0.]
cvc_x_pos (2001,)
[0. 0. 0. ... 0. 0. 0.]
cvc_x_pos (2001,)
[0. 0. 0. ... 0. 0. 0.]
cvc_x_pos (2001,)
[0. 0. 0. ... 0. 0. 0.]
cvc_x_pos (2001,)
[0. 0. 0. ... 0. 0. 0.]
cvc_x_pos (2001,)
[0. 0. 0. ... 0. 0. 0.]
cvc_x_pos (2001,)
[0. 0. 0. ... 0. 0. 0.]
cvc_x_pos (2001,)
[0. 0. 0. ... 0. 0. 0.]
cvc_x_pos (2001,)
[0. 0. 0. ... 0. 0. 0.]
cvc_x_pos (2001,)
[0. 0. 0. ... 0. 0. 0.]
cvc_x_pos (2001,)
[0. 0. 0. ... 0. 0. 0.]
cvc_x_pos (2001,)
[0. 0. 0. ... 0. 0. 0.]
cvc_x_pos (2001,)
[0. 0. 0. ... 0. 0. 0.]
cvc_x_pos (2001,)
[0. 0. 0. ... 0. 0. 0.]
cvc_x_pos (2001,)
[0. 0. 0. ... 0. 0. 0.]
cvc_x_pos (2001,)
[0. 0. 0. ... 0. 0. 0.]
cvc_x_pos (2001,)
[0. 0. 0. ... 0. 0. 0.]
cvc_x_pos (2001,)
[0. 0. 0. ... 0. 0. 0.]
cvc_x_pos (2001,)
[0. 0. 0. ... 0. 0. 0.]
cvc_x_pos (2001,)
[0. 0. 0. ... 0. 0. 0.]
cvc_x_pos (2001,)
[0. 0. 0. ... 0. 0. 0.]
cvc_x_pos (2001,)
[0. 0. 0. ... 0. 0. 0.]
cvc_x_pos (2001,)
[0. 0. 0. ... 0. 0. 0.]
cvc_x_pos (2001,)
[0. 0. 0. ... 0. 0. 0.]
cvc_x_pos (2001,)
[0. 0. 0. ... 0. 0. 0.]
cvc_x_pos (2001,)
[0. 0. 0. ... 0. 0. 0.]
cvc_x_pos (2001,)
[0. 0. 0. ... 0. 0. 0.]
cvc_x_pos (2001,)
[0. 0. 0. ... 0. 0. 0.]
cvc_x_pos (2001,)
[0. 0. 0. ... 0. 0. 0.]
cvc_x_pos (2001,)
[0. 0. 0. ... 0. 0. 0.]
cvc_x_pos (2001,)
[0. 0. 0. ... 0. 0. 0.]
cvc_x_pos (2001,)
[0. 0. 0. ... 0. 0. 0.]
cvc_x_pos (2001,)
[0. 0. 0. ... 0. 0. 0.]
cvc_x_pos (2001,)
[0. 0. 0. ... 0. 0. 0.]
cvc_x_pos (2001,)
[0. 0. 0. ... 0. 0. 0.]
cvc_x_pos (2001,)
[0. 0. 0. ... 0. 0. 0.]
cvc_x_pos (2001,)
[0. 0. 0. ... 0. 0. 0.]
cvc_x_pos (2001,)
[0. 0. 0. ... 0. 0. 0.]
cvc_x_pos (2001,)
[0. 0. 0. ... 0. 0. 0.]
cvc_x_pos (2001,)
[0. 0. 0. ... 0. 0. 0.]
cvc_x_pos (2001,)
[0. 0. 0. ... 0. 0. 0.]
cvc_x_pos (2001,)
[0. 0. 0. ... 0. 0. 0.]
cvc_x_pos (2001,)
[0. 0. 0. ... 0. 0. 0.]
cvc_x_pos (2001,)
[0. 0. 0. ... 0. 0. 0.]
cvc_x_pos (2001,)
[0. 0. 0. ... 0. 0. 0.]
cvc_x_pos (2001,)
[0. 0. 0. ... 0. 0. 0.]
cvc_x_pos (2001,)
[0. 0. 0. ... 0. 0. 0.]
cvc_x_pos (2001,)
[0. 0. 0. ... 0. 0. 0.]
cvc_x_pos (2001,)
[0. 0. 0. ... 0. 0. 0.]
cvc_x_pos (2001,)
[0. 0. 0. ... 0. 0. 0.]
cvc_x_pos (2001,)
[0. 0. 0. ... 0. 0. 0.]
cvc_x_pos (2001,)
[0. 0. 0. ... 0. 0. 0.]
cvc_x_pos (2001,)
[0.0041537  0.00830905 0.00415534 ... 0.         0.         0.        ]
cvc_x_pos (2001,)
[0.00430542 0.00861116 0.00430572 ... 0.         0.         0.        ]
cvc_x_pos (2001,)
[0. 0. 0. ... 0. 0. 0.]
cvc_x_pos (2001,)
[0.00392329 0.0078476  0.0039243  ... 0.         0.         0.        ]
cvc_x_pos (2001,)
[0. 0. 0. ... 0. 0. 0.]
cvc_x_pos (2001,)
[0.00442013 0.00884026 0.00442012 ... 0.         0.         0.        ]
cvc_x_pos (2001,)
[0.00451235 0.00902281 0.00451045 ... 0.         0.         0.        ]
cvc_x_pos (2001,)
[0. 0. 0. ... 0. 0. 0.]
cvc_x_pos (2001,)
[0.00358951 0.00717834 0.00358881 ... 0.         0.         0.        ]
cvc_x_pos (2001,)
[0. 0. 0. ... 0. 0. 0.]
cvc_x_pos (2001,)
[0. 0. 0. ... 0. 0. 0.]
cvc_x_pos (2001,)
[0. 0. 0. ... 0. 0. 0.]
cvc_x_pos (2001,)
[0. 0. 0. ... 0. 0. 0.]
cvc_x_pos (2001,)
[0. 0. 0. ... 0. 0. 0.]
cvc_x_pos (2001,)
[0. 0. 0. ... 0. 0. 0.]
cvc_x_pos (2001,)
[0. 0. 0. ... 0. 0. 0.]
cvc_x_pos (2001,)
[0. 0. 0. ... 0. 0. 0.]
cvc_x_pos (2001,)
[0. 0. 0. ... 0. 0. 0.]
cvc_x_pos (2001,)
[0. 0. 0. ... 0. 0. 0.]
cvc_x_pos (2001,)
[0. 0. 0. ... 0. 0. 0.]
cvc_x_pos (2001,)
[0. 0. 0. ... 0. 0. 0.]
cvc_x_pos (2001,)
[0. 0. 0. ... 0. 0. 0.]
cvc_x_pos (2001,)
[0. 0. 0. ... 0. 0. 0.]
cvc_x_pos (2001,)
[0. 0. 0. ... 0. 0. 0.]
cvc_x_pos (2001,)
[0. 0. 0. ... 0. 0. 0.]
cvc_x_pos (2001,)
[0. 0. 0. ... 0. 0. 0.]
cvc_x_pos (2001,)
[0. 0. 0. ... 0. 0. 0.]
cvc_x_pos (2001,)
[0. 0. 0. ... 0. 0. 0.]
cvc_x_pos (2001,)
[0. 0. 0. ... 0. 0. 0.]
cvc_x_pos (2001,)
[0. 0. 0. ... 0. 0. 0.]
cvc_x_pos (2001,)
[0. 0. 0. ... 0. 0. 0.]
cvc_x_pos (2001,)
[0. 0. 0. ... 0. 0. 0.]
cvc_x_pos (2001,)
[0. 0. 0. ... 0. 0. 0.]
cvc_x_pos (2001,)
[0. 0. 0. ... 0. 0. 0.]
cvc_x_pos (2001,)
[0. 0. 0. ... 0. 0. 0.]
cvc_x_pos (2001,)
[0. 0. 0. ... 0. 0. 0.]
cvc_x_pos (2001,)
[0. 0. 0. ... 0. 0. 0.]
cvc_x_pos (2001,)
[0. 0. 0. ... 0. 0. 0.]
cvc_x_pos (2001,)
[0. 0. 0. ... 0. 0. 0.]
cvc_x_pos (2001,)
[0. 0. 0. ... 0. 0. 0.]
cvc_x_pos (2001,)
[0. 0. 0. ... 0. 0. 0.]
cvc_x_pos (2001,)
[0. 0. 0. ... 0. 0. 0.]
cvc_x_pos (2001,)
[0. 0. 0. ... 0. 0. 0.]
cvc_x_pos (2001,)
[0. 0. 0. ... 0. 0. 0.]
cvc_x_pos (2001,)
[0. 0. 0. ... 0. 0. 0.]
cvc_x_pos (2001,)
[0. 0. 0. ... 0. 0. 0.]
cvc_x_pos (2001,)
[0. 0. 0. ... 0. 0. 0.]
cvc_x_pos (2001,)
[0. 0. 0. ... 0. 0. 0.]
cvc_x_pos (2001,)
[0. 0. 0. ... 0. 0. 0.]
cvc_x_pos (2001,)
[0. 0. 0. ... 0. 0. 0.]
cvc_x_pos (2001,)
[0. 0. 0. ... 0. 0. 0.]
cvc_x_pos (2001,)
[0. 0. 0. ... 0. 0. 0.]
cvc_x_pos (2001,)
[0. 0. 0. ... 0. 0. 0.]
cvc_x_pos (2001,)
[0. 0. 0. ... 0. 0. 0.]
cvc_x_pos (2001,)
[0. 0. 0. ... 0. 0. 0.]
cvc_x_pos (2001,)
[0. 0. 0. ... 0. 0. 0.]
cvc_x_pos (2001,)
[0. 0. 0. ... 0. 0. 0.]
cvc_x_pos (2001,)
[0. 0. 0. ... 0. 0. 0.]
cvc_x_pos (2001,)
[0. 0. 0. ... 0. 0. 0.]
cvc_x_pos (2001,)
[0. 0. 0. ... 0. 0. 0.]
cvc_x_pos (2001,)
[0. 0. 0. ... 0. 0. 0.]
cvc_x_pos (2001,)
[0. 0. 0. ... 0. 0. 0.]
cvc_x_pos (2001,)
[0. 0. 0. ... 0. 0. 0.]
cvc_x_pos (2001,)
[0. 0. 0. ... 0. 0. 0.]
cvc_x_pos (2001,)
[0. 0. 0. ... 0. 0. 0.]
cvc_x_pos (2001,)
[0. 0. 0. ... 0. 0. 0.]
cvc_x_pos (2001,)
[0. 0. 0. ... 0. 0. 0.]
cvc_x_pos (2001,)
[0. 0. 0. ... 0. 0. 0.]
cvc_x_pos (2001,)
[0. 0. 0. ... 0. 0. 0.]
cvc_x_pos (2001,)
[0. 0. 0. ... 0. 0. 0.]
cvc_x_pos (2001,)
[0. 0. 0. ... 0. 0. 0.]
cvc_x_pos (2001,)
[0. 0. 0. ... 0. 0. 0.]
cvc_x_pos (2001,)
[0. 0. 0. ... 0. 0. 0.]
cvc_x_pos (2001,)
[0. 0. 0. ... 0. 0. 0.]
cvc_x_pos (2001,)
[0. 0. 0. ... 0. 0. 0.]
cvc_x_pos (2001,)
[0.00353206 0.00706505 0.00353298 ... 0.         0.         0.        ]
cvc_x_pos (2001,)
[0. 0. 0. ... 0. 0. 0.]
cvc_x_pos (2001,)
[0.0042943  0.00858977 0.00429546 ... 0.         0.         0.        ]
cvc_x_pos (2001,)
[0.00389232 0.00778564 0.00389331 ... 0.         0.         0.        ]
cvc_x_pos (2001,)
[0.00430294 0.00860525 0.0043023  ... 0.         0.         0.        ]
cvc_x_pos (2001,)
[0. 0. 0. ... 0. 0. 0.]
cvc_x_pos (2001,)
[0.00474922 0.00949744 0.0047482  ... 0.         0.         0.        ]
cvc_x_pos (2001,)
[0. 0. 0. ... 0. 0. 0.]
cvc_x_pos (2001,)
[0. 0. 0. ... 0. 0. 0.]
cvc_x_pos (2001,)
[0. 0. 0. ... 0. 0. 0.]
cvc_x_pos (2001,)
[0. 0. 0. ... 0. 0. 0.]
cvc_x_pos (2001,)
[0. 0. 0. ... 0. 0. 0.]
cvc_x_pos (2001,)
[0. 0. 0. ... 0. 0. 0.]
cvc_x_pos (2001,)
[0. 0. 0. ... 0. 0. 0.]
cvc_x_pos (2001,)
[0. 0. 0. ... 0. 0. 0.]
cvc_x_pos (2001,)
[0. 0. 0. ... 0. 0. 0.]
cvc_x_pos (2001,)
[0. 0. 0. ... 0. 0. 0.]
cvc_x_pos (2001,)
[0. 0. 0. ... 0. 0. 0.]
cvc_x_pos (2001,)
[0. 0. 0. ... 0. 0. 0.]
cvc_x_pos (2001,)
[0. 0. 0. ... 0. 0. 0.]
cvc_x_pos (2001,)
[0. 0. 0. ... 0. 0. 0.]
cvc_x_pos (2001,)
[0. 0. 0. ... 0. 0. 0.]
cvc_x_pos (2001,)
[0. 0. 0. ... 0. 0. 0.]
cvc_x_pos (2001,)
[0. 0. 0. ... 0. 0. 0.]
cvc_x_pos (2001,)
[0. 0. 0. ... 0. 0. 0.]
cvc_x_pos (2001,)
[0. 0. 0. ... 0. 0. 0.]
cvc_x_pos (2001,)
[0. 0. 0. ... 0. 0. 0.]
cvc_x_pos (2001,)
[0. 0. 0. ... 0. 0. 0.]
cvc_x_pos (2001,)
[0. 0. 0. ... 0. 0. 0.]
cvc_x_pos (2001,)
[0. 0. 0. ... 0. 0. 0.]
cvc_x_pos (2001,)
[0. 0. 0. ... 0. 0. 0.]
cvc_x_pos (2001,)
[0. 0. 0. ... 0. 0. 0.]
cvc_x_pos (2001,)
[0. 0. 0. ... 0. 0. 0.]
cvc_x_pos (2001,)
[0. 0. 0. ... 0. 0. 0.]
cvc_x_pos (2001,)
[0. 0. 0. ... 0. 0. 0.]
cvc_x_pos (2001,)
[0. 0. 0. ... 0. 0. 0.]
cvc_x_pos (2001,)
[0. 0. 0. ... 0. 0. 0.]
cvc_x_pos (2001,)
[0. 0. 0. ... 0. 0. 0.]
cvc_x_pos (2001,)
[0. 0. 0. ... 0. 0. 0.]
cvc_x_pos (2001,)
[0. 0. 0. ... 0. 0. 0.]
cvc_x_pos (2001,)
[0. 0. 0. ... 0. 0. 0.]
cvc_x_pos (2001,)
[0. 0. 0. ... 0. 0. 0.]
cvc_x_pos (2001,)
[0. 0. 0. ... 0. 0. 0.]
cvc_x_pos (2001,)
[0. 0. 0. ... 0. 0. 0.]
cvc_x_pos (2001,)
[0. 0. 0. ... 0. 0. 0.]
cvc_x_pos (2001,)
[0. 0. 0. ... 0. 0. 0.]
cvc_x_pos (2001,)
[0. 0. 0. ... 0. 0. 0.]
cvc_x_pos (2001,)
[0. 0. 0. ... 0. 0. 0.]
cvc_x_pos (2001,)
[0. 0. 0. ... 0. 0. 0.]
cvc_x_pos (2001,)
[0. 0. 0. ... 0. 0. 0.]
cvc_x_pos (2001,)
[0. 0. 0. ... 0. 0. 0.]
cvc_x_pos (2001,)
[0. 0. 0. ... 0. 0. 0.]
cvc_x_pos (2001,)
[0. 0. 0. ... 0. 0. 0.]
cvc_x_pos (2001,)
[0. 0. 0. ... 0. 0. 0.]
cvc_x_pos (2001,)
[0. 0. 0. ... 0. 0. 0.]
cvc_x_pos (2001,)
[0. 0. 0. ... 0. 0. 0.]
cvc_x_pos (2001,)
[0. 0. 0. ... 0. 0. 0.]
cvc_x_pos (2001,)
[0. 0. 0. ... 0. 0. 0.]
cvc_x_pos (2001,)
[0. 0. 0. ... 0. 0. 0.]
cvc_x_pos (2001,)
[0. 0. 0. ... 0. 0. 0.]
cvc_x_pos (2001,)
[0. 0. 0. ... 0. 0. 0.]
cvc_x_pos (2001,)
[0. 0. 0. ... 0. 0. 0.]
cvc_x_pos (2001,)
[0. 0. 0. ... 0. 0. 0.]
cvc_x_pos (2001,)
[0. 0. 0. ... 0. 0. 0.]
cvc_x_pos (2001,)
[0. 0. 0. ... 0. 0. 0.]
cvc_x_pos (2001,)
[0.002879   0.00575838 0.00287938 ... 0.         0.         0.        ]
cvc_x_pos (2001,)
[0. 0. 0. ... 0. 0. 0.]
cvc_x_pos (2001,)
[0.00447768 0.00895488 0.00447718 ... 0.         0.         0.        ]
cvc_x_pos (2001,)
[0. 0. 0. ... 0. 0. 0.]
cvc_x_pos (2001,)
[0.00374319 0.00748663 0.00374342 ... 0.         0.         0.        ]
cvc_x_pos (2001,)
[0. 0. 0. ... 0. 0. 0.]
cvc_x_pos (2001,)
[0.00447054 0.00894    0.00446944 ... 0.         0.         0.        ]
cvc_x_pos (2001,)
[0.00500853 0.01001958 0.00501103 ... 0.         0.         0.        ]
cvc_x_pos (2001,)
[0. 0. 0. ... 0. 0. 0.]
cvc_x_pos (2001,)
[0. 0. 0. ... 0. 0. 0.]
cvc_x_pos (2001,)
[0. 0. 0. ... 0. 0. 0.]
cvc_x_pos (2001,)
[0. 0. 0. ... 0. 0. 0.]
cvc_x_pos (2001,)
[0. 0. 0. ... 0. 0. 0.]
cvc_x_pos (2001,)
[0. 0. 0. ... 0. 0. 0.]
cvc_x_pos (2001,)
[0. 0. 0. ... 0. 0. 0.]
cvc_x_pos (2001,)
[0. 0. 0. ... 0. 0. 0.]
cvc_x_pos (2001,)
[0. 0. 0. ... 0. 0. 0.]
cvc_x_pos (2001,)
[0. 0. 0. ... 0. 0. 0.]
cvc_x_pos (2001,)
[0. 0. 0. ... 0. 0. 0.]
cvc_x_pos (2001,)
[0. 0. 0. ... 0. 0. 0.]
cvc_x_pos (2001,)
[0. 0. 0. ... 0. 0. 0.]
cvc_x_pos (2001,)
[0. 0. 0. ... 0. 0. 0.]
cvc_x_pos (2001,)
[0. 0. 0. ... 0. 0. 0.]
cvc_x_pos (2001,)
[0. 0. 0. ... 0. 0. 0.]
cvc_x_pos (2001,)
[0. 0. 0. ... 0. 0. 0.]
cvc_x_pos (2001,)
[0. 0. 0. ... 0. 0. 0.]
cvc_x_pos (2001,)
[0. 0. 0. ... 0. 0. 0.]
cvc_x_pos (2001,)
[0. 0. 0. ... 0. 0. 0.]
cvc_x_pos (2001,)
[0. 0. 0. ... 0. 0. 0.]
cvc_x_pos (2001,)
[0. 0. 0. ... 0. 0. 0.]
cvc_x_pos (2001,)
[0. 0. 0. ... 0. 0. 0.]
cvc_x_pos (2001,)
[0. 0. 0. ... 0. 0. 0.]
cvc_x_pos (2001,)
[0. 0. 0. ... 0. 0. 0.]
cvc_x_pos (2001,)
[0. 0. 0. ... 0. 0. 0.]
cvc_x_pos (2001,)
[0. 0. 0. ... 0. 0. 0.]
cvc_x_pos (2001,)
[0. 0. 0. ... 0. 0. 0.]
cvc_x_pos (2001,)
[0. 0. 0. ... 0. 0. 0.]
cvc_x_pos (2001,)
[0. 0. 0. ... 0. 0. 0.]
cvc_x_pos (2001,)
[0. 0. 0. ... 0. 0. 0.]
cvc_x_pos (2001,)
[0. 0. 0. ... 0. 0. 0.]
cvc_x_pos (2001,)
[0. 0. 0. ... 0. 0. 0.]
cvc_x_pos (2001,)
[0. 0. 0. ... 0. 0. 0.]
cvc_x_pos (2001,)
[0. 0. 0. ... 0. 0. 0.]
cvc_x_pos (2001,)
[0. 0. 0. ... 0. 0. 0.]
cvc_x_pos (2001,)
[0. 0. 0. ... 0. 0. 0.]
cvc_x_pos (2001,)
[0. 0. 0. ... 0. 0. 0.]
cvc_x_pos (2001,)
[0. 0. 0. ... 0. 0. 0.]
cvc_x_pos (2001,)
[0. 0. 0. ... 0. 0. 0.]
cvc_x_pos (2001,)
[0. 0. 0. ... 0. 0. 0.]
cvc_x_pos (2001,)
[0. 0. 0. ... 0. 0. 0.]
cvc_x_pos (2001,)
[0. 0. 0. ... 0. 0. 0.]
cvc_x_pos (2001,)
[0. 0. 0. ... 0. 0. 0.]
cvc_x_pos (2001,)
[0. 0. 0. ... 0. 0. 0.]
cvc_x_pos (2001,)
[0. 0. 0. ... 0. 0. 0.]
cvc_x_pos (2001,)
[0. 0. 0. ... 0. 0. 0.]
cvc_x_pos (2001,)
[0. 0. 0. ... 0. 0. 0.]
cvc_x_pos (2001,)
[0. 0. 0. ... 0. 0. 0.]
cvc_x_pos (2001,)
[0. 0. 0. ... 0. 0. 0.]
cvc_x_pos (2001,)
[0. 0. 0. ... 0. 0. 0.]
cvc_x_pos (2001,)
[0.00369382 0.00738884 0.00369502 ... 0.         0.         0.        ]
cvc_x_pos (2001,)
[0. 0. 0. ... 0. 0. 0.]
cvc_x_pos (2001,)
[0. 0. 0. ... 0. 0. 0.]
cvc_x_pos (2001,)
[0.00324711 0.00649429 0.00324718 ... 0.         0.         0.        ]
cvc_x_pos (2001,)
[0. 0. 0. ... 0. 0. 0.]
cvc_x_pos (2001,)
[0.00422635 0.0084518  0.00422543 ... 0.         0.         0.        ]
cvc_x_pos (2001,)
[0. 0. 0. ... 0. 0. 0.]
cvc_x_pos (2001,)
[0. 0. 0. ... 0. 0. 0.]
cvc_x_pos (2001,)
[0. 0. 0. ... 0. 0. 0.]
cvc_x_pos (2001,)
[0. 0. 0. ... 0. 0. 0.]
cvc_x_pos (2001,)
[0. 0. 0. ... 0. 0. 0.]
cvc_x_pos (2001,)
[0. 0. 0. ... 0. 0. 0.]
cvc_x_pos (2001,)
[0. 0. 0. ... 0. 0. 0.]
cvc_x_pos (2001,)
[0. 0. 0. ... 0. 0. 0.]
cvc_x_pos (2001,)
[0. 0. 0. ... 0. 0. 0.]
cvc_x_pos (2001,)
[0. 0. 0. ... 0. 0. 0.]
cvc_x_pos (2001,)
[0. 0. 0. ... 0. 0. 0.]
cvc_x_pos (2001,)
[0. 0. 0. ... 0. 0. 0.]
cvc_x_pos (2001,)
[0. 0. 0. ... 0. 0. 0.]
cvc_x_pos (2001,)
[0. 0. 0. ... 0. 0. 0.]
cvc_x_pos (2001,)
[0. 0. 0. ... 0. 0. 0.]
cvc_x_pos (2001,)
[0. 0. 0. ... 0. 0. 0.]
cvc_x_pos (2001,)
[0. 0. 0. ... 0. 0. 0.]
cvc_x_pos (2001,)
[0. 0. 0. ... 0. 0. 0.]
cvc_x_pos (2001,)
[0. 0. 0. ... 0. 0. 0.]
cvc_x_pos (2001,)
[0. 0. 0. ... 0. 0. 0.]
cvc_x_pos (2001,)
[0. 0. 0. ... 0. 0. 0.]
cvc_x_pos (2001,)
[0. 0. 0. ... 0. 0. 0.]
cvc_x_pos (2001,)
[0. 0. 0. ... 0. 0. 0.]
cvc_x_pos (2001,)
[0. 0. 0. ... 0. 0. 0.]
cvc_x_pos (2001,)
[0. 0. 0. ... 0. 0. 0.]
cvc_x_pos (2001,)
[0. 0. 0. ... 0. 0. 0.]
cvc_x_pos (2001,)
[0. 0. 0. ... 0. 0. 0.]
cvc_x_pos (2001,)
[0. 0. 0. ... 0. 0. 0.]
cvc_x_pos (2001,)
[0. 0. 0. ... 0. 0. 0.]
cvc_x_pos (2001,)
[0. 0. 0. ... 0. 0. 0.]
cvc_x_pos (2001,)
[0. 0. 0. ... 0. 0. 0.]
cvc_x_pos (2001,)
[0. 0. 0. ... 0. 0. 0.]
cvc_x_pos (2001,)
[0. 0. 0. ... 0. 0. 0.]
cvc_x_pos (2001,)
[0. 0. 0. ... 0. 0. 0.]
cvc_x_pos (2001,)
[0. 0. 0. ... 0. 0. 0.]
cvc_x_pos (2001,)
[0. 0. 0. ... 0. 0. 0.]
cvc_x_pos (2001,)
[0. 0. 0. ... 0. 0. 0.]
cvc_x_pos (2001,)
[0. 0. 0. ... 0. 0. 0.]
cvc_x_pos (2001,)
[0. 0. 0. ... 0. 0. 0.]
cvc_x_pos (2001,)
[0. 0. 0. ... 0. 0. 0.]
cvc_x_pos (2001,)
[0. 0. 0. ... 0. 0. 0.]
cvc_x_pos (2001,)
[0. 0. 0. ... 0. 0. 0.]
cvc_x_pos (2001,)
[0. 0. 0. ... 0. 0. 0.]
cvc_x_pos (2001,)
[0. 0. 0. ... 0. 0. 0.]
cvc_x_pos (2001,)
[0. 0. 0. ... 0. 0. 0.]
cvc_x_pos (2001,)
[0. 0. 0. ... 0. 0. 0.]
cvc_x_pos (2001,)
[0. 0. 0. ... 0. 0. 0.]
cvc_x_pos (2001,)
[0.00449247 0.00898302 0.00449054 ... 0.         0.         0.        ]
cvc_x_pos (2001,)
[0. 0. 0. ... 0. 0. 0.]
cvc_x_pos (2001,)
[0.00405961 0.00811869 0.00405907 ... 0.         0.         0.        ]
cvc_x_pos (2001,)
[0. 0. 0. ... 0. 0. 0.]
cvc_x_pos (2001,)
[0. 0. 0. ... 0. 0. 0.]
cvc_x_pos (2001,)
[0. 0. 0. ... 0. 0. 0.]
cvc_x_pos (2001,)
[0. 0. 0. ... 0. 0. 0.]
cvc_x_pos (2001,)
[0. 0. 0. ... 0. 0. 0.]
cvc_x_pos (2001,)
[0. 0. 0. ... 0. 0. 0.]
cvc_x_pos (2001,)
[0. 0. 0. ... 0. 0. 0.]
cvc_x_pos (2001,)
[0. 0. 0. ... 0. 0. 0.]
cvc_x_pos (2001,)
[0. 0. 0. ... 0. 0. 0.]
cvc_x_pos (2001,)
[0. 0. 0. ... 0. 0. 0.]
cvc_x_pos (2001,)
[0. 0. 0. ... 0. 0. 0.]
cvc_x_pos (2001,)
[0. 0. 0. ... 0. 0. 0.]
cvc_x_pos (2001,)
[0. 0. 0. ... 0. 0. 0.]
cvc_x_pos (2001,)
[0. 0. 0. ... 0. 0. 0.]
cvc_x_pos (2001,)
[0. 0. 0. ... 0. 0. 0.]
cvc_x_pos (2001,)
[0. 0. 0. ... 0. 0. 0.]
cvc_x_pos (2001,)
[0. 0. 0. ... 0. 0. 0.]
cvc_x_pos (2001,)
[0. 0. 0. ... 0. 0. 0.]
cvc_x_pos (2001,)
[0. 0. 0. ... 0. 0. 0.]
cvc_x_pos (2001,)
[0. 0. 0. ... 0. 0. 0.]
cvc_x_pos (2001,)
[0. 0. 0. ... 0. 0. 0.]
cvc_x_pos (2001,)
[0. 0. 0. ... 0. 0. 0.]
cvc_x_pos (2001,)
[0. 0. 0. ... 0. 0. 0.]
cvc_x_pos (2001,)
[0. 0. 0. ... 0. 0. 0.]
cvc_x_pos (2001,)
[0. 0. 0. ... 0. 0. 0.]
cvc_x_pos (2001,)
[0. 0. 0. ... 0. 0. 0.]
cvc_x_pos (2001,)
[0. 0. 0. ... 0. 0. 0.]
cvc_x_pos (2001,)
[0. 0. 0. ... 0. 0. 0.]
cvc_x_pos (2001,)
[0. 0. 0. ... 0. 0. 0.]
cvc_x_pos (2001,)
[0. 0. 0. ... 0. 0. 0.]
cvc_x_pos (2001,)
[0. 0. 0. ... 0. 0. 0.]
cvc_x_pos (2001,)
[0. 0. 0. ... 0. 0. 0.]
cvc_x_pos (2001,)
[0. 0. 0. ... 0. 0. 0.]
cvc_x_pos (2001,)
[0. 0. 0. ... 0. 0. 0.]
cvc_x_pos (2001,)
[0. 0. 0. ... 0. 0. 0.]
cvc_x_pos (2001,)
[0. 0. 0. ... 0. 0. 0.]
cvc_x_pos (2001,)
[0. 0. 0. ... 0. 0. 0.]
cvc_x_pos (2001,)
[0. 0. 0. ... 0. 0. 0.]
cvc_x_pos (2001,)
[0. 0. 0. ... 0. 0. 0.]
cvc_x_pos (2001,)
[0. 0. 0. ... 0. 0. 0.]
cvc_x_pos (2001,)
[0. 0. 0. ... 0. 0. 0.]
cvc_x_pos (2001,)
[0. 0. 0. ... 0. 0. 0.]
cvc_x_pos (2001,)
[0. 0. 0. ... 0. 0. 0.]
cvc_x_pos (2001,)
[0. 0. 0. ... 0. 0. 0.]
cvc_x_pos (2001,)
[0.00376577 0.00753226 0.00376648 ... 0.         0.         0.        ]
cvc_x_pos (2001,)
[0.00345787 0.00691537 0.00345749 ... 0.         0.         0.        ]
cvc_x_pos (2001,)
[0. 0. 0. ... 0. 0. 0.]
cvc_x_pos (2001,)
[0.00317528 0.0063506  0.00317531 ... 0.         0.         0.        ]
cvc_x_pos (2001,)
[0. 0. 0. ... 0. 0. 0.]
cvc_x_pos (2001,)
[0.00542317 0.01084662 0.00542342 ... 0.         0.         0.        ]
cvc_x_pos (2001,)
[0. 0. 0. ... 0. 0. 0.]
cvc_x_pos (2001,)
[0. 0. 0. ... 0. 0. 0.]
cvc_x_pos (2001,)
[0. 0. 0. ... 0. 0. 0.]
cvc_x_pos (2001,)
[0. 0. 0. ... 0. 0. 0.]
cvc_x_pos (2001,)
[0. 0. 0. ... 0. 0. 0.]
cvc_x_pos (2001,)
[0. 0. 0. ... 0. 0. 0.]
cvc_x_pos (2001,)
[0. 0. 0. ... 0. 0. 0.]
cvc_x_pos (2001,)
[0. 0. 0. ... 0. 0. 0.]
cvc_x_pos (2001,)
[0. 0. 0. ... 0. 0. 0.]
cvc_x_pos (2001,)
[0. 0. 0. ... 0. 0. 0.]
cvc_x_pos (2001,)
[0. 0. 0. ... 0. 0. 0.]
cvc_x_pos (2001,)
[0. 0. 0. ... 0. 0. 0.]
cvc_x_pos (2001,)
[0. 0. 0. ... 0. 0. 0.]
cvc_x_pos (2001,)
[0. 0. 0. ... 0. 0. 0.]
cvc_x_pos (2001,)
[0. 0. 0. ... 0. 0. 0.]
cvc_x_pos (2001,)
[0. 0. 0. ... 0. 0. 0.]
cvc_x_pos (2001,)
[0. 0. 0. ... 0. 0. 0.]
cvc_x_pos (2001,)
[0. 0. 0. ... 0. 0. 0.]
cvc_x_pos (2001,)
[0. 0. 0. ... 0. 0. 0.]
cvc_x_pos (2001,)
[0. 0. 0. ... 0. 0. 0.]
cvc_x_pos (2001,)
[0. 0. 0. ... 0. 0. 0.]
cvc_x_pos (2001,)
[0. 0. 0. ... 0. 0. 0.]
cvc_x_pos (2001,)
[0. 0. 0. ... 0. 0. 0.]
cvc_x_pos (2001,)
[0. 0. 0. ... 0. 0. 0.]
cvc_x_pos (2001,)
[0. 0. 0. ... 0. 0. 0.]
cvc_x_pos (2001,)
[0. 0. 0. ... 0. 0. 0.]
cvc_x_pos (2001,)
[0. 0. 0. ... 0. 0. 0.]
cvc_x_pos (2001,)
[0. 0. 0. ... 0. 0. 0.]
cvc_x_pos (2001,)
[0. 0. 0. ... 0. 0. 0.]
cvc_x_pos (2001,)
[0. 0. 0. ... 0. 0. 0.]
cvc_x_pos (2001,)
[0. 0. 0. ... 0. 0. 0.]
cvc_x_pos (2001,)
[0. 0. 0. ... 0. 0. 0.]
cvc_x_pos (2001,)
[0. 0. 0. ... 0. 0. 0.]
cvc_x_pos (2001,)
[0. 0. 0. ... 0. 0. 0.]
cvc_x_pos (2001,)
[0. 0. 0. ... 0. 0. 0.]
cvc_x_pos (2001,)
[0. 0. 0. ... 0. 0. 0.]
cvc_x_pos (2001,)
[0. 0. 0. ... 0. 0. 0.]
cvc_x_pos (2001,)
[0. 0. 0. ... 0. 0. 0.]
cvc_x_pos (2001,)
[0. 0. 0. ... 0. 0. 0.]
cvc_x_pos (2001,)
[0. 0. 0. ... 0. 0. 0.]
cvc_x_pos (2001,)
[0. 0. 0. ... 0. 0. 0.]
cvc_x_pos (2001,)
[0. 0. 0. ... 0. 0. 0.]
cvc_x_pos (2001,)
[0. 0. 0. ... 0. 0. 0.]
cvc_x_pos (2001,)
[0. 0. 0. ... 0. 0. 0.]
cvc_x_pos (2001,)
[0. 0. 0. ... 0. 0. 0.]
cvc_x_pos (2001,)
[0. 0. 0. ... 0. 0. 0.]
cvc_x_pos (2001,)
[0. 0. 0. ... 0. 0. 0.]
cvc_x_pos (2001,)
[0. 0. 0. ... 0. 0. 0.]
cvc_x_pos (2001,)
[0. 0. 0. ... 0. 0. 0.]
cvc_x_pos (2001,)
[0. 0. 0. ... 0. 0. 0.]
cvc_x_pos (2001,)
[0.00372194 0.00744269 0.00372074 ... 0.         0.         0.        ]
cvc_x_pos (2001,)
[0. 0. 0. ... 0. 0. 0.]
cvc_x_pos (2001,)
[0. 0. 0. ... 0. 0. 0.]
cvc_x_pos (2001,)
[0.00434158 0.00868156 0.00433997 ... 0.         0.         0.        ]
cvc_x_pos (2001,)
[0. 0. 0. ... 0. 0. 0.]
cvc_x_pos (2001,)
[0.00458075 0.00916113 0.00458036 ... 0.         0.         0.        ]
cvc_x_pos (2001,)
[0. 0. 0. ... 0. 0. 0.]
cvc_x_pos (2001,)
[0.00427138 0.00854409 0.0042727  ... 0.         0.         0.        ]
cvc_x_pos (2001,)
[0.00438648 0.00877096 0.00438447 ... 0.         0.         0.        ]
cvc_x_pos (2001,)
[0. 0. 0. ... 0. 0. 0.]
cvc_x_pos (2001,)
[0. 0. 0. ... 0. 0. 0.]
cvc_x_pos (2001,)
[0. 0. 0. ... 0. 0. 0.]
cvc_x_pos (2001,)
[0. 0. 0. ... 0. 0. 0.]
cvc_x_pos (2001,)
[0. 0. 0. ... 0. 0. 0.]
cvc_x_pos (2001,)
[0. 0. 0. ... 0. 0. 0.]
cvc_x_pos (2001,)
[0. 0. 0. ... 0. 0. 0.]
cvc_x_pos (2001,)
[0. 0. 0. ... 0. 0. 0.]
cvc_x_pos (2001,)
[0. 0. 0. ... 0. 0. 0.]
cvc_x_pos (2001,)
[0. 0. 0. ... 0. 0. 0.]
cvc_x_pos (2001,)
[0. 0. 0. ... 0. 0. 0.]
cvc_x_pos (2001,)
[0. 0. 0. ... 0. 0. 0.]
cvc_x_pos (2001,)
[0. 0. 0. ... 0. 0. 0.]
cvc_x_pos (2001,)
[0. 0. 0. ... 0. 0. 0.]
cvc_x_pos (2001,)
[0. 0. 0. ... 0. 0. 0.]
cvc_x_pos (2001,)
[0. 0. 0. ... 0. 0. 0.]
cvc_x_pos (2001,)
[0. 0. 0. ... 0. 0. 0.]
cvc_x_pos (2001,)
[0. 0. 0. ... 0. 0. 0.]
cvc_x_pos (2001,)
[0. 0. 0. ... 0. 0. 0.]
cvc_x_pos (2001,)
[0. 0. 0. ... 0. 0. 0.]
cvc_x_pos (2001,)
[0. 0. 0. ... 0. 0. 0.]
cvc_x_pos (2001,)
[0. 0. 0. ... 0. 0. 0.]
cvc_x_pos (2001,)
[0. 0. 0. ... 0. 0. 0.]
cvc_x_pos (2001,)
[0. 0. 0. ... 0. 0. 0.]
cvc_x_pos (2001,)
[0. 0. 0. ... 0. 0. 0.]
cvc_x_pos (2001,)
[0. 0. 0. ... 0. 0. 0.]
cvc_x_pos (2001,)
[0. 0. 0. ... 0. 0. 0.]
cvc_x_pos (2001,)
[0. 0. 0. ... 0. 0. 0.]
cvc_x_pos (2001,)
[0. 0. 0. ... 0. 0. 0.]
cvc_x_pos (2001,)
[0. 0. 0. ... 0. 0. 0.]
cvc_x_pos (2001,)
[0. 0. 0. ... 0. 0. 0.]
cvc_x_pos (2001,)
[0. 0. 0. ... 0. 0. 0.]
cvc_x_pos (2001,)
[0. 0. 0. ... 0. 0. 0.]
cvc_x_pos (2001,)
[0. 0. 0. ... 0. 0. 0.]
cvc_x_pos (2001,)
[0. 0. 0. ... 0. 0. 0.]
cvc_x_pos (2001,)
[0. 0. 0. ... 0. 0. 0.]
cvc_x_pos (2001,)
[0. 0. 0. ... 0. 0. 0.]
cvc_x_pos (2001,)
[0. 0. 0. ... 0. 0. 0.]
cvc_x_pos (2001,)
[0. 0. 0. ... 0. 0. 0.]
cvc_x_pos (2001,)
[0. 0. 0. ... 0. 0. 0.]
cvc_x_pos (2001,)
[0. 0. 0. ... 0. 0. 0.]
cvc_x_pos (2001,)
[0. 0. 0. ... 0. 0. 0.]
cvc_x_pos (2001,)
[0.00499139 0.00998247 0.00499105 ... 0.         0.         0.        ]
cvc_x_pos (2001,)
[0. 0. 0. ... 0. 0. 0.]
cvc_x_pos (2001,)
[0. 0. 0. ... 0. 0. 0.]
cvc_x_pos (2001,)
[0. 0. 0. ... 0. 0. 0.]
cvc_x_pos (2001,)
[0. 0. 0. ... 0. 0. 0.]
cvc_x_pos (2001,)
[0. 0. 0. ... 0. 0. 0.]
cvc_x_pos (2001,)
[0. 0. 0. ... 0. 0. 0.]
cvc_x_pos (2001,)
[0. 0. 0. ... 0. 0. 0.]
cvc_x_pos (2001,)
[0. 0. 0. ... 0. 0. 0.]
cvc_x_pos (2001,)
[0. 0. 0. ... 0. 0. 0.]
cvc_x_pos (2001,)
[0. 0. 0. ... 0. 0. 0.]
cvc_x_pos (2001,)
[0. 0. 0. ... 0. 0. 0.]
cvc_x_pos (2001,)
[0. 0. 0. ... 0. 0. 0.]
cvc_x_pos (2001,)
[0. 0. 0. ... 0. 0. 0.]
cvc_x_pos (2001,)
[0. 0. 0. ... 0. 0. 0.]
cvc_x_pos (2001,)
[0. 0. 0. ... 0. 0. 0.]
cvc_x_pos (2001,)
[0. 0. 0. ... 0. 0. 0.]
cvc_x_pos (2001,)
[0. 0. 0. ... 0. 0. 0.]
cvc_x_pos (2001,)
[0. 0. 0. ... 0. 0. 0.]
cvc_x_pos (2001,)
[0.00368809 0.00737591 0.00368781 ... 0.         0.         0.        ]
cvc_x_pos (2001,)
[0. 0. 0. ... 0. 0. 0.]
cvc_x_pos (2001,)
[0. 0. 0. ... 0. 0. 0.]
cvc_x_pos (2001,)
[0. 0. 0. ... 0. 0. 0.]
cvc_x_pos (2001,)
[0. 0. 0. ... 0. 0. 0.]
cvc_x_pos (2001,)
[0. 0. 0. ... 0. 0. 0.]
cvc_x_pos (2001,)
[0. 0. 0. ... 0. 0. 0.]
cvc_x_pos (2001,)
[0. 0. 0. ... 0. 0. 0.]
cvc_x_pos (2001,)
[0. 0. 0. ... 0. 0. 0.]
cvc_x_pos (2001,)
[0. 0. 0. ... 0. 0. 0.]
cvc_x_pos (2001,)
[0. 0. 0. ... 0. 0. 0.]
cvc_x_pos (2001,)
[0. 0. 0. ... 0. 0. 0.]
cvc_x_pos (2001,)
[0. 0. 0. ... 0. 0. 0.]
cvc_x_pos (2001,)
[0. 0. 0. ... 0. 0. 0.]
cvc_x_pos (2001,)
[0. 0. 0. ... 0. 0. 0.]
cvc_x_pos (2001,)
[0. 0. 0. ... 0. 0. 0.]
cvc_x_pos (2001,)
[0. 0. 0. ... 0. 0. 0.]
cvc_x_pos (2001,)
[0. 0. 0. ... 0. 0. 0.]
cvc_x_pos (2001,)
[0. 0. 0. ... 0. 0. 0.]
cvc_x_pos (2001,)
[0. 0. 0. ... 0. 0. 0.]
cvc_x_pos (2001,)
[0. 0. 0. ... 0. 0. 0.]
cvc_x_pos (2001,)
[0. 0. 0. ... 0. 0. 0.]
cvc_x_pos (2001,)
[0. 0. 0. ... 0. 0. 0.]
cvc_x_pos (2001,)
[0. 0. 0. ... 0. 0. 0.]
cvc_x_pos (2001,)
[0. 0. 0. ... 0. 0. 0.]
cvc_x_pos (2001,)
[0. 0. 0. ... 0. 0. 0.]
cvc_x_pos (2001,)
[0. 0. 0. ... 0. 0. 0.]
cvc_x_pos (2001,)
[0. 0. 0. ... 0. 0. 0.]
cvc_x_pos (2001,)
[0. 0. 0. ... 0. 0. 0.]
cvc_x_pos (2001,)
[0. 0. 0. ... 0. 0. 0.]
cvc_x_pos (2001,)
[0. 0. 0. ... 0. 0. 0.]
cvc_x_pos (2001,)
[0. 0. 0. ... 0. 0. 0.]
cvc_x_pos (2001,)
[0. 0. 0. ... 0. 0. 0.]
cvc_x_pos (2001,)
[0. 0. 0. ... 0. 0. 0.]
cvc_x_pos (2001,)
[0. 0. 0. ... 0. 0. 0.]
cvc_x_pos (2001,)
[0. 0. 0. ... 0. 0. 0.]
cvc_x_pos (2001,)
[0. 0. 0. ... 0. 0. 0.]
cvc_x_pos (2001,)
[0. 0. 0. ... 0. 0. 0.]
cvc_x_pos (2001,)
[0. 0. 0. ... 0. 0. 0.]
cvc_x_pos (2001,)
[0. 0. 0. ... 0. 0. 0.]
cvc_x_pos (2001,)
[0. 0. 0. ... 0. 0. 0.]
cvc_x_pos (2001,)
[0. 0. 0. ... 0. 0. 0.]
cvc_x_pos (2001,)
[0. 0. 0. ... 0. 0. 0.]
cvc_x_pos (2001,)
[0.00462773 0.00925706 0.00462931 ... 0.         0.         0.        ]
cvc_x_pos (2001,)
[0.00381287 0.00762528 0.00381241 ... 0.         0.         0.        ]
cvc_x_pos (2001,)
[0. 0. 0. ... 0. 0. 0.]
cvc_x_pos (2001,)
[0. 0. 0. ... 0. 0. 0.]
cvc_x_pos (2001,)
[0. 0. 0. ... 0. 0. 0.]
cvc_x_pos (2001,)
[0. 0. 0. ... 0. 0. 0.]
cvc_x_pos (2001,)
[0. 0. 0. ... 0. 0. 0.]
cvc_x_pos (2001,)
[0. 0. 0. ... 0. 0. 0.]
cvc_x_pos (2001,)
[0. 0. 0. ... 0. 0. 0.]
cvc_x_pos (2001,)
[0. 0. 0. ... 0. 0. 0.]
cvc_x_pos (2001,)
[0. 0. 0. ... 0. 0. 0.]
cvc_x_pos (2001,)
[0. 0. 0. ... 0. 0. 0.]
cvc_x_pos (2001,)
[0. 0. 0. ... 0. 0. 0.]
cvc_x_pos (2001,)
[0. 0. 0. ... 0. 0. 0.]
cvc_x_pos (2001,)
[0. 0. 0. ... 0. 0. 0.]
cvc_x_pos (2001,)
[0. 0. 0. ... 0. 0. 0.]
cvc_x_pos (2001,)
[0. 0. 0. ... 0. 0. 0.]
cvc_x_pos (2001,)
[0. 0. 0. ... 0. 0. 0.]
cvc_x_pos (2001,)
[0. 0. 0. ... 0. 0. 0.]
cvc_x_pos (2001,)
[0. 0. 0. ... 0. 0. 0.]
cvc_x_pos (2001,)
[0. 0. 0. ... 0. 0. 0.]
cvc_x_pos (2001,)
[0. 0. 0. ... 0. 0. 0.]
cvc_x_pos (2001,)
[0. 0. 0. ... 0. 0. 0.]
cvc_x_pos (2001,)
[0. 0. 0. ... 0. 0. 0.]
cvc_x_pos (2001,)
[0. 0. 0. ... 0. 0. 0.]
cvc_x_pos (2001,)
[0. 0. 0. ... 0. 0. 0.]
cvc_x_pos (2001,)
[0. 0. 0. ... 0. 0. 0.]
cvc_x_pos (2001,)
[0.00428151 0.00856134 0.00427982 ... 0.         0.         0.        ]
cvc_x_pos (2001,)
[0. 0. 0. ... 0. 0. 0.]
cvc_x_pos (2001,)
[0.00419293 0.00838661 0.00419366 ... 0.         0.         0.        ]
cvc_x_pos (2001,)
[0. 0. 0. ... 0. 0. 0.]
cvc_x_pos (2001,)
[0.00408687 0.0081728  0.00408591 ... 0.         0.         0.        ]
cvc_x_pos (2001,)
[0. 0. 0. ... 0. 0. 0.]
cvc_x_pos (2001,)
[0.00386478 0.00773042 0.00386563 ... 0.         0.         0.        ]
cvc_x_pos (2001,)
[0. 0. 0. ... 0. 0. 0.]
cvc_x_pos (2001,)
[0.00391909 0.00783835 0.00391925 ... 0.         0.         0.        ]
cvc_x_pos (2001,)
[0. 0. 0. ... 0. 0. 0.]
cvc_x_pos (2001,)
[0. 0. 0. ... 0. 0. 0.]
cvc_x_pos (2001,)
[0. 0. 0. ... 0. 0. 0.]
cvc_x_pos (2001,)
[0. 0. 0. ... 0. 0. 0.]
cvc_x_pos (2001,)
[0. 0. 0. ... 0. 0. 0.]
cvc_x_pos (2001,)
[0. 0. 0. ... 0. 0. 0.]
cvc_x_pos (2001,)
[0. 0. 0. ... 0. 0. 0.]
cvc_x_pos (2001,)
[0. 0. 0. ... 0. 0. 0.]
cvc_x_pos (2001,)
[0. 0. 0. ... 0. 0. 0.]
cvc_x_pos (2001,)
[0. 0. 0. ... 0. 0. 0.]
cvc_x_pos (2001,)
[0. 0. 0. ... 0. 0. 0.]
cvc_x_pos (2001,)
[0. 0. 0. ... 0. 0. 0.]
cvc_x_pos (2001,)
[0. 0. 0. ... 0. 0. 0.]
cvc_x_pos (2001,)
[0. 0. 0. ... 0. 0. 0.]
cvc_x_pos (2001,)
[0. 0. 0. ... 0. 0. 0.]
cvc_x_pos (2001,)
[0. 0. 0. ... 0. 0. 0.]
cvc_x_pos (2001,)
[0. 0. 0. ... 0. 0. 0.]
cvc_x_pos (2001,)
[0. 0. 0. ... 0. 0. 0.]
cvc_x_pos (2001,)
[0. 0. 0. ... 0. 0. 0.]
cvc_x_pos (2001,)
[0. 0. 0. ... 0. 0. 0.]
cvc_x_pos (2001,)
[0. 0. 0. ... 0. 0. 0.]
cvc_x_pos (2001,)
[0. 0. 0. ... 0. 0. 0.]
cvc_x_pos (2001,)
[0. 0. 0. ... 0. 0. 0.]
cvc_x_pos (2001,)
[0. 0. 0. ... 0. 0. 0.]
cvc_x_pos (2001,)
[0. 0. 0. ... 0. 0. 0.]
cvc_x_pos (2001,)
[0. 0. 0. ... 0. 0. 0.]
cvc_x_pos (2001,)
[0. 0. 0. ... 0. 0. 0.]
cvc_x_pos (2001,)
[0. 0. 0. ... 0. 0. 0.]
cvc_x_pos (2001,)
[0. 0. 0. ... 0. 0. 0.]
cvc_x_pos (2001,)
[0. 0. 0. ... 0. 0. 0.]
cvc_x_pos (2001,)
[0. 0. 0. ... 0. 0. 0.]
cvc_x_pos (2001,)
[0. 0. 0. ... 0. 0. 0.]
cvc_x_pos (2001,)
[0. 0. 0. ... 0. 0. 0.]
cvc_x_pos (2001,)
[0. 0. 0. ... 0. 0. 0.]
cvc_x_pos (2001,)
[0. 0. 0. ... 0. 0. 0.]
cvc_x_pos (2001,)
[0. 0. 0. ... 0. 0. 0.]
cvc_x_pos (2001,)
[0. 0. 0. ... 0. 0. 0.]
cvc_x_pos (2001,)
[0. 0. 0. ... 0. 0. 0.]
cvc_x_pos (2001,)
[0. 0. 0. ... 0. 0. 0.]
cvc_x_pos (2001,)
[0.00464846 0.00929925 0.00465078 ... 0.         0.         0.        ]
cvc_x_pos (2001,)
[0.00449744 0.00899252 0.00449507 ... 0.         0.         0.        ]
cvc_x_pos (2001,)
[0. 0. 0. ... 0. 0. 0.]
cvc_x_pos (2001,)
[0. 0. 0. ... 0. 0. 0.]
cvc_x_pos (2001,)
[0. 0. 0. ... 0. 0. 0.]
cvc_x_pos (2001,)
[0. 0. 0. ... 0. 0. 0.]
cvc_x_pos (2001,)
[0. 0. 0. ... 0. 0. 0.]
cvc_x_pos (2001,)
[0. 0. 0. ... 0. 0. 0.]
cvc_x_pos (2001,)
[0. 0. 0. ... 0. 0. 0.]
cvc_x_pos (2001,)
[0. 0. 0. ... 0. 0. 0.]
cvc_x_pos (2001,)
[0. 0. 0. ... 0. 0. 0.]
cvc_x_pos (2001,)
[0. 0. 0. ... 0. 0. 0.]
cvc_x_pos (2001,)
[0. 0. 0. ... 0. 0. 0.]
cvc_x_pos (2001,)
[0. 0. 0. ... 0. 0. 0.]
cvc_x_pos (2001,)
[0. 0. 0. ... 0. 0. 0.]
cvc_x_pos (2001,)
[0. 0. 0. ... 0. 0. 0.]
cvc_x_pos (2001,)
[0. 0. 0. ... 0. 0. 0.]
cvc_x_pos (2001,)
[0. 0. 0. ... 0. 0. 0.]
cvc_x_pos (2001,)
[0. 0. 0. ... 0. 0. 0.]
cvc_x_pos (2001,)
[0. 0. 0. ... 0. 0. 0.]
cvc_x_pos (2001,)
[0. 0. 0. ... 0. 0. 0.]
cvc_x_pos (2001,)
[0. 0. 0. ... 0. 0. 0.]
cvc_x_pos (2001,)
[0. 0. 0. ... 0. 0. 0.]
cvc_x_pos (2001,)
[0. 0. 0. ... 0. 0. 0.]
cvc_x_pos (2001,)
[0. 0. 0. ... 0. 0. 0.]
cvc_x_pos (2001,)
[0. 0. 0. ... 0. 0. 0.]
cvc_x_pos (2001,)
[0. 0. 0. ... 0. 0. 0.]
cvc_x_pos (2001,)
[0. 0. 0. ... 0. 0. 0.]
cvc_x_pos (2001,)
[0. 0. 0. ... 0. 0. 0.]
cvc_x_pos (2001,)
[0. 0. 0. ... 0. 0. 0.]
cvc_x_pos (2001,)
[0. 0. 0. ... 0. 0. 0.]
cvc_x_pos (2001,)
[0. 0. 0. ... 0. 0. 0.]
cvc_x_pos (2001,)
[0. 0. 0. ... 0. 0. 0.]
cvc_x_pos (2001,)
[0. 0. 0. ... 0. 0. 0.]
cvc_x_pos (2001,)
[0. 0. 0. ... 0. 0. 0.]
cvc_x_pos (2001,)
[0. 0. 0. ... 0. 0. 0.]
cvc_x_pos (2001,)
[0. 0. 0. ... 0. 0. 0.]
cvc_x_pos (2001,)
[0. 0. 0. ... 0. 0. 0.]
cvc_x_pos (2001,)
[0.00392472 0.00784848 0.00392375 ... 0.         0.         0.        ]
cvc_x_pos (2001,)
[0.0044977  0.00899306 0.00449535 ... 0.         0.         0.        ]
cvc_x_pos (2001,)
[0.00455986 0.00912007 0.00456019 ... 0.         0.         0.        ]
cvc_x_pos (2001,)
[0.00391656 0.0078326  0.00391603 ... 0.         0.         0.        ]
cvc_x_pos (2001,)
[0. 0. 0. ... 0. 0. 0.]
cvc_x_pos (2001,)
[0. 0. 0. ... 0. 0. 0.]
cvc_x_pos (2001,)
[0. 0. 0. ... 0. 0. 0.]
cvc_x_pos (2001,)
[0. 0. 0. ... 0. 0. 0.]
cvc_x_pos (2001,)
[0. 0. 0. ... 0. 0. 0.]
cvc_x_pos (2001,)
[0. 0. 0. ... 0. 0. 0.]
cvc_x_pos (2001,)
[0. 0. 0. ... 0. 0. 0.]
cvc_x_pos (2001,)
[0. 0. 0. ... 0. 0. 0.]
cvc_x_pos (2001,)
[0. 0. 0. ... 0. 0. 0.]
cvc_x_pos (2001,)
[0. 0. 0. ... 0. 0. 0.]
cvc_x_pos (2001,)
[0. 0. 0. ... 0. 0. 0.]
cvc_x_pos (2001,)
[0. 0. 0. ... 0. 0. 0.]
cvc_x_pos (2001,)
[0. 0. 0. ... 0. 0. 0.]
cvc_x_pos (2001,)
[0. 0. 0. ... 0. 0. 0.]
cvc_x_pos (2001,)
[0. 0. 0. ... 0. 0. 0.]
cvc_x_pos (2001,)
[0. 0. 0. ... 0. 0. 0.]
cvc_x_pos (2001,)
[0. 0. 0. ... 0. 0. 0.]
cvc_x_pos (2001,)
[0. 0. 0. ... 0. 0. 0.]
cvc_x_pos (2001,)
[0. 0. 0. ... 0. 0. 0.]
cvc_x_pos (2001,)
[0. 0. 0. ... 0. 0. 0.]
cvc_x_pos (2001,)
[0. 0. 0. ... 0. 0. 0.]
cvc_x_pos (2001,)
[0. 0. 0. ... 0. 0. 0.]
cvc_x_pos (2001,)
[0. 0. 0. ... 0. 0. 0.]
cvc_x_pos (2001,)
[0. 0. 0. ... 0. 0. 0.]
cvc_x_pos (2001,)
[0. 0. 0. ... 0. 0. 0.]
cvc_x_pos (2001,)
[0. 0. 0. ... 0. 0. 0.]
cvc_x_pos (2001,)
[0. 0. 0. ... 0. 0. 0.]
cvc_x_pos (2001,)
[0. 0. 0. ... 0. 0. 0.]
cvc_x_pos (2001,)
[0. 0. 0. ... 0. 0. 0.]
cvc_x_pos (2001,)
[0. 0. 0. ... 0. 0. 0.]
cvc_x_pos (2001,)
[0. 0. 0. ... 0. 0. 0.]
cvc_x_pos (2001,)
[0. 0. 0. ... 0. 0. 0.]
cvc_x_pos (2001,)
[0. 0. 0. ... 0. 0. 0.]
cvc_x_pos (2001,)
[0. 0. 0. ... 0. 0. 0.]
cvc_x_pos (2001,)
[0. 0. 0. ... 0. 0. 0.]
cvc_x_pos (2001,)
[0. 0. 0. ... 0. 0. 0.]
cvc_x_pos (2001,)
[0. 0. 0. ... 0. 0. 0.]
cvc_x_pos (2001,)
[0. 0. 0. ... 0. 0. 0.]
cvc_x_pos (2001,)
[0. 0. 0. ... 0. 0. 0.]
cvc_x_pos (2001,)
[0. 0. 0. ... 0. 0. 0.]
cvc_x_pos (2001,)
[0. 0. 0. ... 0. 0. 0.]
cvc_x_pos (2001,)
[0. 0. 0. ... 0. 0. 0.]
cvc_x_pos (2001,)
[0. 0. 0. ... 0. 0. 0.]
cvc_x_pos (2001,)
[0. 0. 0. ... 0. 0. 0.]
cvc_x_pos (2001,)
[0. 0. 0. ... 0. 0. 0.]
cvc_x_pos (2001,)
[0. 0. 0. ... 0. 0. 0.]
cvc_x_pos (2001,)
[0. 0. 0. ... 0. 0. 0.]
cvc_x_pos (2001,)
[0. 0. 0. ... 0. 0. 0.]
cvc_x_pos (2001,)
[0. 0. 0. ... 0. 0. 0.]
cvc_x_pos (2001,)
[0. 0. 0. ... 0. 0. 0.]
cvc_x_pos (2001,)
[0. 0. 0. ... 0. 0. 0.]
cvc_x_pos (2001,)
[0. 0. 0. ... 0. 0. 0.]
cvc_x_pos (2001,)
[0. 0. 0. ... 0. 0. 0.]
cvc_x_pos (2001,)
[0. 0. 0. ... 0. 0. 0.]
cvc_x_pos (2001,)
[0. 0. 0. ... 0. 0. 0.]
cvc_x_pos (2001,)
[0. 0. 0. ... 0. 0. 0.]
cvc_x_pos (2001,)
[0. 0. 0. ... 0. 0. 0.]
cvc_x_pos (2001,)
[0. 0. 0. ... 0. 0. 0.]
cvc_x_pos (2001,)
[0. 0. 0. ... 0. 0. 0.]
cvc_x_pos (2001,)
[0. 0. 0. ... 0. 0. 0.]
cvc_x_pos (2001,)
[0. 0. 0. ... 0. 0. 0.]
cvc_x_pos (2001,)
[0. 0. 0. ... 0. 0. 0.]
cvc_x_pos (2001,)
[0. 0. 0. ... 0. 0. 0.]
cvc_x_pos (2001,)
[0. 0. 0. ... 0. 0. 0.]
cvc_x_pos (2001,)
[0. 0. 0. ... 0. 0. 0.]
cvc_x_pos (2001,)
[0. 0. 0. ... 0. 0. 0.]
cvc_x_pos (2001,)
[0.00407132 0.00814422 0.00407289 ... 0.         0.         0.        ]
cvc_x_pos (2001,)
[0. 0. 0. ... 0. 0. 0.]
cvc_x_pos (2001,)
[0.00414149 0.00828366 0.00414216 ... 0.         0.         0.        ]
cvc_x_pos (2001,)
[0.00399261 0.0079859  0.00399328 ... 0.         0.         0.        ]
cvc_x_pos (2001,)
[0.00387028 0.00773997 0.00386968 ... 0.         0.         0.        ]
cvc_x_pos (2001,)
[0.00401308 0.00802635 0.00401326 ... 0.         0.         0.        ]
cvc_x_pos (2001,)
[0. 0. 0. ... 0. 0. 0.]
cvc_x_pos (2001,)
[0. 0. 0. ... 0. 0. 0.]
cvc_x_pos (2001,)
[0. 0. 0. ... 0. 0. 0.]
cvc_x_pos (2001,)
[0. 0. 0. ... 0. 0. 0.]
cvc_x_pos (2001,)
[0. 0. 0. ... 0. 0. 0.]
cvc_x_pos (2001,)
[0. 0. 0. ... 0. 0. 0.]
cvc_x_pos (2001,)
[0. 0. 0. ... 0. 0. 0.]
cvc_x_pos (2001,)
[0. 0. 0. ... 0. 0. 0.]
cvc_x_pos (2001,)
[0. 0. 0. ... 0. 0. 0.]
cvc_x_pos (2001,)
[0. 0. 0. ... 0. 0. 0.]
cvc_x_pos (2001,)
[0. 0. 0. ... 0. 0. 0.]
cvc_x_pos (2001,)
[0. 0. 0. ... 0. 0. 0.]
cvc_x_pos (2001,)
[0. 0. 0. ... 0. 0. 0.]
cvc_x_pos (2001,)
[0. 0. 0. ... 0. 0. 0.]
cvc_x_pos (2001,)
[0. 0. 0. ... 0. 0. 0.]
cvc_x_pos (2001,)
[0. 0. 0. ... 0. 0. 0.]
cvc_x_pos (2001,)
[0. 0. 0. ... 0. 0. 0.]
cvc_x_pos (2001,)
[0. 0. 0. ... 0. 0. 0.]
cvc_x_pos (2001,)
[0. 0. 0. ... 0. 0. 0.]
cvc_x_pos (2001,)
[0. 0. 0. ... 0. 0. 0.]
cvc_x_pos (2001,)
[0. 0. 0. ... 0. 0. 0.]
cvc_x_pos (2001,)
[0. 0. 0. ... 0. 0. 0.]
cvc_x_pos (2001,)
[0. 0. 0. ... 0. 0. 0.]
cvc_x_pos (2001,)
[0. 0. 0. ... 0. 0. 0.]
cvc_x_pos (2001,)
[0. 0. 0. ... 0. 0. 0.]
cvc_x_pos (2001,)
[0. 0. 0. ... 0. 0. 0.]
cvc_x_pos (2001,)
[0. 0. 0. ... 0. 0. 0.]
cvc_x_pos (2001,)
[0. 0. 0. ... 0. 0. 0.]
cvc_x_pos (2001,)
[0. 0. 0. ... 0. 0. 0.]
cvc_x_pos (2001,)
[0. 0. 0. ... 0. 0. 0.]
cvc_x_pos (2001,)
[0. 0. 0. ... 0. 0. 0.]
cvc_x_pos (2001,)
[0. 0. 0. ... 0. 0. 0.]
cvc_x_pos (2001,)
[0. 0. 0. ... 0. 0. 0.]
cvc_x_pos (2001,)
[0. 0. 0. ... 0. 0. 0.]
cvc_x_pos (2001,)
[0. 0. 0. ... 0. 0. 0.]
cvc_x_pos (2001,)
[0. 0. 0. ... 0. 0. 0.]
cvc_x_pos (2001,)
[0. 0. 0. ... 0. 0. 0.]
cvc_x_pos (2001,)
[0. 0. 0. ... 0. 0. 0.]
cvc_x_pos (2001,)
[0. 0. 0. ... 0. 0. 0.]
cvc_x_pos (2001,)
[0. 0. 0. ... 0. 0. 0.]
cvc_x_pos (2001,)
[0. 0. 0. ... 0. 0. 0.]
cvc_x_pos (2001,)
[0. 0. 0. ... 0. 0. 0.]
cvc_x_pos (2001,)
[0. 0. 0. ... 0. 0. 0.]
cvc_x_pos (2001,)
[0. 0. 0. ... 0. 0. 0.]
cvc_x_pos (2001,)
[0. 0. 0. ... 0. 0. 0.]
cvc_x_pos (2001,)
[0. 0. 0. ... 0. 0. 0.]
cvc_x_pos (2001,)
[0. 0. 0. ... 0. 0. 0.]
cvc_x_pos (2001,)
[0. 0. 0. ... 0. 0. 0.]
cvc_x_pos (2001,)
[0. 0. 0. ... 0. 0. 0.]
cvc_x_pos (2001,)
[0. 0. 0. ... 0. 0. 0.]
cvc_x_pos (2001,)
[0. 0. 0. ... 0. 0. 0.]
cvc_x_pos (2001,)
[0. 0. 0. ... 0. 0. 0.]
cvc_x_pos (2001,)
[0. 0. 0. ... 0. 0. 0.]
cvc_x_pos (2001,)
[0. 0. 0. ... 0. 0. 0.]
cvc_x_pos (2001,)
[0. 0. 0. ... 0. 0. 0.]
cvc_x_pos (2001,)
[0. 0. 0. ... 0. 0. 0.]
cvc_x_pos (2001,)
[0. 0. 0. ... 0. 0. 0.]
cvc_x_pos (2001,)
[0. 0. 0. ... 0. 0. 0.]
cvc_x_pos (2001,)
[0. 0. 0. ... 0. 0. 0.]
cvc_x_pos (2001,)
[0.00426259 0.00852687 0.00426427 ... 0.         0.         0.        ]
cvc_x_pos (2001,)
[0.00422913 0.0084603  0.00423116 ... 0.         0.         0.        ]
cvc_x_pos (2001,)
[0.00428735 0.00857442 0.00428706 ... 0.         0.         0.        ]
cvc_x_pos (2001,)
[0. 0. 0. ... 0. 0. 0.]
cvc_x_pos (2001,)
[0.00482602 0.00964931 0.00482328 ... 0.         0.         0.        ]
cvc_x_pos (2001,)
[0. 0. 0. ... 0. 0. 0.]
cvc_x_pos (2001,)
[0. 0. 0. ... 0. 0. 0.]
cvc_x_pos (2001,)
[0. 0. 0. ... 0. 0. 0.]
cvc_x_pos (2001,)
[0. 0. 0. ... 0. 0. 0.]
cvc_x_pos (2001,)
[0. 0. 0. ... 0. 0. 0.]
cvc_x_pos (2001,)
[0. 0. 0. ... 0. 0. 0.]
cvc_x_pos (2001,)
[0. 0. 0. ... 0. 0. 0.]
cvc_x_pos (2001,)
[0. 0. 0. ... 0. 0. 0.]
cvc_x_pos (2001,)
[0. 0. 0. ... 0. 0. 0.]
cvc_x_pos (2001,)
[0. 0. 0. ... 0. 0. 0.]
cvc_x_pos (2001,)
[0. 0. 0. ... 0. 0. 0.]
cvc_x_pos (2001,)
[0. 0. 0. ... 0. 0. 0.]
cvc_x_pos (2001,)
[0. 0. 0. ... 0. 0. 0.]
cvc_x_pos (2001,)
[0. 0. 0. ... 0. 0. 0.]
cvc_x_pos (2001,)
[0. 0. 0. ... 0. 0. 0.]
cvc_x_pos (2001,)
[0. 0. 0. ... 0. 0. 0.]
cvc_x_pos (2001,)
[0. 0. 0. ... 0. 0. 0.]
cvc_x_pos (2001,)
[0. 0. 0. ... 0. 0. 0.]
cvc_x_pos (2001,)
[0. 0. 0. ... 0. 0. 0.]
cvc_x_pos (2001,)
[0. 0. 0. ... 0. 0. 0.]
cvc_x_pos (2001,)
[0. 0. 0. ... 0. 0. 0.]
cvc_x_pos (2001,)
[0. 0. 0. ... 0. 0. 0.]
cvc_x_pos (2001,)
[0. 0. 0. ... 0. 0. 0.]
cvc_x_pos (2001,)
[0. 0. 0. ... 0. 0. 0.]
cvc_x_pos (2001,)
[0. 0. 0. ... 0. 0. 0.]
cvc_x_pos (2001,)
[0. 0. 0. ... 0. 0. 0.]
cvc_x_pos (2001,)
[0. 0. 0. ... 0. 0. 0.]
cvc_x_pos (2001,)
[0. 0. 0. ... 0. 0. 0.]
cvc_x_pos (2001,)
[0. 0. 0. ... 0. 0. 0.]
cvc_x_pos (2001,)
[0. 0. 0. ... 0. 0. 0.]
cvc_x_pos (2001,)
[0. 0. 0. ... 0. 0. 0.]
cvc_x_pos (2001,)
[0. 0. 0. ... 0. 0. 0.]
cvc_x_pos (2001,)
[0. 0. 0. ... 0. 0. 0.]
cvc_x_pos (2001,)
[0. 0. 0. ... 0. 0. 0.]
cvc_x_pos (2001,)
[0. 0. 0. ... 0. 0. 0.]
cvc_x_pos (2001,)
[0. 0. 0. ... 0. 0. 0.]
cvc_x_pos (2001,)
[0. 0. 0. ... 0. 0. 0.]
cvc_x_pos (2001,)
[0. 0. 0. ... 0. 0. 0.]
cvc_x_pos (2001,)
[0. 0. 0. ... 0. 0. 0.]
cvc_x_pos (2001,)
[0. 0. 0. ... 0. 0. 0.]
cvc_x_pos (2001,)
[0. 0. 0. ... 0. 0. 0.]
cvc_x_pos (2001,)
[0. 0. 0. ... 0. 0. 0.]
cvc_x_pos (2001,)
[0. 0. 0. ... 0. 0. 0.]
cvc_x_pos (2001,)
[0. 0. 0. ... 0. 0. 0.]
cvc_x_pos (2001,)
[0. 0. 0. ... 0. 0. 0.]
cvc_x_pos (2001,)
[0. 0. 0. ... 0. 0. 0.]
cvc_x_pos (2001,)
[0. 0. 0. ... 0. 0. 0.]
cvc_x_pos (2001,)
[0. 0. 0. ... 0. 0. 0.]
cvc_x_pos (2001,)
[0. 0. 0. ... 0. 0. 0.]
cvc_x_pos (2001,)
[0. 0. 0. ... 0. 0. 0.]
cvc_x_pos (2001,)
[0. 0. 0. ... 0. 0. 0.]
cvc_x_pos (2001,)
[0.00291185 0.00582411 0.00291226 ... 0.         0.         0.        ]
cvc_x_pos (2001,)
[0.00393436 0.00786849 0.00393412 ... 0.         0.         0.        ]
cvc_x_pos (2001,)
[0. 0. 0. ... 0. 0. 0.]
cvc_x_pos (2001,)
[0.00283436 0.00566816 0.00283379 ... 0.         0.         0.        ]
cvc_x_pos (2001,)
[0. 0. 0. ... 0. 0. 0.]
cvc_x_pos (2001,)
[0.00417587 0.00835099 0.0041751  ... 0.         0.         0.        ]
cvc_x_pos (2001,)
[0. 0. 0. ... 0. 0. 0.]
cvc_x_pos (2001,)
[0. 0. 0. ... 0. 0. 0.]
cvc_x_pos (2001,)
[0. 0. 0. ... 0. 0. 0.]
cvc_x_pos (2001,)
[0. 0. 0. ... 0. 0. 0.]
cvc_x_pos (2001,)
[0. 0. 0. ... 0. 0. 0.]
cvc_x_pos (2001,)
[0. 0. 0. ... 0. 0. 0.]
cvc_x_pos (2001,)
[0. 0. 0. ... 0. 0. 0.]
cvc_x_pos (2001,)
[0. 0. 0. ... 0. 0. 0.]
cvc_x_pos (2001,)
[0. 0. 0. ... 0. 0. 0.]
cvc_x_pos (2001,)
[0. 0. 0. ... 0. 0. 0.]
cvc_x_pos (2001,)
[0. 0. 0. ... 0. 0. 0.]
cvc_x_pos (2001,)
[0. 0. 0. ... 0. 0. 0.]
cvc_x_pos (2001,)
[0. 0. 0. ... 0. 0. 0.]
cvc_x_pos (2001,)
[0. 0. 0. ... 0. 0. 0.]
cvc_x_pos (2001,)
[0. 0. 0. ... 0. 0. 0.]
cvc_x_pos (2001,)
[0. 0. 0. ... 0. 0. 0.]
cvc_x_pos (2001,)
[0. 0. 0. ... 0. 0. 0.]
cvc_x_pos (2001,)
[0. 0. 0. ... 0. 0. 0.]
cvc_x_pos (2001,)
[0. 0. 0. ... 0. 0. 0.]
cvc_x_pos (2001,)
[0. 0. 0. ... 0. 0. 0.]
cvc_x_pos (2001,)
[0. 0. 0. ... 0. 0. 0.]
cvc_x_pos (2001,)
[0. 0. 0. ... 0. 0. 0.]
cvc_x_pos (2001,)
[0. 0. 0. ... 0. 0. 0.]
cvc_x_pos (2001,)
[0. 0. 0. ... 0. 0. 0.]
cvc_x_pos (2001,)
[0. 0. 0. ... 0. 0. 0.]
cvc_x_pos (2001,)
[0. 0. 0. ... 0. 0. 0.]
cvc_x_pos (2001,)
[0. 0. 0. ... 0. 0. 0.]
cvc_x_pos (2001,)
[0. 0. 0. ... 0. 0. 0.]
cvc_x_pos (2001,)
[0. 0. 0. ... 0. 0. 0.]
cvc_x_pos (2001,)
[0. 0. 0. ... 0. 0. 0.]
cvc_x_pos (2001,)
[0. 0. 0. ... 0. 0. 0.]
cvc_x_pos (2001,)
[0. 0. 0. ... 0. 0. 0.]
cvc_x_pos (2001,)
[0. 0. 0. ... 0. 0. 0.]
cvc_x_pos (2001,)
[0. 0. 0. ... 0. 0. 0.]
cvc_x_pos (2001,)
[0. 0. 0. ... 0. 0. 0.]
cvc_x_pos (2001,)
[0. 0. 0. ... 0. 0. 0.]
cvc_x_pos (2001,)
[0. 0. 0. ... 0. 0. 0.]
cvc_x_pos (2001,)
[0. 0. 0. ... 0. 0. 0.]
cvc_x_pos (2001,)
[0. 0. 0. ... 0. 0. 0.]
cvc_x_pos (2001,)
[0. 0. 0. ... 0. 0. 0.]
cvc_x_pos (2001,)
[0. 0. 0. ... 0. 0. 0.]
cvc_x_pos (2001,)
[0.00425245 0.00850684 0.00425438 ... 0.         0.         0.        ]
cvc_x_pos (2001,)
[0.00367267 0.00734644 0.00367376 ... 0.         0.         0.        ]
cvc_x_pos (2001,)
[0.0041462  0.00829236 0.00414615 ... 0.         0.         0.        ]
cvc_x_pos (2001,)
[0. 0. 0. ... 0. 0. 0.]
cvc_x_pos (2001,)
[0.00453733 0.00907287 0.00453552 ... 0.         0.         0.        ]
cvc_x_pos (2001,)
[0. 0. 0. ... 0. 0. 0.]
cvc_x_pos (2001,)
[0. 0. 0. ... 0. 0. 0.]
cvc_x_pos (2001,)
[0. 0. 0. ... 0. 0. 0.]
cvc_x_pos (2001,)
[0. 0. 0. ... 0. 0. 0.]
cvc_x_pos (2001,)
[0. 0. 0. ... 0. 0. 0.]
cvc_x_pos (2001,)
[0. 0. 0. ... 0. 0. 0.]
cvc_x_pos (2001,)
[0. 0. 0. ... 0. 0. 0.]
cvc_x_pos (2001,)
[0. 0. 0. ... 0. 0. 0.]
cvc_x_pos (2001,)
[0. 0. 0. ... 0. 0. 0.]
cvc_x_pos (2001,)
[0. 0. 0. ... 0. 0. 0.]
cvc_x_pos (2001,)
[0. 0. 0. ... 0. 0. 0.]
cvc_x_pos (2001,)
[0. 0. 0. ... 0. 0. 0.]
cvc_x_pos (2001,)
[0. 0. 0. ... 0. 0. 0.]
cvc_x_pos (2001,)
[0. 0. 0. ... 0. 0. 0.]
cvc_x_pos (2001,)
[0. 0. 0. ... 0. 0. 0.]
cvc_x_pos (2001,)
[0. 0. 0. ... 0. 0. 0.]
cvc_x_pos (2001,)
[0. 0. 0. ... 0. 0. 0.]
cvc_x_pos (2001,)
[0. 0. 0. ... 0. 0. 0.]
cvc_x_pos (2001,)
[0. 0. 0. ... 0. 0. 0.]
cvc_x_pos (2001,)
[0. 0. 0. ... 0. 0. 0.]
cvc_x_pos (2001,)
[0. 0. 0. ... 0. 0. 0.]
cvc_x_pos (2001,)
[0. 0. 0. ... 0. 0. 0.]
cvc_x_pos (2001,)
[0. 0. 0. ... 0. 0. 0.]
cvc_x_pos (2001,)
[0. 0. 0. ... 0. 0. 0.]
cvc_x_pos (2001,)
[0. 0. 0. ... 0. 0. 0.]
cvc_x_pos (2001,)
[0. 0. 0. ... 0. 0. 0.]
cvc_x_pos (2001,)
[0. 0. 0. ... 0. 0. 0.]
cvc_x_pos (2001,)
[0. 0. 0. ... 0. 0. 0.]
cvc_x_pos (2001,)
[0. 0. 0. ... 0. 0. 0.]
cvc_x_pos (2001,)
[0. 0. 0. ... 0. 0. 0.]
cvc_x_pos (2001,)
[0. 0. 0. ... 0. 0. 0.]
cvc_x_pos (2001,)
[0. 0. 0. ... 0. 0. 0.]
cvc_x_pos (2001,)
[0. 0. 0. ... 0. 0. 0.]
cvc_x_pos (2001,)
[0. 0. 0. ... 0. 0. 0.]
cvc_x_pos (2001,)
[0. 0. 0. ... 0. 0. 0.]
cvc_x_pos (2001,)
[0. 0. 0. ... 0. 0. 0.]
cvc_x_pos (2001,)
[0.00375205 0.00750477 0.0037527  ... 0.         0.         0.        ]
cvc_x_pos (2001,)
[0.00398408 0.0079698  0.00398571 ... 0.         0.         0.        ]
cvc_x_pos (2001,)
[0.0048289  0.00965603 0.00482711 ... 0.         0.         0.        ]
cvc_x_pos (2001,)
[0. 0. 0. ... 0. 0. 0.]
cvc_x_pos (2001,)
[0.00480156 0.00960122 0.00479964 ... 0.         0.         0.        ]
cvc_x_pos (2001,)
[0. 0. 0. ... 0. 0. 0.]
cvc_x_pos (2001,)
[0. 0. 0. ... 0. 0. 0.]
cvc_x_pos (2001,)
[0. 0. 0. ... 0. 0. 0.]
cvc_x_pos (2001,)
[0. 0. 0. ... 0. 0. 0.]
cvc_x_pos (2001,)
[0. 0. 0. ... 0. 0. 0.]
cvc_x_pos (2001,)
[0. 0. 0. ... 0. 0. 0.]
cvc_x_pos (2001,)
[0. 0. 0. ... 0. 0. 0.]
cvc_x_pos (2001,)
[0. 0. 0. ... 0. 0. 0.]
cvc_x_pos (2001,)
[0. 0. 0. ... 0. 0. 0.]
cvc_x_pos (2001,)
[0. 0. 0. ... 0. 0. 0.]
cvc_x_pos (2001,)
[0. 0. 0. ... 0. 0. 0.]
cvc_x_pos (2001,)
[0. 0. 0. ... 0. 0. 0.]
cvc_x_pos (2001,)
[0. 0. 0. ... 0. 0. 0.]
cvc_x_pos (2001,)
[0. 0. 0. ... 0. 0. 0.]
cvc_x_pos (2001,)
[0. 0. 0. ... 0. 0. 0.]
cvc_x_pos (2001,)
[0. 0. 0. ... 0. 0. 0.]
cvc_x_pos (2001,)
[0. 0. 0. ... 0. 0. 0.]
cvc_x_pos (2001,)
[0. 0. 0. ... 0. 0. 0.]
cvc_x_pos (2001,)
[0. 0. 0. ... 0. 0. 0.]
cvc_x_pos (2001,)
[0. 0. 0. ... 0. 0. 0.]
cvc_x_pos (2001,)
[0. 0. 0. ... 0. 0. 0.]
cvc_x_pos (2001,)
[0. 0. 0. ... 0. 0. 0.]
cvc_x_pos (2001,)
[0. 0. 0. ... 0. 0. 0.]
cvc_x_pos (2001,)
[0. 0. 0. ... 0. 0. 0.]
cvc_x_pos (2001,)
[0. 0. 0. ... 0. 0. 0.]
cvc_x_pos (2001,)
[0. 0. 0. ... 0. 0. 0.]
cvc_x_pos (2001,)
[0. 0. 0. ... 0. 0. 0.]
cvc_x_pos (2001,)
[0. 0. 0. ... 0. 0. 0.]
cvc_x_pos (2001,)
[0. 0. 0. ... 0. 0. 0.]
cvc_x_pos (2001,)
[0. 0. 0. ... 0. 0. 0.]
cvc_x_pos (2001,)
[0. 0. 0. ... 0. 0. 0.]
cvc_x_pos (2001,)
[0. 0. 0. ... 0. 0. 0.]
cvc_x_pos (2001,)
[0. 0. 0. ... 0. 0. 0.]
cvc_x_pos (2001,)
[0. 0. 0. ... 0. 0. 0.]
cvc_x_pos (2001,)
[0. 0. 0. ... 0. 0. 0.]
cvc_x_pos (2001,)
[0. 0. 0. ... 0. 0. 0.]
cvc_x_pos (2001,)
[0. 0. 0. ... 0. 0. 0.]
cvc_x_pos (2001,)
[0.00445847 0.0089173  0.00445881 ... 0.         0.         0.        ]
cvc_x_pos (2001,)
[0.00312486 0.00624905 0.00312419 ... 0.         0.         0.        ]
cvc_x_pos (2001,)
[0. 0. 0. ... 0. 0. 0.]
cvc_x_pos (2001,)
[0. 0. 0. ... 0. 0. 0.]
cvc_x_pos (2001,)
[0. 0. 0. ... 0. 0. 0.]
cvc_x_pos (2001,)
[0. 0. 0. ... 0. 0. 0.]
cvc_x_pos (2001,)
[0. 0. 0. ... 0. 0. 0.]
cvc_x_pos (2001,)
[0. 0. 0. ... 0. 0. 0.]
cvc_x_pos (2001,)
[0. 0. 0. ... 0. 0. 0.]
cvc_x_pos (2001,)
[0. 0. 0. ... 0. 0. 0.]
cvc_x_pos (2001,)
[0. 0. 0. ... 0. 0. 0.]
cvc_x_pos (2001,)
[0. 0. 0. ... 0. 0. 0.]
cvc_x_pos (2001,)
[0. 0. 0. ... 0. 0. 0.]
cvc_x_pos (2001,)
[0. 0. 0. ... 0. 0. 0.]
cvc_x_pos (2001,)
[0. 0. 0. ... 0. 0. 0.]
cvc_x_pos (2001,)
[0. 0. 0. ... 0. 0. 0.]
cvc_x_pos (2001,)
[0. 0. 0. ... 0. 0. 0.]
cvc_x_pos (2001,)
[0. 0. 0. ... 0. 0. 0.]
cvc_x_pos (2001,)
[0. 0. 0. ... 0. 0. 0.]
cvc_x_pos (2001,)
[0. 0. 0. ... 0. 0. 0.]
cvc_x_pos (2001,)
[0. 0. 0. ... 0. 0. 0.]
cvc_x_pos (2001,)
[0. 0. 0. ... 0. 0. 0.]
cvc_x_pos (2001,)
[0. 0. 0. ... 0. 0. 0.]
cvc_x_pos (2001,)
[0. 0. 0. ... 0. 0. 0.]
cvc_x_pos (2001,)
[0. 0. 0. ... 0. 0. 0.]
cvc_x_pos (2001,)
[0. 0. 0. ... 0. 0. 0.]
cvc_x_pos (2001,)
[0. 0. 0. ... 0. 0. 0.]
cvc_x_pos (2001,)
[0. 0. 0. ... 0. 0. 0.]
cvc_x_pos (2001,)
[0. 0. 0. ... 0. 0. 0.]
cvc_x_pos (2001,)
[0. 0. 0. ... 0. 0. 0.]
cvc_x_pos (2001,)
[0. 0. 0. ... 0. 0. 0.]
cvc_x_pos (2001,)
[0. 0. 0. ... 0. 0. 0.]
cvc_x_pos (2001,)
[0. 0. 0. ... 0. 0. 0.]
cvc_x_pos (2001,)
[0. 0. 0. ... 0. 0. 0.]
cvc_x_pos (2001,)
[0. 0. 0. ... 0. 0. 0.]
cvc_x_pos (2001,)
[0. 0. 0. ... 0. 0. 0.]
cvc_x_pos (2001,)
[0.00376667 0.00753399 0.00376731 ... 0.         0.         0.        ]
cvc_x_pos (2001,)
[0. 0. 0. ... 0. 0. 0.]
cvc_x_pos (2001,)
[0. 0. 0. ... 0. 0. 0.]
cvc_x_pos (2001,)
[0. 0. 0. ... 0. 0. 0.]
cvc_x_pos (2001,)
[0. 0. 0. ... 0. 0. 0.]
cvc_x_pos (2001,)
[0. 0. 0. ... 0. 0. 0.]
cvc_x_pos (2001,)
[0. 0. 0. ... 0. 0. 0.]
cvc_x_pos (2001,)
[0. 0. 0. ... 0. 0. 0.]
cvc_x_pos (2001,)
[0. 0. 0. ... 0. 0. 0.]
cvc_x_pos (2001,)
[0. 0. 0. ... 0. 0. 0.]
cvc_x_pos (2001,)
[0. 0. 0. ... 0. 0. 0.]
cvc_x_pos (2001,)
[0.00387344 0.00774664 0.0038732  ... 0.         0.         0.        ]
cvc_x_pos (2001,)
[0. 0. 0. ... 0. 0. 0.]
cvc_x_pos (2001,)
[0.00368433 0.00736925 0.00368491 ... 0.         0.         0.        ]
cvc_x_pos (2001,)
[0.00440238 0.00880255 0.00440016 ... 0.         0.         0.        ]
cvc_x_pos (2001,)
[0. 0. 0. ... 0. 0. 0.]
cvc_x_pos (2001,)
[0. 0. 0. ... 0. 0. 0.]
cvc_x_pos (2001,)
[0. 0. 0. ... 0. 0. 0.]
cvc_x_pos (2001,)
[0. 0. 0. ... 0. 0. 0.]
cvc_x_pos (2001,)
[0. 0. 0. ... 0. 0. 0.]
cvc_x_pos (2001,)
[0. 0. 0. ... 0. 0. 0.]
cvc_x_pos (2001,)
[0. 0. 0. ... 0. 0. 0.]
cvc_x_pos (2001,)
[0. 0. 0. ... 0. 0. 0.]
cvc_x_pos (2001,)
[0. 0. 0. ... 0. 0. 0.]
cvc_x_pos (2001,)
[0. 0. 0. ... 0. 0. 0.]
cvc_x_pos (2001,)
[0. 0. 0. ... 0. 0. 0.]
cvc_x_pos (2001,)
[0. 0. 0. ... 0. 0. 0.]
cvc_x_pos (2001,)
[0. 0. 0. ... 0. 0. 0.]
cvc_x_pos (2001,)
[0. 0. 0. ... 0. 0. 0.]
cvc_x_pos (2001,)
[0. 0. 0. ... 0. 0. 0.]
cvc_x_pos (2001,)
[0. 0. 0. ... 0. 0. 0.]
cvc_x_pos (2001,)
[0. 0. 0. ... 0. 0. 0.]
cvc_x_pos (2001,)
[0. 0. 0. ... 0. 0. 0.]
cvc_x_pos (2001,)
[0. 0. 0. ... 0. 0. 0.]
cvc_x_pos (2001,)
[0. 0. 0. ... 0. 0. 0.]
cvc_x_pos (2001,)
[0. 0. 0. ... 0. 0. 0.]
cvc_x_pos (2001,)
[0. 0. 0. ... 0. 0. 0.]
cvc_x_pos (2001,)
[0. 0. 0. ... 0. 0. 0.]
cvc_x_pos (2001,)
[0. 0. 0. ... 0. 0. 0.]
cvc_x_pos (2001,)
[0. 0. 0. ... 0. 0. 0.]
cvc_x_pos (2001,)
[0. 0. 0. ... 0. 0. 0.]
cvc_x_pos (2001,)
[0. 0. 0. ... 0. 0. 0.]
cvc_x_pos (2001,)
[0. 0. 0. ... 0. 0. 0.]
cvc_x_pos (2001,)
[0. 0. 0. ... 0. 0. 0.]
cvc_x_pos (2001,)
[0. 0. 0. ... 0. 0. 0.]
cvc_x_pos (2001,)
[0. 0. 0. ... 0. 0. 0.]
cvc_x_pos (2001,)
[0. 0. 0. ... 0. 0. 0.]
cvc_x_pos (2001,)
[0.00398729 0.00797359 0.00398629 ... 0.         0.         0.        ]
cvc_x_pos (2001,)
[0. 0. 0. ... 0. 0. 0.]
cvc_x_pos (2001,)
[0. 0. 0. ... 0. 0. 0.]
cvc_x_pos (2001,)
[0. 0. 0. ... 0. 0. 0.]
cvc_x_pos (2001,)
[0. 0. 0. ... 0. 0. 0.]
cvc_x_pos (2001,)
[0. 0. 0. ... 0. 0. 0.]
cvc_x_pos (2001,)
[0. 0. 0. ... 0. 0. 0.]
cvc_x_pos (2001,)
[0. 0. 0. ... 0. 0. 0.]
cvc_x_pos (2001,)
[0. 0. 0. ... 0. 0. 0.]
cvc_x_pos (2001,)
[0. 0. 0. ... 0. 0. 0.]
cvc_x_pos (2001,)
[0. 0. 0. ... 0. 0. 0.]
cvc_x_pos (2001,)
[0. 0. 0. ... 0. 0. 0.]
cvc_x_pos (2001,)
[0. 0. 0. ... 0. 0. 0.]
cvc_x_pos (2001,)
[0. 0. 0. ... 0. 0. 0.]
cvc_x_pos (2001,)
[0. 0. 0. ... 0. 0. 0.]
cvc_x_pos (2001,)
[0. 0. 0. ... 0. 0. 0.]
cvc_x_pos (2001,)
[0. 0. 0. ... 0. 0. 0.]
cvc_x_pos (2001,)
[0.00345298 0.00690467 0.00345168 ... 0.         0.         0.        ]
cvc_x_pos (2001,)
[0.00379853 0.00759664 0.0037981  ... 0.         0.         0.        ]
cvc_x_pos (2001,)
[0.00403553 0.00806944 0.00403391 ... 0.         0.         0.        ]
cvc_x_pos (2001,)
[0.00443806 0.00887776 0.00443968 ... 0.         0.         0.        ]
cvc_x_pos (2001,)
[0. 0. 0. ... 0. 0. 0.]
cvc_x_pos (2001,)
[0.00462319 0.00924817 0.00462496 ... 0.         0.         0.        ]
cvc_x_pos (2001,)
[0. 0. 0. ... 0. 0. 0.]
cvc_x_pos (2001,)
[0. 0. 0. ... 0. 0. 0.]
cvc_x_pos (2001,)
[0. 0. 0. ... 0. 0. 0.]
cvc_x_pos (2001,)
[0. 0. 0. ... 0. 0. 0.]
cvc_x_pos (2001,)
[0. 0. 0. ... 0. 0. 0.]
cvc_x_pos (2001,)
[0. 0. 0. ... 0. 0. 0.]
cvc_x_pos (2001,)
[0. 0. 0. ... 0. 0. 0.]
cvc_x_pos (2001,)
[0. 0. 0. ... 0. 0. 0.]
cvc_x_pos (2001,)
[0. 0. 0. ... 0. 0. 0.]
cvc_x_pos (2001,)
[0. 0. 0. ... 0. 0. 0.]
cvc_x_pos (2001,)
[0. 0. 0. ... 0. 0. 0.]
cvc_x_pos (2001,)
[0. 0. 0. ... 0. 0. 0.]
cvc_x_pos (2001,)
[0. 0. 0. ... 0. 0. 0.]
cvc_x_pos (2001,)
[0. 0. 0. ... 0. 0. 0.]
cvc_x_pos (2001,)
[0. 0. 0. ... 0. 0. 0.]
cvc_x_pos (2001,)
[0. 0. 0. ... 0. 0. 0.]
cvc_x_pos (2001,)
[0. 0. 0. ... 0. 0. 0.]
cvc_x_pos (2001,)
[0. 0. 0. ... 0. 0. 0.]
cvc_x_pos (2001,)
[0. 0. 0. ... 0. 0. 0.]
cvc_x_pos (2001,)
[0. 0. 0. ... 0. 0. 0.]
cvc_x_pos (2001,)
[0. 0. 0. ... 0. 0. 0.]
cvc_x_pos (2001,)
[0. 0. 0. ... 0. 0. 0.]
cvc_x_pos (2001,)
[0. 0. 0. ... 0. 0. 0.]
cvc_x_pos (2001,)
[0. 0. 0. ... 0. 0. 0.]
cvc_x_pos (2001,)
[0. 0. 0. ... 0. 0. 0.]
cvc_x_pos (2001,)
[0. 0. 0. ... 0. 0. 0.]
cvc_x_pos (2001,)
[0. 0. 0. ... 0. 0. 0.]
cvc_x_pos (2001,)
[0. 0. 0. ... 0. 0. 0.]
cvc_x_pos (2001,)
[0. 0. 0. ... 0. 0. 0.]
cvc_x_pos (2001,)
[0. 0. 0. ... 0. 0. 0.]
cvc_x_pos (2001,)
[0.00439296 0.00878689 0.00439392 ... 0.         0.         0.        ]
cvc_x_pos (2001,)
[0.0039352  0.00786867 0.00393347 ... 0.         0.         0.        ]
cvc_x_pos (2001,)
[0. 0. 0. ... 0. 0. 0.]
cvc_x_pos (2001,)
[0. 0. 0. ... 0. 0. 0.]
cvc_x_pos (2001,)
[0. 0. 0. ... 0. 0. 0.]
cvc_x_pos (2001,)
[0. 0. 0. ... 0. 0. 0.]
cvc_x_pos (2001,)
[0. 0. 0. ... 0. 0. 0.]
cvc_x_pos (2001,)
[0. 0. 0. ... 0. 0. 0.]
cvc_x_pos (2001,)
[0. 0. 0. ... 0. 0. 0.]
cvc_x_pos (2001,)
[0. 0. 0. ... 0. 0. 0.]
cvc_x_pos (2001,)
[0. 0. 0. ... 0. 0. 0.]
cvc_x_pos (2001,)
[0. 0. 0. ... 0. 0. 0.]
cvc_x_pos (2001,)
[0. 0. 0. ... 0. 0. 0.]
cvc_x_pos (2001,)
[0. 0. 0. ... 0. 0. 0.]
cvc_x_pos (2001,)
[0. 0. 0. ... 0. 0. 0.]
cvc_x_pos (2001,)
[0. 0. 0. ... 0. 0. 0.]
cvc_x_pos (2001,)
[0. 0. 0. ... 0. 0. 0.]
cvc_x_pos (2001,)
[0. 0. 0. ... 0. 0. 0.]
cvc_x_pos (2001,)
[0. 0. 0. ... 0. 0. 0.]
cvc_x_pos (2001,)
[0. 0. 0. ... 0. 0. 0.]
cvc_x_pos (2001,)
[0. 0. 0. ... 0. 0. 0.]
cvc_x_pos (2001,)
[0. 0. 0. ... 0. 0. 0.]
cvc_x_pos (2001,)
[0. 0. 0. ... 0. 0. 0.]
cvc_x_pos (2001,)
[0. 0. 0. ... 0. 0. 0.]
cvc_x_pos (2001,)
[0. 0. 0. ... 0. 0. 0.]
cvc_x_pos (2001,)
[0. 0. 0. ... 0. 0. 0.]
cvc_x_pos (2001,)
[0. 0. 0. ... 0. 0. 0.]
cvc_x_pos (2001,)
[0. 0. 0. ... 0. 0. 0.]
cvc_x_pos (2001,)
[0. 0. 0. ... 0. 0. 0.]
cvc_x_pos (2001,)
[0.00365118 0.007301   0.00364981 ... 0.         0.         0.        ]
cvc_x_pos (2001,)
[0.00440386 0.00880914 0.00440527 ... 0.         0.         0.        ]
cvc_x_pos (2001,)
[0. 0. 0. ... 0. 0. 0.]
cvc_x_pos (2001,)
[0.00477751 0.00955526 0.00477773 ... 0.         0.         0.        ]
cvc_x_pos (2001,)
[0. 0. 0. ... 0. 0. 0.]
cvc_x_pos (2001,)
[0. 0. 0. ... 0. 0. 0.]
cvc_x_pos (2001,)
[0. 0. 0. ... 0. 0. 0.]
cvc_x_pos (2001,)
[0. 0. 0. ... 0. 0. 0.]
cvc_x_pos (2001,)
[0. 0. 0. ... 0. 0. 0.]
cvc_x_pos (2001,)
[0. 0. 0. ... 0. 0. 0.]
cvc_x_pos (2001,)
[0. 0. 0. ... 0. 0. 0.]
cvc_x_pos (2001,)
[0. 0. 0. ... 0. 0. 0.]
cvc_x_pos (2001,)
[0. 0. 0. ... 0. 0. 0.]
cvc_x_pos (2001,)
[0. 0. 0. ... 0. 0. 0.]
cvc_x_pos (2001,)
[0. 0. 0. ... 0. 0. 0.]
cvc_x_pos (2001,)
[0. 0. 0. ... 0. 0. 0.]
cvc_x_pos (2001,)
[0. 0. 0. ... 0. 0. 0.]
cvc_x_pos (2001,)
[0. 0. 0. ... 0. 0. 0.]
cvc_x_pos (2001,)
[0. 0. 0. ... 0. 0. 0.]
cvc_x_pos (2001,)
[0. 0. 0. ... 0. 0. 0.]
cvc_x_pos (2001,)
[0. 0. 0. ... 0. 0. 0.]
cvc_x_pos (2001,)
[0. 0. 0. ... 0. 0. 0.]
cvc_x_pos (2001,)
[0. 0. 0. ... 0. 0. 0.]
cvc_x_pos (2001,)
[0. 0. 0. ... 0. 0. 0.]
cvc_x_pos (2001,)
[0. 0. 0. ... 0. 0. 0.]
cvc_x_pos (2001,)
[0. 0. 0. ... 0. 0. 0.]
cvc_x_pos (2001,)
[0. 0. 0. ... 0. 0. 0.]
cvc_x_pos (2001,)
[0. 0. 0. ... 0. 0. 0.]
cvc_x_pos (2001,)
[0. 0. 0. ... 0. 0. 0.]
cvc_x_pos (2001,)
[0. 0. 0. ... 0. 0. 0.]
cvc_x_pos (2001,)
[0. 0. 0. ... 0. 0. 0.]
cvc_x_pos (2001,)
[0. 0. 0. ... 0. 0. 0.]
cvc_x_pos (2001,)
[0. 0. 0. ... 0. 0. 0.]
cvc_x_pos (2001,)
[0.00421671 0.00843477 0.00421805 ... 0.         0.         0.        ]
cvc_x_pos (2001,)
[0.00293319 0.00586554 0.00293235 ... 0.         0.         0.        ]
cvc_x_pos (2001,)
[0. 0. 0. ... 0. 0. 0.]
cvc_x_pos (2001,)
[0. 0. 0. ... 0. 0. 0.]
cvc_x_pos (2001,)
[0. 0. 0. ... 0. 0. 0.]
cvc_x_pos (2001,)
[0. 0. 0. ... 0. 0. 0.]
cvc_x_pos (2001,)
[0. 0. 0. ... 0. 0. 0.]
cvc_x_pos (2001,)
[0. 0. 0. ... 0. 0. 0.]
cvc_x_pos (2001,)
[0. 0. 0. ... 0. 0. 0.]
cvc_x_pos (2001,)
[0. 0. 0. ... 0. 0. 0.]
cvc_x_pos (2001,)
[0. 0. 0. ... 0. 0. 0.]
cvc_x_pos (2001,)
[0. 0. 0. ... 0. 0. 0.]
cvc_x_pos (2001,)
[0. 0. 0. ... 0. 0. 0.]
cvc_x_pos (2001,)
[0. 0. 0. ... 0. 0. 0.]
cvc_x_pos (2001,)
[0. 0. 0. ... 0. 0. 0.]
cvc_x_pos (2001,)
[0. 0. 0. ... 0. 0. 0.]
cvc_x_pos (2001,)
[0. 0. 0. ... 0. 0. 0.]
cvc_x_pos (2001,)
[0. 0. 0. ... 0. 0. 0.]
cvc_x_pos (2001,)
[0. 0. 0. ... 0. 0. 0.]
cvc_x_pos (2001,)
[0. 0. 0. ... 0. 0. 0.]
cvc_x_pos (2001,)
[0. 0. 0. ... 0. 0. 0.]
cvc_x_pos (2001,)
[0. 0. 0. ... 0. 0. 0.]
cvc_x_pos (2001,)
[0. 0. 0. ... 0. 0. 0.]
cvc_x_pos (2001,)
[0. 0. 0. ... 0. 0. 0.]
cvc_x_pos (2001,)
[0. 0. 0. ... 0. 0. 0.]
cvc_x_pos (2001,)
[0. 0. 0. ... 0. 0. 0.]
cvc_x_pos (2001,)
[0. 0. 0. ... 0. 0. 0.]
cvc_x_pos (2001,)
[0. 0. 0. ... 0. 0. 0.]
cvc_x_pos (2001,)
[0. 0. 0. ... 0. 0. 0.]
cvc_x_pos (2001,)
[0. 0. 0. ... 0. 0. 0.]
cvc_x_pos (2001,)
[0. 0. 0. ... 0. 0. 0.]
cvc_x_pos (2001,)
[0. 0. 0. ... 0. 0. 0.]
cvc_x_pos (2001,)
[0. 0. 0. ... 0. 0. 0.]
cvc_x_pos (2001,)
[0. 0. 0. ... 0. 0. 0.]
cvc_x_pos (2001,)
[0. 0. 0. ... 0. 0. 0.]
cvc_x_pos (2001,)
[0. 0. 0. ... 0. 0. 0.]
cvc_x_pos (2001,)
[0. 0. 0. ... 0. 0. 0.]
cvc_x_pos (2001,)
[0.00370923 0.00741774 0.0037085  ... 0.         0.         0.        ]
cvc_x_pos (2001,)
[0. 0. 0. ... 0. 0. 0.]
cvc_x_pos (2001,)
[0.00410204 0.00820306 0.004101   ... 0.         0.         0.        ]
cvc_x_pos (2001,)
[0.00411885 0.00823662 0.00411776 ... 0.         0.         0.        ]
cvc_x_pos (2001,)
[0. 0. 0. ... 0. 0. 0.]
cvc_x_pos (2001,)
[0.00414167 0.00828538 0.0041437  ... 0.         0.         0.        ]
cvc_x_pos (2001,)
[0.00373324 0.00746515 0.00373191 ... 0.         0.         0.        ]
cvc_x_pos (2001,)
[0. 0. 0. ... 0. 0. 0.]
cvc_x_pos (2001,)
[0. 0. 0. ... 0. 0. 0.]
cvc_x_pos (2001,)
[0. 0. 0. ... 0. 0. 0.]
cvc_x_pos (2001,)
[0. 0. 0. ... 0. 0. 0.]
cvc_x_pos (2001,)
[0. 0. 0. ... 0. 0. 0.]
cvc_x_pos (2001,)
[0. 0. 0. ... 0. 0. 0.]
cvc_x_pos (2001,)
[0. 0. 0. ... 0. 0. 0.]
cvc_x_pos (2001,)
[0. 0. 0. ... 0. 0. 0.]
cvc_x_pos (2001,)
[0. 0. 0. ... 0. 0. 0.]
cvc_x_pos (2001,)
[0. 0. 0. ... 0. 0. 0.]
cvc_x_pos (2001,)
[0. 0. 0. ... 0. 0. 0.]
cvc_x_pos (2001,)
[0. 0. 0. ... 0. 0. 0.]
cvc_x_pos (2001,)
[0. 0. 0. ... 0. 0. 0.]
cvc_x_pos (2001,)
[0. 0. 0. ... 0. 0. 0.]
cvc_x_pos (2001,)
[0. 0. 0. ... 0. 0. 0.]
cvc_x_pos (2001,)
[0. 0. 0. ... 0. 0. 0.]
cvc_x_pos (2001,)
[0. 0. 0. ... 0. 0. 0.]
cvc_x_pos (2001,)
[0. 0. 0. ... 0. 0. 0.]
cvc_x_pos (2001,)
[0. 0. 0. ... 0. 0. 0.]
cvc_x_pos (2001,)
[0. 0. 0. ... 0. 0. 0.]
cvc_x_pos (2001,)
[0. 0. 0. ... 0. 0. 0.]
cvc_x_pos (2001,)
[0. 0. 0. ... 0. 0. 0.]
cvc_x_pos (2001,)
[0. 0. 0. ... 0. 0. 0.]
cvc_x_pos (2001,)
[0. 0. 0. ... 0. 0. 0.]
cvc_x_pos (2001,)
[0. 0. 0. ... 0. 0. 0.]
cvc_x_pos (2001,)
[0. 0. 0. ... 0. 0. 0.]
cvc_x_pos (2001,)
[0. 0. 0. ... 0. 0. 0.]
cvc_x_pos (2001,)
[0. 0. 0. ... 0. 0. 0.]
cvc_x_pos (2001,)
[0. 0. 0. ... 0. 0. 0.]
cvc_x_pos (2001,)
[0. 0. 0. ... 0. 0. 0.]
cvc_x_pos (2001,)
[0. 0. 0. ... 0. 0. 0.]
cvc_x_pos (2001,)
[0. 0. 0. ... 0. 0. 0.]
cvc_x_pos (2001,)
[0. 0. 0. ... 0. 0. 0.]
cvc_x_pos (2001,)
[0. 0. 0. ... 0. 0. 0.]
cvc_x_pos (2001,)
[0. 0. 0. ... 0. 0. 0.]
cvc_x_pos (2001,)
[0. 0. 0. ... 0. 0. 0.]
cvc_x_pos (2001,)
[0. 0. 0. ... 0. 0. 0.]
cvc_x_pos (2001,)
[0. 0. 0. ... 0. 0. 0.]
cvc_x_pos (2001,)
[0. 0. 0. ... 0. 0. 0.]
cvc_x_pos (2001,)
[0. 0. 0. ... 0. 0. 0.]
cvc_x_pos (2001,)
[0. 0. 0. ... 0. 0. 0.]
cvc_x_pos (2001,)
[0. 0. 0. ... 0. 0. 0.]
cvc_x_pos (2001,)
[0. 0. 0. ... 0. 0. 0.]
cvc_x_pos (2001,)
[0. 0. 0. ... 0. 0. 0.]
cvc_x_pos (2001,)
[0. 0. 0. ... 0. 0. 0.]
cvc_x_pos (2001,)
[0. 0. 0. ... 0. 0. 0.]
cvc_x_pos (2001,)
[0. 0. 0. ... 0. 0. 0.]
cvc_x_pos (2001,)
[0. 0. 0. ... 0. 0. 0.]
cvc_x_pos (2001,)
[0. 0. 0. ... 0. 0. 0.]
cvc_x_pos (2001,)
[0. 0. 0. ... 0. 0. 0.]
cvc_x_pos (2001,)
[0. 0. 0. ... 0. 0. 0.]
cvc_x_pos (2001,)
[0. 0. 0. ... 0. 0. 0.]
cvc_x_pos (2001,)
[0. 0. 0. ... 0. 0. 0.]
cvc_x_pos (2001,)
[0. 0. 0. ... 0. 0. 0.]
cvc_x_pos (2001,)
[0. 0. 0. ... 0. 0. 0.]
cvc_x_pos (2001,)
[0. 0. 0. ... 0. 0. 0.]
cvc_x_pos (2001,)
[0. 0. 0. ... 0. 0. 0.]
cvc_x_pos (2001,)
[0.0041638  0.00832941 0.0041656  ... 0.         0.         0.        ]
cvc_x_pos (2001,)
[0.0038281  0.00765507 0.00382696 ... 0.         0.         0.        ]
cvc_x_pos (2001,)
[0. 0. 0. ... 0. 0. 0.]
cvc_x_pos (2001,)
[0.00421469 0.00842971 0.00421501 ... 0.         0.         0.        ]
cvc_x_pos (2001,)
[0.00480743 0.00961732 0.00480987 ... 0.         0.         0.        ]
cvc_x_pos (2001,)
[0. 0. 0. ... 0. 0. 0.]
cvc_x_pos (2001,)
[0. 0. 0. ... 0. 0. 0.]
cvc_x_pos (2001,)
[0. 0. 0. ... 0. 0. 0.]
cvc_x_pos (2001,)
[0. 0. 0. ... 0. 0. 0.]
cvc_x_pos (2001,)
[0. 0. 0. ... 0. 0. 0.]
cvc_x_pos (2001,)
[0. 0. 0. ... 0. 0. 0.]
cvc_x_pos (2001,)
[0. 0. 0. ... 0. 0. 0.]
cvc_x_pos (2001,)
[0. 0. 0. ... 0. 0. 0.]
cvc_x_pos (2001,)
[0. 0. 0. ... 0. 0. 0.]
cvc_x_pos (2001,)
[0. 0. 0. ... 0. 0. 0.]
cvc_x_pos (2001,)
[0. 0. 0. ... 0. 0. 0.]
cvc_x_pos (2001,)
[0. 0. 0. ... 0. 0. 0.]
cvc_x_pos (2001,)
[0. 0. 0. ... 0. 0. 0.]
cvc_x_pos (2001,)
[0. 0. 0. ... 0. 0. 0.]
cvc_x_pos (2001,)
[0. 0. 0. ... 0. 0. 0.]
cvc_x_pos (2001,)
[0. 0. 0. ... 0. 0. 0.]
cvc_x_pos (2001,)
[0. 0. 0. ... 0. 0. 0.]
cvc_x_pos (2001,)
[0. 0. 0. ... 0. 0. 0.]
cvc_x_pos (2001,)
[0. 0. 0. ... 0. 0. 0.]
cvc_x_pos (2001,)
[0. 0. 0. ... 0. 0. 0.]
cvc_x_pos (2001,)
[0. 0. 0. ... 0. 0. 0.]
cvc_x_pos (2001,)
[0. 0. 0. ... 0. 0. 0.]
cvc_x_pos (2001,)
[0. 0. 0. ... 0. 0. 0.]
cvc_x_pos (2001,)
[0. 0. 0. ... 0. 0. 0.]
cvc_x_pos (2001,)
[0. 0. 0. ... 0. 0. 0.]
cvc_x_pos (2001,)
[0. 0. 0. ... 0. 0. 0.]
cvc_x_pos (2001,)
[0. 0. 0. ... 0. 0. 0.]
cvc_x_pos (2001,)
[0. 0. 0. ... 0. 0. 0.]
cvc_x_pos (2001,)
[0. 0. 0. ... 0. 0. 0.]
cvc_x_pos (2001,)
[0. 0. 0. ... 0. 0. 0.]
cvc_x_pos (2001,)
[0. 0. 0. ... 0. 0. 0.]
cvc_x_pos (2001,)
[0. 0. 0. ... 0. 0. 0.]
cvc_x_pos (2001,)
[0. 0. 0. ... 0. 0. 0.]
cvc_x_pos (2001,)
[0. 0. 0. ... 0. 0. 0.]
cvc_x_pos (2001,)
[0. 0. 0. ... 0. 0. 0.]
cvc_x_pos (2001,)
[0. 0. 0. ... 0. 0. 0.]
cvc_x_pos (2001,)
[0. 0. 0. ... 0. 0. 0.]
cvc_x_pos (2001,)
[0. 0. 0. ... 0. 0. 0.]
cvc_x_pos (2001,)
[0. 0. 0. ... 0. 0. 0.]
cvc_x_pos (2001,)
[0. 0. 0. ... 0. 0. 0.]
cvc_x_pos (2001,)
[0. 0. 0. ... 0. 0. 0.]
cvc_x_pos (2001,)
[0. 0. 0. ... 0. 0. 0.]
cvc_x_pos (2001,)
[0. 0. 0. ... 0. 0. 0.]
cvc_x_pos (2001,)
[0. 0. 0. ... 0. 0. 0.]
cvc_x_pos (2001,)
[0. 0. 0. ... 0. 0. 0.]
cvc_x_pos (2001,)
[0. 0. 0. ... 0. 0. 0.]
cvc_x_pos (2001,)
[0. 0. 0. ... 0. 0. 0.]
cvc_x_pos (2001,)
[0.00410671 0.00821538 0.00410866 ... 0.         0.         0.        ]
cvc_x_pos (2001,)
[0. 0. 0. ... 0. 0. 0.]
cvc_x_pos (2001,)
[0.00460083 0.00920213 0.00460129 ... 0.         0.         0.        ]
cvc_x_pos (2001,)
[0. 0. 0. ... 0. 0. 0.]
cvc_x_pos (2001,)
[0.00427034 0.00854207 0.00427172 ... 0.         0.         0.        ]
cvc_x_pos (2001,)
[0.00326834 0.00653663 0.00326829 ... 0.         0.         0.        ]
cvc_x_pos (2001,)
[0.00438515 0.00877167 0.0043865  ... 0.         0.         0.        ]
cvc_x_pos (2001,)
[0.0038983  0.0077973  0.00389899 ... 0.         0.         0.        ]
cvc_x_pos (2001,)
[0.00429807 0.0085979  0.00429982 ... 0.         0.         0.        ]
cvc_x_pos (2001,)
[0. 0. 0. ... 0. 0. 0.]
cvc_x_pos (2001,)
[0. 0. 0. ... 0. 0. 0.]
cvc_x_pos (2001,)
[0. 0. 0. ... 0. 0. 0.]
cvc_x_pos (2001,)
[0. 0. 0. ... 0. 0. 0.]
cvc_x_pos (2001,)
[0. 0. 0. ... 0. 0. 0.]
cvc_x_pos (2001,)
[0. 0. 0. ... 0. 0. 0.]
cvc_x_pos (2001,)
[0. 0. 0. ... 0. 0. 0.]
cvc_x_pos (2001,)
[0. 0. 0. ... 0. 0. 0.]
cvc_x_pos (2001,)
[0. 0. 0. ... 0. 0. 0.]
cvc_x_pos (2001,)
[0. 0. 0. ... 0. 0. 0.]
cvc_x_pos (2001,)
[0. 0. 0. ... 0. 0. 0.]
cvc_x_pos (2001,)
[0. 0. 0. ... 0. 0. 0.]
cvc_x_pos (2001,)
[0. 0. 0. ... 0. 0. 0.]
cvc_x_pos (2001,)
[0. 0. 0. ... 0. 0. 0.]
cvc_x_pos (2001,)
[0. 0. 0. ... 0. 0. 0.]
cvc_x_pos (2001,)
[0. 0. 0. ... 0. 0. 0.]
cvc_x_pos (2001,)
[0. 0. 0. ... 0. 0. 0.]
cvc_x_pos (2001,)
[0. 0. 0. ... 0. 0. 0.]
cvc_x_pos (2001,)
[0. 0. 0. ... 0. 0. 0.]
cvc_x_pos (2001,)
[0. 0. 0. ... 0. 0. 0.]
cvc_x_pos (2001,)
[0. 0. 0. ... 0. 0. 0.]
cvc_x_pos (2001,)
[0. 0. 0. ... 0. 0. 0.]
cvc_x_pos (2001,)
[0. 0. 0. ... 0. 0. 0.]
cvc_x_pos (2001,)
[0. 0. 0. ... 0. 0. 0.]
cvc_x_pos (2001,)
[0. 0. 0. ... 0. 0. 0.]
cvc_x_pos (2001,)
[0. 0. 0. ... 0. 0. 0.]
cvc_x_pos (2001,)
[0. 0. 0. ... 0. 0. 0.]
cvc_x_pos (2001,)
[0. 0. 0. ... 0. 0. 0.]
cvc_x_pos (2001,)
[0. 0. 0. ... 0. 0. 0.]
cvc_x_pos (2001,)
[0. 0. 0. ... 0. 0. 0.]
cvc_x_pos (2001,)
[0. 0. 0. ... 0. 0. 0.]
cvc_x_pos (2001,)
[0. 0. 0. ... 0. 0. 0.]
cvc_x_pos (2001,)
[0. 0. 0. ... 0. 0. 0.]
cvc_x_pos (2001,)
[0. 0. 0. ... 0. 0. 0.]
cvc_x_pos (2001,)
[0. 0. 0. ... 0. 0. 0.]
cvc_x_pos (2001,)
[0. 0. 0. ... 0. 0. 0.]
cvc_x_pos (2001,)
[0. 0. 0. ... 0. 0. 0.]
cvc_x_pos (2001,)
[0. 0. 0. ... 0. 0. 0.]
cvc_x_pos (2001,)
[0. 0. 0. ... 0. 0. 0.]
cvc_x_pos (2001,)
[0.00396925 0.00793954 0.00397028 ... 0.         0.         0.        ]
cvc_x_pos (2001,)
[0.00419705 0.00839446 0.00419739 ... 0.         0.         0.        ]
cvc_x_pos (2001,)
[0. 0. 0. ... 0. 0. 0.]
cvc_x_pos (2001,)
[0.00447633 0.00895199 0.00447565 ... 0.         0.         0.        ]
cvc_x_pos (2001,)
[0.00381595 0.00763296 0.003817   ... 0.         0.         0.        ]
cvc_x_pos (2001,)
[0. 0. 0. ... 0. 0. 0.]
cvc_x_pos (2001,)
[0. 0. 0. ... 0. 0. 0.]
cvc_x_pos (2001,)
[0. 0. 0. ... 0. 0. 0.]
cvc_x_pos (2001,)
[0. 0. 0. ... 0. 0. 0.]
cvc_x_pos (2001,)
[0. 0. 0. ... 0. 0. 0.]
cvc_x_pos (2001,)
[0. 0. 0. ... 0. 0. 0.]
cvc_x_pos (2001,)
[0. 0. 0. ... 0. 0. 0.]
cvc_x_pos (2001,)
[0. 0. 0. ... 0. 0. 0.]
cvc_x_pos (2001,)
[0. 0. 0. ... 0. 0. 0.]
cvc_x_pos (2001,)
[0. 0. 0. ... 0. 0. 0.]
cvc_x_pos (2001,)
[0. 0. 0. ... 0. 0. 0.]
cvc_x_pos (2001,)
[0. 0. 0. ... 0. 0. 0.]
cvc_x_pos (2001,)
[0. 0. 0. ... 0. 0. 0.]
cvc_x_pos (2001,)
[0. 0. 0. ... 0. 0. 0.]
cvc_x_pos (2001,)
[0. 0. 0. ... 0. 0. 0.]
cvc_x_pos (2001,)
[0. 0. 0. ... 0. 0. 0.]
cvc_x_pos (2001,)
[0. 0. 0. ... 0. 0. 0.]
cvc_x_pos (2001,)
[0. 0. 0. ... 0. 0. 0.]
cvc_x_pos (2001,)
[0. 0. 0. ... 0. 0. 0.]
cvc_x_pos (2001,)
[0. 0. 0. ... 0. 0. 0.]
cvc_x_pos (2001,)
[0. 0. 0. ... 0. 0. 0.]
cvc_x_pos (2001,)
[0. 0. 0. ... 0. 0. 0.]
cvc_x_pos (2001,)
[0. 0. 0. ... 0. 0. 0.]
cvc_x_pos (2001,)
[0. 0. 0. ... 0. 0. 0.]
cvc_x_pos (2001,)
[0. 0. 0. ... 0. 0. 0.]
cvc_x_pos (2001,)
[0. 0. 0. ... 0. 0. 0.]
cvc_x_pos (2001,)
[0. 0. 0. ... 0. 0. 0.]
cvc_x_pos (2001,)
[0. 0. 0. ... 0. 0. 0.]
cvc_x_pos (2001,)
[0. 0. 0. ... 0. 0. 0.]
cvc_x_pos (2001,)
[0. 0. 0. ... 0. 0. 0.]
cvc_x_pos (2001,)
[0. 0. 0. ... 0. 0. 0.]
cvc_x_pos (2001,)
[0. 0. 0. ... 0. 0. 0.]
cvc_x_pos (2001,)
[0. 0. 0. ... 0. 0. 0.]
cvc_x_pos (2001,)
[0.00442214 0.00884575 0.00442359 ... 0.         0.         0.        ]
cvc_x_pos (2001,)
[0.00373742 0.00747554 0.00373811 ... 0.         0.         0.        ]
cvc_x_pos (2001,)
[0.00437658 0.00875234 0.00437575 ... 0.         0.         0.        ]
cvc_x_pos (2001,)
[0. 0. 0. ... 0. 0. 0.]
cvc_x_pos (2001,)
[0.00410433 0.00820711 0.00410277 ... 0.         0.         0.        ]
cvc_x_pos (2001,)
[0.         0.         0.00367947 ... 0.         0.         0.        ]
cvc_x_pos (2001,)
[0. 0. 0. ... 0. 0. 0.]
cvc_x_pos (2001,)
[0. 0. 0. ... 0. 0. 0.]
cvc_x_pos (2001,)
[0. 0. 0. ... 0. 0. 0.]
cvc_x_pos (2001,)
[0. 0. 0. ... 0. 0. 0.]
cvc_x_pos (2001,)
[0. 0. 0. ... 0. 0. 0.]
cvc_x_pos (2001,)
[0. 0. 0. ... 0. 0. 0.]
cvc_x_pos (2001,)
[0. 0. 0. ... 0. 0. 0.]
cvc_x_pos (2001,)
[0. 0. 0. ... 0. 0. 0.]
cvc_x_pos (2001,)
[0. 0. 0. ... 0. 0. 0.]
cvc_x_pos (2001,)
[0. 0. 0. ... 0. 0. 0.]
cvc_x_pos (2001,)
[0. 0. 0. ... 0. 0. 0.]
cvc_x_pos (2001,)
[0. 0. 0. ... 0. 0. 0.]
cvc_x_pos (2001,)
[0. 0. 0. ... 0. 0. 0.]
cvc_x_pos (2001,)
[0. 0. 0. ... 0. 0. 0.]
cvc_x_pos (2001,)
[0. 0. 0. ... 0. 0. 0.]
cvc_x_pos (2001,)
[0. 0. 0. ... 0. 0. 0.]
cvc_x_pos (2001,)
[0. 0. 0. ... 0. 0. 0.]
cvc_x_pos (2001,)
[0. 0. 0. ... 0. 0. 0.]
cvc_x_pos (2001,)
[0. 0. 0. ... 0. 0. 0.]
cvc_x_pos (2001,)
[0. 0. 0. ... 0. 0. 0.]
cvc_x_pos (2001,)
[0. 0. 0. ... 0. 0. 0.]
cvc_x_pos (2001,)
[0. 0. 0. ... 0. 0. 0.]
cvc_x_pos (2001,)
[0. 0. 0. ... 0. 0. 0.]
cvc_x_pos (2001,)
[0. 0. 0. ... 0. 0. 0.]
cvc_x_pos (2001,)
[0. 0. 0. ... 0. 0. 0.]
cvc_x_pos (2001,)
[0. 0. 0. ... 0. 0. 0.]
cvc_x_pos (2001,)
[0.         0.00761328 0.00380747 ... 0.         0.         0.        ]
cvc_x_pos (2001,)
[0.00310894 0.00621731 0.00310837 ... 0.         0.         0.        ]
cvc_x_pos (2001,)
[0.00451478 0.0090314  0.0045166  ... 0.         0.         0.        ]
cvc_x_pos (2001,)
[0.00390635 0.00781162 0.00390526 ... 0.         0.         0.        ]
cvc_x_pos (2001,)
[0. 0. 0. ... 0. 0. 0.]
cvc_x_pos (2001,)
[0. 0. 0. ... 0. 0. 0.]
cvc_x_pos (2001,)
[0. 0. 0. ... 0. 0. 0.]
cvc_x_pos (2001,)
[0. 0. 0. ... 0. 0. 0.]
cvc_x_pos (2001,)
[0. 0. 0. ... 0. 0. 0.]
cvc_x_pos (2001,)
[0. 0. 0. ... 0. 0. 0.]
cvc_x_pos (2001,)
[0. 0. 0. ... 0. 0. 0.]
cvc_x_pos (2001,)
[0. 0. 0. ... 0. 0. 0.]
cvc_x_pos (2001,)
[0. 0. 0. ... 0. 0. 0.]
cvc_x_pos (2001,)
[0. 0. 0. ... 0. 0. 0.]
cvc_x_pos (2001,)
[0. 0. 0. ... 0. 0. 0.]
cvc_x_pos (2001,)
[0. 0. 0. ... 0. 0. 0.]
cvc_x_pos (2001,)
[0. 0. 0. ... 0. 0. 0.]
cvc_x_pos (2001,)
[0. 0. 0. ... 0. 0. 0.]
cvc_x_pos (2001,)
[0. 0. 0. ... 0. 0. 0.]
cvc_x_pos (2001,)
[0. 0. 0. ... 0. 0. 0.]
cvc_x_pos (2001,)
[0. 0. 0. ... 0. 0. 0.]
cvc_x_pos (2001,)
[0. 0. 0. ... 0. 0. 0.]
cvc_x_pos (2001,)
[0. 0. 0. ... 0. 0. 0.]
cvc_x_pos (2001,)
[0. 0. 0. ... 0. 0. 0.]
cvc_x_pos (2001,)
[0. 0. 0. ... 0. 0. 0.]
cvc_x_pos (2001,)
[0. 0. 0. ... 0. 0. 0.]
cvc_x_pos (2001,)
[0. 0. 0. ... 0. 0. 0.]
cvc_x_pos (2001,)
[0. 0. 0. ... 0. 0. 0.]
cvc_x_pos (2001,)
[0.00357368 0.00714815 0.00357447 ... 0.         0.         0.        ]
cvc_x_pos (2001,)
[0.00445465 0.00890752 0.00445285 ... 0.         0.         0.        ]
cvc_x_pos (2001,)
[0.00389704 0.00779328 0.00389623 ... 0.         0.         0.        ]
cvc_x_pos (2001,)
[0.00388125 0.00776166 0.0038804  ... 0.         0.         0.        ]
cvc_x_pos (2001,)
[0.00460956 0.00922137 0.00461179 ... 0.         0.         0.        ]
cvc_x_pos (2001,)
[0. 0. 0. ... 0. 0. 0.]
cvc_x_pos (2001,)
[0.0043031  0.0086068  0.00430369 ... 0.         0.         0.        ]
cvc_x_pos (2001,)
[0. 0. 0. ... 0. 0. 0.]
cvc_x_pos (2001,)
[0. 0. 0. ... 0. 0. 0.]
cvc_x_pos (2001,)
[0. 0. 0. ... 0. 0. 0.]
cvc_x_pos (2001,)
[0. 0. 0. ... 0. 0. 0.]
cvc_x_pos (2001,)
[0. 0. 0. ... 0. 0. 0.]
cvc_x_pos (2001,)
[0. 0. 0. ... 0. 0. 0.]
cvc_x_pos (2001,)
[0. 0. 0. ... 0. 0. 0.]
cvc_x_pos (2001,)
[0. 0. 0. ... 0. 0. 0.]
cvc_x_pos (2001,)
[0. 0. 0. ... 0. 0. 0.]
cvc_x_pos (2001,)
[0. 0. 0. ... 0. 0. 0.]
cvc_x_pos (2001,)
[0. 0. 0. ... 0. 0. 0.]
cvc_x_pos (2001,)
[0. 0. 0. ... 0. 0. 0.]
cvc_x_pos (2001,)
[0. 0. 0. ... 0. 0. 0.]
cvc_x_pos (2001,)
[0. 0. 0. ... 0. 0. 0.]
cvc_x_pos (2001,)
[0. 0. 0. ... 0. 0. 0.]
cvc_x_pos (2001,)
[0. 0. 0. ... 0. 0. 0.]
cvc_x_pos (2001,)
[0. 0. 0. ... 0. 0. 0.]
cvc_x_pos (2001,)
[0. 0. 0. ... 0. 0. 0.]
cvc_x_pos (2001,)
[0. 0. 0. ... 0. 0. 0.]
cvc_x_pos (2001,)
[0. 0. 0. ... 0. 0. 0.]
cvc_x_pos (2001,)
[0. 0. 0. ... 0. 0. 0.]
cvc_x_pos (2001,)
[0. 0. 0. ... 0. 0. 0.]
cvc_x_pos (2001,)
[0. 0. 0. ... 0. 0. 0.]
cvc_x_pos (2001,)
[0.00451382 0.0090285  0.00451467 ... 0.         0.         0.        ]
cvc_x_pos (2001,)
[0. 0. 0. ... 0. 0. 0.]
cvc_x_pos (2001,)
[0. 0. 0. ... 0. 0. 0.]
cvc_x_pos (2001,)
[0. 0. 0. ... 0. 0. 0.]
cvc_x_pos (2001,)
[0. 0. 0. ... 0. 0. 0.]
cvc_x_pos (2001,)
[0. 0. 0. ... 0. 0. 0.]
cvc_x_pos (2001,)
[0. 0. 0. ... 0. 0. 0.]
cvc_x_pos (2001,)
[0.00414326 0.00828507 0.0041418  ... 0.         0.         0.        ]
cvc_x_pos (2001,)
[0. 0. 0. ... 0. 0. 0.]
cvc_x_pos (2001,)
[0.00394124 0.00788158 0.00394032 ... 0.         0.         0.        ]
cvc_x_pos (2001,)
[0. 0. 0. ... 0. 0. 0.]
cvc_x_pos (2001,)
[0.00419769 0.0083956  0.0041979  ... 0.         0.         0.        ]
cvc_x_pos (2001,)
[0. 0. 0. ... 0. 0. 0.]
cvc_x_pos (2001,)
[0.00448839 0.00897557 0.00448717 ... 0.         0.         0.        ]
cvc_x_pos (2001,)
[0.00474993 0.00949894 0.00474898 ... 0.         0.         0.        ]
cvc_x_pos (2001,)
[0.00329496 0.00658867 0.00329371 ... 0.         0.         0.        ]
cvc_x_pos (2001,)
[0.00380757 0.00761676 0.00380918 ... 0.         0.         0.        ]
cvc_x_pos (2001,)
[0. 0. 0. ... 0. 0. 0.]
cvc_x_pos (2001,)
[0. 0. 0. ... 0. 0. 0.]
cvc_x_pos (2001,)
[0. 0. 0. ... 0. 0. 0.]
cvc_x_pos (2001,)
[0. 0. 0. ... 0. 0. 0.]
cvc_x_pos (2001,)
[0. 0. 0. ... 0. 0. 0.]
cvc_x_pos (2001,)
[0. 0. 0. ... 0. 0. 0.]
cvc_x_pos (2001,)
[0. 0. 0. ... 0. 0. 0.]
cvc_x_pos (2001,)
[0. 0. 0. ... 0. 0. 0.]
cvc_x_pos (2001,)
[0. 0. 0. ... 0. 0. 0.]
cvc_x_pos (2001,)
[0. 0. 0. ... 0. 0. 0.]
cvc_x_pos (2001,)
[0. 0. 0. ... 0. 0. 0.]
cvc_x_pos (2001,)
[0. 0. 0. ... 0. 0. 0.]
cvc_x_pos (2001,)
[0. 0. 0. ... 0. 0. 0.]
cvc_x_pos (2001,)
[0. 0. 0. ... 0. 0. 0.]
cvc_x_pos (2001,)
[0. 0. 0. ... 0. 0. 0.]
cvc_x_pos (2001,)
[0. 0. 0. ... 0. 0. 0.]
cvc_x_pos (2001,)
[0. 0. 0. ... 0. 0. 0.]
cvc_x_pos (2001,)
[0. 0. 0. ... 0. 0. 0.]
cvc_x_pos (2001,)
[0. 0. 0. ... 0. 0. 0.]
cvc_x_pos (2001,)
[0. 0. 0. ... 0. 0. 0.]
cvc_x_pos (2001,)
[0. 0. 0. ... 0. 0. 0.]
cvc_x_pos (2001,)
[0. 0. 0. ... 0. 0. 0.]
cvc_x_pos (2001,)
[0.00382304 0.00764738 0.00382433 ... 0.         0.         0.        ]
cvc_x_pos (2001,)
[0.00402517 0.00804968 0.00402449 ... 0.         0.         0.        ]
cvc_x_pos (2001,)
[0. 0. 0. ... 0. 0. 0.]
cvc_x_pos (2001,)
[0. 0. 0. ... 0. 0. 0.]
cvc_x_pos (2001,)
[0. 0. 0. ... 0. 0. 0.]
cvc_x_pos (2001,)
[0. 0. 0. ... 0. 0. 0.]
cvc_x_pos (2001,)
[0. 0. 0. ... 0. 0. 0.]
cvc_x_pos (2001,)
[0. 0. 0. ... 0. 0. 0.]
cvc_x_pos (2001,)
[0. 0. 0. ... 0. 0. 0.]
cvc_x_pos (2001,)
[0. 0. 0. ... 0. 0. 0.]
cvc_x_pos (2001,)
[0. 0. 0. ... 0. 0. 0.]
cvc_x_pos (2001,)
[0. 0. 0. ... 0. 0. 0.]
cvc_x_pos (2001,)
[0. 0. 0. ... 0. 0. 0.]
cvc_x_pos (2001,)
[0. 0. 0. ... 0. 0. 0.]
cvc_x_pos (2001,)
[0. 0. 0. ... 0. 0. 0.]
cvc_x_pos (2001,)
[0. 0. 0. ... 0. 0. 0.]
cvc_x_pos (2001,)
[0. 0. 0. ... 0. 0. 0.]
cvc_x_pos (2001,)
[0. 0. 0. ... 0. 0. 0.]
cvc_x_pos (2001,)
[0. 0. 0. ... 0. 0. 0.]
cvc_x_pos (2001,)
[0.00429742 0.00859308 0.00429564 ... 0.         0.         0.        ]
cvc_x_pos (2001,)
[0. 0. 0. ... 0. 0. 0.]
cvc_x_pos (2001,)
[0.00404587 0.00809167 0.00404579 ... 0.         0.         0.        ]
cvc_x_pos (2001,)
[0. 0. 0. ... 0. 0. 0.]
cvc_x_pos (2001,)
[0.00423149 0.00846347 0.00423196 ... 0.         0.         0.        ]
cvc_x_pos (2001,)
[0. 0. 0. ... 0. 0. 0.]
cvc_x_pos (2001,)
[0.00425726 0.0085133  0.00425603 ... 0.         0.         0.        ]
cvc_x_pos (2001,)
[0. 0. 0. ... 0. 0. 0.]
cvc_x_pos (2001,)
[0.00431034 0.00861935 0.004309   ... 0.         0.         0.        ]
cvc_x_pos (2001,)
[0.00427339 0.00854546 0.00427206 ... 0.         0.         0.        ]
cvc_x_pos (2001,)
[0. 0. 0. ... 0. 0. 0.]
cvc_x_pos (2001,)
[0.00372928 0.0074583  0.00372901 ... 0.         0.         0.        ]
cvc_x_pos (2001,)
[0. 0. 0. ... 0. 0. 0.]
cvc_x_pos (2001,)
[0. 0. 0. ... 0. 0. 0.]
cvc_x_pos (2001,)
[0. 0. 0. ... 0. 0. 0.]
cvc_x_pos (2001,)
[0. 0. 0. ... 0. 0. 0.]
cvc_x_pos (2001,)
[0. 0. 0. ... 0. 0. 0.]
cvc_x_pos (2001,)
[0. 0. 0. ... 0. 0. 0.]
cvc_x_pos (2001,)
[0. 0. 0. ... 0. 0. 0.]
cvc_x_pos (2001,)
[0. 0. 0. ... 0. 0. 0.]
cvc_x_pos (2001,)
[0. 0. 0. ... 0. 0. 0.]
cvc_x_pos (2001,)
[0. 0. 0. ... 0. 0. 0.]
cvc_x_pos (2001,)
[0. 0. 0. ... 0. 0. 0.]
cvc_x_pos (2001,)
[0. 0. 0. ... 0. 0. 0.]
cvc_x_pos (2001,)
[0. 0. 0. ... 0. 0. 0.]
cvc_x_pos (2001,)
[0. 0. 0. ... 0. 0. 0.]
cvc_x_pos (2001,)
[0. 0. 0. ... 0. 0. 0.]
cvc_x_pos (2001,)
[0. 0. 0. ... 0. 0. 0.]
cvc_x_pos (2001,)
[0. 0. 0. ... 0. 0. 0.]
cvc_x_pos (2001,)
[0. 0. 0. ... 0. 0. 0.]
cvc_x_pos (2001,)
[0. 0. 0. ... 0. 0. 0.]
cvc_x_pos (2001,)
[0. 0. 0. ... 0. 0. 0.]
cvc_x_pos (2001,)
[0.00350738 0.00701567 0.00350828 ... 0.         0.         0.        ]
cvc_x_pos (2001,)
[0.00433176 0.00866158 0.0043298  ... 0.         0.         0.        ]
cvc_x_pos (2001,)
[0. 0. 0. ... 0. 0. 0.]
cvc_x_pos (2001,)
[0. 0. 0. ... 0. 0. 0.]
cvc_x_pos (2001,)
[0. 0. 0. ... 0. 0. 0.]
cvc_x_pos (2001,)
[0. 0. 0. ... 0. 0. 0.]
cvc_x_pos (2001,)
[0. 0. 0. ... 0. 0. 0.]
cvc_x_pos (2001,)
[0. 0. 0. ... 0. 0. 0.]
cvc_x_pos (2001,)
[0. 0. 0. ... 0. 0. 0.]
cvc_x_pos (2001,)
[0. 0. 0. ... 0. 0. 0.]
cvc_x_pos (2001,)
[0. 0. 0. ... 0. 0. 0.]
cvc_x_pos (2001,)
[0. 0. 0. ... 0. 0. 0.]
cvc_x_pos (2001,)
[0. 0. 0. ... 0. 0. 0.]
cvc_x_pos (2001,)
[0. 0. 0. ... 0. 0. 0.]
cvc_x_pos (2001,)
[0. 0. 0. ... 0. 0. 0.]
cvc_x_pos (2001,)
[0. 0. 0. ... 0. 0. 0.]
cvc_x_pos (2001,)
[0. 0. 0. ... 0. 0. 0.]
cvc_x_pos (2001,)
[0. 0. 0. ... 0. 0. 0.]
cvc_x_pos (2001,)
[0. 0. 0. ... 0. 0. 0.]
cvc_x_pos (2001,)
[0. 0. 0. ... 0. 0. 0.]
cvc_x_pos (2001,)
[0. 0. 0. ... 0. 0. 0.]
cvc_x_pos (2001,)
[0. 0. 0. ... 0. 0. 0.]
cvc_x_pos (2001,)
[0. 0. 0. ... 0. 0. 0.]
cvc_x_pos (2001,)
[0. 0. 0. ... 0. 0. 0.]
cvc_x_pos (2001,)
[0. 0. 0. ... 0. 0. 0.]
cvc_x_pos (2001,)
[0. 0. 0. ... 0. 0. 0.]
cvc_x_pos (2001,)
[0. 0. 0. ... 0. 0. 0.]
cvc_x_pos (2001,)
[0. 0. 0. ... 0. 0. 0.]
cvc_x_pos (2001,)
[0. 0. 0. ... 0. 0. 0.]
cvc_x_pos (2001,)
[0.0041608  0.00831965 0.00415884 ... 0.         0.         0.        ]
cvc_x_pos (2001,)
[0.00497143 0.00994091 0.00496946 ... 0.         0.         0.        ]
cvc_x_pos (2001,)
[0.00271188 0.00542297 0.00271109 ... 0.         0.         0.        ]
cvc_x_pos (2001,)
[0.00505735 0.01011606 0.00505868 ... 0.         0.         0.        ]
cvc_x_pos (2001,)
[0. 0. 0. ... 0. 0. 0.]
cvc_x_pos (2001,)
[0.00444559 0.00889249 0.00444689 ... 0.         0.         0.        ]
cvc_x_pos (2001,)
[0. 0. 0. ... 0. 0. 0.]
cvc_x_pos (2001,)
[0. 0. 0. ... 0. 0. 0.]
cvc_x_pos (2001,)
[0. 0. 0. ... 0. 0. 0.]
cvc_x_pos (2001,)
[0. 0. 0. ... 0. 0. 0.]
cvc_x_pos (2001,)
[0. 0. 0. ... 0. 0. 0.]
cvc_x_pos (2001,)
[0. 0. 0. ... 0. 0. 0.]
cvc_x_pos (2001,)
[0. 0. 0. ... 0. 0. 0.]
cvc_x_pos (2001,)
[0. 0. 0. ... 0. 0. 0.]
cvc_x_pos (2001,)
[0. 0. 0. ... 0. 0. 0.]
cvc_x_pos (2001,)
[0. 0. 0. ... 0. 0. 0.]
cvc_x_pos (2001,)
[0. 0. 0. ... 0. 0. 0.]
cvc_x_pos (2001,)
[0. 0. 0. ... 0. 0. 0.]
cvc_x_pos (2001,)
[0. 0. 0. ... 0. 0. 0.]
cvc_x_pos (2001,)
[0. 0. 0. ... 0. 0. 0.]
cvc_x_pos (2001,)
[0. 0. 0. ... 0. 0. 0.]
cvc_x_pos (2001,)
[0. 0. 0. ... 0. 0. 0.]
cvc_x_pos (2001,)
[0. 0. 0. ... 0. 0. 0.]
cvc_x_pos (2001,)
[0. 0. 0. ... 0. 0. 0.]
cvc_x_pos (2001,)
[0. 0. 0. ... 0. 0. 0.]
cvc_x_pos (2001,)
[0.00441672 0.00883408 0.00441735 ... 0.         0.         0.        ]
cvc_x_pos (2001,)
[0. 0. 0. ... 0. 0. 0.]
cvc_x_pos (2001,)
[0. 0. 0. ... 0. 0. 0.]
cvc_x_pos (2001,)
[0. 0. 0. ... 0. 0. 0.]
cvc_x_pos (2001,)
[0. 0. 0. ... 0. 0. 0.]
cvc_x_pos (2001,)
[0. 0. 0. ... 0. 0. 0.]
cvc_x_pos (2001,)
[0. 0. 0. ... 0. 0. 0.]
cvc_x_pos (2001,)
[0. 0. 0. ... 0. 0. 0.]
cvc_x_pos (2001,)
[0. 0. 0. ... 0. 0. 0.]
cvc_x_pos (2001,)
[0. 0. 0. ... 0. 0. 0.]
cvc_x_pos (2001,)
[0. 0. 0. ... 0. 0. 0.]
cvc_x_pos (2001,)
[0. 0. 0. ... 0. 0. 0.]
cvc_x_pos (2001,)
[0. 0. 0. ... 0. 0. 0.]
cvc_x_pos (2001,)
[0. 0. 0. ... 0. 0. 0.]
cvc_x_pos (2001,)
[0. 0. 0. ... 0. 0. 0.]
cvc_x_pos (2001,)
[0. 0. 0. ... 0. 0. 0.]
cvc_x_pos (2001,)
[0. 0. 0. ... 0. 0. 0.]
cvc_x_pos (2001,)
[0. 0. 0. ... 0. 0. 0.]
cvc_x_pos (2001,)
[0. 0. 0. ... 0. 0. 0.]
cvc_x_pos (2001,)
[0. 0. 0. ... 0. 0. 0.]
cvc_x_pos (2001,)
[0. 0. 0. ... 0. 0. 0.]
cvc_x_pos (2001,)
[0. 0. 0. ... 0. 0. 0.]
cvc_x_pos (2001,)
[0. 0. 0. ... 0. 0. 0.]
cvc_x_pos (2001,)
[0. 0. 0. ... 0. 0. 0.]
cvc_x_pos (2001,)
[0. 0. 0. ... 0. 0. 0.]
cvc_x_pos (2001,)
[0. 0. 0. ... 0. 0. 0.]
cvc_x_pos (2001,)
[0. 0. 0. ... 0. 0. 0.]
cvc_x_pos (2001,)
[0. 0. 0. ... 0. 0. 0.]
cvc_x_pos (2001,)
[0. 0. 0. ... 0. 0. 0.]
cvc_x_pos (2001,)
[0. 0. 0. ... 0. 0. 0.]
cvc_x_pos (2001,)
[0. 0. 0. ... 0. 0. 0.]
cvc_x_pos (2001,)
[0. 0. 0. ... 0. 0. 0.]
cvc_x_pos (2001,)
[0. 0. 0. ... 0. 0. 0.]
cvc_x_pos (2001,)
[0. 0. 0. ... 0. 0. 0.]
cvc_x_pos (2001,)
[0. 0. 0. ... 0. 0. 0.]
cvc_x_pos (2001,)
[0. 0. 0. ... 0. 0. 0.]
cvc_x_pos (2001,)
[0. 0. 0. ... 0. 0. 0.]
cvc_x_pos (2001,)
[0. 0. 0. ... 0. 0. 0.]
cvc_x_pos (2001,)
[0.00402939 0.00805703 0.00402764 ... 0.         0.         0.        ]
cvc_x_pos (2001,)
[0.00397484 0.00794887 0.00397402 ... 0.         0.         0.        ]
cvc_x_pos (2001,)
[0. 0. 0. ... 0. 0. 0.]
cvc_x_pos (2001,)
[0. 0. 0. ... 0. 0. 0.]
cvc_x_pos (2001,)
[0.00339651 0.00679249 0.00339598 ... 0.         0.         0.        ]
cvc_x_pos (2001,)
[0.00366778 0.00733481 0.00366703 ... 0.         0.         0.        ]
cvc_x_pos (2001,)
[0.00411047 0.00822283 0.00411235 ... 0.         0.         0.        ]
cvc_x_pos (2001,)
[0.00367509 0.00735001 0.00367491 ... 0.         0.         0.        ]
cvc_x_pos (2001,)
[0. 0. 0. ... 0. 0. 0.]
cvc_x_pos (2001,)
[0. 0. 0. ... 0. 0. 0.]
cvc_x_pos (2001,)
[0. 0. 0. ... 0. 0. 0.]
cvc_x_pos (2001,)
[0. 0. 0. ... 0. 0. 0.]
cvc_x_pos (2001,)
[0. 0. 0. ... 0. 0. 0.]
cvc_x_pos (2001,)
[0. 0. 0. ... 0. 0. 0.]
cvc_x_pos (2001,)
[0. 0. 0. ... 0. 0. 0.]
cvc_x_pos (2001,)
[0. 0. 0. ... 0. 0. 0.]
cvc_x_pos (2001,)
[0. 0. 0. ... 0. 0. 0.]
cvc_x_pos (2001,)
[0. 0. 0. ... 0. 0. 0.]
cvc_x_pos (2001,)
[0. 0. 0. ... 0. 0. 0.]
cvc_x_pos (2001,)
[0. 0. 0. ... 0. 0. 0.]
cvc_x_pos (2001,)
[0. 0. 0. ... 0. 0. 0.]
cvc_x_pos (2001,)
[0. 0. 0. ... 0. 0. 0.]
cvc_x_pos (2001,)
[0. 0. 0. ... 0. 0. 0.]
cvc_x_pos (2001,)
[0. 0. 0. ... 0. 0. 0.]
cvc_x_pos (2001,)
[0. 0. 0. ... 0. 0. 0.]
cvc_x_pos (2001,)
[0. 0. 0. ... 0. 0. 0.]
cvc_x_pos (2001,)
[0. 0. 0. ... 0. 0. 0.]
cvc_x_pos (2001,)
[0. 0. 0. ... 0. 0. 0.]
cvc_x_pos (2001,)
[0. 0. 0. ... 0. 0. 0.]
cvc_x_pos (2001,)
[0. 0. 0. ... 0. 0. 0.]
cvc_x_pos (2001,)
[0. 0. 0. ... 0. 0. 0.]
cvc_x_pos (2001,)
[0. 0. 0. ... 0. 0. 0.]
cvc_x_pos (2001,)
[0. 0. 0. ... 0. 0. 0.]
cvc_x_pos (2001,)
[0. 0. 0. ... 0. 0. 0.]
cvc_x_pos (2001,)
[0. 0. 0. ... 0. 0. 0.]
cvc_x_pos (2001,)
[0. 0. 0. ... 0. 0. 0.]
cvc_x_pos (2001,)
[0. 0. 0. ... 0. 0. 0.]
cvc_x_pos (2001,)
[0. 0. 0. ... 0. 0. 0.]
cvc_x_pos (2001,)
[0. 0. 0. ... 0. 0. 0.]
cvc_x_pos (2001,)
[0. 0. 0. ... 0. 0. 0.]
cvc_x_pos (2001,)
[0. 0. 0. ... 0. 0. 0.]
cvc_x_pos (2001,)
[0. 0. 0. ... 0. 0. 0.]
cvc_x_pos (2001,)
[0. 0. 0. ... 0. 0. 0.]
cvc_x_pos (2001,)
[0. 0. 0. ... 0. 0. 0.]
cvc_x_pos (2001,)
[0. 0. 0. ... 0. 0. 0.]
cvc_x_pos (2001,)
[0. 0. 0. ... 0. 0. 0.]
cvc_x_pos (2001,)
[0. 0. 0. ... 0. 0. 0.]
cvc_x_pos (2001,)
[0. 0. 0. ... 0. 0. 0.]
cvc_x_pos (2001,)
[0. 0. 0. ... 0. 0. 0.]
cvc_x_pos (2001,)
[0. 0. 0. ... 0. 0. 0.]
cvc_x_pos (2001,)
[0. 0. 0. ... 0. 0. 0.]
cvc_x_pos (2001,)
[0. 0. 0. ... 0. 0. 0.]
cvc_x_pos (2001,)
[0. 0. 0. ... 0. 0. 0.]
cvc_x_pos (2001,)
[0. 0. 0. ... 0. 0. 0.]
cvc_x_pos (2001,)
[0. 0. 0. ... 0. 0. 0.]
cvc_x_pos (2001,)
[0. 0. 0. ... 0. 0. 0.]
cvc_x_pos (2001,)
[0. 0. 0. ... 0. 0. 0.]
cvc_x_pos (2001,)
[0.0046144  0.00923093 0.00461651 ... 0.         0.         0.        ]
cvc_x_pos (2001,)
[0. 0. 0. ... 0. 0. 0.]
cvc_x_pos (2001,)
[0.00474499 0.00949124 0.00474623 ... 0.         0.         0.        ]
cvc_x_pos (2001,)
[0. 0. 0. ... 0. 0. 0.]
cvc_x_pos (2001,)
[0.00397909 0.00795944 0.00398035 ... 0.         0.         0.        ]
cvc_x_pos (2001,)
[0.00353285 0.00706556 0.0035327  ... 0.         0.         0.        ]
cvc_x_pos (2001,)
[0.00334888 0.00669713 0.00334825 ... 0.         0.         0.        ]
cvc_x_pos (2001,)
[0. 0. 0. ... 0. 0. 0.]
cvc_x_pos (2001,)
[0. 0. 0. ... 0. 0. 0.]
cvc_x_pos (2001,)
[0. 0. 0. ... 0. 0. 0.]
cvc_x_pos (2001,)
[0. 0. 0. ... 0. 0. 0.]
cvc_x_pos (2001,)
[0. 0. 0. ... 0. 0. 0.]
cvc_x_pos (2001,)
[0. 0. 0. ... 0. 0. 0.]
cvc_x_pos (2001,)
[0. 0. 0. ... 0. 0. 0.]
cvc_x_pos (2001,)
[0. 0. 0. ... 0. 0. 0.]
cvc_x_pos (2001,)
[0. 0. 0. ... 0. 0. 0.]
cvc_x_pos (2001,)
[0. 0. 0. ... 0. 0. 0.]
cvc_x_pos (2001,)
[0. 0. 0. ... 0. 0. 0.]
cvc_x_pos (2001,)
[0. 0. 0. ... 0. 0. 0.]
cvc_x_pos (2001,)
[0. 0. 0. ... 0. 0. 0.]
cvc_x_pos (2001,)
[0. 0. 0. ... 0. 0. 0.]
cvc_x_pos (2001,)
[0. 0. 0. ... 0. 0. 0.]
cvc_x_pos (2001,)
[0. 0. 0. ... 0. 0. 0.]
cvc_x_pos (2001,)
[0. 0. 0. ... 0. 0. 0.]
cvc_x_pos (2001,)
[0. 0. 0. ... 0. 0. 0.]
cvc_x_pos (2001,)
[0. 0. 0. ... 0. 0. 0.]
cvc_x_pos (2001,)
[0. 0. 0. ... 0. 0. 0.]
cvc_x_pos (2001,)
[0. 0. 0. ... 0. 0. 0.]
cvc_x_pos (2001,)
[0. 0. 0. ... 0. 0. 0.]
cvc_x_pos (2001,)
[0. 0. 0. ... 0. 0. 0.]
cvc_x_pos (2001,)
[0. 0. 0. ... 0. 0. 0.]
cvc_x_pos (2001,)
[0. 0. 0. ... 0. 0. 0.]
cvc_x_pos (2001,)
[0. 0. 0. ... 0. 0. 0.]
cvc_x_pos (2001,)
[0. 0. 0. ... 0. 0. 0.]
cvc_x_pos (2001,)
[0. 0. 0. ... 0. 0. 0.]
cvc_x_pos (2001,)
[0. 0. 0. ... 0. 0. 0.]
cvc_x_pos (2001,)
[0. 0. 0. ... 0. 0. 0.]
cvc_x_pos (2001,)
[0. 0. 0. ... 0. 0. 0.]
cvc_x_pos (2001,)
[0. 0. 0. ... 0. 0. 0.]
cvc_x_pos (2001,)
[0. 0. 0. ... 0. 0. 0.]
cvc_x_pos (2001,)
[0. 0. 0. ... 0. 0. 0.]
cvc_x_pos (2001,)
[0. 0. 0. ... 0. 0. 0.]
cvc_x_pos (2001,)
[0. 0. 0. ... 0. 0. 0.]
cvc_x_pos (2001,)
[0. 0. 0. ... 0. 0. 0.]
cvc_x_pos (2001,)
[0. 0. 0. ... 0. 0. 0.]
cvc_x_pos (2001,)
[0.0043284  0.00865881 0.0043304  ... 0.         0.         0.        ]
cvc_x_pos (2001,)
[0. 0. 0. ... 0. 0. 0.]
cvc_x_pos (2001,)
[0.0047182  0.00943784 0.00471963 ... 0.         0.         0.        ]
cvc_x_pos (2001,)
[0.00347602 0.00695271 0.00347669 ... 0.         0.         0.        ]
cvc_x_pos (2001,)
[0.00427523 0.00855166 0.00427641 ... 0.         0.         0.        ]
cvc_x_pos (2001,)
[0.00353434 0.00706997 0.00353563 ... 0.         0.         0.        ]
cvc_x_pos (2001,)
[0.00382631 0.00765208 0.00382576 ... 0.         0.         0.        ]
cvc_x_pos (2001,)
[0. 0. 0. ... 0. 0. 0.]
cvc_x_pos (2001,)
[0.0039724  0.00794385 0.00397144 ... 0.         0.         0.        ]
cvc_x_pos (2001,)
[0. 0. 0. ... 0. 0. 0.]
cvc_x_pos (2001,)
[0. 0. 0. ... 0. 0. 0.]
cvc_x_pos (2001,)
[0. 0. 0. ... 0. 0. 0.]
cvc_x_pos (2001,)
[0. 0. 0. ... 0. 0. 0.]
cvc_x_pos (2001,)
[0. 0. 0. ... 0. 0. 0.]
cvc_x_pos (2001,)
[0. 0. 0. ... 0. 0. 0.]
cvc_x_pos (2001,)
[0. 0. 0. ... 0. 0. 0.]
cvc_x_pos (2001,)
[0. 0. 0. ... 0. 0. 0.]
cvc_x_pos (2001,)
[0. 0. 0. ... 0. 0. 0.]
cvc_x_pos (2001,)
[0. 0. 0. ... 0. 0. 0.]
cvc_x_pos (2001,)
[0. 0. 0. ... 0. 0. 0.]
cvc_x_pos (2001,)
[0. 0. 0. ... 0. 0. 0.]
cvc_x_pos (2001,)
[0. 0. 0. ... 0. 0. 0.]
cvc_x_pos (2001,)
[0. 0. 0. ... 0. 0. 0.]
cvc_x_pos (2001,)
[0. 0. 0. ... 0. 0. 0.]
cvc_x_pos (2001,)
[0. 0. 0. ... 0. 0. 0.]
cvc_x_pos (2001,)
[0. 0. 0. ... 0. 0. 0.]
cvc_x_pos (2001,)
[0. 0. 0. ... 0. 0. 0.]
cvc_x_pos (2001,)
[0. 0. 0. ... 0. 0. 0.]
cvc_x_pos (2001,)
[0. 0. 0. ... 0. 0. 0.]
cvc_x_pos (2001,)
[0. 0. 0. ... 0. 0. 0.]
cvc_x_pos (2001,)
[0. 0. 0. ... 0. 0. 0.]
cvc_x_pos (2001,)
[0. 0. 0. ... 0. 0. 0.]
cvc_x_pos (2001,)
[0. 0. 0. ... 0. 0. 0.]
cvc_x_pos (2001,)
[0. 0. 0. ... 0. 0. 0.]
cvc_x_pos (2001,)
[0. 0. 0. ... 0. 0. 0.]
cvc_x_pos (2001,)
[0. 0. 0. ... 0. 0. 0.]
cvc_x_pos (2001,)
[0. 0. 0. ... 0. 0. 0.]
cvc_x_pos (2001,)
[0. 0. 0. ... 0. 0. 0.]
cvc_x_pos (2001,)
[0. 0. 0. ... 0. 0. 0.]
cvc_x_pos (2001,)
[0. 0. 0. ... 0. 0. 0.]
cvc_x_pos (2001,)
[0. 0. 0. ... 0. 0. 0.]
cvc_x_pos (2001,)
[0.00450295 0.0090074  0.00450443 ... 0.         0.         0.        ]
cvc_x_pos (2001,)
[0.00451471 0.00902856 0.00451384 ... 0.         0.         0.        ]
cvc_x_pos (2001,)
[0.         0.         0.00424533 ... 0.         0.         0.        ]
cvc_x_pos (2001,)
[0. 0. 0. ... 0. 0. 0.]
cvc_x_pos (2001,)
[0. 0. 0. ... 0. 0. 0.]
cvc_x_pos (2001,)
[0. 0. 0. ... 0. 0. 0.]
cvc_x_pos (2001,)
[0. 0. 0. ... 0. 0. 0.]
cvc_x_pos (2001,)
[0. 0. 0. ... 0. 0. 0.]
cvc_x_pos (2001,)
[0. 0. 0. ... 0. 0. 0.]
cvc_x_pos (2001,)
[0. 0. 0. ... 0. 0. 0.]
cvc_x_pos (2001,)
[0. 0. 0. ... 0. 0. 0.]
cvc_x_pos (2001,)
[0. 0. 0. ... 0. 0. 0.]
cvc_x_pos (2001,)
[0. 0. 0. ... 0. 0. 0.]
cvc_x_pos (2001,)
[0. 0. 0. ... 0. 0. 0.]
cvc_x_pos (2001,)
[0. 0. 0. ... 0. 0. 0.]
cvc_x_pos (2001,)
[0. 0. 0. ... 0. 0. 0.]
cvc_x_pos (2001,)
[0. 0. 0. ... 0. 0. 0.]
cvc_x_pos (2001,)
[0. 0. 0. ... 0. 0. 0.]
cvc_x_pos (2001,)
[0. 0. 0. ... 0. 0. 0.]
cvc_x_pos (2001,)
[0. 0. 0. ... 0. 0. 0.]
cvc_x_pos (2001,)
[0. 0. 0. ... 0. 0. 0.]
cvc_x_pos (2001,)
[0. 0. 0. ... 0. 0. 0.]
cvc_x_pos (2001,)
[0. 0. 0. ... 0. 0. 0.]
cvc_x_pos (2001,)
[0. 0. 0. ... 0. 0. 0.]
cvc_x_pos (2001,)
[0. 0. 0. ... 0. 0. 0.]
cvc_x_pos (2001,)
[0.00347821 0.00695776 0.00347955 ... 0.         0.         0.        ]
cvc_x_pos (2001,)
[0.00437702 0.00875635 0.00437932 ... 0.         0.         0.        ]
cvc_x_pos (2001,)
[0. 0. 0. ... 0. 0. 0.]
cvc_x_pos (2001,)
[0.0043182  0.00863812 0.0043199  ... 0.         0.         0.        ]
cvc_x_pos (2001,)
[0.00382902 0.00765959 0.00383056 ... 0.         0.         0.        ]
cvc_x_pos (2001,)
[0.00441898 0.00883832 0.00441932 ... 0.         0.         0.        ]
cvc_x_pos (2001,)
[0.00422673 0.00845506 0.00422832 ... 0.         0.         0.        ]
cvc_x_pos (2001,)
[0. 0. 0. ... 0. 0. 0.]
cvc_x_pos (2001,)
[0. 0. 0. ... 0. 0. 0.]
cvc_x_pos (2001,)
[0. 0. 0. ... 0. 0. 0.]
cvc_x_pos (2001,)
[0. 0. 0. ... 0. 0. 0.]
cvc_x_pos (2001,)
[0. 0. 0. ... 0. 0. 0.]
cvc_x_pos (2001,)
[0. 0. 0. ... 0. 0. 0.]
cvc_x_pos (2001,)
[0. 0. 0. ... 0. 0. 0.]
cvc_x_pos (2001,)
[0. 0. 0. ... 0. 0. 0.]
cvc_x_pos (2001,)
[0. 0. 0. ... 0. 0. 0.]
cvc_x_pos (2001,)
[0. 0. 0. ... 0. 0. 0.]
cvc_x_pos (2001,)
[0. 0. 0. ... 0. 0. 0.]
cvc_x_pos (2001,)
[0. 0. 0. ... 0. 0. 0.]
cvc_x_pos (2001,)
[0. 0. 0. ... 0. 0. 0.]
cvc_x_pos (2001,)
[0. 0. 0. ... 0. 0. 0.]
cvc_x_pos (2001,)
[0. 0. 0. ... 0. 0. 0.]
cvc_x_pos (2001,)
[0. 0. 0. ... 0. 0. 0.]
cvc_x_pos (2001,)
[0.00322904 0.00645902 0.00322997 ... 0.         0.         0.        ]
cvc_x_pos (2001,)
[0. 0. 0. ... 0. 0. 0.]
cvc_x_pos (2001,)
[0.00430482 0.00860919 0.00430436 ... 0.         0.         0.        ]
cvc_x_pos (2001,)
[0.00339176 0.0067849  0.00339313 ... 0.         0.         0.        ]
cvc_x_pos (2001,)
[0.00384726 0.00769552 0.00384825 ... 0.         0.         0.        ]
cvc_x_pos (2001,)
[0.00450049 0.00900259 0.00450208 ... 0.         0.         0.        ]
cvc_x_pos (2001,)
[0. 0. 0. ... 0. 0. 0.]
cvc_x_pos (2001,)
[0.00451956 0.00903915 0.00451957 ... 0.         0.         0.        ]
cvc_x_pos (2001,)
[0. 0. 0. ... 0. 0. 0.]
cvc_x_pos (2001,)
[0. 0. 0. ... 0. 0. 0.]
cvc_x_pos (2001,)
[0. 0. 0. ... 0. 0. 0.]
cvc_x_pos (2001,)
[0. 0. 0. ... 0. 0. 0.]
cvc_x_pos (2001,)
[0. 0. 0. ... 0. 0. 0.]
cvc_x_pos (2001,)
[0. 0. 0. ... 0. 0. 0.]
cvc_x_pos (2001,)
[0. 0. 0. ... 0. 0. 0.]
cvc_x_pos (2001,)
[0. 0. 0. ... 0. 0. 0.]
cvc_x_pos (2001,)
[0. 0. 0. ... 0. 0. 0.]
cvc_x_pos (2001,)
[0. 0. 0. ... 0. 0. 0.]
cvc_x_pos (2001,)
[0. 0. 0. ... 0. 0. 0.]
cvc_x_pos (2001,)
[0. 0. 0. ... 0. 0. 0.]
cvc_x_pos (2001,)
[0. 0. 0. ... 0. 0. 0.]
cvc_x_pos (2001,)
[0. 0. 0. ... 0. 0. 0.]
cvc_x_pos (2001,)
[0.00499301 0.00998804 0.00499501 ... 0.         0.         0.        ]
cvc_x_pos (2001,)
[0.00372645 0.00745171 0.00372525 ... 0.         0.         0.        ]
cvc_x_pos (2001,)
[0. 0. 0. ... 0. 0. 0.]
cvc_x_pos (2001,)
[0.00453469 0.00906848 0.00453378 ... 0.         0.         0.        ]
cvc_x_pos (2001,)
[0.00425261 0.0085032  0.00425058 ... 0.         0.         0.        ]
cvc_x_pos (2001,)
[0.00401274 0.00802673 0.00401398 ... 0.         0.         0.        ]
cvc_x_pos (2001,)
[0. 0. 0. ... 0. 0. 0.]
cvc_x_pos (2001,)
[0. 0. 0. ... 0. 0. 0.]
cvc_x_pos (2001,)
[0. 0. 0. ... 0. 0. 0.]
cvc_x_pos (2001,)
[0. 0. 0. ... 0. 0. 0.]
cvc_x_pos (2001,)
[0. 0. 0. ... 0. 0. 0.]
cvc_x_pos (2001,)
[0. 0. 0. ... 0. 0. 0.]
cvc_x_pos (2001,)
[0. 0. 0. ... 0. 0. 0.]
cvc_x_pos (2001,)
[0. 0. 0. ... 0. 0. 0.]
cvc_x_pos (2001,)
[0. 0. 0. ... 0. 0. 0.]
cvc_x_pos (2001,)
[0. 0. 0. ... 0. 0. 0.]
cvc_x_pos (2001,)
[0. 0. 0. ... 0. 0. 0.]
cvc_x_pos (2001,)
[0. 0. 0. ... 0. 0. 0.]
cvc_x_pos (2001,)
[0. 0. 0. ... 0. 0. 0.]
cvc_x_pos (2001,)
[0. 0. 0. ... 0. 0. 0.]
cvc_x_pos (2001,)
[0.00350253 0.00700612 0.00350359 ... 0.         0.         0.        ]
cvc_x_pos (2001,)
[0. 0. 0. ... 0. 0. 0.]
cvc_x_pos (2001,)
[0. 0. 0. ... 0. 0. 0.]
cvc_x_pos (2001,)
[0. 0. 0. ... 0. 0. 0.]
cvc_x_pos (2001,)
[0. 0. 0. ... 0. 0. 0.]
cvc_x_pos (2001,)
[0. 0. 0. ... 0. 0. 0.]
cvc_x_pos (2001,)
[0. 0. 0. ... 0. 0. 0.]
cvc_x_pos (2001,)
[0. 0. 0. ... 0. 0. 0.]
cvc_x_pos (2001,)
[0. 0. 0. ... 0. 0. 0.]
cvc_x_pos (2001,)
[0. 0. 0. ... 0. 0. 0.]
cvc_x_pos (2001,)
[0.00448231 0.00896315 0.00448083 ... 0.         0.         0.        ]
cvc_x_pos (2001,)
[0. 0. 0. ... 0. 0. 0.]
cvc_x_pos (2001,)
[0.00470719 0.00941363 0.00470642 ... 0.         0.         0.        ]
cvc_x_pos (2001,)
[0. 0. 0. ... 0. 0. 0.]
cvc_x_pos (2001,)
[0.00469679 0.00939499 0.00469819 ... 0.         0.         0.        ]
cvc_x_pos (2001,)
[0. 0. 0. ... 0. 0. 0.]
cvc_x_pos (2001,)
[0. 0. 0. ... 0. 0. 0.]
cvc_x_pos (2001,)
[0. 0. 0. ... 0. 0. 0.]
cvc_x_pos (2001,)
[0. 0. 0. ... 0. 0. 0.]
cvc_x_pos (2001,)
[0. 0. 0. ... 0. 0. 0.]
cvc_x_pos (2001,)
[0. 0. 0. ... 0. 0. 0.]
cvc_x_pos (2001,)
[0. 0. 0. ... 0. 0. 0.]
cvc_x_pos (2001,)
[0. 0. 0. ... 0. 0. 0.]
cvc_x_pos (2001,)
[0. 0. 0. ... 0. 0. 0.]
cvc_x_pos (2001,)
[0. 0. 0. ... 0. 0. 0.]
cvc_x_pos (2001,)
[0. 0. 0. ... 0. 0. 0.]
cvc_x_pos (2001,)
[0. 0. 0. ... 0. 0. 0.]
cvc_x_pos (2001,)
[0. 0. 0. ... 0. 0. 0.]
cvc_x_pos (2001,)
[0.00466726 0.00933276 0.00466548 ... 0.         0.         0.        ]
cvc_x_pos (2001,)
[0. 0. 0. ... 0. 0. 0.]
cvc_x_pos (2001,)
[0. 0. 0. ... 0. 0. 0.]
cvc_x_pos (2001,)
[0. 0. 0. ... 0. 0. 0.]
cvc_x_pos (2001,)
[0. 0. 0. ... 0. 0. 0.]
cvc_x_pos (2001,)
[0. 0. 0. ... 0. 0. 0.]
cvc_x_pos (2001,)
[0. 0. 0. ... 0. 0. 0.]
cvc_x_pos (2001,)
[0. 0. 0. ... 0. 0. 0.]
cvc_x_pos (2001,)
[0. 0. 0. ... 0. 0. 0.]
cvc_x_pos (2001,)
[0. 0. 0. ... 0. 0. 0.]
cvc_x_pos (2001,)
[0. 0. 0. ... 0. 0. 0.]
cvc_x_pos (2001,)
[0. 0. 0. ... 0. 0. 0.]
cvc_x_pos (2001,)
[0. 0. 0. ... 0. 0. 0.]
cvc_x_pos (2001,)
[0. 0. 0. ... 0. 0. 0.]
cvc_x_pos (2001,)
[0. 0. 0. ... 0. 0. 0.]
cvc_x_pos (2001,)
[0. 0. 0. ... 0. 0. 0.]
cvc_x_pos (2001,)
[0. 0. 0. ... 0. 0. 0.]
cvc_x_pos (2001,)
[0. 0. 0. ... 0. 0. 0.]
cvc_x_pos (2001,)
[0. 0. 0. ... 0. 0. 0.]
cvc_x_pos (2001,)
[0. 0. 0. ... 0. 0. 0.]
cvc_x_pos (2001,)
[0. 0. 0. ... 0. 0. 0.]
cvc_x_pos (2001,)
[0.00423309 0.00846642 0.00423331 ... 0.         0.         0.        ]
cvc_x_pos (2001,)
[0. 0. 0. ... 0. 0. 0.]
cvc_x_pos (2001,)
[0. 0. 0. ... 0. 0. 0.]
cvc_x_pos (2001,)
[0. 0. 0. ... 0. 0. 0.]
cvc_x_pos (2001,)
[0.00453955 0.00907937 0.00453981 ... 0.         0.         0.        ]
cvc_x_pos (2001,)
[0. 0. 0. ... 0. 0. 0.]
cvc_x_pos (2001,)
[0. 0. 0. ... 0. 0. 0.]
cvc_x_pos (2001,)
[0. 0. 0. ... 0. 0. 0.]
cvc_x_pos (2001,)
[0. 0. 0. ... 0. 0. 0.]
cvc_x_pos (2001,)
[0. 0. 0. ... 0. 0. 0.]
cvc_x_pos (2001,)
[0. 0. 0. ... 0. 0. 0.]
cvc_x_pos (2001,)
[0. 0. 0. ... 0. 0. 0.]
cvc_x_pos (2001,)
[0. 0. 0. ... 0. 0. 0.]
cvc_x_pos (2001,)
[0. 0. 0. ... 0. 0. 0.]
cvc_x_pos (2001,)
[0.0033955  0.00679224 0.00339673 ... 0.         0.         0.        ]
cvc_x_pos (2001,)
[0.0044522  0.00890535 0.00445313 ... 0.         0.         0.        ]
cvc_x_pos (2001,)
[0. 0. 0. ... 0. 0. 0.]
cvc_x_pos (2001,)
[0. 0. 0. ... 0. 0. 0.]
cvc_x_pos (2001,)
[0. 0. 0. ... 0. 0. 0.]
cvc_x_pos (2001,)
[0. 0. 0. ... 0. 0. 0.]
cvc_x_pos (2001,)
[0. 0. 0. ... 0. 0. 0.]
cvc_x_pos (2001,)
[0. 0. 0. ... 0. 0. 0.]
cvc_x_pos (2001,)
[0. 0. 0. ... 0. 0. 0.]
cvc_x_pos (2001,)
[0. 0. 0. ... 0. 0. 0.]
cvc_x_pos (2001,)
[0. 0. 0. ... 0. 0. 0.]
cvc_x_pos (2001,)
[0. 0. 0. ... 0. 0. 0.]
cvc_x_pos (2001,)
[0. 0. 0. ... 0. 0. 0.]
cvc_x_pos (2001,)
[0. 0. 0. ... 0. 0. 0.]
cvc_x_pos (2001,)
[0. 0. 0. ... 0. 0. 0.]
cvc_x_pos (2001,)
[0. 0. 0. ... 0. 0. 0.]
cvc_x_pos (2001,)
[0. 0. 0. ... 0. 0. 0.]
cvc_x_pos (2001,)
[0. 0. 0. ... 0. 0. 0.]
cvc_x_pos (2001,)
[0. 0. 0. ... 0. 0. 0.]
cvc_x_pos (2001,)
[0. 0. 0. ... 0. 0. 0.]
cvc_x_pos (2001,)
[0. 0. 0. ... 0. 0. 0.]
cvc_x_pos (2001,)
[0. 0. 0. ... 0. 0. 0.]
cvc_x_pos (2001,)
[0. 0. 0. ... 0. 0. 0.]
cvc_x_pos (2001,)
[0. 0. 0. ... 0. 0. 0.]
cvc_x_pos (2001,)
[0. 0. 0. ... 0. 0. 0.]
cvc_x_pos (2001,)
[0. 0. 0. ... 0. 0. 0.]
cvc_x_pos (2001,)
[0. 0. 0. ... 0. 0. 0.]
cvc_x_pos (2001,)
[0. 0. 0. ... 0. 0. 0.]
cvc_x_pos (2001,)
[0. 0. 0. ... 0. 0. 0.]
cvc_x_pos (2001,)
[0.00381922 0.00763748 0.00381825 ... 0.         0.         0.        ]
cvc_x_pos (2001,)
[0. 0. 0. ... 0. 0. 0.]
cvc_x_pos (2001,)
[0. 0. 0. ... 0. 0. 0.]
cvc_x_pos (2001,)
[0. 0. 0. ... 0. 0. 0.]
cvc_x_pos (2001,)
[0. 0. 0. ... 0. 0. 0.]
cvc_x_pos (2001,)
[0. 0. 0. ... 0. 0. 0.]
cvc_x_pos (2001,)
[0. 0. 0. ... 0. 0. 0.]
cvc_x_pos (2001,)
[0.00436252 0.00872506 0.00436253 ... 0.         0.         0.        ]
cvc_x_pos (2001,)
[0. 0. 0. ... 0. 0. 0.]
cvc_x_pos (2001,)
[0. 0. 0. ... 0. 0. 0.]
cvc_x_pos (2001,)
[0. 0. 0. ... 0. 0. 0.]
cvc_x_pos (2001,)
[0. 0. 0. ... 0. 0. 0.]
cvc_x_pos (2001,)
[0. 0. 0. ... 0. 0. 0.]
cvc_x_pos (2001,)
[0. 0. 0. ... 0. 0. 0.]
cvc_x_pos (2001,)
[0. 0. 0. ... 0. 0. 0.]
cvc_x_pos (2001,)
[0. 0. 0. ... 0. 0. 0.]
cvc_x_pos (2001,)
[0.00391927 0.00783863 0.00391935 ... 0.         0.         0.        ]
cvc_x_pos (2001,)
[0.00424449 0.00848731 0.0042428  ... 0.         0.         0.        ]
cvc_x_pos (2001,)
[0. 0. 0. ... 0. 0. 0.]
cvc_x_pos (2001,)
[0. 0. 0. ... 0. 0. 0.]
cvc_x_pos (2001,)
[0. 0. 0. ... 0. 0. 0.]
cvc_x_pos (2001,)
[0. 0. 0. ... 0. 0. 0.]
cvc_x_pos (2001,)
[0. 0. 0. ... 0. 0. 0.]
cvc_x_pos (2001,)
[0. 0. 0. ... 0. 0. 0.]
cvc_x_pos (2001,)
[0. 0. 0. ... 0. 0. 0.]
cvc_x_pos (2001,)
[0. 0. 0. ... 0. 0. 0.]
cvc_x_pos (2001,)
[0. 0. 0. ... 0. 0. 0.]
cvc_x_pos (2001,)
[0. 0. 0. ... 0. 0. 0.]
cvc_x_pos (2001,)
[0. 0. 0. ... 0. 0. 0.]
cvc_x_pos (2001,)
[0. 0. 0. ... 0. 0. 0.]
cvc_x_pos (2001,)
[0. 0. 0. ... 0. 0. 0.]
cvc_x_pos (2001,)
[0. 0. 0. ... 0. 0. 0.]
cvc_x_pos (2001,)
[0. 0. 0. ... 0. 0. 0.]
cvc_x_pos (2001,)
[0. 0. 0. ... 0. 0. 0.]
cvc_x_pos (2001,)
[0. 0. 0. ... 0. 0. 0.]
cvc_x_pos (2001,)
[0. 0. 0. ... 0. 0. 0.]
cvc_x_pos (2001,)
[0. 0. 0. ... 0. 0. 0.]
cvc_x_pos (2001,)
[0. 0. 0. ... 0. 0. 0.]
cvc_x_pos (2001,)
[0. 0. 0. ... 0. 0. 0.]
cvc_x_pos (2001,)
[0. 0. 0. ... 0. 0. 0.]
cvc_x_pos (2001,)
[0. 0. 0. ... 0. 0. 0.]
cvc_x_pos (2001,)
[0. 0. 0. ... 0. 0. 0.]
cvc_x_pos (2001,)
[0. 0. 0. ... 0. 0. 0.]
cvc_x_pos (2001,)
[0. 0. 0. ... 0. 0. 0.]
cvc_x_pos (2001,)
[0. 0. 0. ... 0. 0. 0.]
cvc_x_pos (2001,)
[0. 0. 0. ... 0. 0. 0.]
cvc_x_pos (2001,)
[0. 0. 0. ... 0. 0. 0.]
cvc_x_pos (2001,)
[0. 0. 0. ... 0. 0. 0.]
cvc_x_pos (2001,)
[0. 0. 0. ... 0. 0. 0.]
cvc_x_pos (2001,)
[0. 0. 0. ... 0. 0. 0.]
cvc_x_pos (2001,)
[0. 0. 0. ... 0. 0. 0.]
cvc_x_pos (2001,)
[0. 0. 0. ... 0. 0. 0.]
cvc_x_pos (2001,)
[0. 0. 0. ... 0. 0. 0.]
cvc_x_pos (2001,)
[0. 0. 0. ... 0. 0. 0.]
cvc_x_pos (2001,)
[0. 0. 0. ... 0. 0. 0.]
cvc_x_pos (2001,)
[0.00341208 0.00682303 0.00341094 ... 0.         0.         0.        ]
cvc_x_pos (2001,)
[0. 0. 0. ... 0. 0. 0.]
cvc_x_pos (2001,)
[0. 0. 0. ... 0. 0. 0.]
cvc_x_pos (2001,)
[0.00449836 0.00899503 0.00449666 ... 0.         0.         0.        ]
cvc_x_pos (2001,)
[0. 0. 0. ... 0. 0. 0.]
cvc_x_pos (2001,)
[0.00384418 0.00768825 0.00384406 ... 0.         0.         0.        ]
cvc_x_pos (2001,)
[0.0035101  0.00701938 0.00350927 ... 0.         0.         0.        ]
cvc_x_pos (2001,)
[0.00443949 0.00887914 0.00443963 ... 0.         0.         0.        ]
cvc_x_pos (2001,)
[0.00410212 0.00820324 0.00410111 ... 0.         0.         0.        ]
cvc_x_pos (2001,)
[0.00382965 0.00765935 0.00382969 ... 0.         0.         0.        ]
cvc_x_pos (2001,)
[0. 0. 0. ... 0. 0. 0.]
cvc_x_pos (2001,)
[0. 0. 0. ... 0. 0. 0.]
cvc_x_pos (2001,)
[0. 0. 0. ... 0. 0. 0.]
cvc_x_pos (2001,)
[0. 0. 0. ... 0. 0. 0.]
cvc_x_pos (2001,)
[0. 0. 0. ... 0. 0. 0.]
cvc_x_pos (2001,)
[0. 0. 0. ... 0. 0. 0.]
cvc_x_pos (2001,)
[0. 0. 0. ... 0. 0. 0.]
cvc_x_pos (2001,)
[0. 0. 0. ... 0. 0. 0.]
cvc_x_pos (2001,)
[0. 0. 0. ... 0. 0. 0.]
cvc_x_pos (2001,)
[0. 0. 0. ... 0. 0. 0.]
cvc_x_pos (2001,)
[0. 0. 0. ... 0. 0. 0.]
cvc_x_pos (2001,)
[0. 0. 0. ... 0. 0. 0.]
cvc_x_pos (2001,)
[0. 0. 0. ... 0. 0. 0.]
cvc_x_pos (2001,)
[0. 0. 0. ... 0. 0. 0.]
cvc_x_pos (2001,)
[0. 0. 0. ... 0. 0. 0.]
cvc_x_pos (2001,)
[0. 0. 0. ... 0. 0. 0.]
cvc_x_pos (2001,)
[0. 0. 0. ... 0. 0. 0.]
cvc_x_pos (2001,)
[0. 0. 0. ... 0. 0. 0.]
cvc_x_pos (2001,)
[0. 0. 0. ... 0. 0. 0.]
cvc_x_pos (2001,)
[0. 0. 0. ... 0. 0. 0.]
cvc_x_pos (2001,)
[0. 0. 0. ... 0. 0. 0.]
cvc_x_pos (2001,)
[0. 0. 0. ... 0. 0. 0.]
cvc_x_pos (2001,)
[0. 0. 0. ... 0. 0. 0.]
cvc_x_pos (2001,)
[0. 0. 0. ... 0. 0. 0.]
cvc_x_pos (2001,)
[0. 0. 0. ... 0. 0. 0.]
cvc_x_pos (2001,)
[0. 0. 0. ... 0. 0. 0.]
cvc_x_pos (2001,)
[0. 0. 0. ... 0. 0. 0.]
cvc_x_pos (2001,)
[0. 0. 0. ... 0. 0. 0.]
cvc_x_pos (2001,)
[0. 0. 0. ... 0. 0. 0.]
cvc_x_pos (2001,)
[0. 0. 0. ... 0. 0. 0.]
cvc_x_pos (2001,)
[0. 0. 0. ... 0. 0. 0.]
cvc_x_pos (2001,)
[0. 0. 0. ... 0. 0. 0.]
cvc_x_pos (2001,)
[0. 0. 0. ... 0. 0. 0.]
cvc_x_pos (2001,)
[0. 0. 0. ... 0. 0. 0.]
cvc_x_pos (2001,)
[0. 0. 0. ... 0. 0. 0.]
cvc_x_pos (2001,)
[0. 0. 0. ... 0. 0. 0.]
cvc_x_pos (2001,)
[0. 0. 0. ... 0. 0. 0.]
cvc_x_pos (2001,)
[0. 0. 0. ... 0. 0. 0.]
cvc_x_pos (2001,)
[0. 0. 0. ... 0. 0. 0.]
cvc_x_pos (2001,)
[0. 0. 0. ... 0. 0. 0.]
cvc_x_pos (2001,)
[0. 0. 0. ... 0. 0. 0.]
cvc_x_pos (2001,)
[0.00396666 0.00793497 0.00396831 ... 0.         0.         0.        ]
cvc_x_pos (2001,)
[0. 0. 0. ... 0. 0. 0.]
cvc_x_pos (2001,)
[0. 0. 0. ... 0. 0. 0.]
cvc_x_pos (2001,)
[0.0040766  0.00815454 0.00407794 ... 0.         0.         0.        ]
cvc_x_pos (2001,)
[0.00381055 0.00762046 0.0038099  ... 0.         0.         0.        ]
cvc_x_pos (2001,)
[0.00342879 0.00685823 0.00342943 ... 0.         0.         0.        ]
cvc_x_pos (2001,)
[0.00372036 0.0074394  0.00371903 ... 0.         0.         0.        ]
cvc_x_pos (2001,)
[0. 0. 0. ... 0. 0. 0.]
cvc_x_pos (2001,)
[0. 0. 0. ... 0. 0. 0.]
cvc_x_pos (2001,)
[0. 0. 0. ... 0. 0. 0.]
cvc_x_pos (2001,)
[0. 0. 0. ... 0. 0. 0.]
cvc_x_pos (2001,)
[0. 0. 0. ... 0. 0. 0.]
cvc_x_pos (2001,)
[0. 0. 0. ... 0. 0. 0.]
cvc_x_pos (2001,)
[0. 0. 0. ... 0. 0. 0.]
cvc_x_pos (2001,)
[0. 0. 0. ... 0. 0. 0.]
cvc_x_pos (2001,)
[0. 0. 0. ... 0. 0. 0.]
cvc_x_pos (2001,)
[0. 0. 0. ... 0. 0. 0.]
cvc_x_pos (2001,)
[0. 0. 0. ... 0. 0. 0.]
cvc_x_pos (2001,)
[0. 0. 0. ... 0. 0. 0.]
cvc_x_pos (2001,)
[0. 0. 0. ... 0. 0. 0.]
cvc_x_pos (2001,)
[0. 0. 0. ... 0. 0. 0.]
cvc_x_pos (2001,)
[0. 0. 0. ... 0. 0. 0.]
cvc_x_pos (2001,)
[0. 0. 0. ... 0. 0. 0.]
cvc_x_pos (2001,)
[0. 0. 0. ... 0. 0. 0.]
cvc_x_pos (2001,)
[0. 0. 0. ... 0. 0. 0.]
cvc_x_pos (2001,)
[0. 0. 0. ... 0. 0. 0.]
cvc_x_pos (2001,)
[0. 0. 0. ... 0. 0. 0.]
cvc_x_pos (2001,)
[0. 0. 0. ... 0. 0. 0.]
cvc_x_pos (2001,)
[0. 0. 0. ... 0. 0. 0.]
cvc_x_pos (2001,)
[0. 0. 0. ... 0. 0. 0.]
cvc_x_pos (2001,)
[0. 0. 0. ... 0. 0. 0.]
cvc_x_pos (2001,)
[0. 0. 0. ... 0. 0. 0.]
cvc_x_pos (2001,)
[0. 0. 0. ... 0. 0. 0.]
cvc_x_pos (2001,)
[0. 0. 0. ... 0. 0. 0.]
cvc_x_pos (2001,)
[0. 0. 0. ... 0. 0. 0.]
cvc_x_pos (2001,)
[0. 0. 0. ... 0. 0. 0.]
cvc_x_pos (2001,)
[0. 0. 0. ... 0. 0. 0.]
cvc_x_pos (2001,)
[0. 0. 0. ... 0. 0. 0.]
cvc_x_pos (2001,)
[0. 0. 0. ... 0. 0. 0.]
cvc_x_pos (2001,)
[0.00434451 0.00869108 0.00434656 ... 0.         0.         0.        ]
cvc_x_pos (2001,)
[0. 0. 0. ... 0. 0. 0.]
cvc_x_pos (2001,)
[0.00385213 0.00770502 0.00385288 ... 0.         0.         0.        ]
cvc_x_pos (2001,)
[0.00414453 0.00828946 0.00414492 ... 0.         0.         0.        ]
cvc_x_pos (2001,)
[0.00422964 0.00845858 0.00422893 ... 0.         0.         0.        ]
cvc_x_pos (2001,)
[0. 0. 0. ... 0. 0. 0.]
cvc_x_pos (2001,)
[0. 0. 0. ... 0. 0. 0.]
cvc_x_pos (2001,)
[0. 0. 0. ... 0. 0. 0.]
cvc_x_pos (2001,)
[0. 0. 0. ... 0. 0. 0.]
cvc_x_pos (2001,)
[0. 0. 0. ... 0. 0. 0.]
cvc_x_pos (2001,)
[0. 0. 0. ... 0. 0. 0.]
cvc_x_pos (2001,)
[0. 0. 0. ... 0. 0. 0.]
cvc_x_pos (2001,)
[0. 0. 0. ... 0. 0. 0.]
cvc_x_pos (2001,)
[0. 0. 0. ... 0. 0. 0.]
cvc_x_pos (2001,)
[0. 0. 0. ... 0. 0. 0.]
cvc_x_pos (2001,)
[0. 0. 0. ... 0. 0. 0.]
cvc_x_pos (2001,)
[0. 0. 0. ... 0. 0. 0.]
cvc_x_pos (2001,)
[0. 0. 0. ... 0. 0. 0.]
cvc_x_pos (2001,)
[0. 0. 0. ... 0. 0. 0.]
cvc_x_pos (2001,)
[0. 0. 0. ... 0. 0. 0.]
cvc_x_pos (2001,)
[0. 0. 0. ... 0. 0. 0.]
cvc_x_pos (2001,)
[0. 0. 0. ... 0. 0. 0.]
cvc_x_pos (2001,)
[0. 0. 0. ... 0. 0. 0.]
cvc_x_pos (2001,)
[0. 0. 0. ... 0. 0. 0.]
cvc_x_pos (2001,)
[0. 0. 0. ... 0. 0. 0.]
cvc_x_pos (2001,)
[0. 0. 0. ... 0. 0. 0.]
cvc_x_pos (2001,)
[0. 0. 0. ... 0. 0. 0.]
cvc_x_pos (2001,)
[0. 0. 0. ... 0. 0. 0.]
cvc_x_pos (2001,)
[0. 0. 0. ... 0. 0. 0.]
cvc_x_pos (2001,)
[0.0045192  0.00903861 0.00451939 ... 0.         0.         0.        ]
cvc_x_pos (2001,)
[0. 0. 0. ... 0. 0. 0.]
cvc_x_pos (2001,)
[0.0039911  0.00798297 0.00399186 ... 0.         0.         0.        ]
cvc_x_pos (2001,)
[0.00356699 0.00713532 0.00356832 ... 0.         0.         0.        ]
cvc_x_pos (2001,)
[0.00516321 0.01032505 0.00516182 ... 0.         0.         0.        ]
cvc_x_pos (2001,)
[0. 0. 0. ... 0. 0. 0.]
cvc_x_pos (2001,)
[0.0034207 0.0068409 0.0034202 ... 0.        0.        0.       ]
cvc_x_pos (2001,)
[0. 0. 0. ... 0. 0. 0.]
cvc_x_pos (2001,)
[0. 0. 0. ... 0. 0. 0.]
cvc_x_pos (2001,)
[0. 0. 0. ... 0. 0. 0.]
cvc_x_pos (2001,)
[0. 0. 0. ... 0. 0. 0.]
cvc_x_pos (2001,)
[0. 0. 0. ... 0. 0. 0.]
cvc_x_pos (2001,)
[0. 0. 0. ... 0. 0. 0.]
cvc_x_pos (2001,)
[0. 0. 0. ... 0. 0. 0.]
cvc_x_pos (2001,)
[0. 0. 0. ... 0. 0. 0.]
cvc_x_pos (2001,)
[0. 0. 0. ... 0. 0. 0.]
cvc_x_pos (2001,)
[0. 0. 0. ... 0. 0. 0.]
cvc_x_pos (2001,)
[0. 0. 0. ... 0. 0. 0.]
cvc_x_pos (2001,)
[0. 0. 0. ... 0. 0. 0.]
cvc_x_pos (2001,)
[0. 0. 0. ... 0. 0. 0.]
cvc_x_pos (2001,)
[0. 0. 0. ... 0. 0. 0.]
cvc_x_pos (2001,)
[0.00474746 0.00949601 0.00474854 ... 0.         0.         0.        ]
cvc_x_pos (2001,)
[0. 0. 0. ... 0. 0. 0.]
cvc_x_pos (2001,)
[0.00464244 0.00928422 0.00464176 ... 0.         0.         0.        ]
cvc_x_pos (2001,)
[0. 0. 0. ... 0. 0. 0.]
cvc_x_pos (2001,)
[0.00435054 0.00870228 0.00435172 ... 0.         0.         0.        ]
cvc_x_pos (2001,)
[0. 0. 0. ... 0. 0. 0.]
cvc_x_pos (2001,)
[0.0041387  0.0082765  0.00413779 ... 0.         0.         0.        ]
cvc_x_pos (2001,)
[0. 0. 0. ... 0. 0. 0.]
cvc_x_pos (2001,)
[0.00384273 0.00768507 0.00384233 ... 0.         0.         0.        ]
cvc_x_pos (2001,)
[0.00447573 0.00895317 0.00447743 ... 0.         0.         0.        ]
cvc_x_pos (2001,)
[0. 0. 0. ... 0. 0. 0.]
cvc_x_pos (2001,)
[0. 0. 0. ... 0. 0. 0.]
cvc_x_pos (2001,)
[0. 0. 0. ... 0. 0. 0.]
cvc_x_pos (2001,)
[0. 0. 0. ... 0. 0. 0.]
cvc_x_pos (2001,)
[0. 0. 0. ... 0. 0. 0.]
cvc_x_pos (2001,)
[0.00351864 0.00703822 0.00351958 ... 0.         0.         0.        ]
cvc_x_pos (2001,)
[0.0041725  0.00834594 0.00417343 ... 0.         0.         0.        ]
cvc_x_pos (2001,)
[0.00511234 0.01022715 0.00511479 ... 0.         0.         0.        ]
cvc_x_pos (2001,)
[0.00446264 0.00892379 0.00446113 ... 0.         0.         0.        ]
cvc_x_pos (2001,)
[0.00451232 0.00902562 0.00451329 ... 0.         0.         0.        ]
cvc_x_pos (2001,)
[0. 0. 0. ... 0. 0. 0.]
cvc_x_pos (2001,)
[0. 0. 0. ... 0. 0. 0.]
cvc_x_pos (2001,)
[0. 0. 0. ... 0. 0. 0.]
cvc_x_pos (2001,)
[0. 0. 0. ... 0. 0. 0.]
cvc_x_pos (2001,)
[0.0036842  0.00736987 0.00368566 ... 0.         0.         0.        ]
cvc_x_pos (2001,)
[0. 0. 0. ... 0. 0. 0.]
cvc_x_pos (2001,)
[0.00439451 0.00878723 0.00439272 ... 0.         0.         0.        ]
cvc_x_pos (2001,)
[0.00410707 0.00821339 0.00410631 ... 0.         0.         0.        ]
cvc_x_pos (2001,)
[0.00447429 0.00894936 0.00447506 ... 0.         0.         0.        ]
cvc_x_pos (2001,)
[0. 0. 0. ... 0. 0. 0.]
cvc_x_pos (2001,)
[0.00364488 0.00728923 0.00364434 ... 0.         0.         0.        ]
cvc_x_pos (2001,)
[0. 0. 0. ... 0. 0. 0.]
cvc_x_pos (2001,)
[0. 0. 0. ... 0. 0. 0.]
cvc_x_pos (2001,)
[0. 0. 0. ... 0. 0. 0.]
cvc_x_pos (2001,)
[0. 0. 0. ... 0. 0. 0.]
cvc_x_pos (2001,)
[0.0040232  0.00804446 0.         ... 0.         0.         0.        ]
cvc_x_pos (2001,)
[0. 0. 0. ... 0. 0. 0.]
cvc_x_pos (2001,)
[0. 0. 0. ... 0. 0. 0.]
cvc_x_pos (2001,)
[0. 0. 0. ... 0. 0. 0.]
cvc_x_pos (2001,)
[0. 0. 0. ... 0. 0. 0.]
cvc_x_pos (2001,)
[0. 0. 0. ... 0. 0. 0.]
cvc_x_pos (2001,)
[0. 0. 0. ... 0. 0. 0.]
cvc_x_pos (2001,)
[0. 0. 0. ... 0. 0. 0.]
cvc_x_pos (2001,)
[0. 0. 0. ... 0. 0. 0.]
cvc_x_pos (2001,)
[0. 0. 0. ... 0. 0. 0.]
cvc_x_pos (2001,)
[0.00436614 0.00873031 0.00436415 ... 0.         0.         0.        ]
cvc_x_pos (2001,)
[0. 0. 0. ... 0. 0. 0.]
cvc_x_pos (2001,)
[0.00410806 0.00821467 0.00410659 ... 0.         0.         0.        ]
cvc_x_pos (2001,)
[0. 0. 0. ... 0. 0. 0.]
cvc_x_pos (2001,)
[0.00421564 0.00843141 0.00421575 ... 0.         0.         0.        ]
cvc_x_pos (2001,)
[0. 0. 0. ... 0. 0. 0.]
cvc_x_pos (2001,)
[0.00389197 0.00778496 0.00389298 ... 0.         0.         0.        ]
cvc_x_pos (2001,)
[0. 0. 0. ... 0. 0. 0.]
cvc_x_pos (2001,)
[0.00361611 0.00723286 0.00361675 ... 0.         0.         0.        ]
cvc_x_pos (2001,)
[0.00402766 0.00805575 0.00402808 ... 0.         0.         0.        ]
cvc_x_pos (2001,)
[0. 0. 0. ... 0. 0. 0.]
cvc_x_pos (2001,)
[0. 0. 0. ... 0. 0. 0.]
cvc_x_pos (2001,)
[0. 0. 0. ... 0. 0. 0.]
cvc_x_pos (2001,)
[0. 0. 0. ... 0. 0. 0.]
cvc_x_pos (2001,)
[0. 0. 0. ... 0. 0. 0.]
cvc_x_pos (2001,)
[0. 0. 0. ... 0. 0. 0.]
cvc_x_pos (2001,)
[0. 0. 0. ... 0. 0. 0.]
cvc_x_pos (2001,)
[0. 0. 0. ... 0. 0. 0.]
cvc_x_pos (2001,)
[0. 0. 0. ... 0. 0. 0.]
cvc_x_pos (2001,)
[0. 0. 0. ... 0. 0. 0.]
cvc_x_pos (2001,)
[0. 0. 0. ... 0. 0. 0.]
cvc_x_pos (2001,)
[0. 0. 0. ... 0. 0. 0.]
cvc_x_pos (2001,)
[0. 0. 0. ... 0. 0. 0.]
cvc_x_pos (2001,)
[0. 0. 0. ... 0. 0. 0.]
cvc_x_pos (2001,)
[0. 0. 0. ... 0. 0. 0.]
cvc_x_pos (2001,)
[0. 0. 0. ... 0. 0. 0.]
cvc_x_pos (2001,)
[0. 0. 0. ... 0. 0. 0.]
cvc_x_pos (2001,)
[0. 0. 0. ... 0. 0. 0.]
cvc_x_pos (2001,)
[0. 0. 0. ... 0. 0. 0.]
cvc_x_pos (2001,)
[0. 0. 0. ... 0. 0. 0.]
cvc_x_pos (2001,)
[0. 0. 0. ... 0. 0. 0.]
cvc_x_pos (2001,)
[0. 0. 0. ... 0. 0. 0.]
cvc_x_pos (2001,)
[0.00452355 0.00904491 0.00452135 ... 0.         0.         0.        ]
cvc_x_pos (2001,)
[0.00455739 0.00911545 0.00455804 ... 0.         0.         0.        ]
cvc_x_pos (2001,)
[0. 0. 0. ... 0. 0. 0.]
cvc_x_pos (2001,)
[0.00473284 0.00946576 0.0047329  ... 0.         0.         0.        ]
cvc_x_pos (2001,)
[0. 0. 0. ... 0. 0. 0.]
cvc_x_pos (2001,)
[0.00420126 0.00840376 0.00420249 ... 0.         0.         0.        ]
cvc_x_pos (2001,)
[0. 0. 0. ... 0. 0. 0.]
cvc_x_pos (2001,)
[0. 0. 0. ... 0. 0. 0.]
cvc_x_pos (2001,)
[0. 0. 0. ... 0. 0. 0.]
cvc_x_pos (2001,)
[0. 0. 0. ... 0. 0. 0.]
cvc_x_pos (2001,)
[0. 0. 0. ... 0. 0. 0.]
cvc_x_pos (2001,)
[0. 0. 0. ... 0. 0. 0.]
cvc_x_pos (2001,)
[0. 0. 0. ... 0. 0. 0.]
cvc_x_pos (2001,)
[0. 0. 0. ... 0. 0. 0.]
cvc_x_pos (2001,)
[0. 0. 0. ... 0. 0. 0.]
cvc_x_pos (2001,)
[0. 0. 0. ... 0. 0. 0.]
cvc_x_pos (2001,)
[0. 0. 0. ... 0. 0. 0.]
cvc_x_pos (2001,)
[0. 0. 0. ... 0. 0. 0.]
cvc_x_pos (2001,)
[0. 0. 0. ... 0. 0. 0.]
cvc_x_pos (2001,)
[0. 0. 0. ... 0. 0. 0.]
cvc_x_pos (2001,)
[0. 0. 0. ... 0. 0. 0.]
cvc_x_pos (2001,)
[0. 0. 0. ... 0. 0. 0.]
cvc_x_pos (2001,)
[0. 0. 0. ... 0. 0. 0.]
cvc_x_pos (2001,)
[0. 0. 0. ... 0. 0. 0.]
cvc_x_pos (2001,)
[0. 0. 0. ... 0. 0. 0.]
cvc_x_pos (2001,)
[0. 0. 0. ... 0. 0. 0.]
cvc_x_pos (2001,)
[0. 0. 0. ... 0. 0. 0.]
cvc_x_pos (2001,)
[0. 0. 0. ... 0. 0. 0.]
cvc_x_pos (2001,)
[0. 0. 0. ... 0. 0. 0.]
cvc_x_pos (2001,)
[0. 0. 0. ... 0. 0. 0.]
cvc_x_pos (2001,)
[0. 0. 0. ... 0. 0. 0.]
cvc_x_pos (2001,)
[0. 0. 0. ... 0. 0. 0.]
cvc_x_pos (2001,)
[0. 0. 0. ... 0. 0. 0.]
cvc_x_pos (2001,)
[0. 0. 0. ... 0. 0. 0.]
cvc_x_pos (2001,)
[0. 0. 0. ... 0. 0. 0.]
cvc_x_pos (2001,)
[0. 0. 0. ... 0. 0. 0.]
cvc_x_pos (2001,)
[0. 0. 0. ... 0. 0. 0.]
cvc_x_pos (2001,)
[0. 0. 0. ... 0. 0. 0.]
cvc_x_pos (2001,)
[0. 0. 0. ... 0. 0. 0.]
cvc_x_pos (2001,)
[0. 0. 0. ... 0. 0. 0.]
cvc_x_pos (2001,)
[0. 0. 0. ... 0. 0. 0.]
cvc_x_pos (2001,)
[0.00430527 0.00860902 0.00430374 ... 0.         0.         0.        ]
cvc_x_pos (2001,)
[0.003755   0.00751048 0.00375547 ... 0.         0.         0.        ]
cvc_x_pos (2001,)
[0. 0. 0. ... 0. 0. 0.]
cvc_x_pos (2001,)
[0.00379189 0.00758293 0.00379103 ... 0.         0.         0.        ]
cvc_x_pos (2001,)
[0.00382223 0.00764366 0.00382142 ... 0.         0.         0.        ]
cvc_x_pos (2001,)
[0.00398137 0.0079645  0.00398311 ... 0.         0.         0.        ]
cvc_x_pos (2001,)
[0. 0. 0. ... 0. 0. 0.]
cvc_x_pos (2001,)
[0. 0. 0. ... 0. 0. 0.]
cvc_x_pos (2001,)
[0. 0. 0. ... 0. 0. 0.]
cvc_x_pos (2001,)
[0. 0. 0. ... 0. 0. 0.]
cvc_x_pos (2001,)
[0. 0. 0. ... 0. 0. 0.]
cvc_x_pos (2001,)
[0. 0. 0. ... 0. 0. 0.]
cvc_x_pos (2001,)
[0. 0. 0. ... 0. 0. 0.]
cvc_x_pos (2001,)
[0. 0. 0. ... 0. 0. 0.]
cvc_x_pos (2001,)
[0. 0. 0. ... 0. 0. 0.]
cvc_x_pos (2001,)
[0. 0. 0. ... 0. 0. 0.]
cvc_x_pos (2001,)
[0. 0. 0. ... 0. 0. 0.]
cvc_x_pos (2001,)
[0. 0. 0. ... 0. 0. 0.]
cvc_x_pos (2001,)
[0. 0. 0. ... 0. 0. 0.]
cvc_x_pos (2001,)
[0. 0. 0. ... 0. 0. 0.]
cvc_x_pos (2001,)
[0. 0. 0. ... 0. 0. 0.]
cvc_x_pos (2001,)
[0. 0. 0. ... 0. 0. 0.]
cvc_x_pos (2001,)
[0. 0. 0. ... 0. 0. 0.]
cvc_x_pos (2001,)
[0. 0. 0. ... 0. 0. 0.]
cvc_x_pos (2001,)
[0. 0. 0. ... 0. 0. 0.]
cvc_x_pos (2001,)
[0. 0. 0. ... 0. 0. 0.]
cvc_x_pos (2001,)
[0. 0. 0. ... 0. 0. 0.]
cvc_x_pos (2001,)
[0. 0. 0. ... 0. 0. 0.]
cvc_x_pos (2001,)
[0. 0. 0. ... 0. 0. 0.]
cvc_x_pos (2001,)
[0. 0. 0. ... 0. 0. 0.]
cvc_x_pos (2001,)
[0. 0. 0. ... 0. 0. 0.]
cvc_x_pos (2001,)
[0. 0. 0. ... 0. 0. 0.]
cvc_x_pos (2001,)
[0. 0. 0. ... 0. 0. 0.]
cvc_x_pos (2001,)
[0. 0. 0. ... 0. 0. 0.]
cvc_x_pos (2001,)
[0. 0. 0. ... 0. 0. 0.]
cvc_x_pos (2001,)
[0. 0. 0. ... 0. 0. 0.]
cvc_x_pos (2001,)
[0. 0. 0. ... 0. 0. 0.]
cvc_x_pos (2001,)
[0. 0. 0. ... 0. 0. 0.]
cvc_x_pos (2001,)
[0. 0. 0. ... 0. 0. 0.]
cvc_x_pos (2001,)
[0. 0. 0. ... 0. 0. 0.]
cvc_x_pos (2001,)
[0. 0. 0. ... 0. 0. 0.]
cvc_x_pos (2001,)
[0. 0. 0. ... 0. 0. 0.]
cvc_x_pos (2001,)
[0. 0. 0. ... 0. 0. 0.]
cvc_x_pos (2001,)
[0. 0. 0. ... 0. 0. 0.]
cvc_x_pos (2001,)
[0. 0. 0. ... 0. 0. 0.]
cvc_x_pos (2001,)
[0. 0. 0. ... 0. 0. 0.]
cvc_x_pos (2001,)
[0. 0. 0. ... 0. 0. 0.]
cvc_x_pos (2001,)
[0. 0. 0. ... 0. 0. 0.]
cvc_x_pos (2001,)
[0.00407871 0.00815611 0.0040774  ... 0.         0.         0.        ]
cvc_x_pos (2001,)
[0.00421063 0.00842047 0.00420983 ... 0.         0.         0.        ]
cvc_x_pos (2001,)
[0. 0. 0. ... 0. 0. 0.]
cvc_x_pos (2001,)
[0.00391199 0.00782542 0.00391342 ... 0.         0.         0.        ]
cvc_x_pos (2001,)
[0.00347053 0.00693979 0.00346925 ... 0.         0.         0.        ]
cvc_x_pos (2001,)
[0. 0. 0. ... 0. 0. 0.]
cvc_x_pos (2001,)
[0. 0. 0. ... 0. 0. 0.]
cvc_x_pos (2001,)
[0. 0. 0. ... 0. 0. 0.]
cvc_x_pos (2001,)
[0. 0. 0. ... 0. 0. 0.]
cvc_x_pos (2001,)
[0. 0. 0. ... 0. 0. 0.]
cvc_x_pos (2001,)
[0. 0. 0. ... 0. 0. 0.]
cvc_x_pos (2001,)
[0. 0. 0. ... 0. 0. 0.]
cvc_x_pos (2001,)
[0. 0. 0. ... 0. 0. 0.]
cvc_x_pos (2001,)
[0. 0. 0. ... 0. 0. 0.]
cvc_x_pos (2001,)
[0. 0. 0. ... 0. 0. 0.]
cvc_x_pos (2001,)
[0. 0. 0. ... 0. 0. 0.]
cvc_x_pos (2001,)
[0. 0. 0. ... 0. 0. 0.]
cvc_x_pos (2001,)
[0. 0. 0. ... 0. 0. 0.]
cvc_x_pos (2001,)
[0. 0. 0. ... 0. 0. 0.]
cvc_x_pos (2001,)
[0. 0. 0. ... 0. 0. 0.]
cvc_x_pos (2001,)
[0. 0. 0. ... 0. 0. 0.]
cvc_x_pos (2001,)
[0. 0. 0. ... 0. 0. 0.]
cvc_x_pos (2001,)
[0. 0. 0. ... 0. 0. 0.]
cvc_x_pos (2001,)
[0. 0. 0. ... 0. 0. 0.]
cvc_x_pos (2001,)
[0. 0. 0. ... 0. 0. 0.]
cvc_x_pos (2001,)
[0. 0. 0. ... 0. 0. 0.]
cvc_x_pos (2001,)
[0. 0. 0. ... 0. 0. 0.]
cvc_x_pos (2001,)
[0. 0. 0. ... 0. 0. 0.]
cvc_x_pos (2001,)
[0. 0. 0. ... 0. 0. 0.]
cvc_x_pos (2001,)
[0. 0. 0. ... 0. 0. 0.]
cvc_x_pos (2001,)
[0. 0. 0. ... 0. 0. 0.]
cvc_x_pos (2001,)
[0. 0. 0. ... 0. 0. 0.]
cvc_x_pos (2001,)
[0. 0. 0. ... 0. 0. 0.]
cvc_x_pos (2001,)
[0. 0. 0. ... 0. 0. 0.]
cvc_x_pos (2001,)
[0. 0. 0. ... 0. 0. 0.]
cvc_x_pos (2001,)
[0. 0. 0. ... 0. 0. 0.]
cvc_x_pos (2001,)
[0. 0. 0. ... 0. 0. 0.]
cvc_x_pos (2001,)
[0. 0. 0. ... 0. 0. 0.]
cvc_x_pos (2001,)
[0. 0. 0. ... 0. 0. 0.]
cvc_x_pos (2001,)
[0. 0. 0. ... 0. 0. 0.]
cvc_x_pos (2001,)
[0. 0. 0. ... 0. 0. 0.]
cvc_x_pos (2001,)
[0. 0. 0. ... 0. 0. 0.]
cvc_x_pos (2001,)
[0. 0. 0. ... 0. 0. 0.]
cvc_x_pos (2001,)
[0. 0. 0. ... 0. 0. 0.]
cvc_x_pos (2001,)
[0. 0. 0. ... 0. 0. 0.]
cvc_x_pos (2001,)
[0. 0. 0. ... 0. 0. 0.]
cvc_x_pos (2001,)
[0. 0. 0. ... 0. 0. 0.]
cvc_x_pos (2001,)
[0. 0. 0. ... 0. 0. 0.]
cvc_x_pos (2001,)
[0. 0. 0. ... 0. 0. 0.]
cvc_x_pos (2001,)
[0.00442486 0.00885106 0.00442619 ... 0.         0.         0.        ]
cvc_x_pos (2001,)
[0.00429708 0.0085952  0.00429811 ... 0.         0.         0.        ]
cvc_x_pos (2001,)
[0.00455959 0.00911957 0.00455996 ... 0.         0.         0.        ]
cvc_x_pos (2001,)
[0.00489329 0.00978702 0.00489371 ... 0.         0.         0.        ]
cvc_x_pos (2001,)
[0. 0. 0. ... 0. 0. 0.]
cvc_x_pos (2001,)
[0. 0. 0. ... 0. 0. 0.]
cvc_x_pos (2001,)
[0. 0. 0. ... 0. 0. 0.]
cvc_x_pos (2001,)
[0. 0. 0. ... 0. 0. 0.]
cvc_x_pos (2001,)
[0. 0. 0. ... 0. 0. 0.]
cvc_x_pos (2001,)
[0. 0. 0. ... 0. 0. 0.]
cvc_x_pos (2001,)
[0. 0. 0. ... 0. 0. 0.]
cvc_x_pos (2001,)
[0. 0. 0. ... 0. 0. 0.]
cvc_x_pos (2001,)
[0. 0. 0. ... 0. 0. 0.]
cvc_x_pos (2001,)
[0. 0. 0. ... 0. 0. 0.]
cvc_x_pos (2001,)
[0. 0. 0. ... 0. 0. 0.]
cvc_x_pos (2001,)
[0. 0. 0. ... 0. 0. 0.]
cvc_x_pos (2001,)
[0. 0. 0. ... 0. 0. 0.]
cvc_x_pos (2001,)
[0. 0. 0. ... 0. 0. 0.]
cvc_x_pos (2001,)
[0. 0. 0. ... 0. 0. 0.]
cvc_x_pos (2001,)
[0. 0. 0. ... 0. 0. 0.]
cvc_x_pos (2001,)
[0. 0. 0. ... 0. 0. 0.]
cvc_x_pos (2001,)
[0. 0. 0. ... 0. 0. 0.]
cvc_x_pos (2001,)
[0. 0. 0. ... 0. 0. 0.]
cvc_x_pos (2001,)
[0. 0. 0. ... 0. 0. 0.]
cvc_x_pos (2001,)
[0. 0. 0. ... 0. 0. 0.]
cvc_x_pos (2001,)
[0. 0. 0. ... 0. 0. 0.]
cvc_x_pos (2001,)
[0. 0. 0. ... 0. 0. 0.]
cvc_x_pos (2001,)
[0. 0. 0. ... 0. 0. 0.]
cvc_x_pos (2001,)
[0. 0. 0. ... 0. 0. 0.]
cvc_x_pos (2001,)
[0. 0. 0. ... 0. 0. 0.]
cvc_x_pos (2001,)
[0. 0. 0. ... 0. 0. 0.]
cvc_x_pos (2001,)
[0. 0. 0. ... 0. 0. 0.]
cvc_x_pos (2001,)
[0. 0. 0. ... 0. 0. 0.]
cvc_x_pos (2001,)
[0. 0. 0. ... 0. 0. 0.]
cvc_x_pos (2001,)
[0. 0. 0. ... 0. 0. 0.]
cvc_x_pos (2001,)
[0. 0. 0. ... 0. 0. 0.]
cvc_x_pos (2001,)
[0. 0. 0. ... 0. 0. 0.]
cvc_x_pos (2001,)
[0. 0. 0. ... 0. 0. 0.]
cvc_x_pos (2001,)
[0. 0. 0. ... 0. 0. 0.]
cvc_x_pos (2001,)
[0.00434211 0.00868463 0.00434251 ... 0.         0.         0.        ]
cvc_x_pos (2001,)
[0.00340673 0.00681442 0.00340769 ... 0.         0.         0.        ]
cvc_x_pos (2001,)
[0.0044199  0.00883963 0.00441972 ... 0.         0.         0.        ]
cvc_x_pos (2001,)
[0.00423964 0.00848103 0.00424139 ... 0.         0.         0.        ]
cvc_x_pos (2001,)
[0.00379424 0.00758723 0.00379298 ... 0.         0.         0.        ]
cvc_x_pos (2001,)
[0.00413037 0.00826197 0.00413159 ... 0.         0.         0.        ]
cvc_x_pos (2001,)
[0. 0. 0. ... 0. 0. 0.]
cvc_x_pos (2001,)
[0. 0. 0. ... 0. 0. 0.]
cvc_x_pos (2001,)
[0. 0. 0. ... 0. 0. 0.]
cvc_x_pos (2001,)
[0. 0. 0. ... 0. 0. 0.]
cvc_x_pos (2001,)
[0. 0. 0. ... 0. 0. 0.]
cvc_x_pos (2001,)
[0. 0. 0. ... 0. 0. 0.]
cvc_x_pos (2001,)
[0. 0. 0. ... 0. 0. 0.]
cvc_x_pos (2001,)
[0. 0. 0. ... 0. 0. 0.]
cvc_x_pos (2001,)
[0. 0. 0. ... 0. 0. 0.]
cvc_x_pos (2001,)
[0. 0. 0. ... 0. 0. 0.]
cvc_x_pos (2001,)
[0. 0. 0. ... 0. 0. 0.]
cvc_x_pos (2001,)
[0. 0. 0. ... 0. 0. 0.]
cvc_x_pos (2001,)
[0. 0. 0. ... 0. 0. 0.]
cvc_x_pos (2001,)
[0. 0. 0. ... 0. 0. 0.]
cvc_x_pos (2001,)
[0. 0. 0. ... 0. 0. 0.]
cvc_x_pos (2001,)
[0. 0. 0. ... 0. 0. 0.]
cvc_x_pos (2001,)
[0. 0. 0. ... 0. 0. 0.]
cvc_x_pos (2001,)
[0. 0. 0. ... 0. 0. 0.]
cvc_x_pos (2001,)
[0. 0. 0. ... 0. 0. 0.]
cvc_x_pos (2001,)
[0. 0. 0. ... 0. 0. 0.]
cvc_x_pos (2001,)
[0. 0. 0. ... 0. 0. 0.]
cvc_x_pos (2001,)
[0. 0. 0. ... 0. 0. 0.]
cvc_x_pos (2001,)
[0. 0. 0. ... 0. 0. 0.]
cvc_x_pos (2001,)
[0. 0. 0. ... 0. 0. 0.]
cvc_x_pos (2001,)
[0.0041395  0.00827983 0.00414032 ... 0.         0.         0.        ]
cvc_x_pos (2001,)
[0.00400544 0.00801241 0.00400696 ... 0.         0.         0.        ]
cvc_x_pos (2001,)
[0.00343279 0.0068646  0.0034318  ... 0.         0.         0.        ]
cvc_x_pos (2001,)
[0.00464842 0.00929915 0.00465072 ... 0.         0.         0.        ]
cvc_x_pos (2001,)
[0.00387609 0.0077511  0.00387499 ... 0.         0.         0.        ]
cvc_x_pos (2001,)
[0. 0. 0. ... 0. 0. 0.]
cvc_x_pos (2001,)
[0. 0. 0. ... 0. 0. 0.]
cvc_x_pos (2001,)
[0.00384015 0.00767862 0.00383846 ... 0.         0.         0.        ]
cvc_x_pos (2001,)
[0.00430537 0.00861106 0.00430567 ... 0.         0.         0.        ]
cvc_x_pos (2001,)
[0. 0. 0. ... 0. 0. 0.]
cvc_x_pos (2001,)
[0. 0. 0. ... 0. 0. 0.]
cvc_x_pos (2001,)
[0. 0. 0. ... 0. 0. 0.]
cvc_x_pos (2001,)
[0. 0. 0. ... 0. 0. 0.]
cvc_x_pos (2001,)
[0. 0. 0. ... 0. 0. 0.]
cvc_x_pos (2001,)
[0. 0. 0. ... 0. 0. 0.]
cvc_x_pos (2001,)
[0. 0. 0. ... 0. 0. 0.]
cvc_x_pos (2001,)
[0. 0. 0. ... 0. 0. 0.]
cvc_x_pos (2001,)
[0. 0. 0. ... 0. 0. 0.]
cvc_x_pos (2001,)
[0. 0. 0. ... 0. 0. 0.]
cvc_x_pos (2001,)
[0. 0. 0. ... 0. 0. 0.]
cvc_x_pos (2001,)
[0.00453063 0.00906319 0.00453255 ... 0.         0.         0.        ]
cvc_x_pos (2001,)
[0.00398312 0.00796783 0.0039847  ... 0.         0.         0.        ]
cvc_x_pos (2001,)
[0.00463282 0.0092643  0.00463146 ... 0.         0.         0.        ]
cvc_x_pos (2001,)
[0. 0. 0. ... 0. 0. 0.]
cvc_x_pos (2001,)
[0.00425513 0.00850896 0.00425382 ... 0.         0.         0.        ]
cvc_x_pos (2001,)
[0. 0. 0. ... 0. 0. 0.]
cvc_x_pos (2001,)
[0. 0. 0. ... 0. 0. 0.]
cvc_x_pos (2001,)
[0. 0. 0. ... 0. 0. 0.]
cvc_x_pos (2001,)
[0. 0. 0. ... 0. 0. 0.]
cvc_x_pos (2001,)
[0.00348332 0.00696547 0.00348214 ... 0.         0.         0.        ]
cvc_x_pos (2001,)
[0.00416979 0.00834065 0.00417084 ... 0.         0.         0.        ]
cvc_x_pos (2001,)
[0.00367419 0.00734807 0.00367387 ... 0.         0.         0.        ]
cvc_x_pos (2001,)
[0. 0. 0. ... 0. 0. 0.]
cvc_x_pos (2001,)
[0.00447518 0.00894959 0.00447439 ... 0.         0.         0.        ]
cvc_x_pos (2001,)
[0. 0. 0. ... 0. 0. 0.]
cvc_x_pos (2001,)
[0. 0. 0. ... 0. 0. 0.]
cvc_x_pos (2001,)
[0. 0. 0. ... 0. 0. 0.]
cvc_x_pos (2001,)
[0. 0. 0. ... 0. 0. 0.]
cvc_x_pos (2001,)
[0. 0. 0. ... 0. 0. 0.]
cvc_x_pos (2001,)
[0. 0. 0. ... 0. 0. 0.]
cvc_x_pos (2001,)
[0. 0. 0. ... 0. 0. 0.]
cvc_x_pos (2001,)
[0. 0. 0. ... 0. 0. 0.]
cvc_x_pos (2001,)
[0.00398395 0.00796677 0.00398281 ... 0.         0.         0.        ]
cvc_x_pos (2001,)
[0.00381336 0.00762557 0.00381219 ... 0.         0.         0.        ]
cvc_x_pos (2001,)
[0.00404517 0.00809057 0.0040454  ... 0.         0.         0.        ]
cvc_x_pos (2001,)
[0.00383623 0.00383567 0.         ... 0.         0.         0.        ]
cvc_x_pos (2001,)
[0.00363685 0.00727461 0.00363775 ... 0.         0.         0.        ]
cvc_x_pos (2001,)
[0. 0. 0. ... 0. 0. 0.]
cvc_x_pos (2001,)
[0. 0. 0. ... 0. 0. 0.]
cvc_x_pos (2001,)
[0. 0. 0. ... 0. 0. 0.]
cvc_x_pos (2001,)
[0. 0. 0. ... 0. 0. 0.]
cvc_x_pos (2001,)
[0. 0. 0. ... 0. 0. 0.]
cvc_x_pos (2001,)
[0. 0. 0. ... 0. 0. 0.]
cvc_x_pos (2001,)
[0. 0. 0. ... 0. 0. 0.]
cvc_x_pos (2001,)
[0. 0. 0. ... 0. 0. 0.]
cvc_x_pos (2001,)
[0. 0. 0. ... 0. 0. 0.]
cvc_x_pos (2001,)
[0. 0. 0. ... 0. 0. 0.]
cvc_x_pos (2001,)
[0. 0. 0. ... 0. 0. 0.]
cvc_x_pos (2001,)
[0. 0. 0. ... 0. 0. 0.]
cvc_x_pos (2001,)
[0. 0. 0. ... 0. 0. 0.]
cvc_x_pos (2001,)
[0.00333849 0.00667584 0.00333734 ... 0.         0.         0.        ]
cvc_x_pos (2001,)
[0. 0. 0. ... 0. 0. 0.]
cvc_x_pos (2001,)
[0.00446606 0.00893005 0.00446398 ... 0.         0.         0.        ]
cvc_x_pos (2001,)
[0.00449917 0.00899813 0.00449895 ... 0.         0.         0.        ]
cvc_x_pos (2001,)
[0. 0. 0. ... 0. 0. 0.]
cvc_x_pos (2001,)
[0.00482254 0.00964554 0.00482298 ... 0.         0.         0.        ]
cvc_x_pos (2001,)
[0. 0. 0. ... 0. 0. 0.]
cvc_x_pos (2001,)
[0. 0. 0. ... 0. 0. 0.]
cvc_x_pos (2001,)
[0. 0. 0. ... 0. 0. 0.]
cvc_x_pos (2001,)
[0. 0. 0. ... 0. 0. 0.]
cvc_x_pos (2001,)
[0. 0. 0. ... 0. 0. 0.]
cvc_x_pos (2001,)
[0. 0. 0. ... 0. 0. 0.]
cvc_x_pos (2001,)
[0. 0. 0. ... 0. 0. 0.]
cvc_x_pos (2001,)
[0. 0. 0. ... 0. 0. 0.]
cvc_x_pos (2001,)
[0. 0. 0. ... 0. 0. 0.]
cvc_x_pos (2001,)
[0. 0. 0. ... 0. 0. 0.]
cvc_x_pos (2001,)
[0. 0. 0. ... 0. 0. 0.]
cvc_x_pos (2001,)
[0. 0. 0. ... 0. 0. 0.]
cvc_x_pos (2001,)
[0. 0. 0. ... 0. 0. 0.]
cvc_x_pos (2001,)
[0. 0. 0. ... 0. 0. 0.]
cvc_x_pos (2001,)
[0. 0. 0. ... 0. 0. 0.]
cvc_x_pos (2001,)
[0. 0. 0. ... 0. 0. 0.]
cvc_x_pos (2001,)
[0. 0. 0. ... 0. 0. 0.]
cvc_x_pos (2001,)
[0. 0. 0. ... 0. 0. 0.]
cvc_x_pos (2001,)
[0. 0. 0. ... 0. 0. 0.]
cvc_x_pos (2001,)
[0. 0. 0. ... 0. 0. 0.]
cvc_x_pos (2001,)
[0. 0. 0. ... 0. 0. 0.]
cvc_x_pos (2001,)
[0. 0. 0. ... 0. 0. 0.]
cvc_x_pos (2001,)
[0. 0. 0. ... 0. 0. 0.]
cvc_x_pos (2001,)
[0. 0. 0. ... 0. 0. 0.]
cvc_x_pos (2001,)
[0.00393328 0.00786492 0.00393164 ... 0.         0.         0.        ]
cvc_x_pos (2001,)
[0.00443577 0.004435   0.         ... 0.         0.         0.        ]
cvc_x_pos (2001,)
[0.00341273 0.00682555 0.00341281 ... 0.         0.         0.        ]
cvc_x_pos (2001,)
[0. 0. 0. ... 0. 0. 0.]
cvc_x_pos (2001,)
[0.00454448 0.00909045 0.00454595 ... 0.         0.         0.        ]
cvc_x_pos (2001,)
[0. 0. 0. ... 0. 0. 0.]
cvc_x_pos (2001,)
[0.00424132 0.00848368 0.00424235 ... 0.         0.         0.        ]
cvc_x_pos (2001,)
[0. 0. 0. ... 0. 0. 0.]
cvc_x_pos (2001,)
[0. 0. 0. ... 0. 0. 0.]
cvc_x_pos (2001,)
[0. 0. 0. ... 0. 0. 0.]
cvc_x_pos (2001,)
[0. 0. 0. ... 0. 0. 0.]
cvc_x_pos (2001,)
[0. 0. 0. ... 0. 0. 0.]
cvc_x_pos (2001,)
[0. 0. 0. ... 0. 0. 0.]
cvc_x_pos (2001,)
[0. 0. 0. ... 0. 0. 0.]
cvc_x_pos (2001,)
[0. 0. 0. ... 0. 0. 0.]
cvc_x_pos (2001,)
[0. 0. 0. ... 0. 0. 0.]
cvc_x_pos (2001,)
[0. 0. 0. ... 0. 0. 0.]
cvc_x_pos (2001,)
[0. 0. 0. ... 0. 0. 0.]
cvc_x_pos (2001,)
[0. 0. 0. ... 0. 0. 0.]
cvc_x_pos (2001,)
[0. 0. 0. ... 0. 0. 0.]
cvc_x_pos (2001,)
[0. 0. 0. ... 0. 0. 0.]
cvc_x_pos (2001,)
[0. 0. 0. ... 0. 0. 0.]
cvc_x_pos (2001,)
[0. 0. 0. ... 0. 0. 0.]
cvc_x_pos (2001,)
[0. 0. 0. ... 0. 0. 0.]
cvc_x_pos (2001,)
[0. 0. 0. ... 0. 0. 0.]
cvc_x_pos (2001,)
[0. 0. 0. ... 0. 0. 0.]
cvc_x_pos (2001,)
[0. 0. 0. ... 0. 0. 0.]
cvc_x_pos (2001,)
[0. 0. 0. ... 0. 0. 0.]
cvc_x_pos (2001,)
[0. 0. 0. ... 0. 0. 0.]
cvc_x_pos (2001,)
[0. 0. 0. ... 0. 0. 0.]
cvc_x_pos (2001,)
[0. 0. 0. ... 0. 0. 0.]
cvc_x_pos (2001,)
[0. 0. 0. ... 0. 0. 0.]
cvc_x_pos (2001,)
[0. 0. 0. ... 0. 0. 0.]
cvc_x_pos (2001,)
[0. 0. 0. ... 0. 0. 0.]
cvc_x_pos (2001,)
[0. 0. 0. ... 0. 0. 0.]
cvc_x_pos (2001,)
[0. 0. 0. ... 0. 0. 0.]
cvc_x_pos (2001,)
[0. 0. 0. ... 0. 0. 0.]
cvc_x_pos (2001,)
[0. 0. 0. ... 0. 0. 0.]
cvc_x_pos (2001,)
[0. 0. 0. ... 0. 0. 0.]
cvc_x_pos (2001,)
[0. 0. 0. ... 0. 0. 0.]
cvc_x_pos (2001,)
[0.0037888  0.00757663 0.00378782 ... 0.         0.         0.        ]
cvc_x_pos (2001,)
[0.00378116 0.00756165 0.00378049 ... 0.         0.         0.        ]
cvc_x_pos (2001,)
[0.00412909 0.00825822 0.00412912 ... 0.         0.         0.        ]
cvc_x_pos (2001,)
[0.00404379 0.00808581 0.00404202 ... 0.         0.         0.        ]
cvc_x_pos (2001,)
[0.00444967 0.00889735 0.00444767 ... 0.         0.         0.        ]
cvc_x_pos (2001,)
[0.00451936 0.00903847 0.00451909 ... 0.         0.         0.        ]
cvc_x_pos (2001,)
[0.00423286 0.00846774 0.00423487 ... 0.         0.         0.        ]
cvc_x_pos (2001,)
[0. 0. 0. ... 0. 0. 0.]
cvc_x_pos (2001,)
[0. 0. 0. ... 0. 0. 0.]
cvc_x_pos (2001,)
[0. 0. 0. ... 0. 0. 0.]
cvc_x_pos (2001,)
[0. 0. 0. ... 0. 0. 0.]
cvc_x_pos (2001,)
[0. 0. 0. ... 0. 0. 0.]
cvc_x_pos (2001,)
[0. 0. 0. ... 0. 0. 0.]
cvc_x_pos (2001,)
[0. 0. 0. ... 0. 0. 0.]
cvc_x_pos (2001,)
[0. 0. 0. ... 0. 0. 0.]
cvc_x_pos (2001,)
[0. 0. 0. ... 0. 0. 0.]
cvc_x_pos (2001,)
[0. 0. 0. ... 0. 0. 0.]
cvc_x_pos (2001,)
[0. 0. 0. ... 0. 0. 0.]
cvc_x_pos (2001,)
[0. 0. 0. ... 0. 0. 0.]
cvc_x_pos (2001,)
[0. 0. 0. ... 0. 0. 0.]
cvc_x_pos (2001,)
[0. 0. 0. ... 0. 0. 0.]
cvc_x_pos (2001,)
[0. 0. 0. ... 0. 0. 0.]
cvc_x_pos (2001,)
[0. 0. 0. ... 0. 0. 0.]
cvc_x_pos (2001,)
[0. 0. 0. ... 0. 0. 0.]
cvc_x_pos (2001,)
[0. 0. 0. ... 0. 0. 0.]
cvc_x_pos (2001,)
[0. 0. 0. ... 0. 0. 0.]
cvc_x_pos (2001,)
[0. 0. 0. ... 0. 0. 0.]
cvc_x_pos (2001,)
[0. 0. 0. ... 0. 0. 0.]
cvc_x_pos (2001,)
[0. 0. 0. ... 0. 0. 0.]
cvc_x_pos (2001,)
[0. 0. 0. ... 0. 0. 0.]
cvc_x_pos (2001,)
[0. 0. 0. ... 0. 0. 0.]
cvc_x_pos (2001,)
[0. 0. 0. ... 0. 0. 0.]
cvc_x_pos (2001,)
[0. 0. 0. ... 0. 0. 0.]
cvc_x_pos (2001,)
[0. 0. 0. ... 0. 0. 0.]
cvc_x_pos (2001,)
[0. 0. 0. ... 0. 0. 0.]
cvc_x_pos (2001,)
[0. 0. 0. ... 0. 0. 0.]
cvc_x_pos (2001,)
[0. 0. 0. ... 0. 0. 0.]
cvc_x_pos (2001,)
[0. 0. 0. ... 0. 0. 0.]
cvc_x_pos (2001,)
[0. 0. 0. ... 0. 0. 0.]
cvc_x_pos (2001,)
[0. 0. 0. ... 0. 0. 0.]
cvc_x_pos (2001,)
[0. 0. 0. ... 0. 0. 0.]
cvc_x_pos (2001,)
[0. 0. 0. ... 0. 0. 0.]
cvc_x_pos (2001,)
[0. 0. 0. ... 0. 0. 0.]
cvc_x_pos (2001,)
[0. 0. 0. ... 0. 0. 0.]
cvc_x_pos (2001,)
[0. 0. 0. ... 0. 0. 0.]
cvc_x_pos (2001,)
[0. 0. 0. ... 0. 0. 0.]
cvc_x_pos (2001,)
[0. 0. 0. ... 0. 0. 0.]
cvc_x_pos (2001,)
[0. 0. 0. ... 0. 0. 0.]
cvc_x_pos (2001,)
[0. 0. 0. ... 0. 0. 0.]
cvc_x_pos (2001,)
[0. 0. 0. ... 0. 0. 0.]
cvc_x_pos (2001,)
[0. 0. 0. ... 0. 0. 0.]
cvc_x_pos (2001,)
[0.00533877 0.01067508 0.00533629 ... 0.         0.         0.        ]
cvc_x_pos (2001,)
[0.00448532 0.0089685  0.00448316 ... 0.         0.         0.        ]
cvc_x_pos (2001,)
[0.00427389 0.00854903 0.00427513 ... 0.         0.         0.        ]
cvc_x_pos (2001,)
[0.00455107 0.00910098 0.00454989 ... 0.         0.         0.        ]
cvc_x_pos (2001,)
[0. 0. 0. ... 0. 0. 0.]
cvc_x_pos (2001,)
[0.00482376 0.00964745 0.00482367 ... 0.         0.         0.        ]
cvc_x_pos (2001,)
[0.00397378 0.00794671 0.00397292 ... 0.         0.         0.        ]
cvc_x_pos (2001,)
[0.00453246 0.00906592 0.00453345 ... 0.         0.         0.        ]
cvc_x_pos (2001,)
[0. 0. 0. ... 0. 0. 0.]
cvc_x_pos (2001,)
[0. 0. 0. ... 0. 0. 0.]
cvc_x_pos (2001,)
[0. 0. 0. ... 0. 0. 0.]
cvc_x_pos (2001,)
[0. 0. 0. ... 0. 0. 0.]
cvc_x_pos (2001,)
[0. 0. 0. ... 0. 0. 0.]
cvc_x_pos (2001,)
[0. 0. 0. ... 0. 0. 0.]
cvc_x_pos (2001,)
[0. 0. 0. ... 0. 0. 0.]
cvc_x_pos (2001,)
[0. 0. 0. ... 0. 0. 0.]
cvc_x_pos (2001,)
[0.00493856 0.00987485 0.00493627 ... 0.         0.         0.        ]
cvc_x_pos (2001,)
[0.00355846 0.00711779 0.00355932 ... 0.         0.         0.        ]
cvc_x_pos (2001,)
[0. 0. 0. ... 0. 0. 0.]
cvc_x_pos (2001,)
[0. 0. 0. ... 0. 0. 0.]
cvc_x_pos (2001,)
[0. 0. 0. ... 0. 0. 0.]
cvc_x_pos (2001,)
[0. 0. 0. ... 0. 0. 0.]
cvc_x_pos (2001,)
[0. 0. 0. ... 0. 0. 0.]
cvc_x_pos (2001,)
[0. 0. 0. ... 0. 0. 0.]
cvc_x_pos (2001,)
[0. 0. 0. ... 0. 0. 0.]
cvc_x_pos (2001,)
[0. 0. 0. ... 0. 0. 0.]
cvc_x_pos (2001,)
[0. 0. 0. ... 0. 0. 0.]
cvc_x_pos (2001,)
[0. 0. 0. ... 0. 0. 0.]
cvc_x_pos (2001,)
[0. 0. 0. ... 0. 0. 0.]
cvc_x_pos (2001,)
[0. 0. 0. ... 0. 0. 0.]
cvc_x_pos (2001,)
[0. 0. 0. ... 0. 0. 0.]
cvc_x_pos (2001,)
[0. 0. 0. ... 0. 0. 0.]
cvc_x_pos (2001,)
[0. 0. 0. ... 0. 0. 0.]
cvc_x_pos (2001,)
[0. 0. 0. ... 0. 0. 0.]
cvc_x_pos (2001,)
[0. 0. 0. ... 0. 0. 0.]
cvc_x_pos (2001,)
[0. 0. 0. ... 0. 0. 0.]
cvc_x_pos (2001,)
[0. 0. 0. ... 0. 0. 0.]
cvc_x_pos (2001,)
[0. 0. 0. ... 0. 0. 0.]
cvc_x_pos (2001,)
[0. 0. 0. ... 0. 0. 0.]
cvc_x_pos (2001,)
[0. 0. 0. ... 0. 0. 0.]
cvc_x_pos (2001,)
[0. 0. 0. ... 0. 0. 0.]
cvc_x_pos (2001,)
[0. 0. 0. ... 0. 0. 0.]
cvc_x_pos (2001,)
[0. 0. 0. ... 0. 0. 0.]
cvc_x_pos (2001,)
[0. 0. 0. ... 0. 0. 0.]
cvc_x_pos (2001,)
[0. 0. 0. ... 0. 0. 0.]
cvc_x_pos (2001,)
[0. 0. 0. ... 0. 0. 0.]
cvc_x_pos (2001,)
[0. 0. 0. ... 0. 0. 0.]
cvc_x_pos (2001,)
[0. 0. 0. ... 0. 0. 0.]
cvc_x_pos (2001,)
[0. 0. 0. ... 0. 0. 0.]
cvc_x_pos (2001,)
[0. 0. 0. ... 0. 0. 0.]
cvc_x_pos (2001,)
[0. 0. 0. ... 0. 0. 0.]
cvc_x_pos (2001,)
[0. 0. 0. ... 0. 0. 0.]
cvc_x_pos (2001,)
[0. 0. 0. ... 0. 0. 0.]
cvc_x_pos (2001,)
[0. 0. 0. ... 0. 0. 0.]
cvc_x_pos (2001,)
[0. 0. 0. ... 0. 0. 0.]
cvc_x_pos (2001,)
[0. 0. 0. ... 0. 0. 0.]
cvc_x_pos (2001,)
[0. 0. 0. ... 0. 0. 0.]
cvc_x_pos (2001,)
[0. 0. 0. ... 0. 0. 0.]
cvc_x_pos (2001,)
[0. 0. 0. ... 0. 0. 0.]
cvc_x_pos (2001,)
[0.00390787 0.00781725 0.00390937 ... 0.         0.         0.        ]
cvc_x_pos (2001,)
[0.00421448 0.00842856 0.00421406 ... 0.         0.         0.        ]
cvc_x_pos (2001,)
[0. 0. 0. ... 0. 0. 0.]
cvc_x_pos (2001,)
[0.0045188  0.00903724 0.00451843 ... 0.         0.         0.        ]
cvc_x_pos (2001,)
[0. 0. 0. ... 0. 0. 0.]
cvc_x_pos (2001,)
[0. 0. 0. ... 0. 0. 0.]
cvc_x_pos (2001,)
[0. 0. 0. ... 0. 0. 0.]
cvc_x_pos (2001,)
[0. 0. 0. ... 0. 0. 0.]
cvc_x_pos (2001,)
[0. 0. 0. ... 0. 0. 0.]
cvc_x_pos (2001,)
[0. 0. 0. ... 0. 0. 0.]
cvc_x_pos (2001,)
[0. 0. 0. ... 0. 0. 0.]
cvc_x_pos (2001,)
[0. 0. 0. ... 0. 0. 0.]
cvc_x_pos (2001,)
[0. 0. 0. ... 0. 0. 0.]
cvc_x_pos (2001,)
[0. 0. 0. ... 0. 0. 0.]
cvc_x_pos (2001,)
[0.0034321  0.0068633  0.00343119 ... 0.         0.         0.        ]
cvc_x_pos (2001,)
[0.0037862  0.00757226 0.00378605 ... 0.         0.         0.        ]
cvc_x_pos (2001,)
[0. 0. 0. ... 0. 0. 0.]
cvc_x_pos (2001,)
[0. 0. 0. ... 0. 0. 0.]
cvc_x_pos (2001,)
[0. 0. 0. ... 0. 0. 0.]
cvc_x_pos (2001,)
[0. 0. 0. ... 0. 0. 0.]
cvc_x_pos (2001,)
[0. 0. 0. ... 0. 0. 0.]
cvc_x_pos (2001,)
[0. 0. 0. ... 0. 0. 0.]
cvc_x_pos (2001,)
[0. 0. 0. ... 0. 0. 0.]
cvc_x_pos (2001,)
[0. 0. 0. ... 0. 0. 0.]
cvc_x_pos (2001,)
[0. 0. 0. ... 0. 0. 0.]
cvc_x_pos (2001,)
[0. 0. 0. ... 0. 0. 0.]
cvc_x_pos (2001,)
[0. 0. 0. ... 0. 0. 0.]
cvc_x_pos (2001,)
[0. 0. 0. ... 0. 0. 0.]
cvc_x_pos (2001,)
[0. 0. 0. ... 0. 0. 0.]
cvc_x_pos (2001,)
[0. 0. 0. ... 0. 0. 0.]
cvc_x_pos (2001,)
[0. 0. 0. ... 0. 0. 0.]
cvc_x_pos (2001,)
[0. 0. 0. ... 0. 0. 0.]
cvc_x_pos (2001,)
[0. 0. 0. ... 0. 0. 0.]
cvc_x_pos (2001,)
[0. 0. 0. ... 0. 0. 0.]
cvc_x_pos (2001,)
[0. 0. 0. ... 0. 0. 0.]
cvc_x_pos (2001,)
[0. 0. 0. ... 0. 0. 0.]
cvc_x_pos (2001,)
[0. 0. 0. ... 0. 0. 0.]
cvc_x_pos (2001,)
[0. 0. 0. ... 0. 0. 0.]
cvc_x_pos (2001,)
[0. 0. 0. ... 0. 0. 0.]
cvc_x_pos (2001,)
[0. 0. 0. ... 0. 0. 0.]
cvc_x_pos (2001,)
[0. 0. 0. ... 0. 0. 0.]
cvc_x_pos (2001,)
[0. 0. 0. ... 0. 0. 0.]
cvc_x_pos (2001,)
[0. 0. 0. ... 0. 0. 0.]
cvc_x_pos (2001,)
[0. 0. 0. ... 0. 0. 0.]
cvc_x_pos (2001,)
[0. 0. 0. ... 0. 0. 0.]
cvc_x_pos (2001,)
[0. 0. 0. ... 0. 0. 0.]
cvc_x_pos (2001,)
[0.00492735 0.00985632 0.00492895 ... 0.         0.         0.        ]
cvc_x_pos (2001,)
[0. 0. 0. ... 0. 0. 0.]
cvc_x_pos (2001,)
[0.00466498 0.0093294  0.0046644  ... 0.         0.         0.        ]
cvc_x_pos (2001,)
[0.00464767 0.00929774 0.00465005 ... 0.         0.         0.        ]
cvc_x_pos (2001,)
[0. 0. 0. ... 0. 0. 0.]
cvc_x_pos (2001,)
[0. 0. 0. ... 0. 0. 0.]
cvc_x_pos (2001,)
[0. 0. 0. ... 0. 0. 0.]
cvc_x_pos (2001,)
[0. 0. 0. ... 0. 0. 0.]
cvc_x_pos (2001,)
[0. 0. 0. ... 0. 0. 0.]
cvc_x_pos (2001,)
[0. 0. 0. ... 0. 0. 0.]
cvc_x_pos (2001,)
[0. 0. 0. ... 0. 0. 0.]
cvc_x_pos (2001,)
[0. 0. 0. ... 0. 0. 0.]
cvc_x_pos (2001,)
[0. 0. 0. ... 0. 0. 0.]
cvc_x_pos (2001,)
[0. 0. 0. ... 0. 0. 0.]
cvc_x_pos (2001,)
[0. 0. 0. ... 0. 0. 0.]
cvc_x_pos (2001,)
[0. 0. 0. ... 0. 0. 0.]
cvc_x_pos (2001,)
[0.00378761 0.00757372 0.0037861  ... 0.         0.         0.        ]
cvc_x_pos (2001,)
[0.00351904 0.0070384  0.00351935 ... 0.         0.         0.        ]
cvc_x_pos (2001,)
[0. 0. 0. ... 0. 0. 0.]
cvc_x_pos (2001,)
[0. 0. 0. ... 0. 0. 0.]
cvc_x_pos (2001,)
[0. 0. 0. ... 0. 0. 0.]
cvc_x_pos (2001,)
[0. 0. 0. ... 0. 0. 0.]
cvc_x_pos (2001,)
[0. 0. 0. ... 0. 0. 0.]
cvc_x_pos (2001,)
[0. 0. 0. ... 0. 0. 0.]
cvc_x_pos (2001,)
[0. 0. 0. ... 0. 0. 0.]
cvc_x_pos (2001,)
[0. 0. 0. ... 0. 0. 0.]
cvc_x_pos (2001,)
[0. 0. 0. ... 0. 0. 0.]
cvc_x_pos (2001,)
[0. 0. 0. ... 0. 0. 0.]
cvc_x_pos (2001,)
[0. 0. 0. ... 0. 0. 0.]
cvc_x_pos (2001,)
[0. 0. 0. ... 0. 0. 0.]
cvc_x_pos (2001,)
[0. 0. 0. ... 0. 0. 0.]
cvc_x_pos (2001,)
[0. 0. 0. ... 0. 0. 0.]
cvc_x_pos (2001,)
[0. 0. 0. ... 0. 0. 0.]
cvc_x_pos (2001,)
[0. 0. 0. ... 0. 0. 0.]
cvc_x_pos (2001,)
[0. 0. 0. ... 0. 0. 0.]
cvc_x_pos (2001,)
[0. 0. 0. ... 0. 0. 0.]
cvc_x_pos (2001,)
[0. 0. 0. ... 0. 0. 0.]
cvc_x_pos (2001,)
[0.00338192 0.00676487 0.00338295 ... 0.         0.         0.        ]
cvc_x_pos (2001,)
[0. 0. 0. ... 0. 0. 0.]
cvc_x_pos (2001,)
[0.00422935 0.008458   0.00422864 ... 0.         0.         0.        ]
cvc_x_pos (2001,)
[0. 0. 0. ... 0. 0. 0.]
cvc_x_pos (2001,)
[0.00368889 0.00737772 0.00368883 ... 0.         0.         0.        ]
cvc_x_pos (2001,)
[0. 0. 0. ... 0. 0. 0.]
cvc_x_pos (2001,)
[0. 0. 0. ... 0. 0. 0.]
cvc_x_pos (2001,)
[0. 0. 0. ... 0. 0. 0.]
cvc_x_pos (2001,)
[0. 0. 0. ... 0. 0. 0.]
cvc_x_pos (2001,)
[0. 0. 0. ... 0. 0. 0.]
cvc_x_pos (2001,)
[0. 0. 0. ... 0. 0. 0.]
cvc_x_pos (2001,)
[0. 0. 0. ... 0. 0. 0.]
cvc_x_pos (2001,)
[0. 0. 0. ... 0. 0. 0.]
cvc_x_pos (2001,)
[0. 0. 0. ... 0. 0. 0.]
cvc_x_pos (2001,)
[0. 0. 0. ... 0. 0. 0.]
cvc_x_pos (2001,)
[0. 0. 0. ... 0. 0. 0.]
cvc_x_pos (2001,)
[0. 0. 0. ... 0. 0. 0.]
cvc_x_pos (2001,)
[0. 0. 0. ... 0. 0. 0.]
cvc_x_pos (2001,)
[0. 0. 0. ... 0. 0. 0.]
cvc_x_pos (2001,)
[0.00385901 0.00771815 0.00385913 ... 0.         0.         0.        ]
cvc_x_pos (2001,)
[0.00454149 0.00908527 0.00454377 ... 0.         0.         0.        ]
cvc_x_pos (2001,)
[0. 0. 0. ... 0. 0. 0.]
cvc_x_pos (2001,)
[0. 0. 0. ... 0. 0. 0.]
cvc_x_pos (2001,)
[0. 0. 0. ... 0. 0. 0.]
cvc_x_pos (2001,)
[0. 0. 0. ... 0. 0. 0.]
cvc_x_pos (2001,)
[0. 0. 0. ... 0. 0. 0.]
cvc_x_pos (2001,)
[0. 0. 0. ... 0. 0. 0.]
cvc_x_pos (2001,)
[0. 0. 0. ... 0. 0. 0.]
cvc_x_pos (2001,)
[0.00389622 0.00779381 0.00389758 ... 0.         0.         0.        ]
cvc_x_pos (2001,)
[0.00443706 0.0088763  0.00443922 ... 0.         0.         0.        ]
cvc_x_pos (2001,)
[0.003779  0.0075572 0.0037782 ... 0.        0.        0.       ]
cvc_x_pos (2001,)
[0. 0. 0. ... 0. 0. 0.]
cvc_x_pos (2001,)
[0.00504107 0.0100817  0.0050406  ... 0.         0.         0.        ]
cvc_x_pos (2001,)
[0. 0. 0. ... 0. 0. 0.]
cvc_x_pos (2001,)
[0. 0. 0. ... 0. 0. 0.]
cvc_x_pos (2001,)
[0. 0. 0. ... 0. 0. 0.]
cvc_x_pos (2001,)
[0. 0. 0. ... 0. 0. 0.]
cvc_x_pos (2001,)
[0. 0. 0. ... 0. 0. 0.]
cvc_x_pos (2001,)
[0. 0. 0. ... 0. 0. 0.]
cvc_x_pos (2001,)
[0. 0. 0. ... 0. 0. 0.]
cvc_x_pos (2001,)
[0. 0. 0. ... 0. 0. 0.]
cvc_x_pos (2001,)
[0. 0. 0. ... 0. 0. 0.]
cvc_x_pos (2001,)
[0. 0. 0. ... 0. 0. 0.]
cvc_x_pos (2001,)
[0. 0. 0. ... 0. 0. 0.]
cvc_x_pos (2001,)
[0. 0. 0. ... 0. 0. 0.]
cvc_x_pos (2001,)
[0. 0. 0. ... 0. 0. 0.]
cvc_x_pos (2001,)
[0. 0. 0. ... 0. 0. 0.]
cvc_x_pos (2001,)
[0.00417843 0.00835487 0.00417643 ... 0.         0.         0.        ]
cvc_x_pos (2001,)
[0.00455106 0.00910326 0.00455219 ... 0.         0.         0.        ]
cvc_x_pos (2001,)
[0. 0. 0. ... 0. 0. 0.]
cvc_x_pos (2001,)
[0.00483466 0.00966786 0.00483318 ... 0.         0.         0.        ]
cvc_x_pos (2001,)
[0. 0. 0. ... 0. 0. 0.]
cvc_x_pos (2001,)
[0.00431919 0.00863753 0.00431832 ... 0.         0.         0.        ]
cvc_x_pos (2001,)
[0. 0. 0. ... 0. 0. 0.]
cvc_x_pos (2001,)
[0. 0. 0. ... 0. 0. 0.]
cvc_x_pos (2001,)
[0. 0. 0. ... 0. 0. 0.]
cvc_x_pos (2001,)
[0. 0. 0. ... 0. 0. 0.]
cvc_x_pos (2001,)
[0. 0. 0. ... 0. 0. 0.]
cvc_x_pos (2001,)
[0. 0. 0. ... 0. 0. 0.]
cvc_x_pos (2001,)
[0. 0. 0. ... 0. 0. 0.]
cvc_x_pos (2001,)
[0. 0. 0. ... 0. 0. 0.]
cvc_x_pos (2001,)
[0. 0. 0. ... 0. 0. 0.]
cvc_x_pos (2001,)
[0. 0. 0. ... 0. 0. 0.]
cvc_x_pos (2001,)
[0. 0. 0. ... 0. 0. 0.]
cvc_x_pos (2001,)
[0. 0. 0. ... 0. 0. 0.]
cvc_x_pos (2001,)
[0. 0. 0. ... 0. 0. 0.]
cvc_x_pos (2001,)
[0. 0. 0. ... 0. 0. 0.]
cvc_x_pos (2001,)
[0. 0. 0. ... 0. 0. 0.]
cvc_x_pos (2001,)
[0. 0. 0. ... 0. 0. 0.]
cvc_x_pos (2001,)
[0.00418524 0.00836926 0.00418401 ... 0.         0.         0.        ]
cvc_x_pos (2001,)
[0. 0. 0. ... 0. 0. 0.]
cvc_x_pos (2001,)
[0.00373298 0.00746685 0.00373386 ... 0.         0.         0.        ]
cvc_x_pos (2001,)
[0.00403799 0.00807509 0.00403708 ... 0.         0.         0.        ]
cvc_x_pos (2001,)
[0. 0. 0. ... 0. 0. 0.]
cvc_x_pos (2001,)
[0. 0. 0. ... 0. 0. 0.]
cvc_x_pos (2001,)
[0. 0. 0. ... 0. 0. 0.]
cvc_x_pos (2001,)
[0. 0. 0. ... 0. 0. 0.]
cvc_x_pos (2001,)
[0. 0. 0. ... 0. 0. 0.]
cvc_x_pos (2001,)
[0. 0. 0. ... 0. 0. 0.]
cvc_x_pos (2001,)
[0. 0. 0. ... 0. 0. 0.]
cvc_x_pos (2001,)
[0. 0. 0. ... 0. 0. 0.]
cvc_x_pos (2001,)
[0. 0. 0. ... 0. 0. 0.]
cvc_x_pos (2001,)
[0. 0. 0. ... 0. 0. 0.]
cvc_x_pos (2001,)
[0. 0. 0. ... 0. 0. 0.]
cvc_x_pos (2001,)
[0. 0. 0. ... 0. 0. 0.]
cvc_x_pos (2001,)
[0. 0. 0. ... 0. 0. 0.]
cvc_x_pos (2001,)
[0. 0. 0. ... 0. 0. 0.]
cvc_x_pos (2001,)
[0. 0. 0. ... 0. 0. 0.]
cvc_x_pos (2001,)
[0. 0. 0. ... 0. 0. 0.]
cvc_x_pos (2001,)
[0. 0. 0. ... 0. 0. 0.]
cvc_x_pos (2001,)
[0. 0. 0. ... 0. 0. 0.]
cvc_x_pos (2001,)
[0. 0. 0. ... 0. 0. 0.]
cvc_x_pos (2001,)
[0. 0. 0. ... 0. 0. 0.]
cvc_x_pos (2001,)
[0. 0. 0. ... 0. 0. 0.]
cvc_x_pos (2001,)
[0. 0. 0. ... 0. 0. 0.]
cvc_x_pos (2001,)
[0. 0. 0. ... 0. 0. 0.]
cvc_x_pos (2001,)
[0. 0. 0. ... 0. 0. 0.]
cvc_x_pos (2001,)
[0.00439954 0.00879865 0.0043991  ... 0.         0.         0.        ]
cvc_x_pos (2001,)
[0. 0. 0. ... 0. 0. 0.]
cvc_x_pos (2001,)
[0.00511854 0.01023672 0.00511816 ... 0.         0.         0.        ]
cvc_x_pos (2001,)
[0.00369471 0.00738782 0.00369311 ... 0.         0.         0.        ]
cvc_x_pos (2001,)
[0.00447019 0.00894148 0.00447127 ... 0.         0.         0.        ]
cvc_x_pos (2001,)
[0. 0. 0. ... 0. 0. 0.]
cvc_x_pos (2001,)
[0.00348657 0.00697393 0.00348735 ... 0.         0.         0.        ]
cvc_x_pos (2001,)
[0. 0. 0. ... 0. 0. 0.]
cvc_x_pos (2001,)
[0. 0. 0. ... 0. 0. 0.]
cvc_x_pos (2001,)
[0. 0. 0. ... 0. 0. 0.]
cvc_x_pos (2001,)
[0. 0. 0. ... 0. 0. 0.]
cvc_x_pos (2001,)
[0. 0. 0. ... 0. 0. 0.]
cvc_x_pos (2001,)
[0. 0. 0. ... 0. 0. 0.]
cvc_x_pos (2001,)
[0. 0. 0. ... 0. 0. 0.]
cvc_x_pos (2001,)
[0. 0. 0. ... 0. 0. 0.]
cvc_x_pos (2001,)
[0. 0. 0. ... 0. 0. 0.]
cvc_x_pos (2001,)
[0. 0. 0. ... 0. 0. 0.]
cvc_x_pos (2001,)
[0. 0. 0. ... 0. 0. 0.]
cvc_x_pos (2001,)
[0. 0. 0. ... 0. 0. 0.]
cvc_x_pos (2001,)
[0. 0. 0. ... 0. 0. 0.]
cvc_x_pos (2001,)
[0. 0. 0. ... 0. 0. 0.]
cvc_x_pos (2001,)
[0. 0. 0. ... 0. 0. 0.]
cvc_x_pos (2001,)
[0. 0. 0. ... 0. 0. 0.]
cvc_x_pos (2001,)
[0. 0. 0. ... 0. 0. 0.]
cvc_x_pos (2001,)
[0. 0. 0. ... 0. 0. 0.]
cvc_x_pos (2001,)
[0. 0. 0. ... 0. 0. 0.]
cvc_x_pos (2001,)
[0. 0. 0. ... 0. 0. 0.]
cvc_x_pos (2001,)
[0. 0. 0. ... 0. 0. 0.]
cvc_x_pos (2001,)
[0. 0. 0. ... 0. 0. 0.]
cvc_x_pos (2001,)
[0. 0. 0. ... 0. 0. 0.]
cvc_x_pos (2001,)
[0. 0. 0. ... 0. 0. 0.]
cvc_x_pos (2001,)
[0. 0. 0. ... 0. 0. 0.]
cvc_x_pos (2001,)
[0. 0. 0. ... 0. 0. 0.]
cvc_x_pos (2001,)
[0. 0. 0. ... 0. 0. 0.]
cvc_x_pos (2001,)
[0. 0. 0. ... 0. 0. 0.]
cvc_x_pos (2001,)
[0. 0. 0. ... 0. 0. 0.]
cvc_x_pos (2001,)
[0.00417716 0.0083523  0.00417512 ... 0.         0.         0.        ]
cvc_x_pos (2001,)
[0. 0. 0. ... 0. 0. 0.]
cvc_x_pos (2001,)
[0. 0. 0. ... 0. 0. 0.]
cvc_x_pos (2001,)
[0.00430704 0.00861207 0.00430501 ... 0.         0.         0.        ]
cvc_x_pos (2001,)
[0. 0. 0. ... 0. 0. 0.]
cvc_x_pos (2001,)
[0.00441999 0.0088415  0.0044215  ... 0.         0.         0.        ]
cvc_x_pos (2001,)
[0. 0. 0. ... 0. 0. 0.]
cvc_x_pos (2001,)
[0.0043061  0.00861238 0.00430627 ... 0.         0.         0.        ]
cvc_x_pos (2001,)
[0.00323819 0.00647541 0.00323722 ... 0.         0.         0.        ]
cvc_x_pos (2001,)
[0. 0. 0. ... 0. 0. 0.]
cvc_x_pos (2001,)
[0. 0. 0. ... 0. 0. 0.]
cvc_x_pos (2001,)
[0. 0. 0. ... 0. 0. 0.]
cvc_x_pos (2001,)
[0. 0. 0. ... 0. 0. 0.]
cvc_x_pos (2001,)
[0. 0. 0. ... 0. 0. 0.]
cvc_x_pos (2001,)
[0. 0. 0. ... 0. 0. 0.]
cvc_x_pos (2001,)
[0. 0. 0. ... 0. 0. 0.]
cvc_x_pos (2001,)
[0. 0. 0. ... 0. 0. 0.]
cvc_x_pos (2001,)
[0. 0. 0. ... 0. 0. 0.]
cvc_x_pos (2001,)
[0. 0. 0. ... 0. 0. 0.]
cvc_x_pos (2001,)
[0. 0. 0. ... 0. 0. 0.]
cvc_x_pos (2001,)
[0. 0. 0. ... 0. 0. 0.]
cvc_x_pos (2001,)
[0. 0. 0. ... 0. 0. 0.]
cvc_x_pos (2001,)
[0. 0. 0. ... 0. 0. 0.]
cvc_x_pos (2001,)
[0. 0. 0. ... 0. 0. 0.]
cvc_x_pos (2001,)
[0. 0. 0. ... 0. 0. 0.]
cvc_x_pos (2001,)
[0. 0. 0. ... 0. 0. 0.]
cvc_x_pos (2001,)
[0. 0. 0. ... 0. 0. 0.]
cvc_x_pos (2001,)
[0. 0. 0. ... 0. 0. 0.]
cvc_x_pos (2001,)
[0. 0. 0. ... 0. 0. 0.]
cvc_x_pos (2001,)
[0. 0. 0. ... 0. 0. 0.]
cvc_x_pos (2001,)
[0. 0. 0. ... 0. 0. 0.]
cvc_x_pos (2001,)
[0. 0. 0. ... 0. 0. 0.]
cvc_x_pos (2001,)
[0. 0. 0. ... 0. 0. 0.]
cvc_x_pos (2001,)
[0. 0. 0. ... 0. 0. 0.]
cvc_x_pos (2001,)
[0. 0. 0. ... 0. 0. 0.]
cvc_x_pos (2001,)
[0. 0. 0. ... 0. 0. 0.]
cvc_x_pos (2001,)
[0. 0. 0. ... 0. 0. 0.]
cvc_x_pos (2001,)
[0. 0. 0. ... 0. 0. 0.]
cvc_x_pos (2001,)
[0. 0. 0. ... 0. 0. 0.]
cvc_x_pos (2001,)
[0. 0. 0. ... 0. 0. 0.]
cvc_x_pos (2001,)
[0. 0. 0. ... 0. 0. 0.]
cvc_x_pos (2001,)
[0. 0. 0. ... 0. 0. 0.]
cvc_x_pos (2001,)
[0. 0. 0. ... 0. 0. 0.]
cvc_x_pos (2001,)
[0. 0. 0. ... 0. 0. 0.]
cvc_x_pos (2001,)
[0. 0. 0. ... 0. 0. 0.]
cvc_x_pos (2001,)
[0. 0. 0. ... 0. 0. 0.]
cvc_x_pos (2001,)
[0. 0. 0. ... 0. 0. 0.]
cvc_x_pos (2001,)
[0. 0. 0. ... 0. 0. 0.]
cvc_x_pos (2001,)
[0. 0. 0. ... 0. 0. 0.]
cvc_x_pos (2001,)
[0.00446195 0.0089224  0.00446044 ... 0.         0.         0.        ]
cvc_x_pos (2001,)
[0. 0. 0. ... 0. 0. 0.]
cvc_x_pos (2001,)
[0.00454013 0.00908024 0.00454009 ... 0.         0.         0.        ]
cvc_x_pos (2001,)
[0.00462853 0.00925478 0.00462623 ... 0.         0.         0.        ]
cvc_x_pos (2001,)
[0.00486203 0.00972524 0.00486319 ... 0.         0.         0.        ]
cvc_x_pos (2001,)
[0. 0. 0. ... 0. 0. 0.]
cvc_x_pos (2001,)
[0.00405162 0.00810426 0.00405262 ... 0.         0.         0.        ]
cvc_x_pos (2001,)
[0. 0. 0. ... 0. 0. 0.]
cvc_x_pos (2001,)
[0.00408695 0.00817481 0.00408785 ... 0.         0.         0.        ]
cvc_x_pos (2001,)
[0. 0. 0. ... 0. 0. 0.]
cvc_x_pos (2001,)
[0. 0. 0. ... 0. 0. 0.]
cvc_x_pos (2001,)
[0. 0. 0. ... 0. 0. 0.]
cvc_x_pos (2001,)
[0. 0. 0. ... 0. 0. 0.]
cvc_x_pos (2001,)
[0. 0. 0. ... 0. 0. 0.]
cvc_x_pos (2001,)
[0. 0. 0. ... 0. 0. 0.]
cvc_x_pos (2001,)
[0. 0. 0. ... 0. 0. 0.]
cvc_x_pos (2001,)
[0. 0. 0. ... 0. 0. 0.]
cvc_x_pos (2001,)
[0. 0. 0. ... 0. 0. 0.]
cvc_x_pos (2001,)
[0. 0. 0. ... 0. 0. 0.]
cvc_x_pos (2001,)
[0. 0. 0. ... 0. 0. 0.]
cvc_x_pos (2001,)
[0. 0. 0. ... 0. 0. 0.]
cvc_x_pos (2001,)
[0. 0. 0. ... 0. 0. 0.]
cvc_x_pos (2001,)
[0. 0. 0. ... 0. 0. 0.]
cvc_x_pos (2001,)
[0. 0. 0. ... 0. 0. 0.]
cvc_x_pos (2001,)
[0. 0. 0. ... 0. 0. 0.]
cvc_x_pos (2001,)
[0. 0. 0. ... 0. 0. 0.]
cvc_x_pos (2001,)
[0. 0. 0. ... 0. 0. 0.]
cvc_x_pos (2001,)
[0. 0. 0. ... 0. 0. 0.]
cvc_x_pos (2001,)
[0. 0. 0. ... 0. 0. 0.]
cvc_x_pos (2001,)
[0. 0. 0. ... 0. 0. 0.]
cvc_x_pos (2001,)
[0. 0. 0. ... 0. 0. 0.]
cvc_x_pos (2001,)
[0. 0. 0. ... 0. 0. 0.]
cvc_x_pos (2001,)
[0. 0. 0. ... 0. 0. 0.]
cvc_x_pos (2001,)
[0. 0. 0. ... 0. 0. 0.]
cvc_x_pos (2001,)
[0. 0. 0. ... 0. 0. 0.]
cvc_x_pos (2001,)
[0. 0. 0. ... 0. 0. 0.]
cvc_x_pos (2001,)
[0. 0. 0. ... 0. 0. 0.]
cvc_x_pos (2001,)
[0. 0. 0. ... 0. 0. 0.]
cvc_x_pos (2001,)
[0. 0. 0. ... 0. 0. 0.]
cvc_x_pos (2001,)
[0. 0. 0. ... 0. 0. 0.]
cvc_x_pos (2001,)
[0. 0. 0. ... 0. 0. 0.]
cvc_x_pos (2001,)
[0. 0. 0. ... 0. 0. 0.]
cvc_x_pos (2001,)
[0. 0. 0. ... 0. 0. 0.]
cvc_x_pos (2001,)
[0. 0. 0. ... 0. 0. 0.]
cvc_x_pos (2001,)
[0. 0. 0. ... 0. 0. 0.]
cvc_x_pos (2001,)
[0. 0. 0. ... 0. 0. 0.]
cvc_x_pos (2001,)
[0. 0. 0. ... 0. 0. 0.]
cvc_x_pos (2001,)
[0. 0. 0. ... 0. 0. 0.]
cvc_x_pos (2001,)
[0. 0. 0. ... 0. 0. 0.]
cvc_x_pos (2001,)
[0. 0. 0. ... 0. 0. 0.]
cvc_x_pos (2001,)
[0. 0. 0. ... 0. 0. 0.]
cvc_x_pos (2001,)
[0. 0. 0. ... 0. 0. 0.]
cvc_x_pos (2001,)
[0. 0. 0. ... 0. 0. 0.]
cvc_x_pos (2001,)
[0. 0. 0. ... 0. 0. 0.]
cvc_x_pos (2001,)
[0. 0. 0. ... 0. 0. 0.]
cvc_x_pos (2001,)
[0. 0. 0. ... 0. 0. 0.]
cvc_x_pos (2001,)
[0. 0. 0. ... 0. 0. 0.]
cvc_x_pos (2001,)
[0. 0. 0. ... 0. 0. 0.]
cvc_x_pos (2001,)
[0. 0. 0. ... 0. 0. 0.]
cvc_x_pos (2001,)
[0. 0. 0. ... 0. 0. 0.]
cvc_x_pos (2001,)
[0.00435863 0.00871559 0.00435694 ... 0.         0.         0.        ]
cvc_x_pos (2001,)
[0.00345047 0.00690168 0.00345121 ... 0.         0.         0.        ]
cvc_x_pos (2001,)
[0. 0. 0. ... 0. 0. 0.]
cvc_x_pos (2001,)
[0.00432109 0.00864282 0.00432172 ... 0.         0.         0.        ]
cvc_x_pos (2001,)
[0. 0. 0. ... 0. 0. 0.]
cvc_x_pos (2001,)
[0. 0. 0. ... 0. 0. 0.]
cvc_x_pos (2001,)
[0. 0. 0. ... 0. 0. 0.]
cvc_x_pos (2001,)
[0. 0. 0. ... 0. 0. 0.]
cvc_x_pos (2001,)
[0. 0. 0. ... 0. 0. 0.]
cvc_x_pos (2001,)
[0. 0. 0. ... 0. 0. 0.]
cvc_x_pos (2001,)
[0. 0. 0. ... 0. 0. 0.]
cvc_x_pos (2001,)
[0. 0. 0. ... 0. 0. 0.]
cvc_x_pos (2001,)
[0. 0. 0. ... 0. 0. 0.]
cvc_x_pos (2001,)
[0. 0. 0. ... 0. 0. 0.]
cvc_x_pos (2001,)
[0. 0. 0. ... 0. 0. 0.]
cvc_x_pos (2001,)
[0. 0. 0. ... 0. 0. 0.]
cvc_x_pos (2001,)
[0. 0. 0. ... 0. 0. 0.]
cvc_x_pos (2001,)
[0. 0. 0. ... 0. 0. 0.]
cvc_x_pos (2001,)
[0. 0. 0. ... 0. 0. 0.]
cvc_x_pos (2001,)
[0. 0. 0. ... 0. 0. 0.]
cvc_x_pos (2001,)
[0. 0. 0. ... 0. 0. 0.]
cvc_x_pos (2001,)
[0. 0. 0. ... 0. 0. 0.]
cvc_x_pos (2001,)
[0. 0. 0. ... 0. 0. 0.]
cvc_x_pos (2001,)
[0. 0. 0. ... 0. 0. 0.]
cvc_x_pos (2001,)
[0.00418037 0.00836052 0.00418013 ... 0.         0.         0.        ]
cvc_x_pos (2001,)
[0. 0. 0. ... 0. 0. 0.]
cvc_x_pos (2001,)
[0. 0. 0. ... 0. 0. 0.]
cvc_x_pos (2001,)
[0. 0. 0. ... 0. 0. 0.]
cvc_x_pos (2001,)
[0. 0. 0. ... 0. 0. 0.]
cvc_x_pos (2001,)
[0. 0. 0. ... 0. 0. 0.]
cvc_x_pos (2001,)
[0. 0. 0. ... 0. 0. 0.]
cvc_x_pos (2001,)
[0. 0. 0. ... 0. 0. 0.]
cvc_x_pos (2001,)
[0. 0. 0. ... 0. 0. 0.]
cvc_x_pos (2001,)
[0. 0. 0. ... 0. 0. 0.]
cvc_x_pos (2001,)
[0. 0. 0. ... 0. 0. 0.]
cvc_x_pos (2001,)
[0. 0. 0. ... 0. 0. 0.]
cvc_x_pos (2001,)
[0. 0. 0. ... 0. 0. 0.]
cvc_x_pos (2001,)
[0. 0. 0. ... 0. 0. 0.]
cvc_x_pos (2001,)
[0. 0. 0. ... 0. 0. 0.]
cvc_x_pos (2001,)
[0. 0. 0. ... 0. 0. 0.]
cvc_x_pos (2001,)
[0. 0. 0. ... 0. 0. 0.]
cvc_x_pos (2001,)
[0. 0. 0. ... 0. 0. 0.]
cvc_x_pos (2001,)
[0. 0. 0. ... 0. 0. 0.]
cvc_x_pos (2001,)
[0. 0. 0. ... 0. 0. 0.]
cvc_x_pos (2001,)
[0. 0. 0. ... 0. 0. 0.]
cvc_x_pos (2001,)
[0. 0. 0. ... 0. 0. 0.]
cvc_x_pos (2001,)
[0. 0. 0. ... 0. 0. 0.]
cvc_x_pos (2001,)
[0. 0. 0. ... 0. 0. 0.]
cvc_x_pos (2001,)
[0. 0. 0. ... 0. 0. 0.]
cvc_x_pos (2001,)
[0. 0. 0. ... 0. 0. 0.]
cvc_x_pos (2001,)
[0. 0. 0. ... 0. 0. 0.]
cvc_x_pos (2001,)
[0. 0. 0. ... 0. 0. 0.]
cvc_x_pos (2001,)
[0. 0. 0. ... 0. 0. 0.]
cvc_x_pos (2001,)
[0. 0. 0. ... 0. 0. 0.]
cvc_x_pos (2001,)
[0. 0. 0. ... 0. 0. 0.]
cvc_x_pos (2001,)
[0. 0. 0. ... 0. 0. 0.]
cvc_x_pos (2001,)
[0. 0. 0. ... 0. 0. 0.]
cvc_x_pos (2001,)
[0. 0. 0. ... 0. 0. 0.]
cvc_x_pos (2001,)
[0. 0. 0. ... 0. 0. 0.]
cvc_x_pos (2001,)
[0. 0. 0. ... 0. 0. 0.]
cvc_x_pos (2001,)
[0. 0. 0. ... 0. 0. 0.]
cvc_x_pos (2001,)
[0. 0. 0. ... 0. 0. 0.]
cvc_x_pos (2001,)
[0. 0. 0. ... 0. 0. 0.]
cvc_x_pos (2001,)
[0.00480067 0.00960326 0.00480258 ... 0.         0.         0.        ]
cvc_x_pos (2001,)
[0. 0. 0. ... 0. 0. 0.]
cvc_x_pos (2001,)
[0.00438145 0.00876301 0.00438154 ... 0.         0.         0.        ]
cvc_x_pos (2001,)
[0. 0. 0. ... 0. 0. 0.]
cvc_x_pos (2001,)
[0.00334433 0.00668853 0.00334419 ... 0.         0.         0.        ]
cvc_x_pos (2001,)
[0. 0. 0. ... 0. 0. 0.]
cvc_x_pos (2001,)
[0. 0. 0. ... 0. 0. 0.]
cvc_x_pos (2001,)
[0. 0. 0. ... 0. 0. 0.]
cvc_x_pos (2001,)
[0. 0. 0. ... 0. 0. 0.]
cvc_x_pos (2001,)
[0. 0. 0. ... 0. 0. 0.]
cvc_x_pos (2001,)
[0. 0. 0. ... 0. 0. 0.]
cvc_x_pos (2001,)
[0. 0. 0. ... 0. 0. 0.]
cvc_x_pos (2001,)
[0. 0. 0. ... 0. 0. 0.]
cvc_x_pos (2001,)
[0. 0. 0. ... 0. 0. 0.]
cvc_x_pos (2001,)
[0. 0. 0. ... 0. 0. 0.]
cvc_x_pos (2001,)
[0. 0. 0. ... 0. 0. 0.]
cvc_x_pos (2001,)
[0. 0. 0. ... 0. 0. 0.]
cvc_x_pos (2001,)
[0. 0. 0. ... 0. 0. 0.]
cvc_x_pos (2001,)
[0. 0. 0. ... 0. 0. 0.]
cvc_x_pos (2001,)
[0. 0. 0. ... 0. 0. 0.]
cvc_x_pos (2001,)
[0. 0. 0. ... 0. 0. 0.]
cvc_x_pos (2001,)
[0. 0. 0. ... 0. 0. 0.]
cvc_x_pos (2001,)
[0. 0. 0. ... 0. 0. 0.]
cvc_x_pos (2001,)
[0. 0. 0. ... 0. 0. 0.]
cvc_x_pos (2001,)
[0. 0. 0. ... 0. 0. 0.]
cvc_x_pos (2001,)
[0. 0. 0. ... 0. 0. 0.]
cvc_x_pos (2001,)
[0. 0. 0. ... 0. 0. 0.]
cvc_x_pos (2001,)
[0.00399789 0.00799457 0.00399666 ... 0.         0.         0.        ]
cvc_x_pos (2001,)
[0.0037162  0.00743238 0.00371618 ... 0.         0.         0.        ]
cvc_x_pos (2001,)
[0. 0. 0. ... 0. 0. 0.]
cvc_x_pos (2001,)
[0. 0. 0. ... 0. 0. 0.]
cvc_x_pos (2001,)
[0. 0. 0. ... 0. 0. 0.]
cvc_x_pos (2001,)
[0. 0. 0. ... 0. 0. 0.]
cvc_x_pos (2001,)
[0. 0. 0. ... 0. 0. 0.]
cvc_x_pos (2001,)
[0. 0. 0. ... 0. 0. 0.]
cvc_x_pos (2001,)
[0. 0. 0. ... 0. 0. 0.]
cvc_x_pos (2001,)
[0. 0. 0. ... 0. 0. 0.]
cvc_x_pos (2001,)
[0. 0. 0. ... 0. 0. 0.]
cvc_x_pos (2001,)
[0. 0. 0. ... 0. 0. 0.]
cvc_x_pos (2001,)
[0. 0. 0. ... 0. 0. 0.]
cvc_x_pos (2001,)
[0. 0. 0. ... 0. 0. 0.]
cvc_x_pos (2001,)
[0. 0. 0. ... 0. 0. 0.]
cvc_x_pos (2001,)
[0. 0. 0. ... 0. 0. 0.]
cvc_x_pos (2001,)
[0. 0. 0. ... 0. 0. 0.]
cvc_x_pos (2001,)
[0. 0. 0. ... 0. 0. 0.]
cvc_x_pos (2001,)
[0. 0. 0. ... 0. 0. 0.]
cvc_x_pos (2001,)
[0. 0. 0. ... 0. 0. 0.]
cvc_x_pos (2001,)
[0. 0. 0. ... 0. 0. 0.]
cvc_x_pos (2001,)
[0. 0. 0. ... 0. 0. 0.]
cvc_x_pos (2001,)
[0. 0. 0. ... 0. 0. 0.]
cvc_x_pos (2001,)
[0. 0. 0. ... 0. 0. 0.]
cvc_x_pos (2001,)
[0. 0. 0. ... 0. 0. 0.]
cvc_x_pos (2001,)
[0. 0. 0. ... 0. 0. 0.]
cvc_x_pos (2001,)
[0. 0. 0. ... 0. 0. 0.]
cvc_x_pos (2001,)
[0. 0. 0. ... 0. 0. 0.]
cvc_x_pos (2001,)
[0. 0. 0. ... 0. 0. 0.]
cvc_x_pos (2001,)
[0. 0. 0. ... 0. 0. 0.]
cvc_x_pos (2001,)
[0.00391737 0.00783597 0.00391859 ... 0.         0.         0.        ]
cvc_x_pos (2001,)
[0.00444566 0.0088933  0.00444763 ... 0.         0.         0.        ]
cvc_x_pos (2001,)
[0.00361941 0.00723834 0.00361893 ... 0.         0.         0.        ]
cvc_x_pos (2001,)
[0. 0. 0. ... 0. 0. 0.]
cvc_x_pos (2001,)
[0.00434363 0.00868725 0.00434361 ... 0.         0.         0.        ]
cvc_x_pos (2001,)
[0. 0. 0. ... 0. 0. 0.]
cvc_x_pos (2001,)
[0. 0. 0. ... 0. 0. 0.]
cvc_x_pos (2001,)
[0. 0. 0. ... 0. 0. 0.]
cvc_x_pos (2001,)
[0. 0. 0. ... 0. 0. 0.]
cvc_x_pos (2001,)
[0. 0. 0. ... 0. 0. 0.]
cvc_x_pos (2001,)
[0. 0. 0. ... 0. 0. 0.]
cvc_x_pos (2001,)
[0. 0. 0. ... 0. 0. 0.]
cvc_x_pos (2001,)
[0. 0. 0. ... 0. 0. 0.]
cvc_x_pos (2001,)
[0. 0. 0. ... 0. 0. 0.]
cvc_x_pos (2001,)
[0. 0. 0. ... 0. 0. 0.]
cvc_x_pos (2001,)
[0. 0. 0. ... 0. 0. 0.]
cvc_x_pos (2001,)
[0. 0. 0. ... 0. 0. 0.]
cvc_x_pos (2001,)
[0. 0. 0. ... 0. 0. 0.]
cvc_x_pos (2001,)
[0. 0. 0. ... 0. 0. 0.]
cvc_x_pos (2001,)
[0. 0. 0. ... 0. 0. 0.]
cvc_x_pos (2001,)
[0. 0. 0. ... 0. 0. 0.]
cvc_x_pos (2001,)
[0. 0. 0. ... 0. 0. 0.]
cvc_x_pos (2001,)
[0. 0. 0. ... 0. 0. 0.]
cvc_x_pos (2001,)
[0. 0. 0. ... 0. 0. 0.]
cvc_x_pos (2001,)
[0. 0. 0. ... 0. 0. 0.]
cvc_x_pos (2001,)
[0. 0. 0. ... 0. 0. 0.]
cvc_x_pos (2001,)
[0. 0. 0. ... 0. 0. 0.]
cvc_x_pos (2001,)
[0.00344557 0.00689073 0.00344516 ... 0.         0.         0.        ]
cvc_x_pos (2001,)
[0. 0. 0. ... 0. 0. 0.]
cvc_x_pos (2001,)
[0. 0. 0. ... 0. 0. 0.]
cvc_x_pos (2001,)
[0. 0. 0. ... 0. 0. 0.]
cvc_x_pos (2001,)
[0. 0. 0. ... 0. 0. 0.]
cvc_x_pos (2001,)
[0. 0. 0. ... 0. 0. 0.]
cvc_x_pos (2001,)
[0. 0. 0. ... 0. 0. 0.]
cvc_x_pos (2001,)
[0. 0. 0. ... 0. 0. 0.]
cvc_x_pos (2001,)
[0. 0. 0. ... 0. 0. 0.]
cvc_x_pos (2001,)
[0. 0. 0. ... 0. 0. 0.]
cvc_x_pos (2001,)
[0. 0. 0. ... 0. 0. 0.]
cvc_x_pos (2001,)
[0. 0. 0. ... 0. 0. 0.]
cvc_x_pos (2001,)
[0. 0. 0. ... 0. 0. 0.]
cvc_x_pos (2001,)
[0. 0. 0. ... 0. 0. 0.]
cvc_x_pos (2001,)
[0. 0. 0. ... 0. 0. 0.]
cvc_x_pos (2001,)
[0. 0. 0. ... 0. 0. 0.]
cvc_x_pos (2001,)
[0. 0. 0. ... 0. 0. 0.]
cvc_x_pos (2001,)
[0. 0. 0. ... 0. 0. 0.]
cvc_x_pos (2001,)
[0.00409326 0.00818839 0.00409512 ... 0.         0.         0.        ]
cvc_x_pos (2001,)
[0. 0. 0. ... 0. 0. 0.]
cvc_x_pos (2001,)
[0.00338184 0.00676434 0.00338249 ... 0.         0.         0.        ]
cvc_x_pos (2001,)
[0.00473257 0.009467   0.00473441 ... 0.         0.         0.        ]
cvc_x_pos (2001,)
[0.00384334 0.00768636 0.00384301 ... 0.         0.         0.        ]
cvc_x_pos (2001,)
[0.00443251 0.00886686 0.00443433 ... 0.         0.         0.        ]
cvc_x_pos (2001,)
[0.00387375 0.00774734 0.00387358 ... 0.         0.         0.        ]
cvc_x_pos (2001,)
[0. 0. 0. ... 0. 0. 0.]
cvc_x_pos (2001,)
[0. 0. 0. ... 0. 0. 0.]
cvc_x_pos (2001,)
[0. 0. 0. ... 0. 0. 0.]
cvc_x_pos (2001,)
[0. 0. 0. ... 0. 0. 0.]
cvc_x_pos (2001,)
[0. 0. 0. ... 0. 0. 0.]
cvc_x_pos (2001,)
[0. 0. 0. ... 0. 0. 0.]
cvc_x_pos (2001,)
[0. 0. 0. ... 0. 0. 0.]
cvc_x_pos (2001,)
[0. 0. 0. ... 0. 0. 0.]
cvc_x_pos (2001,)
[0. 0. 0. ... 0. 0. 0.]
cvc_x_pos (2001,)
[0. 0. 0. ... 0. 0. 0.]
cvc_x_pos (2001,)
[0. 0. 0. ... 0. 0. 0.]
cvc_x_pos (2001,)
[0. 0. 0. ... 0. 0. 0.]
cvc_x_pos (2001,)
[0. 0. 0. ... 0. 0. 0.]
cvc_x_pos (2001,)
[0. 0. 0. ... 0. 0. 0.]
cvc_x_pos (2001,)
[0. 0. 0. ... 0. 0. 0.]
cvc_x_pos (2001,)
[0. 0. 0. ... 0. 0. 0.]
cvc_x_pos (2001,)
[0. 0. 0. ... 0. 0. 0.]
cvc_x_pos (2001,)
[0. 0. 0. ... 0. 0. 0.]
cvc_x_pos (2001,)
[0. 0. 0. ... 0. 0. 0.]
cvc_x_pos (2001,)
[0. 0. 0. ... 0. 0. 0.]
cvc_x_pos (2001,)
[0. 0. 0. ... 0. 0. 0.]
cvc_x_pos (2001,)
[0. 0. 0. ... 0. 0. 0.]
cvc_x_pos (2001,)
[0. 0. 0. ... 0. 0. 0.]
cvc_x_pos (2001,)
[0.00428211 0.00856339 0.00428126 ... 0.         0.         0.        ]
cvc_x_pos (2001,)
[0.         0.00709692 0.00354923 ... 0.         0.         0.        ]
cvc_x_pos (2001,)
[0. 0. 0. ... 0. 0. 0.]
cvc_x_pos (2001,)
[0. 0. 0. ... 0. 0. 0.]
cvc_x_pos (2001,)
[0. 0. 0. ... 0. 0. 0.]
cvc_x_pos (2001,)
[0. 0. 0. ... 0. 0. 0.]
cvc_x_pos (2001,)
[0. 0. 0. ... 0. 0. 0.]
cvc_x_pos (2001,)
[0. 0. 0. ... 0. 0. 0.]
cvc_x_pos (2001,)
[0. 0. 0. ... 0. 0. 0.]
cvc_x_pos (2001,)
[0.         0.00804507 0.00402351 ... 0.         0.         0.        ]
cvc_x_pos (2001,)
[0.00423355 0.00846715 0.00423359 ... 0.         0.         0.        ]
cvc_x_pos (2001,)
[0. 0. 0. ... 0. 0. 0.]
cvc_x_pos (2001,)
[0.00445907 0.00891792 0.00445884 ... 0.         0.         0.        ]
cvc_x_pos (2001,)
[0. 0. 0. ... 0. 0. 0.]
cvc_x_pos (2001,)
[0.00385894 0.00771801 0.00385906 ... 0.         0.         0.        ]
cvc_x_pos (2001,)
[0. 0. 0. ... 0. 0. 0.]
cvc_x_pos (2001,)
[0.00395604 0.00791112 0.00395507 ... 0.         0.         0.        ]
cvc_x_pos (2001,)
[0. 0. 0. ... 0. 0. 0.]
cvc_x_pos (2001,)
[0. 0. 0. ... 0. 0. 0.]
cvc_x_pos (2001,)
[0. 0. 0. ... 0. 0. 0.]
cvc_x_pos (2001,)
[0. 0. 0. ... 0. 0. 0.]
cvc_x_pos (2001,)
[0. 0. 0. ... 0. 0. 0.]
cvc_x_pos (2001,)
[0. 0. 0. ... 0. 0. 0.]
cvc_x_pos (2001,)
[0. 0. 0. ... 0. 0. 0.]
cvc_x_pos (2001,)
[0. 0. 0. ... 0. 0. 0.]
cvc_x_pos (2001,)
[0. 0. 0. ... 0. 0. 0.]
cvc_x_pos (2001,)
[0. 0. 0. ... 0. 0. 0.]
cvc_x_pos (2001,)
[0. 0. 0. ... 0. 0. 0.]
cvc_x_pos (2001,)
[0. 0. 0. ... 0. 0. 0.]
cvc_x_pos (2001,)
[0. 0. 0. ... 0. 0. 0.]
cvc_x_pos (2001,)
[0. 0. 0. ... 0. 0. 0.]
cvc_x_pos (2001,)
[0. 0. 0. ... 0. 0. 0.]
cvc_x_pos (2001,)
[0. 0. 0. ... 0. 0. 0.]
cvc_x_pos (2001,)
[0. 0. 0. ... 0. 0. 0.]
cvc_x_pos (2001,)
[0. 0. 0. ... 0. 0. 0.]
cvc_x_pos (2001,)
[0. 0. 0. ... 0. 0. 0.]
cvc_x_pos (2001,)
[0. 0. 0. ... 0. 0. 0.]
cvc_x_pos (2001,)
[0. 0. 0. ... 0. 0. 0.]
cvc_x_pos (2001,)
[0. 0. 0. ... 0. 0. 0.]
cvc_x_pos (2001,)
[0. 0. 0. ... 0. 0. 0.]
cvc_x_pos (2001,)
[0. 0. 0. ... 0. 0. 0.]
cvc_x_pos (2001,)
[0.00393308 0.00786491 0.00393183 ... 0.         0.         0.        ]
cvc_x_pos (2001,)
[0. 0. 0. ... 0. 0. 0.]
cvc_x_pos (2001,)
[0.00365357 0.00730789 0.00365431 ... 0.         0.         0.        ]
cvc_x_pos (2001,)
[0.00463429 0.0092673  0.004633   ... 0.         0.         0.        ]
cvc_x_pos (2001,)
[0.00371242 0.00742536 0.00371293 ... 0.         0.         0.        ]
cvc_x_pos (2001,)
[0.00391164 0.00782245 0.00391081 ... 0.         0.         0.        ]
cvc_x_pos (2001,)
[0. 0. 0. ... 0. 0. 0.]
cvc_x_pos (2001,)
[0. 0. 0. ... 0. 0. 0.]
cvc_x_pos (2001,)
[0. 0. 0. ... 0. 0. 0.]
cvc_x_pos (2001,)
[0. 0. 0. ... 0. 0. 0.]
cvc_x_pos (2001,)
[0. 0. 0. ... 0. 0. 0.]
cvc_x_pos (2001,)
[0. 0. 0. ... 0. 0. 0.]
cvc_x_pos (2001,)
[0. 0. 0. ... 0. 0. 0.]
cvc_x_pos (2001,)
[0. 0. 0. ... 0. 0. 0.]
cvc_x_pos (2001,)
[0. 0. 0. ... 0. 0. 0.]
cvc_x_pos (2001,)
[0. 0. 0. ... 0. 0. 0.]
cvc_x_pos (2001,)
[0. 0. 0. ... 0. 0. 0.]
cvc_x_pos (2001,)
[0. 0. 0. ... 0. 0. 0.]
cvc_x_pos (2001,)
[0. 0. 0. ... 0. 0. 0.]
cvc_x_pos (2001,)
[0. 0. 0. ... 0. 0. 0.]
cvc_x_pos (2001,)
[0. 0. 0. ... 0. 0. 0.]
cvc_x_pos (2001,)
[0. 0. 0. ... 0. 0. 0.]
cvc_x_pos (2001,)
[0. 0. 0. ... 0. 0. 0.]
cvc_x_pos (2001,)
[0. 0. 0. ... 0. 0. 0.]
cvc_x_pos (2001,)
[0. 0. 0. ... 0. 0. 0.]
cvc_x_pos (2001,)
[0. 0. 0. ... 0. 0. 0.]
cvc_x_pos (2001,)
[0. 0. 0. ... 0. 0. 0.]
cvc_x_pos (2001,)
[0. 0. 0. ... 0. 0. 0.]
cvc_x_pos (2001,)
[0. 0. 0. ... 0. 0. 0.]
cvc_x_pos (2001,)
[0. 0. 0. ... 0. 0. 0.]
cvc_x_pos (2001,)
[0. 0. 0. ... 0. 0. 0.]
cvc_x_pos (2001,)
[0.00337097 0.00674094 0.00336997 ... 0.         0.         0.        ]
cvc_x_pos (2001,)
[0.00485054 0.00970375 0.0048532  ... 0.         0.         0.        ]
cvc_x_pos (2001,)
[0.00419164 0.00838243 0.00419078 ... 0.         0.         0.        ]
cvc_x_pos (2001,)
[0.00475286 0.00950769 0.00475481 ... 0.         0.         0.        ]
cvc_x_pos (2001,)
[0. 0. 0. ... 0. 0. 0.]
cvc_x_pos (2001,)
[0. 0. 0. ... 0. 0. 0.]
cvc_x_pos (2001,)
[0. 0. 0. ... 0. 0. 0.]
cvc_x_pos (2001,)
[0. 0. 0. ... 0. 0. 0.]
cvc_x_pos (2001,)
[0. 0. 0. ... 0. 0. 0.]
cvc_x_pos (2001,)
[0. 0. 0. ... 0. 0. 0.]
cvc_x_pos (2001,)
[0. 0. 0. ... 0. 0. 0.]
cvc_x_pos (2001,)
[0. 0. 0. ... 0. 0. 0.]
cvc_x_pos (2001,)
[0. 0. 0. ... 0. 0. 0.]
cvc_x_pos (2001,)
[0. 0. 0. ... 0. 0. 0.]
cvc_x_pos (2001,)
[0. 0. 0. ... 0. 0. 0.]
cvc_x_pos (2001,)
[0. 0. 0. ... 0. 0. 0.]
cvc_x_pos (2001,)
[0. 0. 0. ... 0. 0. 0.]
cvc_x_pos (2001,)
[0. 0. 0. ... 0. 0. 0.]
cvc_x_pos (2001,)
[0. 0. 0. ... 0. 0. 0.]
cvc_x_pos (2001,)
[0. 0. 0. ... 0. 0. 0.]
cvc_x_pos (2001,)
[0. 0. 0. ... 0. 0. 0.]
cvc_x_pos (2001,)
[0. 0. 0. ... 0. 0. 0.]
cvc_x_pos (2001,)
[0. 0. 0. ... 0. 0. 0.]
cvc_x_pos (2001,)
[0. 0. 0. ... 0. 0. 0.]
cvc_x_pos (2001,)
[0. 0. 0. ... 0. 0. 0.]
cvc_x_pos (2001,)
[0. 0. 0. ... 0. 0. 0.]
cvc_x_pos (2001,)
[0. 0. 0. ... 0. 0. 0.]
cvc_x_pos (2001,)
[0. 0. 0. ... 0. 0. 0.]
cvc_x_pos (2001,)
[0. 0. 0. ... 0. 0. 0.]
cvc_x_pos (2001,)
[0. 0. 0. ... 0. 0. 0.]
cvc_x_pos (2001,)
[0. 0. 0. ... 0. 0. 0.]
cvc_x_pos (2001,)
[0. 0. 0. ... 0. 0. 0.]
cvc_x_pos (2001,)
[0. 0. 0. ... 0. 0. 0.]
cvc_x_pos (2001,)
[0. 0. 0. ... 0. 0. 0.]
cvc_x_pos (2001,)
[0. 0. 0. ... 0. 0. 0.]
cvc_x_pos (2001,)
[0.00460262 0.00920529 0.00460265 ... 0.         0.         0.        ]
cvc_x_pos (2001,)
[0. 0. 0. ... 0. 0. 0.]
cvc_x_pos (2001,)
[0.00462378 0.00924765 0.00462386 ... 0.         0.         0.        ]
cvc_x_pos (2001,)
[0. 0. 0. ... 0. 0. 0.]
cvc_x_pos (2001,)
[0.00410817 0.00821699 0.00410881 ... 0.         0.         0.        ]
cvc_x_pos (2001,)
[0.00353015 0.00705926 0.0035291  ... 0.         0.         0.        ]
cvc_x_pos (2001,)
[0. 0. 0. ... 0. 0. 0.]
cvc_x_pos (2001,)
[0. 0. 0. ... 0. 0. 0.]
cvc_x_pos (2001,)
[0. 0. 0. ... 0. 0. 0.]
cvc_x_pos (2001,)
[0. 0. 0. ... 0. 0. 0.]
cvc_x_pos (2001,)
[0. 0. 0. ... 0. 0. 0.]
cvc_x_pos (2001,)
[0. 0. 0. ... 0. 0. 0.]
cvc_x_pos (2001,)
[0. 0. 0. ... 0. 0. 0.]
cvc_x_pos (2001,)
[0. 0. 0. ... 0. 0. 0.]
cvc_x_pos (2001,)
[0. 0. 0. ... 0. 0. 0.]
cvc_x_pos (2001,)
[0. 0. 0. ... 0. 0. 0.]
cvc_x_pos (2001,)
[0. 0. 0. ... 0. 0. 0.]
cvc_x_pos (2001,)
[0. 0. 0. ... 0. 0. 0.]
cvc_x_pos (2001,)
[0. 0. 0. ... 0. 0. 0.]
cvc_x_pos (2001,)
[0. 0. 0. ... 0. 0. 0.]
cvc_x_pos (2001,)
[0. 0. 0. ... 0. 0. 0.]
cvc_x_pos (2001,)
[0. 0. 0. ... 0. 0. 0.]
cvc_x_pos (2001,)
[0. 0. 0. ... 0. 0. 0.]
cvc_x_pos (2001,)
[0. 0. 0. ... 0. 0. 0.]
cvc_x_pos (2001,)
[0. 0. 0. ... 0. 0. 0.]
cvc_x_pos (2001,)
[0. 0. 0. ... 0. 0. 0.]
cvc_x_pos (2001,)
[0. 0. 0. ... 0. 0. 0.]
cvc_x_pos (2001,)
[0. 0. 0. ... 0. 0. 0.]
cvc_x_pos (2001,)
[0. 0. 0. ... 0. 0. 0.]
cvc_x_pos (2001,)
[0. 0. 0. ... 0. 0. 0.]
cvc_x_pos (2001,)
[0. 0. 0. ... 0. 0. 0.]
cvc_x_pos (2001,)
[0. 0. 0. ... 0. 0. 0.]
cvc_x_pos (2001,)
[0. 0. 0. ... 0. 0. 0.]
cvc_x_pos (2001,)
[0. 0. 0. ... 0. 0. 0.]
cvc_x_pos (2001,)
[0. 0. 0. ... 0. 0. 0.]
cvc_x_pos (2001,)
[0. 0. 0. ... 0. 0. 0.]
cvc_x_pos (2001,)
[0. 0. 0. ... 0. 0. 0.]
cvc_x_pos (2001,)
[0. 0. 0. ... 0. 0. 0.]
cvc_x_pos (2001,)
[0. 0. 0. ... 0. 0. 0.]
cvc_x_pos (2001,)
[0. 0. 0. ... 0. 0. 0.]
cvc_x_pos (2001,)
[0. 0. 0. ... 0. 0. 0.]
cvc_x_pos (2001,)
[0. 0. 0. ... 0. 0. 0.]
cvc_x_pos (2001,)
[0. 0. 0. ... 0. 0. 0.]
cvc_x_pos (2001,)
[0. 0. 0. ... 0. 0. 0.]
cvc_x_pos (2001,)
[0. 0. 0. ... 0. 0. 0.]
cvc_x_pos (2001,)
[0. 0. 0. ... 0. 0. 0.]
cvc_x_pos (2001,)
[0. 0. 0. ... 0. 0. 0.]
cvc_x_pos (2001,)
[0. 0. 0. ... 0. 0. 0.]
cvc_x_pos (2001,)
[0.0039639  0.00792822 0.00396431 ... 0.         0.         0.        ]
cvc_x_pos (2001,)
[0. 0. 0. ... 0. 0. 0.]
cvc_x_pos (2001,)
[0.00362502 0.00724919 0.00362416 ... 0.         0.         0.        ]
cvc_x_pos (2001,)
[0.00493205 0.00986268 0.00493062 ... 0.         0.         0.        ]
cvc_x_pos (2001,)
[0. 0. 0. ... 0. 0. 0.]
cvc_x_pos (2001,)
[0. 0. 0. ... 0. 0. 0.]
cvc_x_pos (2001,)
[0. 0. 0. ... 0. 0. 0.]
cvc_x_pos (2001,)
[0. 0. 0. ... 0. 0. 0.]
cvc_x_pos (2001,)
[0. 0. 0. ... 0. 0. 0.]
cvc_x_pos (2001,)
[0. 0. 0. ... 0. 0. 0.]
cvc_x_pos (2001,)
[0. 0. 0. ... 0. 0. 0.]
cvc_x_pos (2001,)
[0. 0. 0. ... 0. 0. 0.]
cvc_x_pos (2001,)
[0. 0. 0. ... 0. 0. 0.]
cvc_x_pos (2001,)
[0. 0. 0. ... 0. 0. 0.]
cvc_x_pos (2001,)
[0. 0. 0. ... 0. 0. 0.]
cvc_x_pos (2001,)
[0. 0. 0. ... 0. 0. 0.]
cvc_x_pos (2001,)
[0. 0. 0. ... 0. 0. 0.]
cvc_x_pos (2001,)
[0. 0. 0. ... 0. 0. 0.]
cvc_x_pos (2001,)
[0. 0. 0. ... 0. 0. 0.]
cvc_x_pos (2001,)
[0. 0. 0. ... 0. 0. 0.]
cvc_x_pos (2001,)
[0. 0. 0. ... 0. 0. 0.]
cvc_x_pos (2001,)
[0. 0. 0. ... 0. 0. 0.]
cvc_x_pos (2001,)
[0. 0. 0. ... 0. 0. 0.]
cvc_x_pos (2001,)
[0. 0. 0. ... 0. 0. 0.]
cvc_x_pos (2001,)
[0. 0. 0. ... 0. 0. 0.]
cvc_x_pos (2001,)
[0. 0. 0. ... 0. 0. 0.]
cvc_x_pos (2001,)
[0. 0. 0. ... 0. 0. 0.]
cvc_x_pos (2001,)
[0. 0. 0. ... 0. 0. 0.]
cvc_x_pos (2001,)
[0. 0. 0. ... 0. 0. 0.]
cvc_x_pos (2001,)
[0. 0. 0. ... 0. 0. 0.]
cvc_x_pos (2001,)
[0. 0. 0. ... 0. 0. 0.]
cvc_x_pos (2001,)
[0. 0. 0. ... 0. 0. 0.]
cvc_x_pos (2001,)
[0. 0. 0. ... 0. 0. 0.]
cvc_x_pos (2001,)
[0. 0. 0. ... 0. 0. 0.]
cvc_x_pos (2001,)
[0. 0. 0. ... 0. 0. 0.]
cvc_x_pos (2001,)
[0. 0. 0. ... 0. 0. 0.]
cvc_x_pos (2001,)
[0. 0. 0. ... 0. 0. 0.]
cvc_x_pos (2001,)
[0. 0. 0. ... 0. 0. 0.]
cvc_x_pos (2001,)
[0. 0. 0. ... 0. 0. 0.]
cvc_x_pos (2001,)
[0. 0. 0. ... 0. 0. 0.]
cvc_x_pos (2001,)
[0. 0. 0. ... 0. 0. 0.]
cvc_x_pos (2001,)
[0. 0. 0. ... 0. 0. 0.]
cvc_x_pos (2001,)
[0. 0. 0. ... 0. 0. 0.]
cvc_x_pos (2001,)
[0. 0. 0. ... 0. 0. 0.]
cvc_x_pos (2001,)
[0. 0. 0. ... 0. 0. 0.]
cvc_x_pos (2001,)
[0. 0. 0. ... 0. 0. 0.]
cvc_x_pos (2001,)
[0. 0. 0. ... 0. 0. 0.]
cvc_x_pos (2001,)
[0. 0. 0. ... 0. 0. 0.]
cvc_x_pos (2001,)
[0. 0. 0. ... 0. 0. 0.]
cvc_x_pos (2001,)
[0. 0. 0. ... 0. 0. 0.]
cvc_x_pos (2001,)
[0. 0. 0. ... 0. 0. 0.]
cvc_x_pos (2001,)
[0. 0. 0. ... 0. 0. 0.]
cvc_x_pos (2001,)
[0. 0. 0. ... 0. 0. 0.]
cvc_x_pos (2001,)
[0.00434889 0.00869654 0.00434763 ... 0.         0.         0.        ]
cvc_x_pos (2001,)
[0.00408144 0.0081611  0.00407965 ... 0.         0.         0.        ]
cvc_x_pos (2001,)
[0.00388771 0.00777506 0.00388734 ... 0.         0.         0.        ]
cvc_x_pos (2001,)
[0. 0. 0. ... 0. 0. 0.]
cvc_x_pos (2001,)
[0.00368648 0.00737448 0.003688   ... 0.         0.         0.        ]
cvc_x_pos (2001,)
[0.00443868 0.00887514 0.00443644 ... 0.         0.         0.        ]
cvc_x_pos (2001,)
[0. 0. 0. ... 0. 0. 0.]
cvc_x_pos (2001,)
[0. 0. 0. ... 0. 0. 0.]
cvc_x_pos (2001,)
[0. 0. 0. ... 0. 0. 0.]
cvc_x_pos (2001,)
[0. 0. 0. ... 0. 0. 0.]
cvc_x_pos (2001,)
[0. 0. 0. ... 0. 0. 0.]
cvc_x_pos (2001,)
[0. 0. 0. ... 0. 0. 0.]
cvc_x_pos (2001,)
[0. 0. 0. ... 0. 0. 0.]
cvc_x_pos (2001,)
[0. 0. 0. ... 0. 0. 0.]
cvc_x_pos (2001,)
[0. 0. 0. ... 0. 0. 0.]
cvc_x_pos (2001,)
[0. 0. 0. ... 0. 0. 0.]
cvc_x_pos (2001,)
[0. 0. 0. ... 0. 0. 0.]
cvc_x_pos (2001,)
[0. 0. 0. ... 0. 0. 0.]
cvc_x_pos (2001,)
[0. 0. 0. ... 0. 0. 0.]
cvc_x_pos (2001,)
[0. 0. 0. ... 0. 0. 0.]
cvc_x_pos (2001,)
[0. 0. 0. ... 0. 0. 0.]
cvc_x_pos (2001,)
[0. 0. 0. ... 0. 0. 0.]
cvc_x_pos (2001,)
[0. 0. 0. ... 0. 0. 0.]
cvc_x_pos (2001,)
[0. 0. 0. ... 0. 0. 0.]
cvc_x_pos (2001,)
[0. 0. 0. ... 0. 0. 0.]
cvc_x_pos (2001,)
[0. 0. 0. ... 0. 0. 0.]
cvc_x_pos (2001,)
[0. 0. 0. ... 0. 0. 0.]
cvc_x_pos (2001,)
[0. 0. 0. ... 0. 0. 0.]
cvc_x_pos (2001,)
[0. 0. 0. ... 0. 0. 0.]
cvc_x_pos (2001,)
[0. 0. 0. ... 0. 0. 0.]
cvc_x_pos (2001,)
[0. 0. 0. ... 0. 0. 0.]
cvc_x_pos (2001,)
[0. 0. 0. ... 0. 0. 0.]
cvc_x_pos (2001,)
[0. 0. 0. ... 0. 0. 0.]
cvc_x_pos (2001,)
[0. 0. 0. ... 0. 0. 0.]
cvc_x_pos (2001,)
[0. 0. 0. ... 0. 0. 0.]
cvc_x_pos (2001,)
[0. 0. 0. ... 0. 0. 0.]
cvc_x_pos (2001,)
[0. 0. 0. ... 0. 0. 0.]
cvc_x_pos (2001,)
[0. 0. 0. ... 0. 0. 0.]
cvc_x_pos (2001,)
[0. 0. 0. ... 0. 0. 0.]
cvc_x_pos (2001,)
[0. 0. 0. ... 0. 0. 0.]
cvc_x_pos (2001,)
[0. 0. 0. ... 0. 0. 0.]
cvc_x_pos (2001,)
[0. 0. 0. ... 0. 0. 0.]
cvc_x_pos (2001,)
[0. 0. 0. ... 0. 0. 0.]
cvc_x_pos (2001,)
[0. 0. 0. ... 0. 0. 0.]
cvc_x_pos (2001,)
[0. 0. 0. ... 0. 0. 0.]
cvc_x_pos (2001,)
[0. 0. 0. ... 0. 0. 0.]
cvc_x_pos (2001,)
[0. 0. 0. ... 0. 0. 0.]
cvc_x_pos (2001,)
[0. 0. 0. ... 0. 0. 0.]
cvc_x_pos (2001,)
[0. 0. 0. ... 0. 0. 0.]
cvc_x_pos (2001,)
[0. 0. 0. ... 0. 0. 0.]
cvc_x_pos (2001,)
[0. 0. 0. ... 0. 0. 0.]
cvc_x_pos (2001,)
[0. 0. 0. ... 0. 0. 0.]
cvc_x_pos (2001,)
[0. 0. 0. ... 0. 0. 0.]
cvc_x_pos (2001,)
[0. 0. 0. ... 0. 0. 0.]
cvc_x_pos (2001,)
[0. 0. 0. ... 0. 0. 0.]
cvc_x_pos (2001,)
[0. 0. 0. ... 0. 0. 0.]
cvc_x_pos (2001,)
[0. 0. 0. ... 0. 0. 0.]
cvc_x_pos (2001,)
[0. 0. 0. ... 0. 0. 0.]
cvc_x_pos (2001,)
[0. 0. 0. ... 0. 0. 0.]
cvc_x_pos (2001,)
[0. 0. 0. ... 0. 0. 0.]
cvc_x_pos (2001,)
[0. 0. 0. ... 0. 0. 0.]
cvc_x_pos (2001,)
[0. 0. 0. ... 0. 0. 0.]
cvc_x_pos (2001,)
[0. 0. 0. ... 0. 0. 0.]
cvc_x_pos (2001,)
[0. 0. 0. ... 0. 0. 0.]
cvc_x_pos (2001,)
[0.00406689 0.00813484 0.00406794 ... 0.         0.         0.        ]
cvc_x_pos (2001,)
[0. 0. 0. ... 0. 0. 0.]
cvc_x_pos (2001,)
[0. 0. 0. ... 0. 0. 0.]
cvc_x_pos (2001,)
[0.00410951 0.00821761 0.0041081  ... 0.         0.         0.        ]
cvc_x_pos (2001,)
[0.00463904 0.00928003 0.00464098 ... 0.         0.         0.        ]
cvc_x_pos (2001,)
[0.00413733 0.00827368 0.00413634 ... 0.         0.         0.        ]
cvc_x_pos (2001,)
[0. 0. 0. ... 0. 0. 0.]
cvc_x_pos (2001,)
[0. 0. 0. ... 0. 0. 0.]
cvc_x_pos (2001,)
[0. 0. 0. ... 0. 0. 0.]
cvc_x_pos (2001,)
[0. 0. 0. ... 0. 0. 0.]
cvc_x_pos (2001,)
[0. 0. 0. ... 0. 0. 0.]
cvc_x_pos (2001,)
[0. 0. 0. ... 0. 0. 0.]
cvc_x_pos (2001,)
[0. 0. 0. ... 0. 0. 0.]
cvc_x_pos (2001,)
[0. 0. 0. ... 0. 0. 0.]
cvc_x_pos (2001,)
[0. 0. 0. ... 0. 0. 0.]
cvc_x_pos (2001,)
[0. 0. 0. ... 0. 0. 0.]
cvc_x_pos (2001,)
[0. 0. 0. ... 0. 0. 0.]
cvc_x_pos (2001,)
[0. 0. 0. ... 0. 0. 0.]
cvc_x_pos (2001,)
[0. 0. 0. ... 0. 0. 0.]
cvc_x_pos (2001,)
[0. 0. 0. ... 0. 0. 0.]
cvc_x_pos (2001,)
[0. 0. 0. ... 0. 0. 0.]
cvc_x_pos (2001,)
[0. 0. 0. ... 0. 0. 0.]
cvc_x_pos (2001,)
[0. 0. 0. ... 0. 0. 0.]
cvc_x_pos (2001,)
[0. 0. 0. ... 0. 0. 0.]
cvc_x_pos (2001,)
[0. 0. 0. ... 0. 0. 0.]
cvc_x_pos (2001,)
[0. 0. 0. ... 0. 0. 0.]
cvc_x_pos (2001,)
[0. 0. 0. ... 0. 0. 0.]
cvc_x_pos (2001,)
[0. 0. 0. ... 0. 0. 0.]
cvc_x_pos (2001,)
[0. 0. 0. ... 0. 0. 0.]
cvc_x_pos (2001,)
[0. 0. 0. ... 0. 0. 0.]
cvc_x_pos (2001,)
[0. 0. 0. ... 0. 0. 0.]
cvc_x_pos (2001,)
[0. 0. 0. ... 0. 0. 0.]
cvc_x_pos (2001,)
[0. 0. 0. ... 0. 0. 0.]
cvc_x_pos (2001,)
[0. 0. 0. ... 0. 0. 0.]
cvc_x_pos (2001,)
[0. 0. 0. ... 0. 0. 0.]
cvc_x_pos (2001,)
[0. 0. 0. ... 0. 0. 0.]
cvc_x_pos (2001,)
[0.00445829 0.00891618 0.00445787 ... 0.         0.         0.        ]
cvc_x_pos (2001,)
[0. 0. 0. ... 0. 0. 0.]
cvc_x_pos (2001,)
[0. 0. 0. ... 0. 0. 0.]
cvc_x_pos (2001,)
[0. 0. 0. ... 0. 0. 0.]
cvc_x_pos (2001,)
[0. 0. 0. ... 0. 0. 0.]
cvc_x_pos (2001,)
[0. 0. 0. ... 0. 0. 0.]
cvc_x_pos (2001,)
[0. 0. 0. ... 0. 0. 0.]
cvc_x_pos (2001,)
[0. 0. 0. ... 0. 0. 0.]
cvc_x_pos (2001,)
[0. 0. 0. ... 0. 0. 0.]
cvc_x_pos (2001,)
[0. 0. 0. ... 0. 0. 0.]
cvc_x_pos (2001,)
[0. 0. 0. ... 0. 0. 0.]
cvc_x_pos (2001,)
[0. 0. 0. ... 0. 0. 0.]
cvc_x_pos (2001,)
[0. 0. 0. ... 0. 0. 0.]
cvc_x_pos (2001,)
[0. 0. 0. ... 0. 0. 0.]
cvc_x_pos (2001,)
[0. 0. 0. ... 0. 0. 0.]
cvc_x_pos (2001,)
[0. 0. 0. ... 0. 0. 0.]
cvc_x_pos (2001,)
[0. 0. 0. ... 0. 0. 0.]
cvc_x_pos (2001,)
[0. 0. 0. ... 0. 0. 0.]
cvc_x_pos (2001,)
[0. 0. 0. ... 0. 0. 0.]
cvc_x_pos (2001,)
[0. 0. 0. ... 0. 0. 0.]
cvc_x_pos (2001,)
[0. 0. 0. ... 0. 0. 0.]
cvc_x_pos (2001,)
[0. 0. 0. ... 0. 0. 0.]
cvc_x_pos (2001,)
[0. 0. 0. ... 0. 0. 0.]
cvc_x_pos (2001,)
[0. 0. 0. ... 0. 0. 0.]
cvc_x_pos (2001,)
[0. 0. 0. ... 0. 0. 0.]
cvc_x_pos (2001,)
[0. 0. 0. ... 0. 0. 0.]
cvc_x_pos (2001,)
[0. 0. 0. ... 0. 0. 0.]
cvc_x_pos (2001,)
[0. 0. 0. ... 0. 0. 0.]
cvc_x_pos (2001,)
[0. 0. 0. ... 0. 0. 0.]
cvc_x_pos (2001,)
[0. 0. 0. ... 0. 0. 0.]
cvc_x_pos (2001,)
[0. 0. 0. ... 0. 0. 0.]
cvc_x_pos (2001,)
[0. 0. 0. ... 0. 0. 0.]
cvc_x_pos (2001,)
[0. 0. 0. ... 0. 0. 0.]
cvc_x_pos (2001,)
[0. 0. 0. ... 0. 0. 0.]
cvc_x_pos (2001,)
[0. 0. 0. ... 0. 0. 0.]
cvc_x_pos (2001,)
[0. 0. 0. ... 0. 0. 0.]
cvc_x_pos (2001,)
[0. 0. 0. ... 0. 0. 0.]
cvc_x_pos (2001,)
[0.00327031 0.00654157 0.00327125 ... 0.         0.         0.        ]
cvc_x_pos (2001,)
[0. 0. 0. ... 0. 0. 0.]
cvc_x_pos (2001,)
[0. 0. 0. ... 0. 0. 0.]
cvc_x_pos (2001,)
[0.00420934 0.00842086 0.00421151 ... 0.         0.         0.        ]
cvc_x_pos (2001,)
[0.00428745 0.00857464 0.00428717 ... 0.         0.         0.        ]
cvc_x_pos (2001,)
[0. 0. 0. ... 0. 0. 0.]
cvc_x_pos (2001,)
[0.00429039 0.00857875 0.00428835 ... 0.         0.         0.        ]
cvc_x_pos (2001,)
[0. 0. 0. ... 0. 0. 0.]
cvc_x_pos (2001,)
[0.00372371 0.00744618 0.00372246 ... 0.         0.         0.        ]
cvc_x_pos (2001,)
[0. 0. 0. ... 0. 0. 0.]
cvc_x_pos (2001,)
[0. 0. 0. ... 0. 0. 0.]
cvc_x_pos (2001,)
[0. 0. 0. ... 0. 0. 0.]
cvc_x_pos (2001,)
[0. 0. 0. ... 0. 0. 0.]
cvc_x_pos (2001,)
[0. 0. 0. ... 0. 0. 0.]
cvc_x_pos (2001,)
[0. 0. 0. ... 0. 0. 0.]
cvc_x_pos (2001,)
[0. 0. 0. ... 0. 0. 0.]
cvc_x_pos (2001,)
[0. 0. 0. ... 0. 0. 0.]
cvc_x_pos (2001,)
[0. 0. 0. ... 0. 0. 0.]
cvc_x_pos (2001,)
[0. 0. 0. ... 0. 0. 0.]
cvc_x_pos (2001,)
[0. 0. 0. ... 0. 0. 0.]
cvc_x_pos (2001,)
[0. 0. 0. ... 0. 0. 0.]
cvc_x_pos (2001,)
[0. 0. 0. ... 0. 0. 0.]
cvc_x_pos (2001,)
[0. 0. 0. ... 0. 0. 0.]
cvc_x_pos (2001,)
[0. 0. 0. ... 0. 0. 0.]
cvc_x_pos (2001,)
[0. 0. 0. ... 0. 0. 0.]
cvc_x_pos (2001,)
[0. 0. 0. ... 0. 0. 0.]
cvc_x_pos (2001,)
[0. 0. 0. ... 0. 0. 0.]
cvc_x_pos (2001,)
[0. 0. 0. ... 0. 0. 0.]
cvc_x_pos (2001,)
[0. 0. 0. ... 0. 0. 0.]
cvc_x_pos (2001,)
[0. 0. 0. ... 0. 0. 0.]
cvc_x_pos (2001,)
[0. 0. 0. ... 0. 0. 0.]
cvc_x_pos (2001,)
[0. 0. 0. ... 0. 0. 0.]
cvc_x_pos (2001,)
[0. 0. 0. ... 0. 0. 0.]
cvc_x_pos (2001,)
[0. 0. 0. ... 0. 0. 0.]
cvc_x_pos (2001,)
[0. 0. 0. ... 0. 0. 0.]
cvc_x_pos (2001,)
[0. 0. 0. ... 0. 0. 0.]
cvc_x_pos (2001,)
[0. 0. 0. ... 0. 0. 0.]
cvc_x_pos (2001,)
[0. 0. 0. ... 0. 0. 0.]
cvc_x_pos (2001,)
[0. 0. 0. ... 0. 0. 0.]
cvc_x_pos (2001,)
[0.00410609 0.00410543 0.         ... 0.         0.         0.        ]
cvc_x_pos (2001,)
[0.00451737 0.00903416 0.00451677 ... 0.         0.         0.        ]
cvc_x_pos (2001,)
[0. 0. 0. ... 0. 0. 0.]
cvc_x_pos (2001,)
[0. 0. 0. ... 0. 0. 0.]
cvc_x_pos (2001,)
[0. 0. 0. ... 0. 0. 0.]
cvc_x_pos (2001,)
[0. 0. 0. ... 0. 0. 0.]
cvc_x_pos (2001,)
[0. 0. 0. ... 0. 0. 0.]
cvc_x_pos (2001,)
[0. 0. 0. ... 0. 0. 0.]
cvc_x_pos (2001,)
[0. 0. 0. ... 0. 0. 0.]
cvc_x_pos (2001,)
[0. 0. 0. ... 0. 0. 0.]
cvc_x_pos (2001,)
[0. 0. 0. ... 0. 0. 0.]
cvc_x_pos (2001,)
[0. 0. 0. ... 0. 0. 0.]
cvc_x_pos (2001,)
[0. 0. 0. ... 0. 0. 0.]
cvc_x_pos (2001,)
[0. 0. 0. ... 0. 0. 0.]
cvc_x_pos (2001,)
[0. 0. 0. ... 0. 0. 0.]
cvc_x_pos (2001,)
[0. 0. 0. ... 0. 0. 0.]
cvc_x_pos (2001,)
[0. 0. 0. ... 0. 0. 0.]
cvc_x_pos (2001,)
[0. 0. 0. ... 0. 0. 0.]
cvc_x_pos (2001,)
[0. 0. 0. ... 0. 0. 0.]
cvc_x_pos (2001,)
[0. 0. 0. ... 0. 0. 0.]
cvc_x_pos (2001,)
[0. 0. 0. ... 0. 0. 0.]
cvc_x_pos (2001,)
[0. 0. 0. ... 0. 0. 0.]
cvc_x_pos (2001,)
[0. 0. 0. ... 0. 0. 0.]
cvc_x_pos (2001,)
[0. 0. 0. ... 0. 0. 0.]
cvc_x_pos (2001,)
[0. 0. 0. ... 0. 0. 0.]
cvc_x_pos (2001,)
[0. 0. 0. ... 0. 0. 0.]
cvc_x_pos (2001,)
[0. 0. 0. ... 0. 0. 0.]
cvc_x_pos (2001,)
[0. 0. 0. ... 0. 0. 0.]
cvc_x_pos (2001,)
[0.00461412 0.0092294  0.00461526 ... 0.         0.         0.        ]
cvc_x_pos (2001,)
[0. 0. 0. ... 0. 0. 0.]
cvc_x_pos (2001,)
[0.00503821 0.01007725 0.00503902 ... 0.         0.         0.        ]
cvc_x_pos (2001,)
[0. 0. 0. ... 0. 0. 0.]
cvc_x_pos (2001,)
[0.00398574 0.00796993 0.00398418 ... 0.         0.         0.        ]
cvc_x_pos (2001,)
[0. 0. 0. ... 0. 0. 0.]
cvc_x_pos (2001,)
[0. 0. 0. ... 0. 0. 0.]
cvc_x_pos (2001,)
[0. 0. 0. ... 0. 0. 0.]
cvc_x_pos (2001,)
[0. 0. 0. ... 0. 0. 0.]
cvc_x_pos (2001,)
[0. 0. 0. ... 0. 0. 0.]
cvc_x_pos (2001,)
[0. 0. 0. ... 0. 0. 0.]
cvc_x_pos (2001,)
[0. 0. 0. ... 0. 0. 0.]
cvc_x_pos (2001,)
[0. 0. 0. ... 0. 0. 0.]
cvc_x_pos (2001,)
[0. 0. 0. ... 0. 0. 0.]
cvc_x_pos (2001,)
[0. 0. 0. ... 0. 0. 0.]
cvc_x_pos (2001,)
[0. 0. 0. ... 0. 0. 0.]
cvc_x_pos (2001,)
[0. 0. 0. ... 0. 0. 0.]
cvc_x_pos (2001,)
[0. 0. 0. ... 0. 0. 0.]
cvc_x_pos (2001,)
[0. 0. 0. ... 0. 0. 0.]
cvc_x_pos (2001,)
[0. 0. 0. ... 0. 0. 0.]
cvc_x_pos (2001,)
[0. 0. 0. ... 0. 0. 0.]
cvc_x_pos (2001,)
[0. 0. 0. ... 0. 0. 0.]
cvc_x_pos (2001,)
[0. 0. 0. ... 0. 0. 0.]
cvc_x_pos (2001,)
[0. 0. 0. ... 0. 0. 0.]
cvc_x_pos (2001,)
[0. 0. 0. ... 0. 0. 0.]
cvc_x_pos (2001,)
[0. 0. 0. ... 0. 0. 0.]
cvc_x_pos (2001,)
[0. 0. 0. ... 0. 0. 0.]
cvc_x_pos (2001,)
[0. 0. 0. ... 0. 0. 0.]
cvc_x_pos (2001,)
[0. 0. 0. ... 0. 0. 0.]
cvc_x_pos (2001,)
[0. 0. 0. ... 0. 0. 0.]
cvc_x_pos (2001,)
[0. 0. 0. ... 0. 0. 0.]
cvc_x_pos (2001,)
[0. 0. 0. ... 0. 0. 0.]
cvc_x_pos (2001,)
[0. 0. 0. ... 0. 0. 0.]
cvc_x_pos (2001,)
[0. 0. 0. ... 0. 0. 0.]
cvc_x_pos (2001,)
[0. 0. 0. ... 0. 0. 0.]
cvc_x_pos (2001,)
[0. 0. 0. ... 0. 0. 0.]
cvc_x_pos (2001,)
[0. 0. 0. ... 0. 0. 0.]
cvc_x_pos (2001,)
[0. 0. 0. ... 0. 0. 0.]
cvc_x_pos (2001,)
[0.00439101 0.00878088 0.00438986 ... 0.         0.         0.        ]
cvc_x_pos (2001,)
[0. 0. 0. ... 0. 0. 0.]
cvc_x_pos (2001,)
[0. 0. 0. ... 0. 0. 0.]
cvc_x_pos (2001,)
[0. 0. 0. ... 0. 0. 0.]
cvc_x_pos (2001,)
[0. 0. 0. ... 0. 0. 0.]
cvc_x_pos (2001,)
[0. 0. 0. ... 0. 0. 0.]
cvc_x_pos (2001,)
[0. 0. 0. ... 0. 0. 0.]
cvc_x_pos (2001,)
[0. 0. 0. ... 0. 0. 0.]
cvc_x_pos (2001,)
[0. 0. 0. ... 0. 0. 0.]
cvc_x_pos (2001,)
[0. 0. 0. ... 0. 0. 0.]
cvc_x_pos (2001,)
[0. 0. 0. ... 0. 0. 0.]
cvc_x_pos (2001,)
[0. 0. 0. ... 0. 0. 0.]
cvc_x_pos (2001,)
[0. 0. 0. ... 0. 0. 0.]
cvc_x_pos (2001,)
[0. 0. 0. ... 0. 0. 0.]
cvc_x_pos (2001,)
[0. 0. 0. ... 0. 0. 0.]
cvc_x_pos (2001,)
[0. 0. 0. ... 0. 0. 0.]
cvc_x_pos (2001,)
[0. 0. 0. ... 0. 0. 0.]
cvc_x_pos (2001,)
[0.00445565 0.00891304 0.00445738 ... 0.         0.         0.        ]
cvc_x_pos (2001,)
[0. 0. 0. ... 0. 0. 0.]
cvc_x_pos (2001,)
[0.00415284 0.00830735 0.0041545  ... 0.         0.         0.        ]
cvc_x_pos (2001,)
[0.00393085 0.00786343 0.00393257 ... 0.         0.         0.        ]
cvc_x_pos (2001,)
[0.00482167 0.00964533 0.00482365 ... 0.         0.         0.        ]
cvc_x_pos (2001,)
[0.00403616 0.00807133 0.00403516 ... 0.         0.         0.        ]
cvc_x_pos (2001,)
[0.00461056 0.00922329 0.00461271 ... 0.         0.         0.        ]
cvc_x_pos (2001,)
[0.00476433 0.00952627 0.00476193 ... 0.         0.         0.        ]
cvc_x_pos (2001,)
[0.00412251 0.00824654 0.00412402 ... 0.         0.         0.        ]
cvc_x_pos (2001,)
[0. 0. 0. ... 0. 0. 0.]
cvc_x_pos (2001,)
[0. 0. 0. ... 0. 0. 0.]
cvc_x_pos (2001,)
[0. 0. 0. ... 0. 0. 0.]
cvc_x_pos (2001,)
[0. 0. 0. ... 0. 0. 0.]
cvc_x_pos (2001,)
[0. 0. 0. ... 0. 0. 0.]
cvc_x_pos (2001,)
[0. 0. 0. ... 0. 0. 0.]
cvc_x_pos (2001,)
[0. 0. 0. ... 0. 0. 0.]
cvc_x_pos (2001,)
[0. 0. 0. ... 0. 0. 0.]
cvc_x_pos (2001,)
[0. 0. 0. ... 0. 0. 0.]
cvc_x_pos (2001,)
[0. 0. 0. ... 0. 0. 0.]
cvc_x_pos (2001,)
[0. 0. 0. ... 0. 0. 0.]
cvc_x_pos (2001,)
[0. 0. 0. ... 0. 0. 0.]
cvc_x_pos (2001,)
[0. 0. 0. ... 0. 0. 0.]
cvc_x_pos (2001,)
[0. 0. 0. ... 0. 0. 0.]
cvc_x_pos (2001,)
[0. 0. 0. ... 0. 0. 0.]
cvc_x_pos (2001,)
[0. 0. 0. ... 0. 0. 0.]
cvc_x_pos (2001,)
[0. 0. 0. ... 0. 0. 0.]
cvc_x_pos (2001,)
[0. 0. 0. ... 0. 0. 0.]
cvc_x_pos (2001,)
[0. 0. 0. ... 0. 0. 0.]
cvc_x_pos (2001,)
[0. 0. 0. ... 0. 0. 0.]
cvc_x_pos (2001,)
[0. 0. 0. ... 0. 0. 0.]
cvc_x_pos (2001,)
[0. 0. 0. ... 0. 0. 0.]
cvc_x_pos (2001,)
[0. 0. 0. ... 0. 0. 0.]
cvc_x_pos (2001,)
[0. 0. 0. ... 0. 0. 0.]
cvc_x_pos (2001,)
[0. 0. 0. ... 0. 0. 0.]
cvc_x_pos (2001,)
[0. 0. 0. ... 0. 0. 0.]
cvc_x_pos (2001,)
[0. 0. 0. ... 0. 0. 0.]
cvc_x_pos (2001,)
[0. 0. 0. ... 0. 0. 0.]
cvc_x_pos (2001,)
[0. 0. 0. ... 0. 0. 0.]
cvc_x_pos (2001,)
[0. 0. 0. ... 0. 0. 0.]
cvc_x_pos (2001,)
[0. 0. 0. ... 0. 0. 0.]
cvc_x_pos (2001,)
[0. 0. 0. ... 0. 0. 0.]
cvc_x_pos (2001,)
[0. 0. 0. ... 0. 0. 0.]
cvc_x_pos (2001,)
[0. 0. 0. ... 0. 0. 0.]
cvc_x_pos (2001,)
[0.0043622  0.00872458 0.00436236 ... 0.         0.         0.        ]
cvc_x_pos (2001,)
[0. 0. 0. ... 0. 0. 0.]
cvc_x_pos (2001,)
[0. 0. 0. ... 0. 0. 0.]
cvc_x_pos (2001,)
[0. 0. 0. ... 0. 0. 0.]
cvc_x_pos (2001,)
[0. 0. 0. ... 0. 0. 0.]
cvc_x_pos (2001,)
[0. 0. 0. ... 0. 0. 0.]
cvc_x_pos (2001,)
[0. 0. 0. ... 0. 0. 0.]
cvc_x_pos (2001,)
[0. 0. 0. ... 0. 0. 0.]
cvc_x_pos (2001,)
[0. 0. 0. ... 0. 0. 0.]
cvc_x_pos (2001,)
[0. 0. 0. ... 0. 0. 0.]
cvc_x_pos (2001,)
[0.00378087 0.00756238 0.0037815  ... 0.         0.         0.        ]
cvc_x_pos (2001,)
[0.00366668 0.00733462 0.00366793 ... 0.         0.         0.        ]
cvc_x_pos (2001,)
[0.00487015 0.0097382  0.00486803 ... 0.         0.         0.        ]
cvc_x_pos (2001,)
[0. 0. 0. ... 0. 0. 0.]
cvc_x_pos (2001,)
[0. 0. 0. ... 0. 0. 0.]
cvc_x_pos (2001,)
[0. 0. 0. ... 0. 0. 0.]
cvc_x_pos (2001,)
[0. 0. 0. ... 0. 0. 0.]
cvc_x_pos (2001,)
[0. 0. 0. ... 0. 0. 0.]
cvc_x_pos (2001,)
[0. 0. 0. ... 0. 0. 0.]
cvc_x_pos (2001,)
[0. 0. 0. ... 0. 0. 0.]
cvc_x_pos (2001,)
[0. 0. 0. ... 0. 0. 0.]
cvc_x_pos (2001,)
[0. 0. 0. ... 0. 0. 0.]
cvc_x_pos (2001,)
[0. 0. 0. ... 0. 0. 0.]
cvc_x_pos (2001,)
[0. 0. 0. ... 0. 0. 0.]
cvc_x_pos (2001,)
[0. 0. 0. ... 0. 0. 0.]
cvc_x_pos (2001,)
[0. 0. 0. ... 0. 0. 0.]
cvc_x_pos (2001,)
[0. 0. 0. ... 0. 0. 0.]
cvc_x_pos (2001,)
[0. 0. 0. ... 0. 0. 0.]
cvc_x_pos (2001,)
[0. 0. 0. ... 0. 0. 0.]
cvc_x_pos (2001,)
[0. 0. 0. ... 0. 0. 0.]
cvc_x_pos (2001,)
[0. 0. 0. ... 0. 0. 0.]
cvc_x_pos (2001,)
[0. 0. 0. ... 0. 0. 0.]
cvc_x_pos (2001,)
[0. 0. 0. ... 0. 0. 0.]
cvc_x_pos (2001,)
[0. 0. 0. ... 0. 0. 0.]
cvc_x_pos (2001,)
[0. 0. 0. ... 0. 0. 0.]
cvc_x_pos (2001,)
[0. 0. 0. ... 0. 0. 0.]
cvc_x_pos (2001,)
[0. 0. 0. ... 0. 0. 0.]
cvc_x_pos (2001,)
[0. 0. 0. ... 0. 0. 0.]
cvc_x_pos (2001,)
[0. 0. 0. ... 0. 0. 0.]
cvc_x_pos (2001,)
[0. 0. 0. ... 0. 0. 0.]
cvc_x_pos (2001,)
[0. 0. 0. ... 0. 0. 0.]
cvc_x_pos (2001,)
[0. 0. 0. ... 0. 0. 0.]
cvc_x_pos (2001,)
[0. 0. 0. ... 0. 0. 0.]
cvc_x_pos (2001,)
[0. 0. 0. ... 0. 0. 0.]
cvc_x_pos (2001,)
[0. 0. 0. ... 0. 0. 0.]
cvc_x_pos (2001,)
[0. 0. 0. ... 0. 0. 0.]
cvc_x_pos (2001,)
[0. 0. 0. ... 0. 0. 0.]
cvc_x_pos (2001,)
[0. 0. 0. ... 0. 0. 0.]
cvc_x_pos (2001,)
[0. 0. 0. ... 0. 0. 0.]
cvc_x_pos (2001,)
[0.0033926  0.00678627 0.00339367 ... 0.         0.         0.        ]
cvc_x_pos (2001,)
[0. 0. 0. ... 0. 0. 0.]
cvc_x_pos (2001,)
[0.00381347 0.00762656 0.00381308 ... 0.         0.         0.        ]
cvc_x_pos (2001,)
[0.00400722 0.00801588 0.00400865 ... 0.         0.         0.        ]
cvc_x_pos (2001,)
[0.0033949  0.00678919 0.00339428 ... 0.         0.         0.        ]
cvc_x_pos (2001,)
[0. 0. 0. ... 0. 0. 0.]
cvc_x_pos (2001,)
[0.00389717 0.00779291 0.00389572 ... 0.         0.         0.        ]
cvc_x_pos (2001,)
[0. 0. 0. ... 0. 0. 0.]
cvc_x_pos (2001,)
[0. 0. 0. ... 0. 0. 0.]
cvc_x_pos (2001,)
[0. 0. 0. ... 0. 0. 0.]
cvc_x_pos (2001,)
[0. 0. 0. ... 0. 0. 0.]
cvc_x_pos (2001,)
[0. 0. 0. ... 0. 0. 0.]
cvc_x_pos (2001,)
[0. 0. 0. ... 0. 0. 0.]
cvc_x_pos (2001,)
[0. 0. 0. ... 0. 0. 0.]
cvc_x_pos (2001,)
[0. 0. 0. ... 0. 0. 0.]
cvc_x_pos (2001,)
[0. 0. 0. ... 0. 0. 0.]
cvc_x_pos (2001,)
[0. 0. 0. ... 0. 0. 0.]
cvc_x_pos (2001,)
[0. 0. 0. ... 0. 0. 0.]
cvc_x_pos (2001,)
[0. 0. 0. ... 0. 0. 0.]
cvc_x_pos (2001,)
[0. 0. 0. ... 0. 0. 0.]
cvc_x_pos (2001,)
[0. 0. 0. ... 0. 0. 0.]
cvc_x_pos (2001,)
[0. 0. 0. ... 0. 0. 0.]
cvc_x_pos (2001,)
[0. 0. 0. ... 0. 0. 0.]
cvc_x_pos (2001,)
[0. 0. 0. ... 0. 0. 0.]
cvc_x_pos (2001,)
[0. 0. 0. ... 0. 0. 0.]
cvc_x_pos (2001,)
[0. 0. 0. ... 0. 0. 0.]
cvc_x_pos (2001,)
[0. 0. 0. ... 0. 0. 0.]
cvc_x_pos (2001,)
[0. 0. 0. ... 0. 0. 0.]
cvc_x_pos (2001,)
[0. 0. 0. ... 0. 0. 0.]
cvc_x_pos (2001,)
[0. 0. 0. ... 0. 0. 0.]
cvc_x_pos (2001,)
[0. 0. 0. ... 0. 0. 0.]
cvc_x_pos (2001,)
[0. 0. 0. ... 0. 0. 0.]
cvc_x_pos (2001,)
[0. 0. 0. ... 0. 0. 0.]
cvc_x_pos (2001,)
[0. 0. 0. ... 0. 0. 0.]
cvc_x_pos (2001,)
[0. 0. 0. ... 0. 0. 0.]
cvc_x_pos (2001,)
[0. 0. 0. ... 0. 0. 0.]
cvc_x_pos (2001,)
[0. 0. 0. ... 0. 0. 0.]
cvc_x_pos (2001,)
[0. 0. 0. ... 0. 0. 0.]
cvc_x_pos (2001,)
[0. 0. 0. ... 0. 0. 0.]
cvc_x_pos (2001,)
[0. 0. 0. ... 0. 0. 0.]
cvc_x_pos (2001,)
[0. 0. 0. ... 0. 0. 0.]
cvc_x_pos (2001,)
[0. 0. 0. ... 0. 0. 0.]
cvc_x_pos (2001,)
[0. 0. 0. ... 0. 0. 0.]
cvc_x_pos (2001,)
[0. 0. 0. ... 0. 0. 0.]
cvc_x_pos (2001,)
[0.00356536 0.00713012 0.00356475 ... 0.         0.         0.        ]
cvc_x_pos (2001,)
[0.00386377 0.00772846 0.00386468 ... 0.         0.         0.        ]
cvc_x_pos (2001,)
[0. 0. 0. ... 0. 0. 0.]
cvc_x_pos (2001,)
[0.00368093 0.00736345 0.00368251 ... 0.         0.         0.        ]
cvc_x_pos (2001,)
[0. 0. 0. ... 0. 0. 0.]
cvc_x_pos (2001,)
[0. 0. 0. ... 0. 0. 0.]
cvc_x_pos (2001,)
[0. 0. 0. ... 0. 0. 0.]
cvc_x_pos (2001,)
[0. 0. 0. ... 0. 0. 0.]
cvc_x_pos (2001,)
[0. 0. 0. ... 0. 0. 0.]
cvc_x_pos (2001,)
[0. 0. 0. ... 0. 0. 0.]
cvc_x_pos (2001,)
[0. 0. 0. ... 0. 0. 0.]
cvc_x_pos (2001,)
[0. 0. 0. ... 0. 0. 0.]
cvc_x_pos (2001,)
[0. 0. 0. ... 0. 0. 0.]
cvc_x_pos (2001,)
[0. 0. 0. ... 0. 0. 0.]
cvc_x_pos (2001,)
[0. 0. 0. ... 0. 0. 0.]
cvc_x_pos (2001,)
[0. 0. 0. ... 0. 0. 0.]
cvc_x_pos (2001,)
[0. 0. 0. ... 0. 0. 0.]
cvc_x_pos (2001,)
[0. 0. 0. ... 0. 0. 0.]
cvc_x_pos (2001,)
[0. 0. 0. ... 0. 0. 0.]
cvc_x_pos (2001,)
[0. 0. 0. ... 0. 0. 0.]
cvc_x_pos (2001,)
[0. 0. 0. ... 0. 0. 0.]
cvc_x_pos (2001,)
[0. 0. 0. ... 0. 0. 0.]
cvc_x_pos (2001,)
[0. 0. 0. ... 0. 0. 0.]
cvc_x_pos (2001,)
[0. 0. 0. ... 0. 0. 0.]
cvc_x_pos (2001,)
[0. 0. 0. ... 0. 0. 0.]
cvc_x_pos (2001,)
[0. 0. 0. ... 0. 0. 0.]
cvc_x_pos (2001,)
[0. 0. 0. ... 0. 0. 0.]
cvc_x_pos (2001,)
[0. 0. 0. ... 0. 0. 0.]
cvc_x_pos (2001,)
[0. 0. 0. ... 0. 0. 0.]
cvc_x_pos (2001,)
[0. 0. 0. ... 0. 0. 0.]
cvc_x_pos (2001,)
[0. 0. 0. ... 0. 0. 0.]
cvc_x_pos (2001,)
[0. 0. 0. ... 0. 0. 0.]
cvc_x_pos (2001,)
[0. 0. 0. ... 0. 0. 0.]
cvc_x_pos (2001,)
[0. 0. 0. ... 0. 0. 0.]
cvc_x_pos (2001,)
[0. 0. 0. ... 0. 0. 0.]
cvc_x_pos (2001,)
[0. 0. 0. ... 0. 0. 0.]
cvc_x_pos (2001,)
[0. 0. 0. ... 0. 0. 0.]
cvc_x_pos (2001,)
[0. 0. 0. ... 0. 0. 0.]
cvc_x_pos (2001,)
[0. 0. 0. ... 0. 0. 0.]
cvc_x_pos (2001,)
[0. 0. 0. ... 0. 0. 0.]
cvc_x_pos (2001,)
[0. 0. 0. ... 0. 0. 0.]
cvc_x_pos (2001,)
[0. 0. 0. ... 0. 0. 0.]
cvc_x_pos (2001,)
[0. 0. 0. ... 0. 0. 0.]
cvc_x_pos (2001,)
[0. 0. 0. ... 0. 0. 0.]
cvc_x_pos (2001,)
[0. 0. 0. ... 0. 0. 0.]
cvc_x_pos (2001,)
[0. 0. 0. ... 0. 0. 0.]
cvc_x_pos (2001,)
[0. 0. 0. ... 0. 0. 0.]
cvc_x_pos (2001,)
[0.00375533 0.00751018 0.00375484 ... 0.         0.         0.        ]
cvc_x_pos (2001,)
[0.00383219 0.00766287 0.00383067 ... 0.         0.         0.        ]
cvc_x_pos (2001,)
[0.00489434 0.00978845 0.0048941  ... 0.         0.         0.        ]
cvc_x_pos (2001,)
[0.00424089 0.00848065 0.00423975 ... 0.         0.         0.        ]
cvc_x_pos (2001,)
[0.00372742 0.00745437 0.00372695 ... 0.         0.         0.        ]
cvc_x_pos (2001,)
[0. 0. 0. ... 0. 0. 0.]
cvc_x_pos (2001,)
[0.00369304 0.0073848  0.00369176 ... 0.         0.         0.        ]
cvc_x_pos (2001,)
[0. 0. 0. ... 0. 0. 0.]
cvc_x_pos (2001,)
[0. 0. 0. ... 0. 0. 0.]
cvc_x_pos (2001,)
[0. 0. 0. ... 0. 0. 0.]
cvc_x_pos (2001,)
[0. 0. 0. ... 0. 0. 0.]
cvc_x_pos (2001,)
[0. 0. 0. ... 0. 0. 0.]
cvc_x_pos (2001,)
[0. 0. 0. ... 0. 0. 0.]
cvc_x_pos (2001,)
[0. 0. 0. ... 0. 0. 0.]
cvc_x_pos (2001,)
[0. 0. 0. ... 0. 0. 0.]
cvc_x_pos (2001,)
[0. 0. 0. ... 0. 0. 0.]
cvc_x_pos (2001,)
[0. 0. 0. ... 0. 0. 0.]
cvc_x_pos (2001,)
[0. 0. 0. ... 0. 0. 0.]
cvc_x_pos (2001,)
[0. 0. 0. ... 0. 0. 0.]
cvc_x_pos (2001,)
[0. 0. 0. ... 0. 0. 0.]
cvc_x_pos (2001,)
[0. 0. 0. ... 0. 0. 0.]
cvc_x_pos (2001,)
[0. 0. 0. ... 0. 0. 0.]
cvc_x_pos (2001,)
[0. 0. 0. ... 0. 0. 0.]
cvc_x_pos (2001,)
[0. 0. 0. ... 0. 0. 0.]
cvc_x_pos (2001,)
[0. 0. 0. ... 0. 0. 0.]
cvc_x_pos (2001,)
[0. 0. 0. ... 0. 0. 0.]
cvc_x_pos (2001,)
[0. 0. 0. ... 0. 0. 0.]
cvc_x_pos (2001,)
[0. 0. 0. ... 0. 0. 0.]
cvc_x_pos (2001,)
[0. 0. 0. ... 0. 0. 0.]
cvc_x_pos (2001,)
[0. 0. 0. ... 0. 0. 0.]
cvc_x_pos (2001,)
[0. 0. 0. ... 0. 0. 0.]
cvc_x_pos (2001,)
[0. 0. 0. ... 0. 0. 0.]
cvc_x_pos (2001,)
[0. 0. 0. ... 0. 0. 0.]
cvc_x_pos (2001,)
[0. 0. 0. ... 0. 0. 0.]
cvc_x_pos (2001,)
[0. 0. 0. ... 0. 0. 0.]
cvc_x_pos (2001,)
[0. 0. 0. ... 0. 0. 0.]
cvc_x_pos (2001,)
[0. 0. 0. ... 0. 0. 0.]
cvc_x_pos (2001,)
[0. 0. 0. ... 0. 0. 0.]
cvc_x_pos (2001,)
[0. 0. 0. ... 0. 0. 0.]
cvc_x_pos (2001,)
[0. 0. 0. ... 0. 0. 0.]
cvc_x_pos (2001,)
[0. 0. 0. ... 0. 0. 0.]
cvc_x_pos (2001,)
[0. 0. 0. ... 0. 0. 0.]
cvc_x_pos (2001,)
[0. 0. 0. ... 0. 0. 0.]
cvc_x_pos (2001,)
[0. 0. 0. ... 0. 0. 0.]
cvc_x_pos (2001,)
[0. 0. 0. ... 0. 0. 0.]
cvc_x_pos (2001,)
[0. 0. 0. ... 0. 0. 0.]
cvc_x_pos (2001,)
[0. 0. 0. ... 0. 0. 0.]
cvc_x_pos (2001,)
[0. 0. 0. ... 0. 0. 0.]
cvc_x_pos (2001,)
[0. 0. 0. ... 0. 0. 0.]
cvc_x_pos (2001,)
[0. 0. 0. ... 0. 0. 0.]
cvc_x_pos (2001,)
[0. 0. 0. ... 0. 0. 0.]
cvc_x_pos (2001,)
[0. 0. 0. ... 0. 0. 0.]
cvc_x_pos (2001,)
[0. 0. 0. ... 0. 0. 0.]
cvc_x_pos (2001,)
[0. 0. 0. ... 0. 0. 0.]
cvc_x_pos (2001,)
[0. 0. 0. ... 0. 0. 0.]
cvc_x_pos (2001,)
[0. 0. 0. ... 0. 0. 0.]
cvc_x_pos (2001,)
[0. 0. 0. ... 0. 0. 0.]
cvc_x_pos (2001,)
[0.00416143 0.0083224  0.00416095 ... 0.         0.         0.        ]
cvc_x_pos (2001,)
[0. 0. 0. ... 0. 0. 0.]
cvc_x_pos (2001,)
[0.0033354  0.00667184 0.00333643 ... 0.         0.         0.        ]
cvc_x_pos (2001,)
[0. 0. 0. ... 0. 0. 0.]
cvc_x_pos (2001,)
[0. 0. 0. ... 0. 0. 0.]
cvc_x_pos (2001,)
[0. 0. 0. ... 0. 0. 0.]
cvc_x_pos (2001,)
[0. 0. 0. ... 0. 0. 0.]
cvc_x_pos (2001,)
[0. 0. 0. ... 0. 0. 0.]
cvc_x_pos (2001,)
[0. 0. 0. ... 0. 0. 0.]
cvc_x_pos (2001,)
[0. 0. 0. ... 0. 0. 0.]
cvc_x_pos (2001,)
[0. 0. 0. ... 0. 0. 0.]
cvc_x_pos (2001,)
[0. 0. 0. ... 0. 0. 0.]
cvc_x_pos (2001,)
[0. 0. 0. ... 0. 0. 0.]
cvc_x_pos (2001,)
[0. 0. 0. ... 0. 0. 0.]
cvc_x_pos (2001,)
[0. 0. 0. ... 0. 0. 0.]
cvc_x_pos (2001,)
[0. 0. 0. ... 0. 0. 0.]
cvc_x_pos (2001,)
[0. 0. 0. ... 0. 0. 0.]
cvc_x_pos (2001,)
[0. 0. 0. ... 0. 0. 0.]
cvc_x_pos (2001,)
[0. 0. 0. ... 0. 0. 0.]
cvc_x_pos (2001,)
[0. 0. 0. ... 0. 0. 0.]
cvc_x_pos (2001,)
[0. 0. 0. ... 0. 0. 0.]
cvc_x_pos (2001,)
[0. 0. 0. ... 0. 0. 0.]
cvc_x_pos (2001,)
[0. 0. 0. ... 0. 0. 0.]
cvc_x_pos (2001,)
[0. 0. 0. ... 0. 0. 0.]
cvc_x_pos (2001,)
[0. 0. 0. ... 0. 0. 0.]
cvc_x_pos (2001,)
[0. 0. 0. ... 0. 0. 0.]
cvc_x_pos (2001,)
[0. 0. 0. ... 0. 0. 0.]
cvc_x_pos (2001,)
[0. 0. 0. ... 0. 0. 0.]
cvc_x_pos (2001,)
[0. 0. 0. ... 0. 0. 0.]
cvc_x_pos (2001,)
[0. 0. 0. ... 0. 0. 0.]
cvc_x_pos (2001,)
[0. 0. 0. ... 0. 0. 0.]
cvc_x_pos (2001,)
[0. 0. 0. ... 0. 0. 0.]
cvc_x_pos (2001,)
[0. 0. 0. ... 0. 0. 0.]
cvc_x_pos (2001,)
[0. 0. 0. ... 0. 0. 0.]
cvc_x_pos (2001,)
[0. 0. 0. ... 0. 0. 0.]
cvc_x_pos (2001,)
[0. 0. 0. ... 0. 0. 0.]
cvc_x_pos (2001,)
[0. 0. 0. ... 0. 0. 0.]
cvc_x_pos (2001,)
[0. 0. 0. ... 0. 0. 0.]
cvc_x_pos (2001,)
[0. 0. 0. ... 0. 0. 0.]
cvc_x_pos (2001,)
[0. 0. 0. ... 0. 0. 0.]
cvc_x_pos (2001,)
[0. 0. 0. ... 0. 0. 0.]
cvc_x_pos (2001,)
[0. 0. 0. ... 0. 0. 0.]
cvc_x_pos (2001,)
[0. 0. 0. ... 0. 0. 0.]
cvc_x_pos (2001,)
[0. 0. 0. ... 0. 0. 0.]
cvc_x_pos (2001,)
[0. 0. 0. ... 0. 0. 0.]
cvc_x_pos (2001,)
[0. 0. 0. ... 0. 0. 0.]
cvc_x_pos (2001,)
[0. 0. 0. ... 0. 0. 0.]
cvc_x_pos (2001,)
[0. 0. 0. ... 0. 0. 0.]
cvc_x_pos (2001,)
[0. 0. 0. ... 0. 0. 0.]
cvc_x_pos (2001,)
[0. 0. 0. ... 0. 0. 0.]
cvc_x_pos (2001,)
[0. 0. 0. ... 0. 0. 0.]
cvc_x_pos (2001,)
[0. 0. 0. ... 0. 0. 0.]
cvc_x_pos (2001,)
[0. 0. 0. ... 0. 0. 0.]
cvc_x_pos (2001,)
[0. 0. 0. ... 0. 0. 0.]
cvc_x_pos (2001,)
[0. 0. 0. ... 0. 0. 0.]
cvc_x_pos (2001,)
[0. 0. 0. ... 0. 0. 0.]
cvc_x_pos (2001,)
[0. 0. 0. ... 0. 0. 0.]
cvc_x_pos (2001,)
[0. 0. 0. ... 0. 0. 0.]
cvc_x_pos (2001,)
[0. 0. 0. ... 0. 0. 0.]
cvc_x_pos (2001,)
[0. 0. 0. ... 0. 0. 0.]
cvc_x_pos (2001,)
[0. 0. 0. ... 0. 0. 0.]
cvc_x_pos (2001,)
[0.00430749 0.00861292 0.00430542 ... 0.         0.         0.        ]
cvc_x_pos (2001,)
[0. 0. 0. ... 0. 0. 0.]
cvc_x_pos (2001,)
[0.00453673 0.00907276 0.00453601 ... 0.         0.         0.        ]
cvc_x_pos (2001,)
[0. 0. 0. ... 0. 0. 0.]
cvc_x_pos (2001,)
[0.00375678 0.00751385 0.00375706 ... 0.         0.         0.        ]
cvc_x_pos (2001,)
[0.00465684 0.00931155 0.0046547  ... 0.         0.         0.        ]
cvc_x_pos (2001,)
[0. 0. 0. ... 0. 0. 0.]
cvc_x_pos (2001,)
[0. 0. 0. ... 0. 0. 0.]
cvc_x_pos (2001,)
[0. 0. 0. ... 0. 0. 0.]
cvc_x_pos (2001,)
[0. 0. 0. ... 0. 0. 0.]
cvc_x_pos (2001,)
[0. 0. 0. ... 0. 0. 0.]
cvc_x_pos (2001,)
[0. 0. 0. ... 0. 0. 0.]
cvc_x_pos (2001,)
[0. 0. 0. ... 0. 0. 0.]
cvc_x_pos (2001,)
[0. 0. 0. ... 0. 0. 0.]
cvc_x_pos (2001,)
[0. 0. 0. ... 0. 0. 0.]
cvc_x_pos (2001,)
[0. 0. 0. ... 0. 0. 0.]
cvc_x_pos (2001,)
[0. 0. 0. ... 0. 0. 0.]
cvc_x_pos (2001,)
[0. 0. 0. ... 0. 0. 0.]
cvc_x_pos (2001,)
[0. 0. 0. ... 0. 0. 0.]
cvc_x_pos (2001,)
[0. 0. 0. ... 0. 0. 0.]
cvc_x_pos (2001,)
[0. 0. 0. ... 0. 0. 0.]
cvc_x_pos (2001,)
[0. 0. 0. ... 0. 0. 0.]
cvc_x_pos (2001,)
[0. 0. 0. ... 0. 0. 0.]
cvc_x_pos (2001,)
[0. 0. 0. ... 0. 0. 0.]
cvc_x_pos (2001,)
[0. 0. 0. ... 0. 0. 0.]
cvc_x_pos (2001,)
[0. 0. 0. ... 0. 0. 0.]
cvc_x_pos (2001,)
[0. 0. 0. ... 0. 0. 0.]
cvc_x_pos (2001,)
[0. 0. 0. ... 0. 0. 0.]
cvc_x_pos (2001,)
[0. 0. 0. ... 0. 0. 0.]
cvc_x_pos (2001,)
[0. 0. 0. ... 0. 0. 0.]
cvc_x_pos (2001,)
[0. 0. 0. ... 0. 0. 0.]
cvc_x_pos (2001,)
[0. 0. 0. ... 0. 0. 0.]
cvc_x_pos (2001,)
[0. 0. 0. ... 0. 0. 0.]
cvc_x_pos (2001,)
[0. 0. 0. ... 0. 0. 0.]
cvc_x_pos (2001,)
[0. 0. 0. ... 0. 0. 0.]
cvc_x_pos (2001,)
[0. 0. 0. ... 0. 0. 0.]
cvc_x_pos (2001,)
[0. 0. 0. ... 0. 0. 0.]
cvc_x_pos (2001,)
[0. 0. 0. ... 0. 0. 0.]
cvc_x_pos (2001,)
[0. 0. 0. ... 0. 0. 0.]
cvc_x_pos (2001,)
[0. 0. 0. ... 0. 0. 0.]
cvc_x_pos (2001,)
[0. 0. 0. ... 0. 0. 0.]
cvc_x_pos (2001,)
[0. 0. 0. ... 0. 0. 0.]
cvc_x_pos (2001,)
[0. 0. 0. ... 0. 0. 0.]
cvc_x_pos (2001,)
[0. 0. 0. ... 0. 0. 0.]
cvc_x_pos (2001,)
[0. 0. 0. ... 0. 0. 0.]
cvc_x_pos (2001,)
[0. 0. 0. ... 0. 0. 0.]
cvc_x_pos (2001,)
[0. 0. 0. ... 0. 0. 0.]
cvc_x_pos (2001,)
[0. 0. 0. ... 0. 0. 0.]
cvc_x_pos (2001,)
[0. 0. 0. ... 0. 0. 0.]
cvc_x_pos (2001,)
[0. 0. 0. ... 0. 0. 0.]
cvc_x_pos (2001,)
[0. 0. 0. ... 0. 0. 0.]
cvc_x_pos (2001,)
[0. 0. 0. ... 0. 0. 0.]
cvc_x_pos (2001,)
[0. 0. 0. ... 0. 0. 0.]
cvc_x_pos (2001,)
[0. 0. 0. ... 0. 0. 0.]
cvc_x_pos (2001,)
[0. 0. 0. ... 0. 0. 0.]
cvc_x_pos (2001,)
[0. 0. 0. ... 0. 0. 0.]
cvc_x_pos (2001,)
[0. 0. 0. ... 0. 0. 0.]
cvc_x_pos (2001,)
[0. 0. 0. ... 0. 0. 0.]
cvc_x_pos (2001,)
[0. 0. 0. ... 0. 0. 0.]
cvc_x_pos (2001,)
[0. 0. 0. ... 0. 0. 0.]
cvc_x_pos (2001,)
[0. 0. 0. ... 0. 0. 0.]
cvc_x_pos (2001,)
[0. 0. 0. ... 0. 0. 0.]
cvc_x_pos (2001,)
[0. 0. 0. ... 0. 0. 0.]
cvc_x_pos (2001,)
[0. 0. 0. ... 0. 0. 0.]
cvc_x_pos (2001,)
[0. 0. 0. ... 0. 0. 0.]
cvc_x_pos (2001,)
[0. 0. 0. ... 0. 0. 0.]
cvc_x_pos (2001,)
[0. 0. 0. ... 0. 0. 0.]
cvc_x_pos (2001,)
[0. 0. 0. ... 0. 0. 0.]
cvc_x_pos (2001,)
[0. 0. 0. ... 0. 0. 0.]
cvc_x_pos (2001,)
[0. 0. 0. ... 0. 0. 0.]
cvc_x_pos (2001,)
[0. 0. 0. ... 0. 0. 0.]
cvc_x_pos (2001,)
[0. 0. 0. ... 0. 0. 0.]
cvc_x_pos (2001,)
[0. 0. 0. ... 0. 0. 0.]
cvc_x_pos (2001,)
[0. 0. 0. ... 0. 0. 0.]
cvc_x_pos (2001,)
[0.00422291 0.00844404 0.00422112 ... 0.         0.         0.        ]
cvc_x_pos (2001,)
[0.00393347 0.00786526 0.00393178 ... 0.         0.         0.        ]
cvc_x_pos (2001,)
[0.00399727 0.00799471 0.00399743 ... 0.         0.         0.        ]
cvc_x_pos (2001,)
[0.00382919 0.00765857 0.00382937 ... 0.         0.         0.        ]
cvc_x_pos (2001,)
[0. 0. 0. ... 0. 0. 0.]
cvc_x_pos (2001,)
[0.00421575 0.00843136 0.00421561 ... 0.         0.         0.        ]
cvc_x_pos (2001,)
[0. 0. 0. ... 0. 0. 0.]
cvc_x_pos (2001,)
[0.00413382 0.00826936 0.00413552 ... 0.         0.         0.        ]
cvc_x_pos (2001,)
[0. 0. 0. ... 0. 0. 0.]
cvc_x_pos (2001,)
[0. 0. 0. ... 0. 0. 0.]
cvc_x_pos (2001,)
[0. 0. 0. ... 0. 0. 0.]
cvc_x_pos (2001,)
[0. 0. 0. ... 0. 0. 0.]
cvc_x_pos (2001,)
[0. 0. 0. ... 0. 0. 0.]
cvc_x_pos (2001,)
[0. 0. 0. ... 0. 0. 0.]
cvc_x_pos (2001,)
[0. 0. 0. ... 0. 0. 0.]
cvc_x_pos (2001,)
[0. 0. 0. ... 0. 0. 0.]
cvc_x_pos (2001,)
[0. 0. 0. ... 0. 0. 0.]
cvc_x_pos (2001,)
[0. 0. 0. ... 0. 0. 0.]
cvc_x_pos (2001,)
[0. 0. 0. ... 0. 0. 0.]
cvc_x_pos (2001,)
[0. 0. 0. ... 0. 0. 0.]
cvc_x_pos (2001,)
[0. 0. 0. ... 0. 0. 0.]
cvc_x_pos (2001,)
[0. 0. 0. ... 0. 0. 0.]
cvc_x_pos (2001,)
[0. 0. 0. ... 0. 0. 0.]
cvc_x_pos (2001,)
[0. 0. 0. ... 0. 0. 0.]
cvc_x_pos (2001,)
[0. 0. 0. ... 0. 0. 0.]
cvc_x_pos (2001,)
[0. 0. 0. ... 0. 0. 0.]
cvc_x_pos (2001,)
[0. 0. 0. ... 0. 0. 0.]
cvc_x_pos (2001,)
[0. 0. 0. ... 0. 0. 0.]
cvc_x_pos (2001,)
[0. 0. 0. ... 0. 0. 0.]
cvc_x_pos (2001,)
[0. 0. 0. ... 0. 0. 0.]
cvc_x_pos (2001,)
[0. 0. 0. ... 0. 0. 0.]
cvc_x_pos (2001,)
[0. 0. 0. ... 0. 0. 0.]
cvc_x_pos (2001,)
[0. 0. 0. ... 0. 0. 0.]
cvc_x_pos (2001,)
[0. 0. 0. ... 0. 0. 0.]
cvc_x_pos (2001,)
[0. 0. 0. ... 0. 0. 0.]
cvc_x_pos (2001,)
[0. 0. 0. ... 0. 0. 0.]
cvc_x_pos (2001,)
[0. 0. 0. ... 0. 0. 0.]
cvc_x_pos (2001,)
[0. 0. 0. ... 0. 0. 0.]
cvc_x_pos (2001,)
[0. 0. 0. ... 0. 0. 0.]
cvc_x_pos (2001,)
[0. 0. 0. ... 0. 0. 0.]
cvc_x_pos (2001,)
[0. 0. 0. ... 0. 0. 0.]
cvc_x_pos (2001,)
[0. 0. 0. ... 0. 0. 0.]
cvc_x_pos (2001,)
[0. 0. 0. ... 0. 0. 0.]
cvc_x_pos (2001,)
[0. 0. 0. ... 0. 0. 0.]
cvc_x_pos (2001,)
[0. 0. 0. ... 0. 0. 0.]
cvc_x_pos (2001,)
[0. 0. 0. ... 0. 0. 0.]
cvc_x_pos (2001,)
[0. 0. 0. ... 0. 0. 0.]
cvc_x_pos (2001,)
[0.00494474 0.00988745 0.00494269 ... 0.         0.         0.        ]
cvc_x_pos (2001,)
[0.00389495 0.00779126 0.00389631 ... 0.         0.         0.        ]
cvc_x_pos (2001,)
[0. 0. 0. ... 0. 0. 0.]
cvc_x_pos (2001,)
[0. 0. 0. ... 0. 0. 0.]
cvc_x_pos (2001,)
[0. 0. 0. ... 0. 0. 0.]
cvc_x_pos (2001,)
[0. 0. 0. ... 0. 0. 0.]
cvc_x_pos (2001,)
[0. 0. 0. ... 0. 0. 0.]
cvc_x_pos (2001,)
[0. 0. 0. ... 0. 0. 0.]
cvc_x_pos (2001,)
[0. 0. 0. ... 0. 0. 0.]
cvc_x_pos (2001,)
[0. 0. 0. ... 0. 0. 0.]
cvc_x_pos (2001,)
[0. 0. 0. ... 0. 0. 0.]
cvc_x_pos (2001,)
[0. 0. 0. ... 0. 0. 0.]
cvc_x_pos (2001,)
[0. 0. 0. ... 0. 0. 0.]
cvc_x_pos (2001,)
[0. 0. 0. ... 0. 0. 0.]
cvc_x_pos (2001,)
[0. 0. 0. ... 0. 0. 0.]
cvc_x_pos (2001,)
[0. 0. 0. ... 0. 0. 0.]
cvc_x_pos (2001,)
[0. 0. 0. ... 0. 0. 0.]
cvc_x_pos (2001,)
[0. 0. 0. ... 0. 0. 0.]
cvc_x_pos (2001,)
[0. 0. 0. ... 0. 0. 0.]
cvc_x_pos (2001,)
[0. 0. 0. ... 0. 0. 0.]
cvc_x_pos (2001,)
[0. 0. 0. ... 0. 0. 0.]
cvc_x_pos (2001,)
[0. 0. 0. ... 0. 0. 0.]
cvc_x_pos (2001,)
[0. 0. 0. ... 0. 0. 0.]
cvc_x_pos (2001,)
[0. 0. 0. ... 0. 0. 0.]
cvc_x_pos (2001,)
[0. 0. 0. ... 0. 0. 0.]
cvc_x_pos (2001,)
[0. 0. 0. ... 0. 0. 0.]
cvc_x_pos (2001,)
[0. 0. 0. ... 0. 0. 0.]
cvc_x_pos (2001,)
[0. 0. 0. ... 0. 0. 0.]
cvc_x_pos (2001,)
[0. 0. 0. ... 0. 0. 0.]
cvc_x_pos (2001,)
[0. 0. 0. ... 0. 0. 0.]
cvc_x_pos (2001,)
[0. 0. 0. ... 0. 0. 0.]
cvc_x_pos (2001,)
[0. 0. 0. ... 0. 0. 0.]
cvc_x_pos (2001,)
[0. 0. 0. ... 0. 0. 0.]
cvc_x_pos (2001,)
[0. 0. 0. ... 0. 0. 0.]
cvc_x_pos (2001,)
[0. 0. 0. ... 0. 0. 0.]
cvc_x_pos (2001,)
[0. 0. 0. ... 0. 0. 0.]
cvc_x_pos (2001,)
[0.00350161 0.00700427 0.00350266 ... 0.         0.         0.        ]
cvc_x_pos (2001,)
[0.00410977 0.00821901 0.00410923 ... 0.         0.         0.        ]
cvc_x_pos (2001,)
[0. 0. 0. ... 0. 0. 0.]
cvc_x_pos (2001,)
[0.00402582 0.00805223 0.0040264  ... 0.         0.         0.        ]
cvc_x_pos (2001,)
[0. 0. 0. ... 0. 0. 0.]
cvc_x_pos (2001,)
[0.00368629 0.00737301 0.00368671 ... 0.         0.         0.        ]
cvc_x_pos (2001,)
[0. 0. 0. ... 0. 0. 0.]
cvc_x_pos (2001,)
[0.00395323 0.00790537 0.00395213 ... 0.         0.         0.        ]
cvc_x_pos (2001,)
[0. 0. 0. ... 0. 0. 0.]
cvc_x_pos (2001,)
[0. 0. 0. ... 0. 0. 0.]
cvc_x_pos (2001,)
[0. 0. 0. ... 0. 0. 0.]
cvc_x_pos (2001,)
[0. 0. 0. ... 0. 0. 0.]
cvc_x_pos (2001,)
[0. 0. 0. ... 0. 0. 0.]
cvc_x_pos (2001,)
[0. 0. 0. ... 0. 0. 0.]
cvc_x_pos (2001,)
[0. 0. 0. ... 0. 0. 0.]
cvc_x_pos (2001,)
[0. 0. 0. ... 0. 0. 0.]
cvc_x_pos (2001,)
[0. 0. 0. ... 0. 0. 0.]
cvc_x_pos (2001,)
[0. 0. 0. ... 0. 0. 0.]
cvc_x_pos (2001,)
[0. 0. 0. ... 0. 0. 0.]
cvc_x_pos (2001,)
[0. 0. 0. ... 0. 0. 0.]
cvc_x_pos (2001,)
[0. 0. 0. ... 0. 0. 0.]
cvc_x_pos (2001,)
[0. 0. 0. ... 0. 0. 0.]
cvc_x_pos (2001,)
[0. 0. 0. ... 0. 0. 0.]
cvc_x_pos (2001,)
[0. 0. 0. ... 0. 0. 0.]
cvc_x_pos (2001,)
[0. 0. 0. ... 0. 0. 0.]
cvc_x_pos (2001,)
[0. 0. 0. ... 0. 0. 0.]
cvc_x_pos (2001,)
[0. 0. 0. ... 0. 0. 0.]
cvc_x_pos (2001,)
[0. 0. 0. ... 0. 0. 0.]
cvc_x_pos (2001,)
[0. 0. 0. ... 0. 0. 0.]
cvc_x_pos (2001,)
[0. 0. 0. ... 0. 0. 0.]
cvc_x_pos (2001,)
[0. 0. 0. ... 0. 0. 0.]
cvc_x_pos (2001,)
[0. 0. 0. ... 0. 0. 0.]
cvc_x_pos (2001,)
[0. 0. 0. ... 0. 0. 0.]
cvc_x_pos (2001,)
[0. 0. 0. ... 0. 0. 0.]
cvc_x_pos (2001,)
[0. 0. 0. ... 0. 0. 0.]
cvc_x_pos (2001,)
[0. 0. 0. ... 0. 0. 0.]
cvc_x_pos (2001,)
[0. 0. 0. ... 0. 0. 0.]
cvc_x_pos (2001,)
[0. 0. 0. ... 0. 0. 0.]
cvc_x_pos (2001,)
[0. 0. 0. ... 0. 0. 0.]
cvc_x_pos (2001,)
[0. 0. 0. ... 0. 0. 0.]
cvc_x_pos (2001,)
[0. 0. 0. ... 0. 0. 0.]
cvc_x_pos (2001,)
[0. 0. 0. ... 0. 0. 0.]
cvc_x_pos (2001,)
[0. 0. 0. ... 0. 0. 0.]
cvc_x_pos (2001,)
[0. 0. 0. ... 0. 0. 0.]
cvc_x_pos (2001,)
[0. 0. 0. ... 0. 0. 0.]
cvc_x_pos (2001,)
[0. 0. 0. ... 0. 0. 0.]
cvc_x_pos (2001,)
[0. 0. 0. ... 0. 0. 0.]
cvc_x_pos (2001,)
[0. 0. 0. ... 0. 0. 0.]
cvc_x_pos (2001,)
[0. 0. 0. ... 0. 0. 0.]
cvc_x_pos (2001,)
[0.00340921 0.00681753 0.00340832 ... 0.         0.         0.        ]
cvc_x_pos (2001,)
[0.00398091 0.00796153 0.00398061 ... 0.         0.         0.        ]
cvc_x_pos (2001,)
[0. 0. 0. ... 0. 0. 0.]
cvc_x_pos (2001,)
[0. 0. 0. ... 0. 0. 0.]
cvc_x_pos (2001,)
[0. 0. 0. ... 0. 0. 0.]
cvc_x_pos (2001,)
[0. 0. 0. ... 0. 0. 0.]
cvc_x_pos (2001,)
[0. 0. 0. ... 0. 0. 0.]
cvc_x_pos (2001,)
[0. 0. 0. ... 0. 0. 0.]
cvc_x_pos (2001,)
[0. 0. 0. ... 0. 0. 0.]
cvc_x_pos (2001,)
[0. 0. 0. ... 0. 0. 0.]
cvc_x_pos (2001,)
[0. 0. 0. ... 0. 0. 0.]
cvc_x_pos (2001,)
[0. 0. 0. ... 0. 0. 0.]
cvc_x_pos (2001,)
[0. 0. 0. ... 0. 0. 0.]
cvc_x_pos (2001,)
[0. 0. 0. ... 0. 0. 0.]
cvc_x_pos (2001,)
[0. 0. 0. ... 0. 0. 0.]
cvc_x_pos (2001,)
[0. 0. 0. ... 0. 0. 0.]
cvc_x_pos (2001,)
[0. 0. 0. ... 0. 0. 0.]
cvc_x_pos (2001,)
[0. 0. 0. ... 0. 0. 0.]
cvc_x_pos (2001,)
[0. 0. 0. ... 0. 0. 0.]
cvc_x_pos (2001,)
[0. 0. 0. ... 0. 0. 0.]
cvc_x_pos (2001,)
[0. 0. 0. ... 0. 0. 0.]
cvc_x_pos (2001,)
[0. 0. 0. ... 0. 0. 0.]
cvc_x_pos (2001,)
[0. 0. 0. ... 0. 0. 0.]
cvc_x_pos (2001,)
[0. 0. 0. ... 0. 0. 0.]
cvc_x_pos (2001,)
[0. 0. 0. ... 0. 0. 0.]
cvc_x_pos (2001,)
[0. 0. 0. ... 0. 0. 0.]
cvc_x_pos (2001,)
[0. 0. 0. ... 0. 0. 0.]
cvc_x_pos (2001,)
[0.00403266 0.00806692 0.00403425 ... 0.         0.         0.        ]
cvc_x_pos (2001,)
[0. 0. 0. ... 0. 0. 0.]
cvc_x_pos (2001,)
[0.00447655 0.0089537  0.00447713 ... 0.         0.         0.        ]
cvc_x_pos (2001,)
[0.00451968 0.00904163 0.00452194 ... 0.         0.         0.        ]
cvc_x_pos (2001,)
[0.00447794 0.00895545 0.00447749 ... 0.         0.         0.        ]
cvc_x_pos (2001,)
[0. 0. 0. ... 0. 0. 0.]
cvc_x_pos (2001,)
[0. 0. 0. ... 0. 0. 0.]
cvc_x_pos (2001,)
[0. 0. 0. ... 0. 0. 0.]
cvc_x_pos (2001,)
[0. 0. 0. ... 0. 0. 0.]
cvc_x_pos (2001,)
[0. 0. 0. ... 0. 0. 0.]
cvc_x_pos (2001,)
[0. 0. 0. ... 0. 0. 0.]
cvc_x_pos (2001,)
[0. 0. 0. ... 0. 0. 0.]
cvc_x_pos (2001,)
[0. 0. 0. ... 0. 0. 0.]
cvc_x_pos (2001,)
[0. 0. 0. ... 0. 0. 0.]
cvc_x_pos (2001,)
[0. 0. 0. ... 0. 0. 0.]
cvc_x_pos (2001,)
[0. 0. 0. ... 0. 0. 0.]
cvc_x_pos (2001,)
[0. 0. 0. ... 0. 0. 0.]
cvc_x_pos (2001,)
[0. 0. 0. ... 0. 0. 0.]
cvc_x_pos (2001,)
[0. 0. 0. ... 0. 0. 0.]
cvc_x_pos (2001,)
[0. 0. 0. ... 0. 0. 0.]
cvc_x_pos (2001,)
[0. 0. 0. ... 0. 0. 0.]
cvc_x_pos (2001,)
[0. 0. 0. ... 0. 0. 0.]
cvc_x_pos (2001,)
[0. 0. 0. ... 0. 0. 0.]
cvc_x_pos (2001,)
[0. 0. 0. ... 0. 0. 0.]
cvc_x_pos (2001,)
[0. 0. 0. ... 0. 0. 0.]
cvc_x_pos (2001,)
[0. 0. 0. ... 0. 0. 0.]
cvc_x_pos (2001,)
[0. 0. 0. ... 0. 0. 0.]
cvc_x_pos (2001,)
[0. 0. 0. ... 0. 0. 0.]
cvc_x_pos (2001,)
[0. 0. 0. ... 0. 0. 0.]
cvc_x_pos (2001,)
[0. 0. 0. ... 0. 0. 0.]
cvc_x_pos (2001,)
[0. 0. 0. ... 0. 0. 0.]
cvc_x_pos (2001,)
[0. 0. 0. ... 0. 0. 0.]
cvc_x_pos (2001,)
[0. 0. 0. ... 0. 0. 0.]
cvc_x_pos (2001,)
[0. 0. 0. ... 0. 0. 0.]
cvc_x_pos (2001,)
[0. 0. 0. ... 0. 0. 0.]
cvc_x_pos (2001,)
[0. 0. 0. ... 0. 0. 0.]
cvc_x_pos (2001,)
[0. 0. 0. ... 0. 0. 0.]
cvc_x_pos (2001,)
[0. 0. 0. ... 0. 0. 0.]
cvc_x_pos (2001,)
[0. 0. 0. ... 0. 0. 0.]
cvc_x_pos (2001,)
[0. 0. 0. ... 0. 0. 0.]
cvc_x_pos (2001,)
[0. 0. 0. ... 0. 0. 0.]
cvc_x_pos (2001,)
[0. 0. 0. ... 0. 0. 0.]
cvc_x_pos (2001,)
[0. 0. 0. ... 0. 0. 0.]
cvc_x_pos (2001,)
[0. 0. 0. ... 0. 0. 0.]
cvc_x_pos (2001,)
[0. 0. 0. ... 0. 0. 0.]
cvc_x_pos (2001,)
[0. 0. 0. ... 0. 0. 0.]
cvc_x_pos (2001,)
[0. 0. 0. ... 0. 0. 0.]
cvc_x_pos (2001,)
[0. 0. 0. ... 0. 0. 0.]
cvc_x_pos (2001,)
[0.00336105 0.00672271 0.00336166 ... 0.         0.         0.        ]
cvc_x_pos (2001,)
[0. 0. 0. ... 0. 0. 0.]
cvc_x_pos (2001,)
[0. 0. 0. ... 0. 0. 0.]
cvc_x_pos (2001,)
[0. 0. 0. ... 0. 0. 0.]
cvc_x_pos (2001,)
[0. 0. 0. ... 0. 0. 0.]
cvc_x_pos (2001,)
[0. 0. 0. ... 0. 0. 0.]
cvc_x_pos (2001,)
[0. 0. 0. ... 0. 0. 0.]
cvc_x_pos (2001,)
[0. 0. 0. ... 0. 0. 0.]
cvc_x_pos (2001,)
[0. 0. 0. ... 0. 0. 0.]
cvc_x_pos (2001,)
[0. 0. 0. ... 0. 0. 0.]
cvc_x_pos (2001,)
[0. 0. 0. ... 0. 0. 0.]
cvc_x_pos (2001,)
[0. 0. 0. ... 0. 0. 0.]
cvc_x_pos (2001,)
[0. 0. 0. ... 0. 0. 0.]
cvc_x_pos (2001,)
[0. 0. 0. ... 0. 0. 0.]
cvc_x_pos (2001,)
[0. 0. 0. ... 0. 0. 0.]
cvc_x_pos (2001,)
[0. 0. 0. ... 0. 0. 0.]
cvc_x_pos (2001,)
[0. 0. 0. ... 0. 0. 0.]
cvc_x_pos (2001,)
[0. 0. 0. ... 0. 0. 0.]
cvc_x_pos (2001,)
[0. 0. 0. ... 0. 0. 0.]
cvc_x_pos (2001,)
[0.00280672 0.00561437 0.00280765 ... 0.         0.         0.        ]
cvc_x_pos (2001,)
[0.00436243 0.00872491 0.00436247 ... 0.         0.         0.        ]
cvc_x_pos (2001,)
[0. 0. 0. ... 0. 0. 0.]
cvc_x_pos (2001,)
[0.00352877 0.00705699 0.00352821 ... 0.         0.         0.        ]
cvc_x_pos (2001,)
[0. 0. 0. ... 0. 0. 0.]
cvc_x_pos (2001,)
[0. 0. 0. ... 0. 0. 0.]
cvc_x_pos (2001,)
[0. 0. 0. ... 0. 0. 0.]
cvc_x_pos (2001,)
[0. 0. 0. ... 0. 0. 0.]
cvc_x_pos (2001,)
[0. 0. 0. ... 0. 0. 0.]
cvc_x_pos (2001,)
[0. 0. 0. ... 0. 0. 0.]
cvc_x_pos (2001,)
[0. 0. 0. ... 0. 0. 0.]
cvc_x_pos (2001,)
[0. 0. 0. ... 0. 0. 0.]
cvc_x_pos (2001,)
[0. 0. 0. ... 0. 0. 0.]
cvc_x_pos (2001,)
[0. 0. 0. ... 0. 0. 0.]
cvc_x_pos (2001,)
[0. 0. 0. ... 0. 0. 0.]
cvc_x_pos (2001,)
[0. 0. 0. ... 0. 0. 0.]
cvc_x_pos (2001,)
[0. 0. 0. ... 0. 0. 0.]
cvc_x_pos (2001,)
[0. 0. 0. ... 0. 0. 0.]
cvc_x_pos (2001,)
[0. 0. 0. ... 0. 0. 0.]
cvc_x_pos (2001,)
[0. 0. 0. ... 0. 0. 0.]
cvc_x_pos (2001,)
[0. 0. 0. ... 0. 0. 0.]
cvc_x_pos (2001,)
[0. 0. 0. ... 0. 0. 0.]
cvc_x_pos (2001,)
[0. 0. 0. ... 0. 0. 0.]
cvc_x_pos (2001,)
[0. 0. 0. ... 0. 0. 0.]
cvc_x_pos (2001,)
[0. 0. 0. ... 0. 0. 0.]
cvc_x_pos (2001,)
[0. 0. 0. ... 0. 0. 0.]
cvc_x_pos (2001,)
[0. 0. 0. ... 0. 0. 0.]
cvc_x_pos (2001,)
[0. 0. 0. ... 0. 0. 0.]
cvc_x_pos (2001,)
[0. 0. 0. ... 0. 0. 0.]
cvc_x_pos (2001,)
[0. 0. 0. ... 0. 0. 0.]
cvc_x_pos (2001,)
[0. 0. 0. ... 0. 0. 0.]
cvc_x_pos (2001,)
[0. 0. 0. ... 0. 0. 0.]
cvc_x_pos (2001,)
[0. 0. 0. ... 0. 0. 0.]
cvc_x_pos (2001,)
[0. 0. 0. ... 0. 0. 0.]
cvc_x_pos (2001,)
[0. 0. 0. ... 0. 0. 0.]
cvc_x_pos (2001,)
[0. 0. 0. ... 0. 0. 0.]
cvc_x_pos (2001,)
[0. 0. 0. ... 0. 0. 0.]
cvc_x_pos (2001,)
[0. 0. 0. ... 0. 0. 0.]
cvc_x_pos (2001,)
[0. 0. 0. ... 0. 0. 0.]
cvc_x_pos (2001,)
[0. 0. 0. ... 0. 0. 0.]
cvc_x_pos (2001,)
[0. 0. 0. ... 0. 0. 0.]
cvc_x_pos (2001,)
[0. 0. 0. ... 0. 0. 0.]
cvc_x_pos (2001,)
[0. 0. 0. ... 0. 0. 0.]
cvc_x_pos (2001,)
[0. 0. 0. ... 0. 0. 0.]
cvc_x_pos (2001,)
[0. 0. 0. ... 0. 0. 0.]
cvc_x_pos (2001,)
[0. 0. 0. ... 0. 0. 0.]
cvc_x_pos (2001,)
[0. 0. 0. ... 0. 0. 0.]
cvc_x_pos (2001,)
[0. 0. 0. ... 0. 0. 0.]
cvc_x_pos (2001,)
[0.00369769 0.00739387 0.00369617 ... 0.         0.         0.        ]
cvc_x_pos (2001,)
[0.00387145 0.00774414 0.00387268 ... 0.         0.         0.        ]
cvc_x_pos (2001,)
[0. 0. 0. ... 0. 0. 0.]
cvc_x_pos (2001,)
[0. 0. 0. ... 0. 0. 0.]
cvc_x_pos (2001,)
[0. 0. 0. ... 0. 0. 0.]
cvc_x_pos (2001,)
[0. 0. 0. ... 0. 0. 0.]
cvc_x_pos (2001,)
[0. 0. 0. ... 0. 0. 0.]
cvc_x_pos (2001,)
[0. 0. 0. ... 0. 0. 0.]
cvc_x_pos (2001,)
[0.00353688 0.00707527 0.00353838 ... 0.         0.         0.        ]
cvc_x_pos (2001,)
[0.00376488 0.0075313  0.00376641 ... 0.         0.         0.        ]
cvc_x_pos (2001,)
[0. 0. 0. ... 0. 0. 0.]
cvc_x_pos (2001,)
[0.00403776 0.00807461 0.00403685 ... 0.         0.         0.        ]
cvc_x_pos (2001,)
[0. 0. 0. ... 0. 0. 0.]
cvc_x_pos (2001,)
[0.00396429 0.00792733 0.00396304 ... 0.         0.         0.        ]
cvc_x_pos (2001,)
[0. 0. 0. ... 0. 0. 0.]
cvc_x_pos (2001,)
[0. 0. 0. ... 0. 0. 0.]
cvc_x_pos (2001,)
[0. 0. 0. ... 0. 0. 0.]
cvc_x_pos (2001,)
[0. 0. 0. ... 0. 0. 0.]
cvc_x_pos (2001,)
[0. 0. 0. ... 0. 0. 0.]
cvc_x_pos (2001,)
[0. 0. 0. ... 0. 0. 0.]
cvc_x_pos (2001,)
[0. 0. 0. ... 0. 0. 0.]
cvc_x_pos (2001,)
[0. 0. 0. ... 0. 0. 0.]
cvc_x_pos (2001,)
[0. 0. 0. ... 0. 0. 0.]
cvc_x_pos (2001,)
[0. 0. 0. ... 0. 0. 0.]
cvc_x_pos (2001,)
[0. 0. 0. ... 0. 0. 0.]
cvc_x_pos (2001,)
[0. 0. 0. ... 0. 0. 0.]
cvc_x_pos (2001,)
[0. 0. 0. ... 0. 0. 0.]
cvc_x_pos (2001,)
[0. 0. 0. ... 0. 0. 0.]
cvc_x_pos (2001,)
[0. 0. 0. ... 0. 0. 0.]
cvc_x_pos (2001,)
[0. 0. 0. ... 0. 0. 0.]
cvc_x_pos (2001,)
[0. 0. 0. ... 0. 0. 0.]
cvc_x_pos (2001,)
[0. 0. 0. ... 0. 0. 0.]
cvc_x_pos (2001,)
[0. 0. 0. ... 0. 0. 0.]
cvc_x_pos (2001,)
[0. 0. 0. ... 0. 0. 0.]
cvc_x_pos (2001,)
[0. 0. 0. ... 0. 0. 0.]
cvc_x_pos (2001,)
[0. 0. 0. ... 0. 0. 0.]
cvc_x_pos (2001,)
[0. 0. 0. ... 0. 0. 0.]
cvc_x_pos (2001,)
[0. 0. 0. ... 0. 0. 0.]
cvc_x_pos (2001,)
[0. 0. 0. ... 0. 0. 0.]
cvc_x_pos (2001,)
[0. 0. 0. ... 0. 0. 0.]
cvc_x_pos (2001,)
[0. 0. 0. ... 0. 0. 0.]
cvc_x_pos (2001,)
[0. 0. 0. ... 0. 0. 0.]
cvc_x_pos (2001,)
[0. 0. 0. ... 0. 0. 0.]
cvc_x_pos (2001,)
[0. 0. 0. ... 0. 0. 0.]
cvc_x_pos (2001,)
[0. 0. 0. ... 0. 0. 0.]
cvc_x_pos (2001,)
[0. 0. 0. ... 0. 0. 0.]
cvc_x_pos (2001,)
[0. 0. 0. ... 0. 0. 0.]
cvc_x_pos (2001,)
[0. 0. 0. ... 0. 0. 0.]
cvc_x_pos (2001,)
[0. 0. 0. ... 0. 0. 0.]
cvc_x_pos (2001,)
[0. 0. 0. ... 0. 0. 0.]
cvc_x_pos (2001,)
[0. 0. 0. ... 0. 0. 0.]
cvc_x_pos (2001,)
[0. 0. 0. ... 0. 0. 0.]
cvc_x_pos (2001,)
[0. 0. 0. ... 0. 0. 0.]
cvc_x_pos (2001,)
[0. 0. 0. ... 0. 0. 0.]
cvc_x_pos (2001,)
[0. 0. 0. ... 0. 0. 0.]
cvc_x_pos (2001,)
[0. 0. 0. ... 0. 0. 0.]
cvc_x_pos (2001,)
[0. 0. 0. ... 0. 0. 0.]
cvc_x_pos (2001,)
[0. 0. 0. ... 0. 0. 0.]
cvc_x_pos (2001,)
[0.00401461 0.00802805 0.00401343 ... 0.         0.         0.        ]
cvc_x_pos (2001,)
[0.00445797 0.00891635 0.00445836 ... 0.         0.         0.        ]
cvc_x_pos (2001,)
[0. 0. 0. ... 0. 0. 0.]
cvc_x_pos (2001,)
[0.00289552 0.00579144 0.00289592 ... 0.         0.         0.        ]
cvc_x_pos (2001,)
[0. 0. 0. ... 0. 0. 0.]
cvc_x_pos (2001,)
[0.00466023 0.00931945 0.0046592  ... 0.         0.         0.        ]
cvc_x_pos (2001,)
[0. 0. 0. ... 0. 0. 0.]
cvc_x_pos (2001,)
[0.00380914 0.00761757 0.00380842 ... 0.         0.         0.        ]
cvc_x_pos (2001,)
[0. 0. 0. ... 0. 0. 0.]
cvc_x_pos (2001,)
[0. 0. 0. ... 0. 0. 0.]
cvc_x_pos (2001,)
[0. 0. 0. ... 0. 0. 0.]
cvc_x_pos (2001,)
[0. 0. 0. ... 0. 0. 0.]
cvc_x_pos (2001,)
[0. 0. 0. ... 0. 0. 0.]
cvc_x_pos (2001,)
[0. 0. 0. ... 0. 0. 0.]
cvc_x_pos (2001,)
[0. 0. 0. ... 0. 0. 0.]
cvc_x_pos (2001,)
[0. 0. 0. ... 0. 0. 0.]
cvc_x_pos (2001,)
[0. 0. 0. ... 0. 0. 0.]
cvc_x_pos (2001,)
[0. 0. 0. ... 0. 0. 0.]
cvc_x_pos (2001,)
[0. 0. 0. ... 0. 0. 0.]
cvc_x_pos (2001,)
[0. 0. 0. ... 0. 0. 0.]
cvc_x_pos (2001,)
[0. 0. 0. ... 0. 0. 0.]
cvc_x_pos (2001,)
[0. 0. 0. ... 0. 0. 0.]
cvc_x_pos (2001,)
[0. 0. 0. ... 0. 0. 0.]
cvc_x_pos (2001,)
[0. 0. 0. ... 0. 0. 0.]
cvc_x_pos (2001,)
[0. 0. 0. ... 0. 0. 0.]
cvc_x_pos (2001,)
[0. 0. 0. ... 0. 0. 0.]
cvc_x_pos (2001,)
[0. 0. 0. ... 0. 0. 0.]
cvc_x_pos (2001,)
[0. 0. 0. ... 0. 0. 0.]
cvc_x_pos (2001,)
[0. 0. 0. ... 0. 0. 0.]
cvc_x_pos (2001,)
[0. 0. 0. ... 0. 0. 0.]
cvc_x_pos (2001,)
[0. 0. 0. ... 0. 0. 0.]
cvc_x_pos (2001,)
[0. 0. 0. ... 0. 0. 0.]
cvc_x_pos (2001,)
[0. 0. 0. ... 0. 0. 0.]
cvc_x_pos (2001,)
[0. 0. 0. ... 0. 0. 0.]
cvc_x_pos (2001,)
[0. 0. 0. ... 0. 0. 0.]
cvc_x_pos (2001,)
[0. 0. 0. ... 0. 0. 0.]
cvc_x_pos (2001,)
[0. 0. 0. ... 0. 0. 0.]
cvc_x_pos (2001,)
[0. 0. 0. ... 0. 0. 0.]
cvc_x_pos (2001,)
[0. 0. 0. ... 0. 0. 0.]
cvc_x_pos (2001,)
[0. 0. 0. ... 0. 0. 0.]
cvc_x_pos (2001,)
[0. 0. 0. ... 0. 0. 0.]
cvc_x_pos (2001,)
[0. 0. 0. ... 0. 0. 0.]
cvc_x_pos (2001,)
[0. 0. 0. ... 0. 0. 0.]
cvc_x_pos (2001,)
[0. 0. 0. ... 0. 0. 0.]
cvc_x_pos (2001,)
[0. 0. 0. ... 0. 0. 0.]
cvc_x_pos (2001,)
[0. 0. 0. ... 0. 0. 0.]
cvc_x_pos (2001,)
[0. 0. 0. ... 0. 0. 0.]
cvc_x_pos (2001,)
[0. 0. 0. ... 0. 0. 0.]
cvc_x_pos (2001,)
[0. 0. 0. ... 0. 0. 0.]
cvc_x_pos (2001,)
[0. 0. 0. ... 0. 0. 0.]
cvc_x_pos (2001,)
[0. 0. 0. ... 0. 0. 0.]
cvc_x_pos (2001,)
[0. 0. 0. ... 0. 0. 0.]
cvc_x_pos (2001,)
[0. 0. 0. ... 0. 0. 0.]
cvc_x_pos (2001,)
[0. 0. 0. ... 0. 0. 0.]
cvc_x_pos (2001,)
[0.00399363 0.00798785 0.00399421 ... 0.         0.         0.        ]
cvc_x_pos (2001,)
[0.00416743 0.00833367 0.00416622 ... 0.         0.         0.        ]
cvc_x_pos (2001,)
[0.0045814  0.00916266 0.00458124 ... 0.         0.         0.        ]
cvc_x_pos (2001,)
[0. 0. 0. ... 0. 0. 0.]
cvc_x_pos (2001,)
[0. 0. 0. ... 0. 0. 0.]
cvc_x_pos (2001,)
[0. 0. 0. ... 0. 0. 0.]
cvc_x_pos (2001,)
[0. 0. 0. ... 0. 0. 0.]
cvc_x_pos (2001,)
[0. 0. 0. ... 0. 0. 0.]
cvc_x_pos (2001,)
[0. 0. 0. ... 0. 0. 0.]
cvc_x_pos (2001,)
[0. 0. 0. ... 0. 0. 0.]
cvc_x_pos (2001,)
[0. 0. 0. ... 0. 0. 0.]
cvc_x_pos (2001,)
[0. 0. 0. ... 0. 0. 0.]
cvc_x_pos (2001,)
[0. 0. 0. ... 0. 0. 0.]
cvc_x_pos (2001,)
[0. 0. 0. ... 0. 0. 0.]
cvc_x_pos (2001,)
[0. 0. 0. ... 0. 0. 0.]
cvc_x_pos (2001,)
[0. 0. 0. ... 0. 0. 0.]
cvc_x_pos (2001,)
[0. 0. 0. ... 0. 0. 0.]
cvc_x_pos (2001,)
[0. 0. 0. ... 0. 0. 0.]
cvc_x_pos (2001,)
[0. 0. 0. ... 0. 0. 0.]
cvc_x_pos (2001,)
[0. 0. 0. ... 0. 0. 0.]
cvc_x_pos (2001,)
[0. 0. 0. ... 0. 0. 0.]
cvc_x_pos (2001,)
[0. 0. 0. ... 0. 0. 0.]
cvc_x_pos (2001,)
[0. 0. 0. ... 0. 0. 0.]
cvc_x_pos (2001,)
[0. 0. 0. ... 0. 0. 0.]
cvc_x_pos (2001,)
[0. 0. 0. ... 0. 0. 0.]
cvc_x_pos (2001,)
[0. 0. 0. ... 0. 0. 0.]
cvc_x_pos (2001,)
[0. 0. 0. ... 0. 0. 0.]
cvc_x_pos (2001,)
[0. 0. 0. ... 0. 0. 0.]
cvc_x_pos (2001,)
[0. 0. 0. ... 0. 0. 0.]
cvc_x_pos (2001,)
[0. 0. 0. ... 0. 0. 0.]
cvc_x_pos (2001,)
[0. 0. 0. ... 0. 0. 0.]
cvc_x_pos (2001,)
[0. 0. 0. ... 0. 0. 0.]
cvc_x_pos (2001,)
[0. 0. 0. ... 0. 0. 0.]
cvc_x_pos (2001,)
[0. 0. 0. ... 0. 0. 0.]
cvc_x_pos (2001,)
[0. 0. 0. ... 0. 0. 0.]
cvc_x_pos (2001,)
[0. 0. 0. ... 0. 0. 0.]
cvc_x_pos (2001,)
[0. 0. 0. ... 0. 0. 0.]
